event,sitrep_id,kind,model,arm,date,slot_id,slot_name,verdict,score,confidence,status,note,evidence_chars,evidence_sha8,judge_model,request_hash,mode,cached,judged_at
cyclone-idai-2019,manual-cyclone-idai-2019-etc-mozambique-sitrep-10-1-pdf,human,,human,undated,access,Access constraints,absent,0.0,0.95,ok,,0,,deepseek-v4-pro,0a699a5709fe3f53db5e6988e24e7431863960732eb079cfe9d4ae3d57fd9b3c,cache,True,2026-08-30T22:20:29+00:00
cyclone-idai-2019,manual-cyclone-idai-2019-etc-mozambique-sitrep-10-1-pdf,human,,human,undated,casualties,Casualty and affected-population figures,present,1.0,0.9,ok,,62,02e91e9d,deepseek-v4-pro,5634a89ffbb282088ace22641644c8cc9141bbf2566648ff8a0c50b532bba925,cache,True,2026-08-30T22:20:29+00:00
cyclone-idai-2019,manual-cyclone-idai-2019-etc-mozambique-sitrep-10-1-pdf,human,,human,undated,coordination,Coordination arrangements,present,1.0,0.9,ok,,149,29a3857a,deepseek-v4-pro,e1a2ee61700aef42a229c2415b8ad08c21c3c095d64b32ba7ce3f010d4cf3a46,cache,True,2026-08-30T22:20:29+00:00
cyclone-idai-2019,manual-cyclone-idai-2019-etc-mozambique-sitrep-10-1-pdf,human,,human,undated,currency_and_metadata,Data currency and report metadata,present,1.0,0.95,ok,,184,60a99b35,deepseek-v4-pro,755833f54630e2123e30a0f156b724a712d83a43b4cef0702c21d885c560f722,cache,True,2026-08-30T22:20:29+00:00
cyclone-idai-2019,manual-cyclone-idai-2019-etc-mozambique-sitrep-10-1-pdf,human,,human,undated,damage,"Physical, economic and agricultural damage",present,1.0,0.95,ok,,204,c730d56f,deepseek-v4-pro,ff821ee14488ee7701fa5ec5a44ce819ff30ae8644128ff69363c0b02dbecb76,cache,True,2026-08-30T22:20:29+00:00
cyclone-idai-2019,manual-cyclone-idai-2019-etc-mozambique-sitrep-10-1-pdf,human,,human,undated,displacement,Displacement and accommodation sites,partial,0.5,0.9,ok,,103,199b89d9,deepseek-v4-pro,55a30f8268db8124857eb859cda979b98804da48ebcab64f6cfb0627525c5e20,cache,True,2026-08-30T22:20:29+00:00
cyclone-idai-2019,manual-cyclone-idai-2019-etc-mozambique-sitrep-10-1-pdf,human,,human,undated,education,Education impact and response,absent,0.0,0.97,ok,,0,,deepseek-v4-pro,d705b2f7381b86a4d802c9edb8493afc3aaab19460f1b04b9568f30745f1f49e,cache,True,2026-08-30T22:20:29+00:00
cyclone-idai-2019,manual-cyclone-idai-2019-etc-mozambique-sitrep-10-1-pdf,human,,human,undated,food,Food security and assistance reach,absent,0.0,0.97,ok,,0,,deepseek-v4-pro,303cfc8dc9fb7d20b34e120f066d63f5397972ae3db72e9d2f647a0151847b26,cache,True,2026-08-30T22:20:29+00:00
cyclone-idai-2019,manual-cyclone-idai-2019-etc-mozambique-sitrep-10-1-pdf,human,,human,undated,funding,Funding status and donor contributions,present,1.0,0.98,ok,,174,9d578bdc,deepseek-v4-pro,da4158694ffd013dd18146ac491f4d8849f5884e8add9a6f51eec61d26942be1,cache,True,2026-08-30T22:20:29+00:00
cyclone-idai-2019,manual-cyclone-idai-2019-etc-mozambique-sitrep-10-1-pdf,human,,human,undated,health,"Health, disease outbreak and nutrition",present,1.0,0.95,ok,,130,a1a352eb,deepseek-v4-pro,6fbe42bf16385da5db34621c5fc0afb9189fb6684ea3517d43af9c92f2bb2ad6,cache,True,2026-08-30T22:20:29+00:00
cyclone-idai-2019,manual-cyclone-idai-2019-etc-mozambique-sitrep-10-1-pdf,human,,human,undated,needs_gaps,Sector needs and gaps,present,1.0,0.8,ok,,216,dffc7f3b,deepseek-v4-pro,f3466fb12f2db6a793e44f590e6ab1334b86815261b39d7344f7c81caaf430c4,cache,True,2026-08-30T22:20:29+00:00
cyclone-idai-2019,manual-cyclone-idai-2019-etc-mozambique-sitrep-10-1-pdf,human,,human,undated,response_actions,Sector response activities,present,1.0,1.0,ok,,182,d8a293ed,deepseek-v4-pro,fc3eb8113ecf9cf57b493e3bca799ba4e44b08f325eddc766f3b0732310bcaf0,cache,True,2026-08-30T22:20:29+00:00
cyclone-idai-2019,manual-cyclone-idai-2019-etc-mozambique-sitrep-10-1-pdf,human,,human,undated,shelter,Shelter and non-food items,absent,0.0,0.98,ok,,0,,deepseek-v4-pro,3cf4092fd7ac7402974ce89b3219a3b7e85d7adafbb265025d17847858f80a2f,cache,True,2026-08-30T22:20:29+00:00
cyclone-idai-2019,manual-cyclone-idai-2019-etc-mozambique-sitrep-10-1-pdf,human,,human,undated,sourcing,Sourcing and attribution,present,1.0,0.98,ok,,131,77d3c6af,deepseek-v4-pro,73521dbe14410c0e717def036dbb988098de5fb6f971f58d1c9ab3c35f933516,cache,True,2026-08-30T22:20:29+00:00
cyclone-idai-2019,manual-cyclone-idai-2019-etc-mozambique-sitrep-10-1-pdf,human,,human,undated,wash,WASH needs and response,absent,0.0,1.0,ok,,0,,deepseek-v4-pro,5743b70577cd229e5c279a7f524096a655d3c59855956ae46f7bcc39ca9273db,cache,True,2026-08-30T22:20:29+00:00
cyclone-idai-2019,manual-cyclone-idai-2019-iom-mozambique-cyclone-idai-response-sitrep-3-04-08-april-2019,human,,human,2019-04-08,access,Access constraints,absent,0.0,0.95,ok,,0,,deepseek-v4-pro,6fed5c74f7fa10ae5891268e96c75b75129b643bb2af647438219715e824ae42,cache,True,2026-08-30T22:20:29+00:00
cyclone-idai-2019,manual-cyclone-idai-2019-iom-mozambique-cyclone-idai-response-sitrep-3-04-08-april-2019,human,,human,2019-04-08,casualties,Casualty and affected-population figures,present,1.0,1.0,ok,,223,85ab9eb1,deepseek-v4-pro,2750f5395d750abf9ae54ad9936a6767dd8bbbb5f928df12218ed6e637801b29,cache,True,2026-08-30T22:20:29+00:00
cyclone-idai-2019,manual-cyclone-idai-2019-iom-mozambique-cyclone-idai-response-sitrep-3-04-08-april-2019,human,,human,2019-04-08,coordination,Coordination arrangements,present,1.0,0.9,ok,,161,d9da92e2,deepseek-v4-pro,a5eb9b0988283888c2fa2d5bad9a6392dd33ab60a429dd3d90df5ac3a38e98b3,cache,True,2026-08-30T22:20:29+00:00
cyclone-idai-2019,manual-cyclone-idai-2019-iom-mozambique-cyclone-idai-response-sitrep-3-04-08-april-2019,human,,human,2019-04-08,currency_and_metadata,Data currency and report metadata,present,1.0,0.9,ok,,130,879ed774,deepseek-v4-pro,abcf363ef744107bf06318b4737b8b073bc91dd196db6770ae5c2b6d10444dc4,cache,True,2026-08-30T22:20:29+00:00
cyclone-idai-2019,manual-cyclone-idai-2019-iom-mozambique-cyclone-idai-response-sitrep-3-04-08-april-2019,human,,human,2019-04-08,damage,"Physical, economic and agricultural damage",present,1.0,0.95,ok,,321,3623c700,deepseek-v4-pro,680f54f6e65de3dae2fa51f3f77313ea50f27275b3131f137b29adc64f4b4e9c,cache,True,2026-08-30T22:20:29+00:00
cyclone-idai-2019,manual-cyclone-idai-2019-iom-mozambique-cyclone-idai-response-sitrep-3-04-08-april-2019,human,,human,2019-04-08,displacement,Displacement and accommodation sites,present,1.0,0.95,ok,,104,7e1507bc,deepseek-v4-pro,50832a416e48c47901ddcecf725f9a29fd83a832694e07fcfd7586fbef16141f,cache,True,2026-08-30T22:20:29+00:00
cyclone-idai-2019,manual-cyclone-idai-2019-iom-mozambique-cyclone-idai-response-sitrep-3-04-08-april-2019,human,,human,2019-04-08,education,Education impact and response,partial,0.5,0.8,ok,,177,9b0202c9,deepseek-v4-pro,356e0a955736f743b79f8ec2a91cc2c448e08f53ca41a2956a2395c5017b586e,cache,True,2026-08-30T22:20:29+00:00
cyclone-idai-2019,manual-cyclone-idai-2019-iom-mozambique-cyclone-idai-response-sitrep-3-04-08-april-2019,human,,human,2019-04-08,food,Food security and assistance reach,partial,0.5,0.86,ok,,222,853df686,deepseek-v4-pro,6ac5f8f03745b5cac81477a98e57cc890a4594a5a57d7a7ea4ce16abacfd5110,cache,True,2026-08-30T22:20:29+00:00
cyclone-idai-2019,manual-cyclone-idai-2019-iom-mozambique-cyclone-idai-response-sitrep-3-04-08-april-2019,human,,human,2019-04-08,funding,Funding status and donor contributions,present,1.0,0.95,ok,,113,f76c4ee9,deepseek-v4-pro,ae875d81b8d095ec6984bfd5b53aa483051fb50e6cd2e8de79d069bb506362f5,cache,True,2026-08-30T22:20:29+00:00
cyclone-idai-2019,manual-cyclone-idai-2019-iom-mozambique-cyclone-idai-response-sitrep-3-04-08-april-2019,human,,human,2019-04-08,health,"Health, disease outbreak and nutrition",present,1.0,0.97,ok,,209,9ddcf17d,deepseek-v4-pro,a93de59cfc0bf8602bf782a1e45d6da14a057ece6d0922e0f8e0c26a816dfe2d,cache,True,2026-08-30T22:20:29+00:00
cyclone-idai-2019,manual-cyclone-idai-2019-iom-mozambique-cyclone-idai-response-sitrep-3-04-08-april-2019,human,,human,2019-04-08,needs_gaps,Sector needs and gaps,present,1.0,0.95,ok,,168,c5e7680f,deepseek-v4-pro,7192fb67066bdba45a06e571b8ab3ff70c10d0b38b4762f3c43744a7938a04ef,cache,True,2026-08-30T22:20:29+00:00
cyclone-idai-2019,manual-cyclone-idai-2019-iom-mozambique-cyclone-idai-response-sitrep-3-04-08-april-2019,human,,human,2019-04-08,response_actions,Sector response activities,present,1.0,1.0,ok,,178,e365b278,deepseek-v4-pro,078f3e0fe57588ac70848e4e85064c4e6ecfb650402b95b76b38cac1fdf1cd49,cache,True,2026-08-30T22:20:29+00:00
cyclone-idai-2019,manual-cyclone-idai-2019-iom-mozambique-cyclone-idai-response-sitrep-3-04-08-april-2019,human,,human,2019-04-08,shelter,Shelter and non-food items,present,1.0,0.98,ok,,221,539adba4,deepseek-v4-pro,e7de0a65dae524fb1acd0889a7e42eaf53ba287176b32df99726f8bfdca01938,cache,True,2026-08-30T22:20:29+00:00
cyclone-idai-2019,manual-cyclone-idai-2019-iom-mozambique-cyclone-idai-response-sitrep-3-04-08-april-2019,human,,human,2019-04-08,sourcing,Sourcing and attribution,present,1.0,1.0,ok,,223,85ab9eb1,deepseek-v4-pro,3287cf37bb7f938fb6d40de6fc9ea5b06f99331995e19d0d0bc1cacaa479fe11,cache,True,2026-08-30T22:20:29+00:00
cyclone-idai-2019,manual-cyclone-idai-2019-iom-mozambique-cyclone-idai-response-sitrep-3-04-08-april-2019,human,,human,2019-04-08,wash,WASH needs and response,partial,0.5,0.9,ok,,244,93ba4f61,deepseek-v4-pro,cc6bc36ecd1fdaa5d4a2fff972e938d14dff7535b3f2fb0bdbc66986d37229da,cache,True,2026-08-30T22:20:29+00:00
cyclone-idai-2019,manual-cyclone-idai-2019-logistics-sector-zimbabwe-situation-update-190330-pdf,human,,human,2019-03-30,access,Access constraints,present,1.0,1.0,ok,,139,fbfa1881,deepseek-v4-pro,bbd66b79b735996c06d0f81531e30259dda83b7ae68fa14673ee7542f9f1d610,cache,True,2026-08-30T22:20:29+00:00
cyclone-idai-2019,manual-cyclone-idai-2019-logistics-sector-zimbabwe-situation-update-190330-pdf,human,,human,2019-03-30,casualties,Casualty and affected-population figures,present,1.0,0.95,ok,,97,63f852ec,deepseek-v4-pro,7387b32b3447edd86f1dd890378287ac859230549eb0cbefcd3988097e737778,cache,True,2026-08-30T22:20:29+00:00
cyclone-idai-2019,manual-cyclone-idai-2019-logistics-sector-zimbabwe-situation-update-190330-pdf,human,,human,2019-03-30,coordination,Coordination arrangements,present,1.0,0.95,ok,,179,05470ad8,deepseek-v4-pro,76a414ee35f5ba5c623c2ebee703909da121b1847aa2818c120442a820a1f533,cache,True,2026-08-30T22:20:29+00:00
cyclone-idai-2019,manual-cyclone-idai-2019-logistics-sector-zimbabwe-situation-update-190330-pdf,human,,human,2019-03-30,currency_and_metadata,Data currency and report metadata,present,1.0,0.9,ok,,202,752ec2c4,deepseek-v4-pro,038629a96442492cbef50f9163dbaabc2c3e3c566209ac4a0a161c261d7f312b,cache,True,2026-08-30T22:20:29+00:00
cyclone-idai-2019,manual-cyclone-idai-2019-logistics-sector-zimbabwe-situation-update-190330-pdf,human,,human,2019-03-30,damage,"Physical, economic and agricultural damage",partial,0.5,0.8,ok,,115,a27e7310,deepseek-v4-pro,565bef3bd56f2433526a2b2c9e917bb53234695cb20daf8429b71049bf4fc647,cache,True,2026-08-30T22:20:29+00:00
cyclone-idai-2019,manual-cyclone-idai-2019-logistics-sector-zimbabwe-situation-update-190330-pdf,human,,human,2019-03-30,displacement,Displacement and accommodation sites,absent,0.0,0.97,ok,,0,,deepseek-v4-pro,0d3189f1d307441551a9a8a17fceb41f6fc308df17c88001962c03735f50efc7,cache,True,2026-08-30T22:20:29+00:00
cyclone-idai-2019,manual-cyclone-idai-2019-logistics-sector-zimbabwe-situation-update-190330-pdf,human,,human,2019-03-30,education,Education impact and response,absent,0.0,0.98,ok,,0,,deepseek-v4-pro,7e392660f709eab7a65605ad3d5826d267ba75f710a7a14a55c797c1879a8111,cache,True,2026-08-30T22:20:29+00:00
cyclone-idai-2019,manual-cyclone-idai-2019-logistics-sector-zimbabwe-situation-update-190330-pdf,human,,human,2019-03-30,food,Food security and assistance reach,absent,0.0,0.97,ok,,0,,deepseek-v4-pro,76734b66d6e457a7b485d4a2d89944e2afa2922c69998f7c37da68d9f8394782,cache,True,2026-08-30T22:20:29+00:00
cyclone-idai-2019,manual-cyclone-idai-2019-logistics-sector-zimbabwe-situation-update-190330-pdf,human,,human,2019-03-30,funding,Funding status and donor contributions,absent,0.0,0.98,ok,,0,,deepseek-v4-pro,d3ee1aaa2cb8626397b9e77a816eb8e0828735a350c58f1007619b4f40f67b50,cache,True,2026-08-30T22:20:29+00:00
cyclone-idai-2019,manual-cyclone-idai-2019-logistics-sector-zimbabwe-situation-update-190330-pdf,human,,human,2019-03-30,health,"Health, disease outbreak and nutrition",absent,0.0,1.0,ok,,0,,deepseek-v4-pro,7e7b49e8f799647c1fc7ce45e5883f19e3fe0d9b53e3c1bdc396db8fcedb8b9a,cache,True,2026-08-30T22:20:29+00:00
cyclone-idai-2019,manual-cyclone-idai-2019-logistics-sector-zimbabwe-situation-update-190330-pdf,human,,human,2019-03-30,needs_gaps,Sector needs and gaps,present,1.0,0.85,ok,,277,10720ff5,deepseek-v4-pro,c5dcf0cd772dff37f5fde44d203664279845296fd0cbbb5d213a3bd6ecbf23c3,cache,True,2026-08-30T22:20:29+00:00
cyclone-idai-2019,manual-cyclone-idai-2019-logistics-sector-zimbabwe-situation-update-190330-pdf,human,,human,2019-03-30,response_actions,Sector response activities,present,1.0,0.95,ok,,199,dfbcccc5,deepseek-v4-pro,3561542bb7f5e49c43b3d09cc202e63a2ac1924f6271fee0d4800e1ef5c54c6b,cache,True,2026-08-30T22:20:29+00:00
cyclone-idai-2019,manual-cyclone-idai-2019-logistics-sector-zimbabwe-situation-update-190330-pdf,human,,human,2019-03-30,shelter,Shelter and non-food items,absent,0.0,0.95,ok,,0,,deepseek-v4-pro,72edf2928e2a422af93a350f7cf01d3e083c2eb18619fd793776465ff33d368b,cache,True,2026-08-30T22:20:29+00:00
cyclone-idai-2019,manual-cyclone-idai-2019-logistics-sector-zimbabwe-situation-update-190330-pdf,human,,human,2019-03-30,sourcing,Sourcing and attribution,partial,0.5,0.75,ok,,126,1cd5968d,deepseek-v4-pro,5f4fdaa0e511b2c715bccc6773bb6d97034799cc45cc2c33e01c060373c8a403,cache,True,2026-08-30T22:20:29+00:00
cyclone-idai-2019,manual-cyclone-idai-2019-logistics-sector-zimbabwe-situation-update-190330-pdf,human,,human,2019-03-30,wash,WASH needs and response,absent,0.0,0.98,ok,,0,,deepseek-v4-pro,017e422b535597ce4c0b1dd3e76c8bc2dccee12479f4d952169588642df15051,cache,True,2026-08-30T22:20:29+00:00
cyclone-idai-2019,manual-cyclone-idai-2019-mdrmz014do-pdf,human,,human,2019-03-14,access,Access constraints,partial,0.5,0.85,ok,,88,e99779d7,deepseek-v4-pro,98683c9a64c9de3d0e2ca5fc8ab6cbaaf669e55c4f3a04f4501dfb5ae605f63f,cache,True,2026-08-30T22:20:29+00:00
cyclone-idai-2019,manual-cyclone-idai-2019-mdrmz014do-pdf,human,,human,2019-03-14,casualties,Casualty and affected-population figures,present,1.0,0.9,ok,,159,20d1bf4c,deepseek-v4-pro,fc0343388f6b7e158247738ecc6ced4b859a9f290d4a57ef4ab900a8f8214a87,cache,True,2026-08-30T22:20:29+00:00
cyclone-idai-2019,manual-cyclone-idai-2019-mdrmz014do-pdf,human,,human,2019-03-14,coordination,Coordination arrangements,present,1.0,0.8,ok,,158,4c0d3169,deepseek-v4-pro,0d582894cca4a5746b81a2f9a9a56e2de86cceb42b94db7fbabbef3f837abd44,cache,True,2026-08-30T22:20:29+00:00
cyclone-idai-2019,manual-cyclone-idai-2019-mdrmz014do-pdf,human,,human,2019-03-14,currency_and_metadata,Data currency and report metadata,present,1.0,0.95,ok,,154,291fd90d,deepseek-v4-pro,21a2f307bda56fed231139cba06a216532548def8d6e4f7f9b75d13a9f1b35a5,cache,True,2026-08-30T22:20:29+00:00
cyclone-idai-2019,manual-cyclone-idai-2019-mdrmz014do-pdf,human,,human,2019-03-14,damage,"Physical, economic and agricultural damage",partial,0.5,0.85,ok,,171,9ac250ed,deepseek-v4-pro,42080d3e668a12e1f30b0341ce00f6fc983d742992fe2894b6938d729b8eeb1c,cache,True,2026-08-30T22:20:29+00:00
cyclone-idai-2019,manual-cyclone-idai-2019-mdrmz014do-pdf,human,,human,2019-03-14,displacement,Displacement and accommodation sites,present,1.0,0.95,ok,,157,99172ee8,deepseek-v4-pro,9631d5448f6d2b2d2642f7a91e00eda5439726f95e6442a075cc8aa74a0ce487,cache,True,2026-08-30T22:20:29+00:00
cyclone-idai-2019,manual-cyclone-idai-2019-mdrmz014do-pdf,human,,human,2019-03-14,education,Education impact and response,absent,0.0,0.95,ok,,0,,deepseek-v4-pro,66495e9a16c54f2f6cf7ff33c49265b2fbbc568b60624ac98e4c514402606b07,cache,True,2026-08-30T22:20:29+00:00
cyclone-idai-2019,manual-cyclone-idai-2019-mdrmz014do-pdf,human,,human,2019-03-14,food,Food security and assistance reach,partial,0.5,0.75,ok,,126,97b457d3,deepseek-v4-pro,529dfe79d3b76e9fb79f6df486d3ec32630f3807f5690aa3f7ed800a754a4f18,cache,True,2026-08-30T22:20:29+00:00
cyclone-idai-2019,manual-cyclone-idai-2019-mdrmz014do-pdf,human,,human,2019-03-14,funding,Funding status and donor contributions,partial,0.5,0.8,ok,,157,f6a33215,deepseek-v4-pro,0445805abbb78c8845e2ff4fcc5f9e10dfe91e72d2ac1dd4912e5113025b8119,cache,True,2026-08-30T22:20:29+00:00
cyclone-idai-2019,manual-cyclone-idai-2019-mdrmz014do-pdf,human,,human,2019-03-14,health,"Health, disease outbreak and nutrition",absent,0.0,0.9,ok,,0,,deepseek-v4-pro,345dd14c8b93143150e66341f9c91f892383a07126d53e6e2edb07dd7521fc8a,cache,True,2026-08-30T22:20:29+00:00
cyclone-idai-2019,manual-cyclone-idai-2019-mdrmz014do-pdf,human,,human,2019-03-14,needs_gaps,Sector needs and gaps,present,1.0,0.9,ok,,245,d7e80f34,deepseek-v4-pro,f3796fd59b6cd5c7ae8a0852f92f9b37cbf6c7cb763e59a3864e47c153d02e18,cache,True,2026-08-30T22:20:29+00:00
cyclone-idai-2019,manual-cyclone-idai-2019-mdrmz014do-pdf,human,,human,2019-03-14,response_actions,Sector response activities,present,1.0,0.95,ok,,182,5cd283b6,deepseek-v4-pro,57be97a55ed6270e28da3f25e4ae5c2f9e03a3dfea872ece939ba986c8ae4696,cache,True,2026-08-30T22:20:29+00:00
cyclone-idai-2019,manual-cyclone-idai-2019-mdrmz014do-pdf,human,,human,2019-03-14,shelter,Shelter and non-food items,partial,0.5,0.85,ok,,142,4f4c38f8,deepseek-v4-pro,c3e02551a15a52a013d2c503516896124c4b6f5fca84ba1f05bc79f537ac94bd,cache,True,2026-08-30T22:20:29+00:00
cyclone-idai-2019,manual-cyclone-idai-2019-mdrmz014do-pdf,human,,human,2019-03-14,sourcing,Sourcing and attribution,present,1.0,0.95,ok,,125,6d1eee00,deepseek-v4-pro,a69d7b06db79932944886785d85e978428b93193762e522e7bb89223b57c79bb,cache,True,2026-08-30T22:20:29+00:00
cyclone-idai-2019,manual-cyclone-idai-2019-mdrmz014do-pdf,human,,human,2019-03-14,wash,WASH needs and response,present,1.0,0.75,ok,,205,212c1a64,deepseek-v4-pro,cf359b1ce6dae40e0fa02978c0d120222e661648b5a7384ce9cf7af5b0cb8e66,cache,True,2026-08-30T22:20:29+00:00
cyclone-idai-2019,manual-cyclone-idai-2019-mdrmz014ou2-pdf,human,,human,2019-06-24,access,Access constraints,partial,0.5,0.8,ok,,202,df9910ea,deepseek-v4-pro,2b75468db56c7e0b97bce84b88a8ee8162ed1a159b6c628c42b0a21db7bdbbbc,cache,True,2026-08-30T22:20:29+00:00
cyclone-idai-2019,manual-cyclone-idai-2019-mdrmz014ou2-pdf,human,,human,2019-06-24,casualties,Casualty and affected-population figures,present,1.0,0.85,ok,,105,1d230808,deepseek-v4-pro,15645718c29e40a2b067cd14f64697059ef0fe37f5ad8582a7fbccafe82ee0cb,cache,True,2026-08-30T22:20:29+00:00
cyclone-idai-2019,manual-cyclone-idai-2019-mdrmz014ou2-pdf,human,,human,2019-06-24,coordination,Coordination arrangements,present,1.0,0.95,ok,,169,9fcd9b4c,deepseek-v4-pro,9783ba214d2f149043648c309e9b71d20802395b19084c666a65cce159c38e48,cache,True,2026-08-30T22:20:29+00:00
cyclone-idai-2019,manual-cyclone-idai-2019-mdrmz014ou2-pdf,human,,human,2019-06-24,currency_and_metadata,Data currency and report metadata,present,1.0,0.95,ok,,199,067c7c2d,deepseek-v4-pro,fa3adec0074756ff8be52dd3ce78387a562bec7ed97a362d94f0edf314f83b12,cache,True,2026-08-30T22:20:29+00:00
cyclone-idai-2019,manual-cyclone-idai-2019-mdrmz014ou2-pdf,human,,human,2019-06-24,damage,"Physical, economic and agricultural damage",present,1.0,0.95,ok,,185,7a2eb5dd,deepseek-v4-pro,686a0bcb271f73a1c7c9b46b2cb36bee1cd2b6eade95d3f86adfb9e563fde4de,cache,True,2026-08-30T22:20:29+00:00
cyclone-idai-2019,manual-cyclone-idai-2019-mdrmz014ou2-pdf,human,,human,2019-06-24,displacement,Displacement and accommodation sites,present,1.0,1.0,ok,,229,6da3e64d,deepseek-v4-pro,f8f80d7ffe8b7536fc86e3be597c4424e8020e1a1a5f1c3f998c7663aa373aa8,cache,True,2026-08-30T22:20:29+00:00
cyclone-idai-2019,manual-cyclone-idai-2019-mdrmz014ou2-pdf,human,,human,2019-06-24,education,Education impact and response,absent,0.0,0.88,ok,,0,,deepseek-v4-pro,7dd69e86f1344a50f9b81ac97f506b0d94665bde473317e0cb53f7ffdcae1bfb,cache,True,2026-08-30T22:20:29+00:00
cyclone-idai-2019,manual-cyclone-idai-2019-mdrmz014ou2-pdf,human,,human,2019-06-24,food,Food security and assistance reach,partial,0.5,0.8,ok,,144,5fa065d7,deepseek-v4-pro,eece811087f9e04475af54e442713fa80ab0bf02b9b8bbd3b90e033b7ebe34da,cache,True,2026-08-30T22:20:29+00:00
cyclone-idai-2019,manual-cyclone-idai-2019-mdrmz014ou2-pdf,human,,human,2019-06-24,funding,Funding status and donor contributions,present,1.0,0.9,ok,,223,b4e37d72,deepseek-v4-pro,61d649180b0b85c14900c233720d18cf2190102d713f1f1be02ab89e808f7820,cache,True,2026-08-30T22:20:29+00:00
cyclone-idai-2019,manual-cyclone-idai-2019-mdrmz014ou2-pdf,human,,human,2019-06-24,health,"Health, disease outbreak and nutrition",present,1.0,0.95,ok,,207,9ca12067,deepseek-v4-pro,6f9e8a9ef99c1a7abbffb7627d2477ef05dac70fc6a2140830e1b0cd53c3f2ac,cache,True,2026-08-30T22:20:29+00:00
cyclone-idai-2019,manual-cyclone-idai-2019-mdrmz014ou2-pdf,human,,human,2019-06-24,needs_gaps,Sector needs and gaps,partial,0.5,0.75,ok,,194,17d90d72,deepseek-v4-pro,814bc97c1e71a7de83b107bceffbbae10ff1a909106f961d30e33e2153e46d20,cache,True,2026-08-30T22:20:29+00:00
cyclone-idai-2019,manual-cyclone-idai-2019-mdrmz014ou2-pdf,human,,human,2019-06-24,response_actions,Sector response activities,present,1.0,0.95,ok,,208,4215b6de,deepseek-v4-pro,ab153cfbf6667a16a9f8cc6eb5a7f2d612098aa69033e664e12e38c52c9ce11a,cache,True,2026-08-30T22:20:29+00:00
cyclone-idai-2019,manual-cyclone-idai-2019-mdrmz014ou2-pdf,human,,human,2019-06-24,shelter,Shelter and non-food items,present,1.0,0.95,ok,,108,6235e428,deepseek-v4-pro,d751b9e082df708985e00881ec3a17ef6d6efee88656ff02b7805886f2baa0c9,cache,True,2026-08-30T22:20:29+00:00
cyclone-idai-2019,manual-cyclone-idai-2019-mdrmz014ou2-pdf,human,,human,2019-06-24,sourcing,Sourcing and attribution,present,1.0,1.0,ok,,154,d535af5d,deepseek-v4-pro,9a4cb7176776a912074d20ec374c7e1389cc8aa7126ba97186d89c2803c9b5f4,cache,True,2026-08-30T22:20:29+00:00
cyclone-idai-2019,manual-cyclone-idai-2019-mdrmz014ou2-pdf,human,,human,2019-06-24,wash,WASH needs and response,present,1.0,0.85,ok,,203,763ebe75,deepseek-v4-pro,c1acc19ffcd82cc13a80d1485bc1367720289e00b8d663b2fba4b67d9597d3dd,cache,True,2026-08-30T22:20:29+00:00
cyclone-idai-2019,manual-cyclone-idai-2019-mdrzw014dfr-pdf,human,,human,2019-04-04,access,Access constraints,present,1.0,0.95,ok,,186,5c8ba464,deepseek-v4-pro,22a05bcaae516651564042a4ab1c47c66269d0170aa98f4daa2e4bf170e100d4,cache,True,2026-08-30T22:20:29+00:00
cyclone-idai-2019,manual-cyclone-idai-2019-mdrzw014dfr-pdf,human,,human,2019-04-04,casualties,Casualty and affected-population figures,partial,0.5,0.9,ok,,85,543302bf,deepseek-v4-pro,fbbb81d4ab4ced3a724c7496864ea1ec801b794d7fd3db15ff8ae47d845c8e59,cache,True,2026-08-30T22:20:29+00:00
cyclone-idai-2019,manual-cyclone-idai-2019-mdrzw014dfr-pdf,human,,human,2019-04-04,coordination,Coordination arrangements,present,1.0,0.9,ok,,173,b10be49b,deepseek-v4-pro,5b004165cf04d693ccb10035b1a476c5a6d49443ac473d50f84192728a612286,cache,True,2026-08-30T22:20:29+00:00
cyclone-idai-2019,manual-cyclone-idai-2019-mdrzw014dfr-pdf,human,,human,2019-04-04,currency_and_metadata,Data currency and report metadata,partial,0.5,0.9,ok,,243,0fe56ae0,deepseek-v4-pro,0c37613390dfd929151f12f2fb5474e340f9aadce492e478e57a1bef8ad1a010,cache,True,2026-08-30T22:20:29+00:00
cyclone-idai-2019,manual-cyclone-idai-2019-mdrzw014dfr-pdf,human,,human,2019-04-04,damage,"Physical, economic and agricultural damage",present,1.0,0.98,ok,,257,16fc262b,deepseek-v4-pro,a6c656c1bee713a58436739715a79db8a916ced3fe7311f2c6e8757ad7b80309,cache,True,2026-08-30T22:20:29+00:00
cyclone-idai-2019,manual-cyclone-idai-2019-mdrzw014dfr-pdf,human,,human,2019-04-04,displacement,Displacement and accommodation sites,partial,0.5,0.92,ok,,111,6ad123de,deepseek-v4-pro,adf2c49da8ea2b2be0354638a8ee9f6069c87da4d0e2fd9d4307aa516d42eabf,cache,True,2026-08-30T22:20:29+00:00
cyclone-idai-2019,manual-cyclone-idai-2019-mdrzw014dfr-pdf,human,,human,2019-04-04,education,Education impact and response,present,1.0,0.95,ok,,130,0bc945c0,deepseek-v4-pro,a78d7d9e4eb823f27e677af5de8c355579a3234fd9619f621d4bb796b6848aea,cache,True,2026-08-30T22:20:29+00:00
cyclone-idai-2019,manual-cyclone-idai-2019-mdrzw014dfr-pdf,human,,human,2019-04-04,food,Food security and assistance reach,present,1.0,0.95,ok,,186,a9fe578d,deepseek-v4-pro,ae4c0e74e5ffdbbb1005cbd3dda41e77630eea81a322e46d992c8bb6b9676144,cache,True,2026-08-30T22:20:29+00:00
cyclone-idai-2019,manual-cyclone-idai-2019-mdrzw014dfr-pdf,human,,human,2019-04-04,funding,Funding status and donor contributions,partial,0.5,0.85,ok,,230,6818bec6,deepseek-v4-pro,d3b257ce448e855b9b9328071367f2b6c8090d82e3db8636c8089b9350e6cbc6,cache,True,2026-08-30T22:20:29+00:00
cyclone-idai-2019,manual-cyclone-idai-2019-mdrzw014dfr-pdf,human,,human,2019-04-04,health,"Health, disease outbreak and nutrition",absent,0.0,0.95,ok,,0,,deepseek-v4-pro,f1597691caa2594beb2813a9aae25549a72ed17035a592593b46c408280436cd,cache,True,2026-08-30T22:20:29+00:00
cyclone-idai-2019,manual-cyclone-idai-2019-mdrzw014dfr-pdf,human,,human,2019-04-04,needs_gaps,Sector needs and gaps,partial,0.5,0.75,ok,,179,6f5f8b67,deepseek-v4-pro,1391050f2895b1d7113e96b4a84292e909eab8a03fccc4c3186b2fc1b1d5e3cc,cache,True,2026-08-30T22:20:29+00:00
cyclone-idai-2019,manual-cyclone-idai-2019-mdrzw014dfr-pdf,human,,human,2019-04-04,response_actions,Sector response activities,present,1.0,0.95,ok,,169,8a5ed2b0,deepseek-v4-pro,78887aaf0584e09974d8c0d3ed42d73a7753b0f72a8f3c6360d5648fc6661232,cache,True,2026-08-30T22:20:29+00:00
cyclone-idai-2019,manual-cyclone-idai-2019-mdrzw014dfr-pdf,human,,human,2019-04-04,shelter,Shelter and non-food items,present,1.0,0.98,ok,,175,d0ff8924,deepseek-v4-pro,82ff01293b16a578eaadb939fc199434755319b1893bd035d2feaf5ddea252e0,cache,True,2026-08-30T22:20:29+00:00
cyclone-idai-2019,manual-cyclone-idai-2019-mdrzw014dfr-pdf,human,,human,2019-04-04,sourcing,Sourcing and attribution,partial,0.5,0.6,ok,,174,c8a6392d,deepseek-v4-pro,bd2e4223cf00d0564fa884dfb216717fdef61dccfff746402725a8ea24b05052,cache,True,2026-08-30T22:20:29+00:00
cyclone-idai-2019,manual-cyclone-idai-2019-mdrzw014dfr-pdf,human,,human,2019-04-04,wash,WASH needs and response,partial,0.5,0.9,ok,,183,73e752c9,deepseek-v4-pro,ef92f37da64888def2b3102d3ed69a2d61622c47b69eb69f15968ab08a753fc4,cache,True,2026-08-30T22:20:29+00:00
cyclone-idai-2019,manual-cyclone-idai-2019-mozambique-cyclone-idai-floods-situation-report-no-2-03-april,human,,human,2019-04-03,access,Access constraints,present,1.0,0.95,ok,,267,4eb6d4fa,deepseek-v4-pro,116183cbc3ab53299592a817a8d5ab051d09d59dfb82920083802dbdc56b5369,cache,True,2026-08-30T22:20:29+00:00
cyclone-idai-2019,manual-cyclone-idai-2019-mozambique-cyclone-idai-floods-situation-report-no-2-03-april,human,,human,2019-04-03,casualties,Casualty and affected-population figures,present,1.0,1.0,ok,,115,93d3ddf2,deepseek-v4-pro,327bd0382877a0695e580658b49bfcff7a13bc2bb5e6ae70212cd03e0a78da29,cache,True,2026-08-30T22:20:29+00:00
cyclone-idai-2019,manual-cyclone-idai-2019-mozambique-cyclone-idai-floods-situation-report-no-2-03-april,human,,human,2019-04-03,coordination,Coordination arrangements,present,1.0,0.9,ok,,148,617af7c7,deepseek-v4-pro,2be206c9c48928df6c24d754fcca62be1fb2ecc4c846ebb4c8b984dae11ebd51,cache,True,2026-08-30T22:20:29+00:00
cyclone-idai-2019,manual-cyclone-idai-2019-mozambique-cyclone-idai-floods-situation-report-no-2-03-april,human,,human,2019-04-03,currency_and_metadata,Data currency and report metadata,present,1.0,0.97,ok,,182,15764236,deepseek-v4-pro,362f8f40e8e573bd4d062ec81d54c15f837d05191931fd7324ceafa237f87154,cache,True,2026-08-30T22:20:29+00:00
cyclone-idai-2019,manual-cyclone-idai-2019-mozambique-cyclone-idai-floods-situation-report-no-2-03-april,human,,human,2019-04-03,damage,"Physical, economic and agricultural damage",present,1.0,0.97,ok,,204,74f20cbf,deepseek-v4-pro,39b71c87c45d9749d3efb8e397d3065413b4733cf240761f8d09e0eb25023e3f,cache,True,2026-08-30T22:20:29+00:00
cyclone-idai-2019,manual-cyclone-idai-2019-mozambique-cyclone-idai-floods-situation-report-no-2-03-april,human,,human,2019-04-03,displacement,Displacement and accommodation sites,present,1.0,0.98,ok,,169,32f93e18,deepseek-v4-pro,70e1f83edcb0534c36eca50c25296c154c887e1c82f511fed54f72f2ec4ec17f,cache,True,2026-08-30T22:20:29+00:00
cyclone-idai-2019,manual-cyclone-idai-2019-mozambique-cyclone-idai-floods-situation-report-no-2-03-april,human,,human,2019-04-03,education,Education impact and response,present,1.0,0.98,ok,,179,bcb67a48,deepseek-v4-pro,95656b81699db74b887d90a4c64bd63f6d40f572ded5c8653cc0cce81ff7beaf,cache,True,2026-08-30T22:20:29+00:00
cyclone-idai-2019,manual-cyclone-idai-2019-mozambique-cyclone-idai-floods-situation-report-no-2-03-april,human,,human,2019-04-03,food,Food security and assistance reach,present,1.0,0.98,ok,,146,3299dfbb,deepseek-v4-pro,025fc86c28ad6507f93d1a6534ef980b56cead4961108a2e3398f1dd66a3b18b,cache,True,2026-08-30T22:20:29+00:00
cyclone-idai-2019,manual-cyclone-idai-2019-mozambique-cyclone-idai-floods-situation-report-no-2-03-april,human,,human,2019-04-03,funding,Funding status and donor contributions,present,1.0,0.95,ok,,160,be648505,deepseek-v4-pro,53a2ffc3e0239725b3846970b2ce809fed309b020630a20417cfd36f7d7e80c8,cache,True,2026-08-30T22:20:29+00:00
cyclone-idai-2019,manual-cyclone-idai-2019-mozambique-cyclone-idai-floods-situation-report-no-2-03-april,human,,human,2019-04-03,health,"Health, disease outbreak and nutrition",present,1.0,0.95,ok,,174,b8081fc6,deepseek-v4-pro,6f63b98675d19215bd127f5cf8d1f6918ae8613b5aa8e07bcb9acce37b372157,cache,True,2026-08-30T22:20:29+00:00
cyclone-idai-2019,manual-cyclone-idai-2019-mozambique-cyclone-idai-floods-situation-report-no-2-03-april,human,,human,2019-04-03,needs_gaps,Sector needs and gaps,present,1.0,0.95,ok,,152,fe28bcf9,deepseek-v4-pro,4f93039a15bfc58784ddd1e9beacec967775ce1f951b87d43c8db546ebd9b057,cache,True,2026-08-30T22:20:29+00:00
cyclone-idai-2019,manual-cyclone-idai-2019-mozambique-cyclone-idai-floods-situation-report-no-2-03-april,human,,human,2019-04-03,response_actions,Sector response activities,present,1.0,0.95,ok,,208,db1d2017,deepseek-v4-pro,a9ebcadefd3b39e10c69b78449bead49acee56b01eccf231947abb09da246258,cache,True,2026-08-30T22:20:29+00:00
cyclone-idai-2019,manual-cyclone-idai-2019-mozambique-cyclone-idai-floods-situation-report-no-2-03-april,human,,human,2019-04-03,shelter,Shelter and non-food items,present,1.0,0.95,ok,,123,eaecd15b,deepseek-v4-pro,da7267977196f6a8f90fefd0220c377147b135a5998e9742f9713f1e3a7bb385,cache,True,2026-08-30T22:20:29+00:00
cyclone-idai-2019,manual-cyclone-idai-2019-mozambique-cyclone-idai-floods-situation-report-no-2-03-april,human,,human,2019-04-03,sourcing,Sourcing and attribution,present,1.0,1.0,ok,,112,0489ced7,deepseek-v4-pro,3d61020b473f52cec8d3256feee03f48acdab123ae22a1a5339a0dcdc64cc3a4,cache,True,2026-08-30T22:20:29+00:00
cyclone-idai-2019,manual-cyclone-idai-2019-mozambique-cyclone-idai-floods-situation-report-no-2-03-april,human,,human,2019-04-03,wash,WASH needs and response,partial,0.5,0.8,ok,,123,be314861,deepseek-v4-pro,1d456dbdb1488fcf756822df2ffd1c1942fd150e6d63395d8f30f71e43b7a1c1,cache,True,2026-08-30T22:20:29+00:00
cyclone-idai-2019,manual-cyclone-idai-2019-mozambique-cyclone-idai-floods-situation-report-no-3-04-april,human,,human,2019-04-04,access,Access constraints,present,1.0,0.9,ok,,60,e9b26b27,deepseek-v4-pro,ad49d50466bcd049c8a1847e7603c9f5a79f6ad14a6998de4aa7914619e3894a,cache,True,2026-08-30T22:20:29+00:00
cyclone-idai-2019,manual-cyclone-idai-2019-mozambique-cyclone-idai-floods-situation-report-no-3-04-april,human,,human,2019-04-04,casualties,Casualty and affected-population figures,present,1.0,0.9,ok,,82,88724bbf,deepseek-v4-pro,2618414419bf8c4c462a085354aa120e892b018ca2219b8f8c1553a485380415,cache,True,2026-08-30T22:20:29+00:00
cyclone-idai-2019,manual-cyclone-idai-2019-mozambique-cyclone-idai-floods-situation-report-no-3-04-april,human,,human,2019-04-04,coordination,Coordination arrangements,partial,0.5,0.8,ok,,284,95422d61,deepseek-v4-pro,16e69444138ac5ecc19d011f7016070eca9f72c11eb4aef9cd4cd5dee20f974a,cache,True,2026-08-30T22:20:29+00:00
cyclone-idai-2019,manual-cyclone-idai-2019-mozambique-cyclone-idai-floods-situation-report-no-3-04-april,human,,human,2019-04-04,currency_and_metadata,Data currency and report metadata,present,1.0,0.98,ok,,230,5eec78b2,deepseek-v4-pro,e541c51a5d479918f39173e289c82a0d964d99645fe015d29734cb530ef1bb18,cache,True,2026-08-30T22:20:29+00:00
cyclone-idai-2019,manual-cyclone-idai-2019-mozambique-cyclone-idai-floods-situation-report-no-3-04-april,human,,human,2019-04-04,damage,"Physical, economic and agricultural damage",present,1.0,0.99,ok,,178,67e35592,deepseek-v4-pro,681ed18c989171f29da35758636f5496692648a65d96a2ddef781aa568243542,cache,True,2026-08-30T22:20:29+00:00
cyclone-idai-2019,manual-cyclone-idai-2019-mozambique-cyclone-idai-floods-situation-report-no-3-04-april,human,,human,2019-04-04,displacement,Displacement and accommodation sites,present,1.0,0.98,ok,,176,3bd21ebc,deepseek-v4-pro,3ba29ff485b8c734043d63f66319af0bc53c23fc836a7013eaa90ea758a6d408,cache,True,2026-08-30T22:20:29+00:00
cyclone-idai-2019,manual-cyclone-idai-2019-mozambique-cyclone-idai-floods-situation-report-no-3-04-april,human,,human,2019-04-04,education,Education impact and response,present,1.0,0.95,ok,,151,35b79396,deepseek-v4-pro,b04baa2920714a57cd2075e489153ba285e425225e0a31c682d39e27061bc191,cache,True,2026-08-30T22:20:29+00:00
cyclone-idai-2019,manual-cyclone-idai-2019-mozambique-cyclone-idai-floods-situation-report-no-3-04-april,human,,human,2019-04-04,food,Food security and assistance reach,present,1.0,0.95,ok,,199,b5e0e66f,deepseek-v4-pro,f58b57bd22bb9b0fe45dfb4da521e1a360d0fdd728c3f9f961b221d2be3b9a64,cache,True,2026-08-30T22:20:29+00:00
cyclone-idai-2019,manual-cyclone-idai-2019-mozambique-cyclone-idai-floods-situation-report-no-3-04-april,human,,human,2019-04-04,funding,Funding status and donor contributions,present,1.0,0.95,ok,,287,05127bb6,deepseek-v4-pro,fa5e4e7e2dd49620fc2d0a01c7ab2870ebdc986ef091592fded4f28f36e3e3d1,cache,True,2026-08-30T22:20:29+00:00
cyclone-idai-2019,manual-cyclone-idai-2019-mozambique-cyclone-idai-floods-situation-report-no-3-04-april,human,,human,2019-04-04,health,"Health, disease outbreak and nutrition",present,1.0,0.95,ok,,161,f1dde9db,deepseek-v4-pro,9ef651673d8dc69da78d0c98b8245ded4cf5fb1f6058e0dcbafbce2e00df93db,cache,True,2026-08-30T22:20:29+00:00
cyclone-idai-2019,manual-cyclone-idai-2019-mozambique-cyclone-idai-floods-situation-report-no-3-04-april,human,,human,2019-04-04,needs_gaps,Sector needs and gaps,present,1.0,0.95,ok,,151,655ae6ab,deepseek-v4-pro,93a0ef8f4683af5fe9ea8edab756bd8c18e363e17675bef60a7ace8ad715d129,cache,True,2026-08-30T22:20:29+00:00
cyclone-idai-2019,manual-cyclone-idai-2019-mozambique-cyclone-idai-floods-situation-report-no-3-04-april,human,,human,2019-04-04,response_actions,Sector response activities,present,1.0,0.98,ok,,68,0a902b14,deepseek-v4-pro,75e7e3a1bb75bd07cfee42583610c19f7696041a84d29dd89de0aaba317c8582,cache,True,2026-08-30T22:20:29+00:00
cyclone-idai-2019,manual-cyclone-idai-2019-mozambique-cyclone-idai-floods-situation-report-no-3-04-april,human,,human,2019-04-04,shelter,Shelter and non-food items,partial,0.5,0.7,ok,,187,f780e56f,deepseek-v4-pro,90c5160e63f6254368ae45deb426fb7d41d63ebd56db94221bd5618abe98bbb2,cache,True,2026-08-30T22:20:29+00:00
cyclone-idai-2019,manual-cyclone-idai-2019-mozambique-cyclone-idai-floods-situation-report-no-3-04-april,human,,human,2019-04-04,sourcing,Sourcing and attribution,present,1.0,0.98,ok,,43,0e773bc9,deepseek-v4-pro,51a4e6b106f0f7e9aa0134676d371154bf8dec885c7f4eaaa29cf702c5d92423,cache,True,2026-08-30T22:20:29+00:00
cyclone-idai-2019,manual-cyclone-idai-2019-mozambique-cyclone-idai-floods-situation-report-no-3-04-april,human,,human,2019-04-04,wash,WASH needs and response,partial,0.5,0.8,ok,,201,0dcde31c,deepseek-v4-pro,1ca5d68b86339f5be8a119aba6f8b8e1188523c9d9703247c8799d3d5e586207,cache,True,2026-08-30T22:20:29+00:00
cyclone-idai-2019,manual-cyclone-idai-2019-mozambique-cylone-idai-floods-situation-report-no-1-02-april-2,human,,human,2019-04-02,access,Access constraints,present,1.0,0.95,ok,,138,66b51e26,deepseek-v4-pro,57a42f4093718603ba4babae1ac04455f26f4b4767ad0cd1036405338396c41d,cache,True,2026-08-30T22:20:29+00:00
cyclone-idai-2019,manual-cyclone-idai-2019-mozambique-cylone-idai-floods-situation-report-no-1-02-april-2,human,,human,2019-04-02,casualties,Casualty and affected-population figures,present,1.0,0.99,ok,,162,1f40b6f3,deepseek-v4-pro,9086bf056119a44eb438ecebd15c7b4ff8c46a6657278e117d03f960f85d667c,cache,True,2026-08-30T22:20:29+00:00
cyclone-idai-2019,manual-cyclone-idai-2019-mozambique-cylone-idai-floods-situation-report-no-1-02-april-2,human,,human,2019-04-02,coordination,Coordination arrangements,present,1.0,0.9,ok,,147,e8a10a97,deepseek-v4-pro,015146bca33714942b8d1e24003308ccd17770d3f6d0067631983b39dfa96710,cache,True,2026-08-30T22:20:29+00:00
cyclone-idai-2019,manual-cyclone-idai-2019-mozambique-cylone-idai-floods-situation-report-no-1-02-april-2,human,,human,2019-04-02,currency_and_metadata,Data currency and report metadata,present,1.0,0.95,ok,,224,3bffbd1c,deepseek-v4-pro,3a3133232582efcdf87380256daefd85e1f85286b4369baceb04d6fbabff3c36,cache,True,2026-08-30T22:20:29+00:00
cyclone-idai-2019,manual-cyclone-idai-2019-mozambique-cylone-idai-floods-situation-report-no-1-02-april-2,human,,human,2019-04-02,damage,"Physical, economic and agricultural damage",present,1.0,0.98,ok,,208,43174cb5,deepseek-v4-pro,02ed3b89b5e5a92ffe047ac5cdbec6f37d55fddd2943f387eabe01a22cc23cce,cache,True,2026-08-30T22:20:29+00:00
cyclone-idai-2019,manual-cyclone-idai-2019-mozambique-cylone-idai-floods-situation-report-no-1-02-april-2,human,,human,2019-04-02,displacement,Displacement and accommodation sites,present,1.0,1.0,ok,,174,69c69a0d,deepseek-v4-pro,60f57d200fa066713381e9fea8db0494eb69629430962c7dbf36fd450242c6ec,cache,True,2026-08-30T22:20:29+00:00
cyclone-idai-2019,manual-cyclone-idai-2019-mozambique-cylone-idai-floods-situation-report-no-1-02-april-2,human,,human,2019-04-02,education,Education impact and response,present,1.0,1.0,ok,,179,4a325fcc,deepseek-v4-pro,8db56df49c4233726f289a34458206353f17e1e53faca5ab7fa5f3731f265367,cache,True,2026-08-30T22:20:29+00:00
cyclone-idai-2019,manual-cyclone-idai-2019-mozambique-cylone-idai-floods-situation-report-no-1-02-april-2,human,,human,2019-04-02,food,Food security and assistance reach,present,1.0,0.95,ok,,221,8e6d37f8,deepseek-v4-pro,0de9944b3eeb2a92320509b59546999cbcd031d8b0970bdff33da1cbc94399ab,cache,True,2026-08-30T22:20:29+00:00
cyclone-idai-2019,manual-cyclone-idai-2019-mozambique-cylone-idai-floods-situation-report-no-1-02-april-2,human,,human,2019-04-02,funding,Funding status and donor contributions,present,1.0,0.95,ok,,198,c0abd9b2,deepseek-v4-pro,d6f81e26383d68c12334ee0b2ac0ae07a512fb50c53b19246d75e3ab16e3390d,cache,True,2026-08-30T22:20:29+00:00
cyclone-idai-2019,manual-cyclone-idai-2019-mozambique-cylone-idai-floods-situation-report-no-1-02-april-2,human,,human,2019-04-02,health,"Health, disease outbreak and nutrition",present,1.0,0.95,ok,,249,2c0e489b,deepseek-v4-pro,6c4648407255c61011006630d370466e3b87a8c4006ad8bb98939bcf6f61273c,cache,True,2026-08-30T22:20:29+00:00
cyclone-idai-2019,manual-cyclone-idai-2019-mozambique-cylone-idai-floods-situation-report-no-1-02-april-2,human,,human,2019-04-02,needs_gaps,Sector needs and gaps,present,1.0,0.95,ok,,158,de64b5f5,deepseek-v4-pro,4aa0bb08194388e0ca346bed135bce82313216af3731a44c91fb25d09780cda7,cache,True,2026-08-30T22:20:29+00:00
cyclone-idai-2019,manual-cyclone-idai-2019-mozambique-cylone-idai-floods-situation-report-no-1-02-april-2,human,,human,2019-04-02,response_actions,Sector response activities,present,1.0,1.0,ok,,92,4e132ed0,deepseek-v4-pro,9bc8362edc336ded4e188f92ee7765a97fd2bbc5a4ad1f72ee45f8d32a9f282e,cache,True,2026-08-30T22:20:29+00:00
cyclone-idai-2019,manual-cyclone-idai-2019-mozambique-cylone-idai-floods-situation-report-no-1-02-april-2,human,,human,2019-04-02,shelter,Shelter and non-food items,partial,0.5,0.7,ok,,122,e24836f6,deepseek-v4-pro,be6d76bcc8e550f8f11957f1754f7493f4963f069f234672b901a562a161db48,cache,True,2026-08-30T22:20:29+00:00
cyclone-idai-2019,manual-cyclone-idai-2019-mozambique-cylone-idai-floods-situation-report-no-1-02-april-2,human,,human,2019-04-02,sourcing,Sourcing and attribution,present,1.0,0.98,ok,,91,1d5c0c47,deepseek-v4-pro,29836a71d6ec74f48e6a2636fda5be5edc2ab6bc8254b559f2b7213a81e72983,cache,True,2026-08-30T22:20:29+00:00
cyclone-idai-2019,manual-cyclone-idai-2019-mozambique-cylone-idai-floods-situation-report-no-1-02-april-2,human,,human,2019-04-02,wash,WASH needs and response,partial,0.5,0.9,ok,,178,5a28e900,deepseek-v4-pro,ec33922c2fe931c9401b037e21dee6c37015f65081abaac9bee7579a38ac35d8,cache,True,2026-08-30T22:20:29+00:00
cyclone-idai-2019,manual-cyclone-idai-2019-mozambique-cylone-idai-floods-situation-report-no4-06april2019,human,,human,2019-04-06,access,Access constraints,present,1.0,0.8,ok,,213,98e05a9a,deepseek-v4-pro,f5619720e7dde3adecc8346479add89f7fb95d198fdf028a8dc4b1f008a8c7e5,cache,True,2026-08-30T22:20:29+00:00
cyclone-idai-2019,manual-cyclone-idai-2019-mozambique-cylone-idai-floods-situation-report-no4-06april2019,human,,human,2019-04-06,casualties,Casualty and affected-population figures,present,1.0,0.95,ok,,108,2cd45de6,deepseek-v4-pro,371d569c8e27056ff9dae44674767c3787727b8ae89cfc3d9555fb3d530094e9,cache,True,2026-08-30T22:20:29+00:00
cyclone-idai-2019,manual-cyclone-idai-2019-mozambique-cylone-idai-floods-situation-report-no4-06april2019,human,,human,2019-04-06,coordination,Coordination arrangements,present,1.0,0.78,ok,,136,5225d2a9,deepseek-v4-pro,fd213ac1455f405bd722548f3c1850eae44f70ce6d5d129a0f20aae102be6c23,cache,True,2026-08-30T22:20:29+00:00
cyclone-idai-2019,manual-cyclone-idai-2019-mozambique-cylone-idai-floods-situation-report-no4-06april2019,human,,human,2019-04-06,currency_and_metadata,Data currency and report metadata,partial,0.5,0.85,ok,,134,87f5f26a,deepseek-v4-pro,57782d6870c1355a5f02cd87c972a9f3e2e47af01366c4cdddf526927470a017,cache,True,2026-08-30T22:20:29+00:00
cyclone-idai-2019,manual-cyclone-idai-2019-mozambique-cylone-idai-floods-situation-report-no4-06april2019,human,,human,2019-04-06,damage,"Physical, economic and agricultural damage",present,1.0,0.95,ok,,166,6a7dfb5b,deepseek-v4-pro,29719417a3c748adcc6d3f6cdc8b89436cf293c0a683027a83ab821003ab81c0,cache,True,2026-08-30T22:20:29+00:00
cyclone-idai-2019,manual-cyclone-idai-2019-mozambique-cylone-idai-floods-situation-report-no4-06april2019,human,,human,2019-04-06,displacement,Displacement and accommodation sites,present,1.0,0.98,ok,,177,eeda4f64,deepseek-v4-pro,18625c621a807e8b3e1447b791ea2b4706ee39848609ee30dca83132234ce556,cache,True,2026-08-30T22:20:29+00:00
cyclone-idai-2019,manual-cyclone-idai-2019-mozambique-cylone-idai-floods-situation-report-no4-06april2019,human,,human,2019-04-06,education,Education impact and response,present,1.0,0.98,ok,,142,cfe18d6c,deepseek-v4-pro,d5938d8bc580a94e940968d27c0f0d0072a5646b9823c7fd0fba7fc0669ea158,cache,True,2026-08-30T22:20:29+00:00
cyclone-idai-2019,manual-cyclone-idai-2019-mozambique-cylone-idai-floods-situation-report-no4-06april2019,human,,human,2019-04-06,food,Food security and assistance reach,present,1.0,0.95,ok,,109,010ceaed,deepseek-v4-pro,c93452d69edfaba6957163a38419627e08ff90a70acefb95dfc2432ddb86aa36,cache,True,2026-08-30T22:20:29+00:00
cyclone-idai-2019,manual-cyclone-idai-2019-mozambique-cylone-idai-floods-situation-report-no4-06april2019,human,,human,2019-04-06,funding,Funding status and donor contributions,present,1.0,1.0,ok,,162,4c548ecf,deepseek-v4-pro,ae39a0259ae5f2cea88ce3c343b9030ba0a9fc9a320ae56f32ac08c1907a49bd,cache,True,2026-08-30T22:20:29+00:00
cyclone-idai-2019,manual-cyclone-idai-2019-mozambique-cylone-idai-floods-situation-report-no4-06april2019,human,,human,2019-04-06,health,"Health, disease outbreak and nutrition",present,1.0,0.95,ok,,185,572bbae0,deepseek-v4-pro,6225169cfa35cda0618b3dfe8c97fb65ecaaffdafc4ddf11a6c1f03aeeb0a42f,cache,True,2026-08-30T22:20:29+00:00
cyclone-idai-2019,manual-cyclone-idai-2019-mozambique-cylone-idai-floods-situation-report-no4-06april2019,human,,human,2019-04-06,needs_gaps,Sector needs and gaps,present,1.0,1.0,ok,,170,3f50278a,deepseek-v4-pro,749b0ad7cbb8d8948f59d8240096408164648585532475d5933e7391867040c9,cache,True,2026-08-30T22:20:29+00:00
cyclone-idai-2019,manual-cyclone-idai-2019-mozambique-cylone-idai-floods-situation-report-no4-06april2019,human,,human,2019-04-06,response_actions,Sector response activities,present,1.0,1.0,ok,,181,2c772c32,deepseek-v4-pro,706f3d5e2042a1f2ebd513da60d603351004e72c1ceaea362b882d50fa967514,cache,True,2026-08-30T22:20:29+00:00
cyclone-idai-2019,manual-cyclone-idai-2019-mozambique-cylone-idai-floods-situation-report-no4-06april2019,human,,human,2019-04-06,shelter,Shelter and non-food items,partial,0.5,0.85,ok,,162,916b3595,deepseek-v4-pro,44a4756b842ca64203308581096de4f2086cc89ff56f0a134be82bf455f5933e,cache,True,2026-08-30T22:20:29+00:00
cyclone-idai-2019,manual-cyclone-idai-2019-mozambique-cylone-idai-floods-situation-report-no4-06april2019,human,,human,2019-04-06,sourcing,Sourcing and attribution,present,1.0,0.95,ok,,210,b91af849,deepseek-v4-pro,123a84905c8d23a4d72a67ab8e4149993bd9b62ea86a52b72aedc22e03f412a9,cache,True,2026-08-30T22:20:29+00:00
cyclone-idai-2019,manual-cyclone-idai-2019-mozambique-cylone-idai-floods-situation-report-no4-06april2019,human,,human,2019-04-06,wash,WASH needs and response,partial,0.5,0.85,ok,,275,9f3e2b67,deepseek-v4-pro,fe8a8b7c09c3d7cb365218fc68a37d0a9c03b3d1f77c0823e237d75c0dfeab0b,cache,True,2026-08-30T22:20:29+00:00
cyclone-idai-2019,manual-cyclone-idai-2019-mozambique-tropical-cyclones-idai-and-kenneth-emergency-appeal,human,,human,2019-03-14,access,Access constraints,partial,0.5,0.7,ok,,109,e5d3a303,deepseek-v4-pro,01c9b97992d63081de3ef9e52ffacff47e926c4f904a8630e4f5ad11700b0403,cache,True,2026-08-30T22:20:29+00:00
cyclone-idai-2019,manual-cyclone-idai-2019-mozambique-tropical-cyclones-idai-and-kenneth-emergency-appeal,human,,human,2019-03-14,casualties,Casualty and affected-population figures,present,1.0,0.9,ok,,120,d79efe49,deepseek-v4-pro,c89cc23037c315195a3fbb092242be6be01bba074d18d7d6b9e9ca74fab057d0,cache,True,2026-08-30T22:20:29+00:00
cyclone-idai-2019,manual-cyclone-idai-2019-mozambique-tropical-cyclones-idai-and-kenneth-emergency-appeal,human,,human,2019-03-14,coordination,Coordination arrangements,present,1.0,0.95,ok,,202,0be7fdee,deepseek-v4-pro,bff403042a873093e55673959118f12a18e603db20ad4459fe9d03e1e7d2545a,cache,True,2026-08-30T22:20:29+00:00
cyclone-idai-2019,manual-cyclone-idai-2019-mozambique-tropical-cyclones-idai-and-kenneth-emergency-appeal,human,,human,2019-03-14,currency_and_metadata,Data currency and report metadata,present,1.0,0.95,ok,,220,d7058e5c,deepseek-v4-pro,53ab40c5266c8e9363ad3ccdfc186af9a4905a7274381b684c1aeb8986c5151a,cache,True,2026-08-30T22:20:29+00:00
cyclone-idai-2019,manual-cyclone-idai-2019-mozambique-tropical-cyclones-idai-and-kenneth-emergency-appeal,human,,human,2019-03-14,damage,"Physical, economic and agricultural damage",partial,0.5,0.9,ok,,75,9bebf119,deepseek-v4-pro,6690da58b028602cd056269882d427d34a835480b6dfef74bc4447e7cfb9f6fd,cache,True,2026-08-30T22:20:29+00:00
cyclone-idai-2019,manual-cyclone-idai-2019-mozambique-tropical-cyclones-idai-and-kenneth-emergency-appeal,human,,human,2019-03-14,displacement,Displacement and accommodation sites,present,1.0,0.96,ok,,256,6aed0187,deepseek-v4-pro,a36fca62349c99d740b2b3901d9d6e9ab2a2562d5eb6986e98f8be6bfe5f1c3f,cache,True,2026-08-30T22:20:29+00:00
cyclone-idai-2019,manual-cyclone-idai-2019-mozambique-tropical-cyclones-idai-and-kenneth-emergency-appeal,human,,human,2019-03-14,education,Education impact and response,absent,0.0,0.95,ok,,0,,deepseek-v4-pro,76c488ebf6d212073b70fe73f831b9d0cb61ef6067a3fb4bf75868fcdae40d16,cache,True,2026-08-30T22:20:29+00:00
cyclone-idai-2019,manual-cyclone-idai-2019-mozambique-tropical-cyclones-idai-and-kenneth-emergency-appeal,human,,human,2019-03-14,food,Food security and assistance reach,partial,0.5,0.75,ok,,212,6a7b10c8,deepseek-v4-pro,7c5bd4437e176f4767f3f1f022fef94e97f174dbd85b04725e92ea492cbe8e17,cache,True,2026-08-30T22:20:29+00:00
cyclone-idai-2019,manual-cyclone-idai-2019-mozambique-tropical-cyclones-idai-and-kenneth-emergency-appeal,human,,human,2019-03-14,funding,Funding status and donor contributions,present,1.0,0.95,ok,,133,3e421d60,deepseek-v4-pro,8f7d7fb318fbb115b47b8734a87a0b9164cde4a96ee5f7ca5c40da5966c83a07,cache,True,2026-08-30T22:20:29+00:00
cyclone-idai-2019,manual-cyclone-idai-2019-mozambique-tropical-cyclones-idai-and-kenneth-emergency-appeal,human,,human,2019-03-14,health,"Health, disease outbreak and nutrition",present,1.0,0.95,ok,,150,1105ee1a,deepseek-v4-pro,29473ff5e0a7ff4cc4042f9fcd00cf1de67fd1f9b8e0dad493c54bf271e41ee6,cache,True,2026-08-30T22:20:29+00:00
cyclone-idai-2019,manual-cyclone-idai-2019-mozambique-tropical-cyclones-idai-and-kenneth-emergency-appeal,human,,human,2019-03-14,needs_gaps,Sector needs and gaps,present,1.0,0.85,ok,,154,774ada76,deepseek-v4-pro,421c89ed3652e18468f3ec63aca18ef8ac04948ea2bd92e4da45efe004a027cb,cache,True,2026-08-30T22:20:29+00:00
cyclone-idai-2019,manual-cyclone-idai-2019-mozambique-tropical-cyclones-idai-and-kenneth-emergency-appeal,human,,human,2019-03-14,response_actions,Sector response activities,present,1.0,0.95,ok,,219,61ab1e40,deepseek-v4-pro,3a3fd69d11229eda03dd553f50999fbbd2d8735c35cd6c3501dc9642b54fc9ee,cache,True,2026-08-30T22:20:29+00:00
cyclone-idai-2019,manual-cyclone-idai-2019-mozambique-tropical-cyclones-idai-and-kenneth-emergency-appeal,human,,human,2019-03-14,shelter,Shelter and non-food items,present,1.0,0.85,ok,,115,3447e16d,deepseek-v4-pro,0c616512129a67b3be80d0e8eba2eeba0c74f9bc5cc1041becd8db9334b6fd6a,cache,True,2026-08-30T22:20:29+00:00
cyclone-idai-2019,manual-cyclone-idai-2019-mozambique-tropical-cyclones-idai-and-kenneth-emergency-appeal,human,,human,2019-03-14,sourcing,Sourcing and attribution,present,1.0,1.0,ok,,250,2f99f97a,deepseek-v4-pro,2ae02ee9a5968b0852517592e5d5491f3e7bf6e8c7c1c09611be99d7beb9f1df,cache,True,2026-08-30T22:20:29+00:00
cyclone-idai-2019,manual-cyclone-idai-2019-mozambique-tropical-cyclones-idai-and-kenneth-emergency-appeal,human,,human,2019-03-14,wash,WASH needs and response,present,1.0,0.9,ok,,194,a05efc88,deepseek-v4-pro,b2fb1665fd185b83a61303fa6d5e34b66a02159e3a5bb9142c2cf76e8f4f62f4,cache,True,2026-08-30T22:20:29+00:00
cyclone-idai-2019,manual-cyclone-idai-2019-rosea-20190315-mozambique-cycloneidai-flashupdate-1-pdf,human,,human,2019-03-15,access,Access constraints,partial,0.5,0.85,ok,,188,959c40df,deepseek-v4-pro,30e86c07dde1ed2cbd898387000b823d02cd592680f3f9c9d127b446f05dc398,cache,True,2026-08-30T22:20:29+00:00
cyclone-idai-2019,manual-cyclone-idai-2019-rosea-20190315-mozambique-cycloneidai-flashupdate-1-pdf,human,,human,2019-03-15,casualties,Casualty and affected-population figures,partial,0.5,0.8,ok,,128,fd7c5204,deepseek-v4-pro,98feebe1366bdc0f3ec5283da9447760bcf817f8f77411a766c538802824170d,cache,True,2026-08-30T22:20:29+00:00
cyclone-idai-2019,manual-cyclone-idai-2019-rosea-20190315-mozambique-cycloneidai-flashupdate-1-pdf,human,,human,2019-03-15,coordination,Coordination arrangements,present,1.0,0.9,ok,,239,18a02783,deepseek-v4-pro,1edcf6f77ad8710fb84c0382dbf405663c847d94084102bef4a11941a3eb71fd,cache,True,2026-08-30T22:20:29+00:00
cyclone-idai-2019,manual-cyclone-idai-2019-rosea-20190315-mozambique-cycloneidai-flashupdate-1-pdf,human,,human,2019-03-15,currency_and_metadata,Data currency and report metadata,present,1.0,0.9,ok,,181,4e768f95,deepseek-v4-pro,41f47df6fd5b628045266dff169fc279dc67eeb28c71320c176504e4138d518d,cache,True,2026-08-30T22:20:29+00:00
cyclone-idai-2019,manual-cyclone-idai-2019-rosea-20190315-mozambique-cycloneidai-flashupdate-1-pdf,human,,human,2019-03-15,damage,"Physical, economic and agricultural damage",partial,0.5,0.85,ok,,362,631aade9,deepseek-v4-pro,ffed033817086bdedbbc591d082218e877607a3453f1d54794a8c4d28dab9192,cache,True,2026-08-30T22:20:29+00:00
cyclone-idai-2019,manual-cyclone-idai-2019-rosea-20190315-mozambique-cycloneidai-flashupdate-1-pdf,human,,human,2019-03-15,displacement,Displacement and accommodation sites,partial,0.5,0.9,ok,,143,9782650a,deepseek-v4-pro,d9131540d59382a6e9846128c6145075a484632ec459b34950efcdb83064953e,cache,True,2026-08-30T22:20:29+00:00
cyclone-idai-2019,manual-cyclone-idai-2019-rosea-20190315-mozambique-cycloneidai-flashupdate-1-pdf,human,,human,2019-03-15,education,Education impact and response,partial,0.5,0.8,ok,,88,7ca62a07,deepseek-v4-pro,0a6f94da0b942e190ca0431a8df2fe58959422c65a579bdb011a2f8a29a0afe0,cache,True,2026-08-30T22:20:29+00:00
cyclone-idai-2019,manual-cyclone-idai-2019-rosea-20190315-mozambique-cycloneidai-flashupdate-1-pdf,human,,human,2019-03-15,food,Food security and assistance reach,partial,0.5,0.7,ok,,258,f65aa877,deepseek-v4-pro,64ed847692459c4333918ab6967930a9680d6c3b7b45c64fc10ac94b68827f15,cache,True,2026-08-30T22:20:29+00:00
cyclone-idai-2019,manual-cyclone-idai-2019-rosea-20190315-mozambique-cycloneidai-flashupdate-1-pdf,human,,human,2019-03-15,funding,Funding status and donor contributions,partial,0.5,0.9,ok,,135,ebd60dba,deepseek-v4-pro,f4dab6e13554c8314bab464a540dac0f38cbc66c6fd2f0f983f28f9795c404a8,cache,True,2026-08-30T22:20:29+00:00
cyclone-idai-2019,manual-cyclone-idai-2019-rosea-20190315-mozambique-cycloneidai-flashupdate-1-pdf,human,,human,2019-03-15,health,"Health, disease outbreak and nutrition",absent,0.0,0.95,ok,,0,,deepseek-v4-pro,107a906844388377f5ffa5623c4c26a847697c716192255f72ba32d341743335,cache,True,2026-08-30T22:20:29+00:00
cyclone-idai-2019,manual-cyclone-idai-2019-rosea-20190315-mozambique-cycloneidai-flashupdate-1-pdf,human,,human,2019-03-15,needs_gaps,Sector needs and gaps,absent,0.0,0.9,ok,,0,,deepseek-v4-pro,cfe36da2215c6c03313921b83cae45bb292a103f62b12c02f4c9d7a2000ef718,cache,True,2026-08-30T22:20:29+00:00
cyclone-idai-2019,manual-cyclone-idai-2019-rosea-20190315-mozambique-cycloneidai-flashupdate-1-pdf,human,,human,2019-03-15,response_actions,Sector response activities,present,1.0,0.95,ok,,164,0eb310e5,deepseek-v4-pro,b4d8ab72aea21567f614046d8c7583ae258496ac9da66d64c15e56e2fdcdce70,cache,True,2026-08-30T22:20:29+00:00
cyclone-idai-2019,manual-cyclone-idai-2019-rosea-20190315-mozambique-cycloneidai-flashupdate-1-pdf,human,,human,2019-03-15,shelter,Shelter and non-food items,partial,0.5,0.75,ok,,165,6b5fb7d6,deepseek-v4-pro,375abf0c42a47f10e3f594a03f90474b00f5cbf8703986c5f054ba1e6bccbd4c,cache,True,2026-08-30T22:20:29+00:00
cyclone-idai-2019,manual-cyclone-idai-2019-rosea-20190315-mozambique-cycloneidai-flashupdate-1-pdf,human,,human,2019-03-15,sourcing,Sourcing and attribution,present,1.0,0.95,ok,,135,e1b433ab,deepseek-v4-pro,35e8042999a0ba77f0adf7c1e8a62e36cf44cc8f5ace9e76a35020418c2d0e8f,cache,True,2026-08-30T22:20:29+00:00
cyclone-idai-2019,manual-cyclone-idai-2019-rosea-20190315-mozambique-cycloneidai-flashupdate-1-pdf,human,,human,2019-03-15,wash,WASH needs and response,partial,0.5,0.8,ok,,185,ef43a272,deepseek-v4-pro,7e2591e9706db882c267b1b2cee32f25643229799a58b83c9ca0d9979a159417,cache,True,2026-08-30T22:20:29+00:00
cyclone-idai-2019,manual-cyclone-idai-2019-rosea-20190316-tc-idai-flash-update2-pdf,human,,human,2019-03-16,access,Access constraints,partial,0.5,0.8,ok,,46,3808fc0b,deepseek-v4-pro,4e497aaff80b717b9b3f58bcfde5536910b45cc8994805638f9315252c99feb3,cache,True,2026-08-30T22:20:29+00:00
cyclone-idai-2019,manual-cyclone-idai-2019-rosea-20190316-tc-idai-flash-update2-pdf,human,,human,2019-03-16,casualties,Casualty and affected-population figures,present,1.0,0.95,ok,,157,3ec9116e,deepseek-v4-pro,1f668ac048d7820aef22fd8159bf4bcb460d436a9acfbfc63ff51698d6f33652,cache,True,2026-08-30T22:20:29+00:00
cyclone-idai-2019,manual-cyclone-idai-2019-rosea-20190316-tc-idai-flash-update2-pdf,human,,human,2019-03-16,coordination,Coordination arrangements,present,1.0,0.95,ok,,184,eab38ccd,deepseek-v4-pro,f89b6865298e0094d607197fe6abd0b350184c2f09825fa531666110e190c142,cache,True,2026-08-30T22:20:29+00:00
cyclone-idai-2019,manual-cyclone-idai-2019-rosea-20190316-tc-idai-flash-update2-pdf,human,,human,2019-03-16,currency_and_metadata,Data currency and report metadata,present,1.0,0.9,ok,,134,8aae758b,deepseek-v4-pro,1d1ee55dbf5e75023742ca7b3491294ae40a82f87985ff56d4a68d056ed432fd,cache,True,2026-08-30T22:20:29+00:00
cyclone-idai-2019,manual-cyclone-idai-2019-rosea-20190316-tc-idai-flash-update2-pdf,human,,human,2019-03-16,damage,"Physical, economic and agricultural damage",present,1.0,0.9,ok,,139,d85e9d7f,deepseek-v4-pro,bdbc64466b4b8887cbd667810baa24fbf98efc403455b21335dc0651ffe81720,cache,True,2026-08-30T22:20:29+00:00
cyclone-idai-2019,manual-cyclone-idai-2019-rosea-20190316-tc-idai-flash-update2-pdf,human,,human,2019-03-16,displacement,Displacement and accommodation sites,present,1.0,0.95,ok,,140,b77678ea,deepseek-v4-pro,a3a5e7c19a12ceb0590bda747fb3fb233281cd96083ec2167bac4e2b929a90e1,cache,True,2026-08-30T22:20:29+00:00
cyclone-idai-2019,manual-cyclone-idai-2019-rosea-20190316-tc-idai-flash-update2-pdf,human,,human,2019-03-16,education,Education impact and response,partial,0.5,0.9,ok,,92,e3cb21e4,deepseek-v4-pro,c88bf2eb10ef8cf5da2551a623042e97a9f149ea9ede8ee8ecf095df4b22046a,cache,True,2026-08-30T22:20:29+00:00
cyclone-idai-2019,manual-cyclone-idai-2019-rosea-20190316-tc-idai-flash-update2-pdf,human,,human,2019-03-16,food,Food security and assistance reach,absent,0.0,0.95,ok,,0,,deepseek-v4-pro,6281dc8048cf897557cd1e9f13508873fc690cac2d04d8a5f76e73a3b2a0fa6d,cache,True,2026-08-30T22:20:29+00:00
cyclone-idai-2019,manual-cyclone-idai-2019-rosea-20190316-tc-idai-flash-update2-pdf,human,,human,2019-03-16,funding,Funding status and donor contributions,absent,0.0,1.0,ok,,0,,deepseek-v4-pro,3f29696442356129e1d9077a5735f75dc3f5385046e99dc8ea1602f58ada126b,cache,True,2026-08-30T22:20:29+00:00
cyclone-idai-2019,manual-cyclone-idai-2019-rosea-20190316-tc-idai-flash-update2-pdf,human,,human,2019-03-16,health,"Health, disease outbreak and nutrition",absent,0.0,0.95,ok,,0,,deepseek-v4-pro,34cbfe532d928a78ee894ab354ccb80aefbf7bfc5259230239e8607448c83104,cache,True,2026-08-30T22:20:29+00:00
cyclone-idai-2019,manual-cyclone-idai-2019-rosea-20190316-tc-idai-flash-update2-pdf,human,,human,2019-03-16,needs_gaps,Sector needs and gaps,absent,0.0,0.95,ok,,0,,deepseek-v4-pro,2f73166498156e802e3e65ce343704a09629b8ddf2bbb64bd3349300911b6375,cache,True,2026-08-30T22:20:29+00:00
cyclone-idai-2019,manual-cyclone-idai-2019-rosea-20190316-tc-idai-flash-update2-pdf,human,,human,2019-03-16,response_actions,Sector response activities,present,1.0,0.97,ok,,174,70c8430f,deepseek-v4-pro,ce6d99555dd5f31807ec969dcadeff0dc850ecbfe258fa625a0c6e42db4de300,cache,True,2026-08-30T22:20:29+00:00
cyclone-idai-2019,manual-cyclone-idai-2019-rosea-20190316-tc-idai-flash-update2-pdf,human,,human,2019-03-16,shelter,Shelter and non-food items,absent,0.0,0.95,ok,,0,,deepseek-v4-pro,24f8eb27592661fcaf724c6ad99159a08f04556821f2384d6318cf73cc061c90,cache,True,2026-08-30T22:20:29+00:00
cyclone-idai-2019,manual-cyclone-idai-2019-rosea-20190316-tc-idai-flash-update2-pdf,human,,human,2019-03-16,sourcing,Sourcing and attribution,present,1.0,0.95,ok,,157,3ec9116e,deepseek-v4-pro,f6651ac468845f049d59cd6bdb1e503162a88bd3048c906e646111b68f4d8dce,cache,True,2026-08-30T22:20:29+00:00
cyclone-idai-2019,manual-cyclone-idai-2019-rosea-20190316-tc-idai-flash-update2-pdf,human,,human,2019-03-16,wash,WASH needs and response,absent,0.0,0.97,ok,,0,,deepseek-v4-pro,6c78d1a2b0d737136360f3eeaf1966fafdb38834089d63193e4b05cb084c053b,cache,True,2026-08-30T22:20:29+00:00
cyclone-idai-2019,manual-cyclone-idai-2019-rosea-20190317-mozambique-cyclone-idai-flash-update-3-1-pdf,human,,human,2019-03-17,access,Access constraints,present,1.0,0.95,ok,,210,8b728bed,deepseek-v4-pro,07f230a0b5b56ddedb85a4e91a48d09415e186502e5a1531e2f730634259ec12,cache,True,2026-08-30T22:20:29+00:00
cyclone-idai-2019,manual-cyclone-idai-2019-rosea-20190317-mozambique-cyclone-idai-flash-update-3-1-pdf,human,,human,2019-03-17,casualties,Casualty and affected-population figures,partial,0.5,0.85,ok,,101,db80423c,deepseek-v4-pro,457a776219420574eecc035cb28722394740c6b779687667f5dd8d04577e5db1,cache,True,2026-08-30T22:20:29+00:00
cyclone-idai-2019,manual-cyclone-idai-2019-rosea-20190317-mozambique-cyclone-idai-flash-update-3-1-pdf,human,,human,2019-03-17,coordination,Coordination arrangements,present,1.0,0.9,ok,,181,9236d0c9,deepseek-v4-pro,466e878181d6379405631f87fb471a006590d337b30ed261754adbc169035716,cache,True,2026-08-30T22:20:29+00:00
cyclone-idai-2019,manual-cyclone-idai-2019-rosea-20190317-mozambique-cyclone-idai-flash-update-3-1-pdf,human,,human,2019-03-17,currency_and_metadata,Data currency and report metadata,partial,0.5,0.9,ok,,124,e0cd0168,deepseek-v4-pro,1fc363f63dbc1ad64755ba09d448ce9ae1387d9403a4b3937d4b02e6ccde7209,cache,True,2026-08-30T22:20:29+00:00
cyclone-idai-2019,manual-cyclone-idai-2019-rosea-20190317-mozambique-cyclone-idai-flash-update-3-1-pdf,human,,human,2019-03-17,damage,"Physical, economic and agricultural damage",partial,0.5,0.85,ok,,188,bae7574b,deepseek-v4-pro,f816c1a9a2871da6cd5f353ee646166aca618c3cb625d8611757d0aab84ec787,cache,True,2026-08-30T22:20:29+00:00
cyclone-idai-2019,manual-cyclone-idai-2019-rosea-20190317-mozambique-cyclone-idai-flash-update-3-1-pdf,human,,human,2019-03-17,displacement,Displacement and accommodation sites,partial,0.5,0.8,ok,,108,51902ac1,deepseek-v4-pro,4df414bda257853b8dd59f3c60bf52f238526bd54be88ece5f77108aeb18d132,cache,True,2026-08-30T22:20:29+00:00
cyclone-idai-2019,manual-cyclone-idai-2019-rosea-20190317-mozambique-cyclone-idai-flash-update-3-1-pdf,human,,human,2019-03-17,education,Education impact and response,partial,0.5,0.95,ok,,54,005b20c6,deepseek-v4-pro,582ff6ee905ac7241ec7ebb09233b6c9ad91e80690f46fc773f54bca1416fc94,cache,True,2026-08-30T22:20:29+00:00
cyclone-idai-2019,manual-cyclone-idai-2019-rosea-20190317-mozambique-cyclone-idai-flash-update-3-1-pdf,human,,human,2019-03-17,food,Food security and assistance reach,present,1.0,0.95,ok,,197,330b39e5,deepseek-v4-pro,6734b23f16ecab377a3c97379739a91812c0a7ac3810129dd9bd8529aeca632d,cache,True,2026-08-30T22:20:29+00:00
cyclone-idai-2019,manual-cyclone-idai-2019-rosea-20190317-mozambique-cyclone-idai-flash-update-3-1-pdf,human,,human,2019-03-17,funding,Funding status and donor contributions,absent,0.0,0.95,ok,,0,,deepseek-v4-pro,7f017e88cbfa66089213b0df3b0f9b8acf551cc4ed7ed9aeb394b1137a243713,cache,True,2026-08-30T22:20:29+00:00
cyclone-idai-2019,manual-cyclone-idai-2019-rosea-20190317-mozambique-cyclone-idai-flash-update-3-1-pdf,human,,human,2019-03-17,health,"Health, disease outbreak and nutrition",absent,0.0,0.95,ok,,0,,deepseek-v4-pro,dc967f6d337c266497aa42dd1e0aec52902c7c3b0de3e11b484da70b9ff14a9e,cache,True,2026-08-30T22:20:29+00:00
cyclone-idai-2019,manual-cyclone-idai-2019-rosea-20190317-mozambique-cyclone-idai-flash-update-3-1-pdf,human,,human,2019-03-17,needs_gaps,Sector needs and gaps,partial,0.5,0.75,ok,,185,53c17e0f,deepseek-v4-pro,8eb67b22c96c605425e5351cb3f8bf3b1857cb86d86cb805183d032251fe05a6,cache,True,2026-08-30T22:20:29+00:00
cyclone-idai-2019,manual-cyclone-idai-2019-rosea-20190317-mozambique-cyclone-idai-flash-update-3-1-pdf,human,,human,2019-03-17,response_actions,Sector response activities,present,1.0,0.95,ok,,145,5adac23f,deepseek-v4-pro,4fc01da23e4c611d3b15e730b3795e0170276c4b4ccf0ad84c9b7c2bcdf28e0f,cache,True,2026-08-30T22:20:29+00:00
cyclone-idai-2019,manual-cyclone-idai-2019-rosea-20190317-mozambique-cyclone-idai-flash-update-3-1-pdf,human,,human,2019-03-17,shelter,Shelter and non-food items,absent,0.0,0.95,ok,,0,,deepseek-v4-pro,bf2b1e2e49372c2f431e8368912efb78cedad5b3e27730e0b33997976589906c,cache,True,2026-08-30T22:20:29+00:00
cyclone-idai-2019,manual-cyclone-idai-2019-rosea-20190317-mozambique-cyclone-idai-flash-update-3-1-pdf,human,,human,2019-03-17,sourcing,Sourcing and attribution,partial,0.5,0.75,ok,,101,db80423c,deepseek-v4-pro,e0f975647578d94489b2afdd0afed545f4abb4fde30c6b1261b8fa7ecf8ca7bd,cache,True,2026-08-30T22:20:29+00:00
cyclone-idai-2019,manual-cyclone-idai-2019-rosea-20190317-mozambique-cyclone-idai-flash-update-3-1-pdf,human,,human,2019-03-17,wash,WASH needs and response,absent,0.0,0.97,ok,,0,,deepseek-v4-pro,f53e48b7b0b91d479e71808d4489e96b4e785ef0976a3ba37e631c47d394a845,cache,True,2026-08-30T22:20:29+00:00
cyclone-idai-2019,manual-cyclone-idai-2019-rosea-20190317-zimbabwe-floods-flash-update-1-map-pdf,human,,human,2019-03-17,access,Access constraints,present,1.0,0.95,ok,,240,4cc05509,deepseek-v4-pro,a053f22c73cb67d7132de3c4ebfa2c488e5a10822dbd92ef7ef2d4711e25b0b1,cache,True,2026-08-30T22:20:29+00:00
cyclone-idai-2019,manual-cyclone-idai-2019-rosea-20190317-zimbabwe-floods-flash-update-1-map-pdf,human,,human,2019-03-17,casualties,Casualty and affected-population figures,present,1.0,0.78,ok,,108,27dcf86b,deepseek-v4-pro,0b36130d108bbabe30d3c431f2d46945b0efbce90276c9bb000287a162afdf25,cache,True,2026-08-30T22:20:29+00:00
cyclone-idai-2019,manual-cyclone-idai-2019-rosea-20190317-zimbabwe-floods-flash-update-1-map-pdf,human,,human,2019-03-17,coordination,Coordination arrangements,present,1.0,0.95,ok,,324,e6affd0f,deepseek-v4-pro,ede7fe4fc94a66ae286451cd1c8da84add93c6fa088fb65b5391bafa4ec6a387,cache,True,2026-08-30T22:20:29+00:00
cyclone-idai-2019,manual-cyclone-idai-2019-rosea-20190317-zimbabwe-floods-flash-update-1-map-pdf,human,,human,2019-03-17,currency_and_metadata,Data currency and report metadata,partial,0.5,0.8,ok,,172,2a5c7bf5,deepseek-v4-pro,b81ee0bcf00a92dbcf98aaee93e56d3507a11f3b6f444f514bd46a8953fe25b4,cache,True,2026-08-30T22:20:29+00:00
cyclone-idai-2019,manual-cyclone-idai-2019-rosea-20190317-zimbabwe-floods-flash-update-1-map-pdf,human,,human,2019-03-17,damage,"Physical, economic and agricultural damage",partial,0.5,0.85,ok,,180,581d6712,deepseek-v4-pro,da2ec0b8bf00742aa211ecf0b54897d75e0d892f4f717cfa4f5beda2efcd5312,cache,True,2026-08-30T22:20:29+00:00
cyclone-idai-2019,manual-cyclone-idai-2019-rosea-20190317-zimbabwe-floods-flash-update-1-map-pdf,human,,human,2019-03-17,displacement,Displacement and accommodation sites,absent,0.0,0.95,ok,,0,,deepseek-v4-pro,1750da9bea6347b138dc171e4731e4c819ca443205dd79a345729c6e06760c9f,cache,True,2026-08-30T22:20:29+00:00
cyclone-idai-2019,manual-cyclone-idai-2019-rosea-20190317-zimbabwe-floods-flash-update-1-map-pdf,human,,human,2019-03-17,education,Education impact and response,absent,0.0,1.0,ok,,0,,deepseek-v4-pro,893f7cd9f21e98af663a3966037b154ed3768d3820fcfc0da89ebb455cec7137,cache,True,2026-08-30T22:20:29+00:00
cyclone-idai-2019,manual-cyclone-idai-2019-rosea-20190317-zimbabwe-floods-flash-update-1-map-pdf,human,,human,2019-03-17,food,Food security and assistance reach,partial,0.5,0.9,ok,,193,deb50df1,deepseek-v4-pro,82063cbdc6899b277e1c6cdd62aa8622a008d2ec53eac056a24061ca2f47f129,cache,True,2026-08-30T22:20:29+00:00
cyclone-idai-2019,manual-cyclone-idai-2019-rosea-20190317-zimbabwe-floods-flash-update-1-map-pdf,human,,human,2019-03-17,funding,Funding status and donor contributions,absent,0.0,0.97,ok,,0,,deepseek-v4-pro,a4b949bea8d85290cd22e8378f2a378611c1e2feb2edb7b20cb727c8029c2991,cache,True,2026-08-30T22:20:29+00:00
cyclone-idai-2019,manual-cyclone-idai-2019-rosea-20190317-zimbabwe-floods-flash-update-1-map-pdf,human,,human,2019-03-17,health,"Health, disease outbreak and nutrition",partial,0.5,0.8,ok,,125,bb03a467,deepseek-v4-pro,e5437269899662126bd7ffb6197aad5a9fa005b3d8d493bb03d803afab873e1c,cache,True,2026-08-30T22:20:29+00:00
cyclone-idai-2019,manual-cyclone-idai-2019-rosea-20190317-zimbabwe-floods-flash-update-1-map-pdf,human,,human,2019-03-17,needs_gaps,Sector needs and gaps,absent,0.0,0.95,ok,,0,,deepseek-v4-pro,b176a58fae16ec60a84e5b9abe4940c8208cbede3a4ac9ba91a11bc49f4488b7,cache,True,2026-08-30T22:20:29+00:00
cyclone-idai-2019,manual-cyclone-idai-2019-rosea-20190317-zimbabwe-floods-flash-update-1-map-pdf,human,,human,2019-03-17,response_actions,Sector response activities,present,1.0,0.95,ok,,199,ff2fffd3,deepseek-v4-pro,ca99d1c65122d3f16bdd289f97300c9344487ed159a347922959f79c52d20fe1,cache,True,2026-08-30T22:20:29+00:00
cyclone-idai-2019,manual-cyclone-idai-2019-rosea-20190317-zimbabwe-floods-flash-update-1-map-pdf,human,,human,2019-03-17,shelter,Shelter and non-food items,partial,0.5,0.9,ok,,193,deb50df1,deepseek-v4-pro,423cebdf7b4b97b11872f9be6895c4efde115ca3a3c3b3c540acf9db7de3fd3e,cache,True,2026-08-30T22:20:29+00:00
cyclone-idai-2019,manual-cyclone-idai-2019-rosea-20190317-zimbabwe-floods-flash-update-1-map-pdf,human,,human,2019-03-17,sourcing,Sourcing and attribution,present,1.0,0.8,ok,,49,32d2a056,deepseek-v4-pro,288b33b50764227fefab5adae29d9913dd9e289b8fc8edeb95bf882ae702e934,cache,True,2026-08-30T22:20:29+00:00
cyclone-idai-2019,manual-cyclone-idai-2019-rosea-20190317-zimbabwe-floods-flash-update-1-map-pdf,human,,human,2019-03-17,wash,WASH needs and response,partial,0.5,0.9,ok,,193,deb50df1,deepseek-v4-pro,cd07204819cc7ffe97c605b8fe298fd9c7899dfae7bb06b67cc4c5806ec40a93,cache,True,2026-08-30T22:20:29+00:00
cyclone-idai-2019,manual-cyclone-idai-2019-rosea-20190318-mozambique-cyclone-idai-flash-update-4-1-pdf,human,,human,2019-03-18,access,Access constraints,present,1.0,0.95,ok,,212,88e6d5b9,deepseek-v4-pro,f19d999697c9ec7307968ba6fbe746811333f586869426365ff0ab9d7b3cbb47,cache,True,2026-08-30T22:20:29+00:00
cyclone-idai-2019,manual-cyclone-idai-2019-rosea-20190318-mozambique-cyclone-idai-flash-update-4-1-pdf,human,,human,2019-03-18,casualties,Casualty and affected-population figures,partial,0.5,0.9,ok,,185,4e59b962,deepseek-v4-pro,d29f2bdb443f29b5c3ec0dcb07bc80d6276b34ea9f8937592cbd704ef3f1a238,cache,True,2026-08-30T22:20:29+00:00
cyclone-idai-2019,manual-cyclone-idai-2019-rosea-20190318-mozambique-cyclone-idai-flash-update-4-1-pdf,human,,human,2019-03-18,coordination,Coordination arrangements,present,1.0,0.95,ok,,365,736dd520,deepseek-v4-pro,b6ddf230f94232c1b7841f633b5bd3ef1c481919294a373f147873d6c1fa2d40,cache,True,2026-08-30T22:20:29+00:00
cyclone-idai-2019,manual-cyclone-idai-2019-rosea-20190318-mozambique-cyclone-idai-flash-update-4-1-pdf,human,,human,2019-03-18,currency_and_metadata,Data currency and report metadata,partial,0.5,0.85,ok,,134,f810baee,deepseek-v4-pro,b201ee7019bb607d6b79849e35aeb1bd35d6120981044782c2afa52df9aa0a09,cache,True,2026-08-30T22:20:29+00:00
cyclone-idai-2019,manual-cyclone-idai-2019-rosea-20190318-mozambique-cyclone-idai-flash-update-4-1-pdf,human,,human,2019-03-18,damage,"Physical, economic and agricultural damage",partial,0.5,0.85,ok,,214,bc7a0287,deepseek-v4-pro,3426c08020882ef83b80b73242d7c60bf9315afaf8ad1d62896de40d6b4bb99e,cache,True,2026-08-30T22:20:29+00:00
cyclone-idai-2019,manual-cyclone-idai-2019-rosea-20190318-mozambique-cyclone-idai-flash-update-4-1-pdf,human,,human,2019-03-18,displacement,Displacement and accommodation sites,partial,0.5,0.85,ok,,91,1aa8feaa,deepseek-v4-pro,1592692cbe68156ab49309bef05e6b4a328f3c8dd5a7b8b4d930408b90d24bc8,cache,True,2026-08-30T22:20:29+00:00
cyclone-idai-2019,manual-cyclone-idai-2019-rosea-20190318-mozambique-cyclone-idai-flash-update-4-1-pdf,human,,human,2019-03-18,education,Education impact and response,partial,0.5,0.9,ok,,159,51cdbc34,deepseek-v4-pro,ec16d80968f76dbfb5c57380f69aef99d37053411bb814138ef6bcd5ddcdf3e3,cache,True,2026-08-30T22:20:29+00:00
cyclone-idai-2019,manual-cyclone-idai-2019-rosea-20190318-mozambique-cyclone-idai-flash-update-4-1-pdf,human,,human,2019-03-18,food,Food security and assistance reach,present,1.0,0.9,ok,,234,314fbbd1,deepseek-v4-pro,46d037f5851bf7ec58b274e083f7f707743c75d24352e9c18c23fe973ad0eaa1,cache,True,2026-08-30T22:20:29+00:00
cyclone-idai-2019,manual-cyclone-idai-2019-rosea-20190318-mozambique-cyclone-idai-flash-update-4-1-pdf,human,,human,2019-03-18,funding,Funding status and donor contributions,absent,0.0,0.97,ok,,0,,deepseek-v4-pro,b8fd76ec727222be1609e47140c5533533324674417e714a5bee0e4d8bc016f8,cache,True,2026-08-30T22:20:29+00:00
cyclone-idai-2019,manual-cyclone-idai-2019-rosea-20190318-mozambique-cyclone-idai-flash-update-4-1-pdf,human,,human,2019-03-18,health,"Health, disease outbreak and nutrition",partial,0.5,0.8,ok,,91,b9b6fe9e,deepseek-v4-pro,8f4eecf6c1bc28718cbc0ee6a244f90c092841e62441e8964b4bba7774d4739f,cache,True,2026-08-30T22:20:29+00:00
cyclone-idai-2019,manual-cyclone-idai-2019-rosea-20190318-mozambique-cyclone-idai-flash-update-4-1-pdf,human,,human,2019-03-18,needs_gaps,Sector needs and gaps,present,1.0,0.85,ok,,400,0c80085d,deepseek-v4-pro,802c9907fe0551b6da099534a9a9f667a34d0211794ffe192d3193d3aeba81e8,cache,True,2026-08-30T22:20:29+00:00
cyclone-idai-2019,manual-cyclone-idai-2019-rosea-20190318-mozambique-cyclone-idai-flash-update-4-1-pdf,human,,human,2019-03-18,response_actions,Sector response activities,present,1.0,0.95,ok,,237,a0f5e809,deepseek-v4-pro,14f3b1e4cf955d0173ff08f574c9518802371bb07e0e444d120cd3a9579437f2,cache,True,2026-08-30T22:20:29+00:00
cyclone-idai-2019,manual-cyclone-idai-2019-rosea-20190318-mozambique-cyclone-idai-flash-update-4-1-pdf,human,,human,2019-03-18,shelter,Shelter and non-food items,partial,0.5,0.8,ok,,223,6a5522fa,deepseek-v4-pro,abb3f3fe58bceee6900af74bc213c459537214338d400d46ba5357dad4a5495e,cache,True,2026-08-30T22:20:29+00:00
cyclone-idai-2019,manual-cyclone-idai-2019-rosea-20190318-mozambique-cyclone-idai-flash-update-4-1-pdf,human,,human,2019-03-18,sourcing,Sourcing and attribution,partial,0.5,0.8,ok,,164,758983b7,deepseek-v4-pro,8e243e6ca8abe2eae1cf7068928a13932010dfc668d62d94034a20eaa435a5e8,cache,True,2026-08-30T22:20:29+00:00
cyclone-idai-2019,manual-cyclone-idai-2019-rosea-20190318-mozambique-cyclone-idai-flash-update-4-1-pdf,human,,human,2019-03-18,wash,WASH needs and response,partial,0.5,0.7,ok,,161,c88076e3,deepseek-v4-pro,f775aa6b002a74defd516bf8cd750ab40ac1e9cfb7cbaf60de29c52a505d27ef,cache,True,2026-08-30T22:20:29+00:00
cyclone-idai-2019,manual-cyclone-idai-2019-rosea-20190318-zimbabwe-floods-flash-update-2-pdf,human,,human,2019-03-18,access,Access constraints,present,1.0,0.95,ok,,141,f0929fda,deepseek-v4-pro,428651b39f32a5f9bf56a106b9edd4be02c6f06fdd646d8a674a1810a38268e4,cache,True,2026-08-30T22:20:29+00:00
cyclone-idai-2019,manual-cyclone-idai-2019-rosea-20190318-zimbabwe-floods-flash-update-2-pdf,human,,human,2019-03-18,casualties,Casualty and affected-population figures,present,1.0,0.9,ok,,187,c878f0b6,deepseek-v4-pro,138a106c43ff00fb8c945ca6a0cb7e39f87bfa0f1b6bb42a1996b90c7861eaf7,cache,True,2026-08-30T22:20:29+00:00
cyclone-idai-2019,manual-cyclone-idai-2019-rosea-20190318-zimbabwe-floods-flash-update-2-pdf,human,,human,2019-03-18,coordination,Coordination arrangements,present,1.0,0.95,ok,,208,bd47267d,deepseek-v4-pro,c492d691398067b36e1c275e1aa04597aa62fa35068a0574173f74882f5a45e8,cache,True,2026-08-30T22:20:29+00:00
cyclone-idai-2019,manual-cyclone-idai-2019-rosea-20190318-zimbabwe-floods-flash-update-2-pdf,human,,human,2019-03-18,currency_and_metadata,Data currency and report metadata,partial,0.5,0.85,ok,,126,c9b07092,deepseek-v4-pro,e801e191aeb12bc3c0ee1d83f184af5b39cb55f0bef0fef247c78604f2bd2348,cache,True,2026-08-30T22:20:29+00:00
cyclone-idai-2019,manual-cyclone-idai-2019-rosea-20190318-zimbabwe-floods-flash-update-2-pdf,human,,human,2019-03-18,damage,"Physical, economic and agricultural damage",present,1.0,0.9,ok,,182,193ea887,deepseek-v4-pro,6cdf696c3dba7b9e5897ebd715030465036937aa9978b91342dca53cfbeb17e3,cache,True,2026-08-30T22:20:29+00:00
cyclone-idai-2019,manual-cyclone-idai-2019-rosea-20190318-zimbabwe-floods-flash-update-2-pdf,human,,human,2019-03-18,displacement,Displacement and accommodation sites,partial,0.5,0.9,ok,,112,707171f1,deepseek-v4-pro,feb14cd98a1fa7e4e8a557a67ae49beea74b4018912cc4210beae64d26164655,cache,True,2026-08-30T22:20:29+00:00
cyclone-idai-2019,manual-cyclone-idai-2019-rosea-20190318-zimbabwe-floods-flash-update-2-pdf,human,,human,2019-03-18,education,Education impact and response,absent,0.0,0.95,ok,,0,,deepseek-v4-pro,89e446f56964e74524656b36d84c22cbd4f6a56f568cbcb9e8017f5339b4517e,cache,True,2026-08-30T22:20:29+00:00
cyclone-idai-2019,manual-cyclone-idai-2019-rosea-20190318-zimbabwe-floods-flash-update-2-pdf,human,,human,2019-03-18,food,Food security and assistance reach,partial,0.5,0.7,ok,,195,4f830fa5,deepseek-v4-pro,4e096c894b7c52d02d1ae5bcf411d3fea8b33c10164733bd2f2bc903c3ff34fa,cache,True,2026-08-30T22:20:29+00:00
cyclone-idai-2019,manual-cyclone-idai-2019-rosea-20190318-zimbabwe-floods-flash-update-2-pdf,human,,human,2019-03-18,funding,Funding status and donor contributions,absent,0.0,0.95,ok,,0,,deepseek-v4-pro,ad72ea5f1c52719b86b2cbabf3887d6745cfd0abb34913d87c340835026fd6f9,cache,True,2026-08-30T22:20:29+00:00
cyclone-idai-2019,manual-cyclone-idai-2019-rosea-20190318-zimbabwe-floods-flash-update-2-pdf,human,,human,2019-03-18,health,"Health, disease outbreak and nutrition",partial,0.5,0.9,ok,,158,38c592b9,deepseek-v4-pro,1770a52cf5af7a8c0cc8c8225bf124f93beb566366ff72a5043f42678407b2c3,cache,True,2026-08-30T22:20:29+00:00
cyclone-idai-2019,manual-cyclone-idai-2019-rosea-20190318-zimbabwe-floods-flash-update-2-pdf,human,,human,2019-03-18,needs_gaps,Sector needs and gaps,partial,0.5,0.8,ok,,281,1e61949b,deepseek-v4-pro,1a0cbc7bc27f8ca84a9e17d4ddef176f2a3dea5015a8f373fce996fb14927784,cache,True,2026-08-30T22:20:29+00:00
cyclone-idai-2019,manual-cyclone-idai-2019-rosea-20190318-zimbabwe-floods-flash-update-2-pdf,human,,human,2019-03-18,response_actions,Sector response activities,present,1.0,0.95,ok,,203,a77957ed,deepseek-v4-pro,b42a6564330bdfa608b1db39fdb7b98d34a1f2b2908ec9b93a5de3bf5a47b865,cache,True,2026-08-30T22:20:29+00:00
cyclone-idai-2019,manual-cyclone-idai-2019-rosea-20190318-zimbabwe-floods-flash-update-2-pdf,human,,human,2019-03-18,shelter,Shelter and non-food items,partial,0.5,0.9,ok,,110,453ec9f1,deepseek-v4-pro,e4ca45dc853fad64df96fe7beb3a306e3827ab791753555a90fd9f988fd2bcbe,cache,True,2026-08-30T22:20:29+00:00
cyclone-idai-2019,manual-cyclone-idai-2019-rosea-20190318-zimbabwe-floods-flash-update-2-pdf,human,,human,2019-03-18,sourcing,Sourcing and attribution,absent,0.0,0.95,ok,,0,,deepseek-v4-pro,0bca44b410fca5e40abac8ed3cd75ef0cfe3af294be9d38fcae4cdbdd50ce999,cache,True,2026-08-30T22:20:29+00:00
cyclone-idai-2019,manual-cyclone-idai-2019-rosea-20190318-zimbabwe-floods-flash-update-2-pdf,human,,human,2019-03-18,wash,WASH needs and response,partial,0.5,0.9,ok,,110,453ec9f1,deepseek-v4-pro,a5f6254b83090f73d9abdc23134208b5c84ed6ac02ee564a4f5dc1082662cff0,cache,True,2026-08-30T22:20:29+00:00
cyclone-idai-2019,manual-cyclone-idai-2019-rosea-20190320-mozambique-flash-update-5-pdf,human,,human,2019-03-20,access,Access constraints,present,1.0,0.9,ok,,105,642b93b0,deepseek-v4-pro,ff1ea78ac365435451f34f7380f49f5deb578c5ef35ebe851e9e9d5c99cac949,cache,True,2026-08-30T22:20:29+00:00
cyclone-idai-2019,manual-cyclone-idai-2019-rosea-20190320-mozambique-flash-update-5-pdf,human,,human,2019-03-20,casualties,Casualty and affected-population figures,present,1.0,0.95,ok,,203,707a8872,deepseek-v4-pro,c1637c4df107b03277e1d3065322bf9a4020bdfdd7541ae589f303880ea4e059,cache,True,2026-08-30T22:20:29+00:00
cyclone-idai-2019,manual-cyclone-idai-2019-rosea-20190320-mozambique-flash-update-5-pdf,human,,human,2019-03-20,coordination,Coordination arrangements,partial,0.5,0.8,ok,,300,5c4ce4b4,deepseek-v4-pro,3f0eaf2385cba442fd795d3c3eec317c5f48f3ff4c3702b6405e644cd4c83528,cache,True,2026-08-30T22:20:29+00:00
cyclone-idai-2019,manual-cyclone-idai-2019-rosea-20190320-mozambique-flash-update-5-pdf,human,,human,2019-03-20,currency_and_metadata,Data currency and report metadata,present,1.0,0.95,ok,,66,518246db,deepseek-v4-pro,9ff488bf08aac3f254b28fd6fa8098b10b1597d6b7c5477202f1acdce54f5e5f,cache,True,2026-08-30T22:20:29+00:00
cyclone-idai-2019,manual-cyclone-idai-2019-rosea-20190320-mozambique-flash-update-5-pdf,human,,human,2019-03-20,damage,"Physical, economic and agricultural damage",partial,0.5,0.7,ok,,105,642b93b0,deepseek-v4-pro,c985fca0fbbaa487abbd9a4d66ba36063f3de70513a14abbd6c35fc37946c74a,cache,True,2026-08-30T22:20:29+00:00
cyclone-idai-2019,manual-cyclone-idai-2019-rosea-20190320-mozambique-flash-update-5-pdf,human,,human,2019-03-20,displacement,Displacement and accommodation sites,partial,0.5,0.8,ok,,149,0a7cc1ff,deepseek-v4-pro,0d0298e91b9cf978fce7bef7be6c7a451e6e9a110dbff6c1a47b2336e65d0a57,cache,True,2026-08-30T22:20:29+00:00
cyclone-idai-2019,manual-cyclone-idai-2019-rosea-20190320-mozambique-flash-update-5-pdf,human,,human,2019-03-20,education,Education impact and response,absent,0.0,1.0,ok,,0,,deepseek-v4-pro,983ac99c09eba1da96d9f9f38b15d6af8b976cf6ca63cc08a1bc6ea36f16df54,cache,True,2026-08-30T22:20:29+00:00
cyclone-idai-2019,manual-cyclone-idai-2019-rosea-20190320-mozambique-flash-update-5-pdf,human,,human,2019-03-20,food,Food security and assistance reach,present,1.0,0.95,ok,,296,61915ee9,deepseek-v4-pro,2cff0e0451dae1f69fac0ebe5c7be39e5d621d5ee3cc27debab537ee12a987d2,cache,True,2026-08-30T22:20:29+00:00
cyclone-idai-2019,manual-cyclone-idai-2019-rosea-20190320-mozambique-flash-update-5-pdf,human,,human,2019-03-20,funding,Funding status and donor contributions,partial,0.5,0.9,ok,,164,6137c616,deepseek-v4-pro,68930024f4148738ddde16fa3db4506ec39aa791ebee154acab87c1344e84b19,cache,True,2026-08-30T22:20:29+00:00
cyclone-idai-2019,manual-cyclone-idai-2019-rosea-20190320-mozambique-flash-update-5-pdf,human,,human,2019-03-20,health,"Health, disease outbreak and nutrition",absent,0.0,0.97,ok,,0,,deepseek-v4-pro,820da5a800f65020f0fd5cf0036ed148253dbc0290b55d6e58bb750af42c17e5,cache,True,2026-08-30T22:20:29+00:00
cyclone-idai-2019,manual-cyclone-idai-2019-rosea-20190320-mozambique-flash-update-5-pdf,human,,human,2019-03-20,needs_gaps,Sector needs and gaps,partial,0.5,0.65,ok,,209,65a9bc99,deepseek-v4-pro,ea34f16c7a01b3cb1f561ec1c7d56562d5b3a159c12bb3402e124dbcfc35628c,cache,True,2026-08-30T22:20:29+00:00
cyclone-idai-2019,manual-cyclone-idai-2019-rosea-20190320-mozambique-flash-update-5-pdf,human,,human,2019-03-20,response_actions,Sector response activities,present,1.0,1.0,ok,,233,5fa475d1,deepseek-v4-pro,505237046cf72c2250b5b828d6d207e260be325b6a680432ed2f9f7173668c31,cache,True,2026-08-30T22:20:29+00:00
cyclone-idai-2019,manual-cyclone-idai-2019-rosea-20190320-mozambique-flash-update-5-pdf,human,,human,2019-03-20,shelter,Shelter and non-food items,present,1.0,0.95,ok,,155,d98f350c,deepseek-v4-pro,625c93f5440f805a4a4d6a3a7d7d849502daf625120d0601cd2eedf17c4f70f0,cache,True,2026-08-30T22:20:29+00:00
cyclone-idai-2019,manual-cyclone-idai-2019-rosea-20190320-mozambique-flash-update-5-pdf,human,,human,2019-03-20,sourcing,Sourcing and attribution,present,1.0,0.95,ok,,203,707a8872,deepseek-v4-pro,f4369d29db17a40c3de6aca1d456939bbf553303e58fde640114121365f925e8,cache,True,2026-08-30T22:20:29+00:00
cyclone-idai-2019,manual-cyclone-idai-2019-rosea-20190320-mozambique-flash-update-5-pdf,human,,human,2019-03-20,wash,WASH needs and response,absent,0.0,1.0,ok,,0,,deepseek-v4-pro,760514c361187c6e5c36d228f1b108a96f96f7e941d402e3b27f4ac0de29ce25,cache,True,2026-08-30T22:20:29+00:00
cyclone-idai-2019,manual-cyclone-idai-2019-rosea-20190320-mozambique-floods-flash-update-6-pdf,human,,human,2019-03-20,access,Access constraints,present,1.0,0.98,ok,,140,5db02a8b,deepseek-v4-pro,bbd2a516dba043558fb0c6bed889b821c88db0400dc840402f121d5d78cc3b8b,cache,True,2026-08-30T22:20:29+00:00
cyclone-idai-2019,manual-cyclone-idai-2019-rosea-20190320-mozambique-floods-flash-update-6-pdf,human,,human,2019-03-20,casualties,Casualty and affected-population figures,present,1.0,0.95,ok,,149,ac6b2171,deepseek-v4-pro,a1923f6a814125e3899113facbcc2961f52bc4667ff27463a5f4b04915c585ab,cache,True,2026-08-30T22:20:29+00:00
cyclone-idai-2019,manual-cyclone-idai-2019-rosea-20190320-mozambique-floods-flash-update-6-pdf,human,,human,2019-03-20,coordination,Coordination arrangements,partial,0.5,0.7,ok,,180,d7f009a0,deepseek-v4-pro,d9df7a3cdfb76f399cb2ac8b833eed583a8ad67ffba8eb67deb38d274d4e02b0,cache,True,2026-08-30T22:20:29+00:00
cyclone-idai-2019,manual-cyclone-idai-2019-rosea-20190320-mozambique-floods-flash-update-6-pdf,human,,human,2019-03-20,currency_and_metadata,Data currency and report metadata,present,1.0,0.9,ok,,66,2bbe073c,deepseek-v4-pro,f862907bca7bdf8c6b62ecc0d5f28fc277193b072f55813362d9bbfc549dcb08,cache,True,2026-08-30T22:20:29+00:00
cyclone-idai-2019,manual-cyclone-idai-2019-rosea-20190320-mozambique-floods-flash-update-6-pdf,human,,human,2019-03-20,damage,"Physical, economic and agricultural damage",present,1.0,0.96,ok,,210,7847e311,deepseek-v4-pro,597c89c8d62f42023ae624e8415840846de7fe1877e36587dae353ac1282d644,cache,True,2026-08-30T22:20:29+00:00
cyclone-idai-2019,manual-cyclone-idai-2019-rosea-20190320-mozambique-floods-flash-update-6-pdf,human,,human,2019-03-20,displacement,Displacement and accommodation sites,present,1.0,0.97,ok,,188,a910c810,deepseek-v4-pro,2ee4591e45eeddaf1d96bca4dbf253a729845766b3a1b82e6989221496097644,cache,True,2026-08-30T22:20:29+00:00
cyclone-idai-2019,manual-cyclone-idai-2019-rosea-20190320-mozambique-floods-flash-update-6-pdf,human,,human,2019-03-20,education,Education impact and response,present,1.0,0.9,ok,,155,2fb389b3,deepseek-v4-pro,6a87485104d1d22da136be39d655bc4d6abe5fc90a4c70db8551d79a3d9dbb64,cache,True,2026-08-30T22:20:29+00:00
cyclone-idai-2019,manual-cyclone-idai-2019-rosea-20190320-mozambique-floods-flash-update-6-pdf,human,,human,2019-03-20,food,Food security and assistance reach,present,1.0,0.92,ok,,237,e19df249,deepseek-v4-pro,a3aa63538a8aa31c4afe47e5a4436ec172543227eb10043230d1eb2eaa7f0389,cache,True,2026-08-30T22:20:29+00:00
cyclone-idai-2019,manual-cyclone-idai-2019-rosea-20190320-mozambique-floods-flash-update-6-pdf,human,,human,2019-03-20,funding,Funding status and donor contributions,partial,0.5,0.9,ok,,233,f95184f8,deepseek-v4-pro,803df0b08d27b795089b055a678025f2669618b535492c7ef259503b80a884d7,cache,True,2026-08-30T22:20:29+00:00
cyclone-idai-2019,manual-cyclone-idai-2019-rosea-20190320-mozambique-floods-flash-update-6-pdf,human,,human,2019-03-20,health,"Health, disease outbreak and nutrition",partial,0.5,0.85,ok,,164,2261f605,deepseek-v4-pro,5ef3dbb5f6a8d3143ec743d3b7d37f1def6348b3fc92a8fce22615dc8fa68166,cache,True,2026-08-30T22:20:29+00:00
cyclone-idai-2019,manual-cyclone-idai-2019-rosea-20190320-mozambique-floods-flash-update-6-pdf,human,,human,2019-03-20,needs_gaps,Sector needs and gaps,present,1.0,0.95,ok,,175,974e9247,deepseek-v4-pro,ce20a6dfeb408cd03d58516dcb34a03498534191e888e807d563bfce26cd1d65,cache,True,2026-08-30T22:20:29+00:00
cyclone-idai-2019,manual-cyclone-idai-2019-rosea-20190320-mozambique-floods-flash-update-6-pdf,human,,human,2019-03-20,response_actions,Sector response activities,present,1.0,0.95,ok,,162,f6812d05,deepseek-v4-pro,8ad32365d564b34151b4d55a656cccba27d861c39f31ad97721d3c39c05a5152,cache,True,2026-08-30T22:20:29+00:00
cyclone-idai-2019,manual-cyclone-idai-2019-rosea-20190320-mozambique-floods-flash-update-6-pdf,human,,human,2019-03-20,shelter,Shelter and non-food items,partial,0.5,0.8,ok,,216,7235f288,deepseek-v4-pro,9d192f0241600f30421dbb484d08fe4cc2424232d4a268b11e228a568a609f07,cache,True,2026-08-30T22:20:29+00:00
cyclone-idai-2019,manual-cyclone-idai-2019-rosea-20190320-mozambique-floods-flash-update-6-pdf,human,,human,2019-03-20,sourcing,Sourcing and attribution,present,1.0,0.95,ok,,149,ac6b2171,deepseek-v4-pro,a241f1bcd1b78629dff9c1f71b62d906acbb3882225741649352b2cda4d6e8ef,cache,True,2026-08-30T22:20:29+00:00
cyclone-idai-2019,manual-cyclone-idai-2019-rosea-20190320-mozambique-floods-flash-update-6-pdf,human,,human,2019-03-20,wash,WASH needs and response,present,1.0,0.9,ok,,220,3db4db52,deepseek-v4-pro,23348c667a060de82e68b2020115be394f4957527343a376a6c19c37beac8187,cache,True,2026-08-30T22:20:29+00:00
cyclone-idai-2019,manual-cyclone-idai-2019-rosea-20190321-zimbabwe-floods-flash-update-4-pdf,human,,human,2019-03-21,access,Access constraints,present,1.0,0.95,ok,,105,74e22423,deepseek-v4-pro,e55c3e3fc18df4892e9ce1117cf5d0423e81f45aa9717034acfd66b0b0a4dfae,cache,True,2026-08-30T22:20:29+00:00
cyclone-idai-2019,manual-cyclone-idai-2019-rosea-20190321-zimbabwe-floods-flash-update-4-pdf,human,,human,2019-03-21,casualties,Casualty and affected-population figures,present,1.0,0.95,ok,,224,47bb9a7c,deepseek-v4-pro,c91412b415f20198dd993f0c3df2d4e91954164bd15192f0cd56b65edcec9370,cache,True,2026-08-30T22:20:29+00:00
cyclone-idai-2019,manual-cyclone-idai-2019-rosea-20190321-zimbabwe-floods-flash-update-4-pdf,human,,human,2019-03-21,coordination,Coordination arrangements,partial,0.5,0.72,ok,,107,ca8915e5,deepseek-v4-pro,cb7bec2a61212d680b58c5f27711c95e222c43251aa4264afd510dbf6b54c876,cache,True,2026-08-30T22:20:29+00:00
cyclone-idai-2019,manual-cyclone-idai-2019-rosea-20190321-zimbabwe-floods-flash-update-4-pdf,human,,human,2019-03-21,currency_and_metadata,Data currency and report metadata,partial,0.5,0.9,ok,,119,7c0e1a06,deepseek-v4-pro,91d9b2836e61e91c08f24e3f273bcb44b1920d034b4f24677d73732403a387c6,cache,True,2026-08-30T22:20:29+00:00
cyclone-idai-2019,manual-cyclone-idai-2019-rosea-20190321-zimbabwe-floods-flash-update-4-pdf,human,,human,2019-03-21,damage,"Physical, economic and agricultural damage",present,1.0,0.9,ok,,175,5c07c0f5,deepseek-v4-pro,7996d6158a1e30005ebf6eff0143bd2e11e6c1e0c424807b80b24057b11b718f,cache,True,2026-08-30T22:20:29+00:00
cyclone-idai-2019,manual-cyclone-idai-2019-rosea-20190321-zimbabwe-floods-flash-update-4-pdf,human,,human,2019-03-21,displacement,Displacement and accommodation sites,partial,0.5,0.9,ok,,219,a910acec,deepseek-v4-pro,1e4238b83d32646e50c7be7c95ebbdc9ae15005d1568ad8fe84e5446c9185a5c,cache,True,2026-08-30T22:20:29+00:00
cyclone-idai-2019,manual-cyclone-idai-2019-rosea-20190321-zimbabwe-floods-flash-update-4-pdf,human,,human,2019-03-21,education,Education impact and response,absent,0.0,0.95,ok,,0,,deepseek-v4-pro,fba3c22be18d56e88963ee94ac774f6bf6a68cdc33857215d1f303aabc681da5,cache,True,2026-08-30T22:20:29+00:00
cyclone-idai-2019,manual-cyclone-idai-2019-rosea-20190321-zimbabwe-floods-flash-update-4-pdf,human,,human,2019-03-21,food,Food security and assistance reach,absent,0.0,1.0,ok,,0,,deepseek-v4-pro,7486165f3fff4c5d4f90a902d9ae4b9915f1f04f90dec3eae6cffe2220bcd076,cache,True,2026-08-30T22:20:29+00:00
cyclone-idai-2019,manual-cyclone-idai-2019-rosea-20190321-zimbabwe-floods-flash-update-4-pdf,human,,human,2019-03-21,funding,Funding status and donor contributions,absent,0.0,1.0,ok,,0,,deepseek-v4-pro,7dde83340e906ca2c1047fa02b26118afbc0cad1b98c57c0f7737e048f999d03,cache,True,2026-08-30T22:20:29+00:00
cyclone-idai-2019,manual-cyclone-idai-2019-rosea-20190321-zimbabwe-floods-flash-update-4-pdf,human,,human,2019-03-21,health,"Health, disease outbreak and nutrition",absent,0.0,0.95,ok,,0,,deepseek-v4-pro,43f3db925ab9546d0e9922d47735122c917b0f1fb49a29ebd7c75f1730b22fb3,cache,True,2026-08-30T22:20:29+00:00
cyclone-idai-2019,manual-cyclone-idai-2019-rosea-20190321-zimbabwe-floods-flash-update-4-pdf,human,,human,2019-03-21,needs_gaps,Sector needs and gaps,present,1.0,0.88,ok,,169,ef65fd08,deepseek-v4-pro,4e4e1b6adc1afd8d5dd45769c0a9408e239161d6fe5ee941d8acadc1cbbaf207,cache,True,2026-08-30T22:20:29+00:00
cyclone-idai-2019,manual-cyclone-idai-2019-rosea-20190321-zimbabwe-floods-flash-update-4-pdf,human,,human,2019-03-21,response_actions,Sector response activities,present,1.0,0.95,ok,,195,a5399734,deepseek-v4-pro,54615ecccfedc9dc86befd5d7c9c36709dbb383cfea08a59d76f66933aaa8862,cache,True,2026-08-30T22:20:29+00:00
cyclone-idai-2019,manual-cyclone-idai-2019-rosea-20190321-zimbabwe-floods-flash-update-4-pdf,human,,human,2019-03-21,shelter,Shelter and non-food items,partial,0.5,0.8,ok,,227,fbf73c48,deepseek-v4-pro,94cdc8275600f3657efbe48a819b56d56659c0be17cae77424c2a1a8c12f68ac,cache,True,2026-08-30T22:20:29+00:00
cyclone-idai-2019,manual-cyclone-idai-2019-rosea-20190321-zimbabwe-floods-flash-update-4-pdf,human,,human,2019-03-21,sourcing,Sourcing and attribution,present,1.0,0.98,ok,,98,33a25063,deepseek-v4-pro,ba7157048223b5768930899266b3787108a4b569feadac274b53e73038d58f00,cache,True,2026-08-30T22:20:29+00:00
cyclone-idai-2019,manual-cyclone-idai-2019-rosea-20190321-zimbabwe-floods-flash-update-4-pdf,human,,human,2019-03-21,wash,WASH needs and response,partial,0.5,0.85,ok,,151,acaeaa96,deepseek-v4-pro,4e2c9fd16d3a547f71709745a0a2d872590fb1ed46d1cf20dea4c29a9135b17e,cache,True,2026-08-30T22:20:29+00:00
cyclone-idai-2019,manual-cyclone-idai-2019-rosea-20190323-mozambique-floods-flash-update-7-final-pdf,human,,human,2019-03-23,access,Access constraints,present,1.0,0.95,ok,,200,2c623826,deepseek-v4-pro,a5fedad797439f3a3a7737030ca09c56a8ebd1820ccd87585b811674b3bad897,cache,True,2026-08-30T22:20:29+00:00
cyclone-idai-2019,manual-cyclone-idai-2019-rosea-20190323-mozambique-floods-flash-update-7-final-pdf,human,,human,2019-03-23,casualties,Casualty and affected-population figures,present,1.0,0.95,ok,,142,443cd362,deepseek-v4-pro,8161b95815adfb8865902c581f90da2ac372a860bea9f0a3c993e2d852257525,cache,True,2026-08-30T22:20:29+00:00
cyclone-idai-2019,manual-cyclone-idai-2019-rosea-20190323-mozambique-floods-flash-update-7-final-pdf,human,,human,2019-03-23,coordination,Coordination arrangements,present,1.0,0.85,ok,,135,7717f7d9,deepseek-v4-pro,f5edc8de04aa148d105fc26485ebf546dbcbf743783f6b0469877352254766c5,cache,True,2026-08-30T22:20:29+00:00
cyclone-idai-2019,manual-cyclone-idai-2019-rosea-20190323-mozambique-floods-flash-update-7-final-pdf,human,,human,2019-03-23,currency_and_metadata,Data currency and report metadata,present,1.0,0.95,ok,,181,dbd49e9b,deepseek-v4-pro,373ee3a71a9820244bac0c085775e7b1651e9a9e270e73c515199ab88d37db3e,cache,True,2026-08-30T22:20:29+00:00
cyclone-idai-2019,manual-cyclone-idai-2019-rosea-20190323-mozambique-floods-flash-update-7-final-pdf,human,,human,2019-03-23,damage,"Physical, economic and agricultural damage",present,1.0,1.0,ok,,211,c4565a4b,deepseek-v4-pro,9b1080af66ece9529cf87ff87cd012cc922036cca68015f5ddb1f3a7c7071792,cache,True,2026-08-30T22:20:29+00:00
cyclone-idai-2019,manual-cyclone-idai-2019-rosea-20190323-mozambique-floods-flash-update-7-final-pdf,human,,human,2019-03-23,displacement,Displacement and accommodation sites,present,1.0,1.0,ok,,200,8b6f7b91,deepseek-v4-pro,c772f238b7bb329d80d393e34e38bfb6a4a18e1222bb41259a3719fb5e45e264,cache,True,2026-08-30T22:20:29+00:00
cyclone-idai-2019,manual-cyclone-idai-2019-rosea-20190323-mozambique-floods-flash-update-7-final-pdf,human,,human,2019-03-23,education,Education impact and response,present,1.0,0.95,ok,,173,2390b44b,deepseek-v4-pro,2e73ecb4a609f353937a3862032b95036a61293bdc774a71bef107c75b0d8121,cache,True,2026-08-30T22:20:29+00:00
cyclone-idai-2019,manual-cyclone-idai-2019-rosea-20190323-mozambique-floods-flash-update-7-final-pdf,human,,human,2019-03-23,food,Food security and assistance reach,partial,0.5,0.8,ok,,163,f4d80e5b,deepseek-v4-pro,19d1df6606c9c1b665cd253fad13c900234d461c33e03464f26d63183d1cc750,cache,True,2026-08-30T22:20:29+00:00
cyclone-idai-2019,manual-cyclone-idai-2019-rosea-20190323-mozambique-floods-flash-update-7-final-pdf,human,,human,2019-03-23,funding,Funding status and donor contributions,partial,0.5,0.85,ok,,258,3205ced2,deepseek-v4-pro,d0c233b455c7a5951bbb12e32f42fdebddc6472194e40e5a7605816ba7e1b438,cache,True,2026-08-30T22:20:29+00:00
cyclone-idai-2019,manual-cyclone-idai-2019-rosea-20190323-mozambique-floods-flash-update-7-final-pdf,human,,human,2019-03-23,health,"Health, disease outbreak and nutrition",partial,0.5,0.7,ok,,202,945d72cd,deepseek-v4-pro,64371a7e12521f5f1a1071161ca6ff88ae2747cbaf2031b6c94f04c215db91d6,cache,True,2026-08-30T22:20:29+00:00
cyclone-idai-2019,manual-cyclone-idai-2019-rosea-20190323-mozambique-floods-flash-update-7-final-pdf,human,,human,2019-03-23,needs_gaps,Sector needs and gaps,present,1.0,0.92,ok,,134,ab92fa38,deepseek-v4-pro,fc91f8d28bd6f94b32a305a40ccb1c341bb61d87e38c6e3be48cf23c465af464,cache,True,2026-08-30T22:20:29+00:00
cyclone-idai-2019,manual-cyclone-idai-2019-rosea-20190323-mozambique-floods-flash-update-7-final-pdf,human,,human,2019-03-23,response_actions,Sector response activities,present,1.0,1.0,ok,,154,698c380a,deepseek-v4-pro,c321945957bc5afa138d5e96917b94c3a3ec795a6d8fe397ff16a20c3ff508ca,cache,True,2026-08-30T22:20:29+00:00
cyclone-idai-2019,manual-cyclone-idai-2019-rosea-20190323-mozambique-floods-flash-update-7-final-pdf,human,,human,2019-03-23,shelter,Shelter and non-food items,partial,0.5,0.8,ok,,188,351a66cb,deepseek-v4-pro,75fa4831df1d13f90dc1f28ec78fb7eae0c6bc943a6ae4e44a356fa274d59e63,cache,True,2026-08-30T22:20:29+00:00
cyclone-idai-2019,manual-cyclone-idai-2019-rosea-20190323-mozambique-floods-flash-update-7-final-pdf,human,,human,2019-03-23,sourcing,Sourcing and attribution,present,1.0,1.0,ok,,141,5db5348b,deepseek-v4-pro,ce69dec5f035c6297ed694201c6de780dc85e0601848d140b48e4d080da476f3,cache,True,2026-08-30T22:20:29+00:00
cyclone-idai-2019,manual-cyclone-idai-2019-rosea-20190323-mozambique-floods-flash-update-7-final-pdf,human,,human,2019-03-23,wash,WASH needs and response,present,1.0,0.85,ok,,158,86d7303e,deepseek-v4-pro,d054f035fd409c96b8e391d41dcfe077f2529fd631dcd584d9595c2724fb328e,cache,True,2026-08-30T22:20:29+00:00
cyclone-idai-2019,manual-cyclone-idai-2019-rosea-20190323-zimbabwe-floods-flash-update-5-final-pdf,human,,human,2019-03-23,access,Access constraints,present,1.0,0.95,ok,,125,c8023d9f,deepseek-v4-pro,792661f8430169fae1bf4a7371bca362bc4777a853f814f3036e53229a18be29,cache,True,2026-08-30T22:20:29+00:00
cyclone-idai-2019,manual-cyclone-idai-2019-rosea-20190323-zimbabwe-floods-flash-update-5-final-pdf,human,,human,2019-03-23,casualties,Casualty and affected-population figures,present,1.0,1.0,ok,,204,0e0c0aa8,deepseek-v4-pro,44f521a8f0d0d585afbfd9b14c62f808b2c035ace7695b01448eaa23bb9f4d85,cache,True,2026-08-30T22:20:29+00:00
cyclone-idai-2019,manual-cyclone-idai-2019-rosea-20190323-zimbabwe-floods-flash-update-5-final-pdf,human,,human,2019-03-23,coordination,Coordination arrangements,partial,0.5,0.85,ok,,179,508010a5,deepseek-v4-pro,4ad98cea3ca2f22f1defa979443f78c0f09ee3963956b2d7f060a508a894ecb8,cache,True,2026-08-30T22:20:29+00:00
cyclone-idai-2019,manual-cyclone-idai-2019-rosea-20190323-zimbabwe-floods-flash-update-5-final-pdf,human,,human,2019-03-23,currency_and_metadata,Data currency and report metadata,present,1.0,0.8,ok,,160,ee99736c,deepseek-v4-pro,dc55dda403778759c96705e6e688d2b358e0c4c909571067bcb88c76d8213c6e,cache,True,2026-08-30T22:20:29+00:00
cyclone-idai-2019,manual-cyclone-idai-2019-rosea-20190323-zimbabwe-floods-flash-update-5-final-pdf,human,,human,2019-03-23,damage,"Physical, economic and agricultural damage",present,1.0,0.95,ok,,187,fc1e749f,deepseek-v4-pro,e4c36fb76db143845654a865c2391013411c865a99a9d2d8b2e99601ba8e016e,cache,True,2026-08-30T22:20:29+00:00
cyclone-idai-2019,manual-cyclone-idai-2019-rosea-20190323-zimbabwe-floods-flash-update-5-final-pdf,human,,human,2019-03-23,displacement,Displacement and accommodation sites,partial,0.5,0.7,ok,,153,95fea8b3,deepseek-v4-pro,f4ebfe7d9123a0488ef7466369c67bdc31c625893c0971b5c105963ebd897bef,cache,True,2026-08-30T22:20:29+00:00
cyclone-idai-2019,manual-cyclone-idai-2019-rosea-20190323-zimbabwe-floods-flash-update-5-final-pdf,human,,human,2019-03-23,education,Education impact and response,partial,0.5,0.9,ok,,125,ae9f9153,deepseek-v4-pro,75df4ee7adf1f3a46269933f7ba1b9e01c08f5c04525a706aae2090f24df2929,cache,True,2026-08-30T22:20:29+00:00
cyclone-idai-2019,manual-cyclone-idai-2019-rosea-20190323-zimbabwe-floods-flash-update-5-final-pdf,human,,human,2019-03-23,food,Food security and assistance reach,partial,0.5,0.85,ok,,197,4c691413,deepseek-v4-pro,2f06824a7287cdc00c836356fc5516426c993b915ca504b787d13e646addc953,cache,True,2026-08-30T22:20:29+00:00
cyclone-idai-2019,manual-cyclone-idai-2019-rosea-20190323-zimbabwe-floods-flash-update-5-final-pdf,human,,human,2019-03-23,funding,Funding status and donor contributions,absent,0.0,0.95,ok,,0,,deepseek-v4-pro,110c332cc009ba38a085524c03833e32e7b681e02cfa326dac879d46072fd17e,cache,True,2026-08-30T22:20:29+00:00
cyclone-idai-2019,manual-cyclone-idai-2019-rosea-20190323-zimbabwe-floods-flash-update-5-final-pdf,human,,human,2019-03-23,health,"Health, disease outbreak and nutrition",partial,0.5,0.85,ok,,220,05bcdc23,deepseek-v4-pro,ad4f1242c616fc92b67415a7e5669d4bba08e64ce5914d79aca76f9c34f802fa,cache,True,2026-08-30T22:20:29+00:00
cyclone-idai-2019,manual-cyclone-idai-2019-rosea-20190323-zimbabwe-floods-flash-update-5-final-pdf,human,,human,2019-03-23,needs_gaps,Sector needs and gaps,present,1.0,0.9,ok,,200,51673fc1,deepseek-v4-pro,44fb3213733f044c0ac44a46394616953654be7852906cc6c976985a311ef7e9,cache,True,2026-08-30T22:20:29+00:00
cyclone-idai-2019,manual-cyclone-idai-2019-rosea-20190323-zimbabwe-floods-flash-update-5-final-pdf,human,,human,2019-03-23,response_actions,Sector response activities,present,1.0,0.96,ok,,247,2925c597,deepseek-v4-pro,961feb33df9b34c63dfbf1417f9409971d224089cb0d94771dd8bd7c6f3f9d10,cache,True,2026-08-30T22:20:29+00:00
cyclone-idai-2019,manual-cyclone-idai-2019-rosea-20190323-zimbabwe-floods-flash-update-5-final-pdf,human,,human,2019-03-23,shelter,Shelter and non-food items,present,1.0,0.95,ok,,186,5b40d8b1,deepseek-v4-pro,568ced3c02bf554b5a52f87da348e8f0bc0739f9657d35cf91c059440ce4230a,cache,True,2026-08-30T22:20:29+00:00
cyclone-idai-2019,manual-cyclone-idai-2019-rosea-20190323-zimbabwe-floods-flash-update-5-final-pdf,human,,human,2019-03-23,sourcing,Sourcing and attribution,present,1.0,0.95,ok,,90,d8aff06f,deepseek-v4-pro,c472e91f9d5cfc481d435b4056489b52eea577e97629d32678ac85865f33ac4b,cache,True,2026-08-30T22:20:29+00:00
cyclone-idai-2019,manual-cyclone-idai-2019-rosea-20190323-zimbabwe-floods-flash-update-5-final-pdf,human,,human,2019-03-23,wash,WASH needs and response,present,1.0,0.9,ok,,159,cca52097,deepseek-v4-pro,77ca3d31c4faa9889139d861da2a3cdbb6bf3ee3d302b0fa1b22888dcfb5b4ad,cache,True,2026-08-30T22:20:29+00:00
cyclone-idai-2019,manual-cyclone-idai-2019-rosea-20190324-mozambique-floods-flash-update-8-final-pdf,human,,human,2019-03-24,access,Access constraints,present,1.0,0.95,ok,,83,e14d4ce2,deepseek-v4-pro,209a4765efa82cfb72200b0941bee5af6e62f71a0873f5c36bd5cbdb9b11c69d,cache,True,2026-08-30T22:20:29+00:00
cyclone-idai-2019,manual-cyclone-idai-2019-rosea-20190324-mozambique-floods-flash-update-8-final-pdf,human,,human,2019-03-24,casualties,Casualty and affected-population figures,present,1.0,0.97,ok,,126,b3d089eb,deepseek-v4-pro,d704a70ddfc11851deda49af22d5b02f67d4307131f05b19c21192f9fc4de8a0,cache,True,2026-08-30T22:20:29+00:00
cyclone-idai-2019,manual-cyclone-idai-2019-rosea-20190324-mozambique-floods-flash-update-8-final-pdf,human,,human,2019-03-24,coordination,Coordination arrangements,partial,0.5,0.75,ok,,169,b7590b90,deepseek-v4-pro,4799833fbec4c9a9936b917746f3a1d789ae482cb95bac687bd250c526e0b0e4,cache,True,2026-08-30T22:20:29+00:00
cyclone-idai-2019,manual-cyclone-idai-2019-rosea-20190324-mozambique-floods-flash-update-8-final-pdf,human,,human,2019-03-24,currency_and_metadata,Data currency and report metadata,present,1.0,0.95,ok,,124,03403e0b,deepseek-v4-pro,ae774255b161230dfcad7fad6746873e7751970d54260c320900e25622ab1aed,cache,True,2026-08-30T22:20:29+00:00
cyclone-idai-2019,manual-cyclone-idai-2019-rosea-20190324-mozambique-floods-flash-update-8-final-pdf,human,,human,2019-03-24,damage,"Physical, economic and agricultural damage",present,1.0,0.95,ok,,142,7e8edd07,deepseek-v4-pro,8a8ac54e67779ed4d42878e1fcc9ec78b62be723087bf4c842115f93063ccff2,cache,True,2026-08-30T22:20:29+00:00
cyclone-idai-2019,manual-cyclone-idai-2019-rosea-20190324-mozambique-floods-flash-update-8-final-pdf,human,,human,2019-03-24,displacement,Displacement and accommodation sites,present,1.0,0.95,ok,,156,ecaec093,deepseek-v4-pro,f6d8a7b845622f90a1874ec3aa40e64439726fc400db3fa044779f98b5cc527e,cache,True,2026-08-30T22:20:29+00:00
cyclone-idai-2019,manual-cyclone-idai-2019-rosea-20190324-mozambique-floods-flash-update-8-final-pdf,human,,human,2019-03-24,education,Education impact and response,absent,0.0,0.95,ok,,0,,deepseek-v4-pro,d19d70417f73f5c6e548c3dac89c302a6afa362863487cc12f56225706c4e687,cache,True,2026-08-30T22:20:29+00:00
cyclone-idai-2019,manual-cyclone-idai-2019-rosea-20190324-mozambique-floods-flash-update-8-final-pdf,human,,human,2019-03-24,food,Food security and assistance reach,present,1.0,0.95,ok,,185,6c6b3797,deepseek-v4-pro,edcec97088324c0288eb6ab4e3193192027df580f017153c2ac2032ffb29cd9b,cache,True,2026-08-30T22:20:29+00:00
cyclone-idai-2019,manual-cyclone-idai-2019-rosea-20190324-mozambique-floods-flash-update-8-final-pdf,human,,human,2019-03-24,funding,Funding status and donor contributions,partial,0.5,0.9,ok,,187,e85b8f35,deepseek-v4-pro,bfcdd0dd5cc3c667e4ee2405b114c1ae9157e2e4d3a0ce90fb8b00788bffc288,cache,True,2026-08-30T22:20:29+00:00
cyclone-idai-2019,manual-cyclone-idai-2019-rosea-20190324-mozambique-floods-flash-update-8-final-pdf,human,,human,2019-03-24,health,"Health, disease outbreak and nutrition",partial,0.5,0.85,ok,,189,ffcf993b,deepseek-v4-pro,eeb275660b92522c2b86d119756aaeaceba16ede5e2aa08aadb0292e592bd4f2,cache,True,2026-08-30T22:20:29+00:00
cyclone-idai-2019,manual-cyclone-idai-2019-rosea-20190324-mozambique-floods-flash-update-8-final-pdf,human,,human,2019-03-24,needs_gaps,Sector needs and gaps,present,1.0,0.85,ok,,150,45d2c1aa,deepseek-v4-pro,bfea535a1fdb03b3785897ee1cfe4acd2b100a40826e13d1ea5c701d2c0f19cd,cache,True,2026-08-30T22:20:29+00:00
cyclone-idai-2019,manual-cyclone-idai-2019-rosea-20190324-mozambique-floods-flash-update-8-final-pdf,human,,human,2019-03-24,response_actions,Sector response activities,present,1.0,0.98,ok,,185,6c6b3797,deepseek-v4-pro,6dfae9d15b319b9eebe410173d8355212eeeae225e9aa4533686f049176ede48,cache,True,2026-08-30T22:20:29+00:00
cyclone-idai-2019,manual-cyclone-idai-2019-rosea-20190324-mozambique-floods-flash-update-8-final-pdf,human,,human,2019-03-24,shelter,Shelter and non-food items,partial,0.5,0.72,ok,,88,f57e6e31,deepseek-v4-pro,7f1a7e71f06647914d5415682c6a33fea693752d3e7f9e2402f7d210945458d3,cache,True,2026-08-30T22:20:29+00:00
cyclone-idai-2019,manual-cyclone-idai-2019-rosea-20190324-mozambique-floods-flash-update-8-final-pdf,human,,human,2019-03-24,sourcing,Sourcing and attribution,present,1.0,0.95,ok,,134,b940940e,deepseek-v4-pro,92ef5eb2fc37b811f8dab9403480abb11a940cef3164b20fc04b27674cfc408b,cache,True,2026-08-30T22:20:29+00:00
cyclone-idai-2019,manual-cyclone-idai-2019-rosea-20190324-mozambique-floods-flash-update-8-final-pdf,human,,human,2019-03-24,wash,WASH needs and response,partial,0.5,0.8,ok,,205,573ba549,deepseek-v4-pro,8239a99d745ad735fcdf161feff744c9a079dd9bbc122ea6bcd8e7292d21af38,cache,True,2026-08-30T22:20:29+00:00
cyclone-idai-2019,manual-cyclone-idai-2019-rosea-20190325-mozambique-floods-flash-update-9-final-pdf,human,,human,2019-03-25,access,Access constraints,present,1.0,0.95,ok,,247,0f95c07a,deepseek-v4-pro,c655baf03e57319e8958b199c2afc819e930e6ddb3516518430f6612329ed849,cache,True,2026-08-30T22:20:29+00:00
cyclone-idai-2019,manual-cyclone-idai-2019-rosea-20190325-mozambique-floods-flash-update-9-final-pdf,human,,human,2019-03-25,casualties,Casualty and affected-population figures,present,1.0,0.98,ok,,114,ae4831e5,deepseek-v4-pro,23baad71077f9ececf9f3437a264dc7d9cb652de4808da9fcbf73227be6643f4,cache,True,2026-08-30T22:20:29+00:00
cyclone-idai-2019,manual-cyclone-idai-2019-rosea-20190325-mozambique-floods-flash-update-9-final-pdf,human,,human,2019-03-25,coordination,Coordination arrangements,present,1.0,0.85,ok,,202,7457b4f4,deepseek-v4-pro,9eabd2fa3b7b9ad8f4a62290377c76fa3f40f5e954be5d64ff1ce65ed18dfab2,cache,True,2026-08-30T22:20:29+00:00
cyclone-idai-2019,manual-cyclone-idai-2019-rosea-20190325-mozambique-floods-flash-update-9-final-pdf,human,,human,2019-03-25,currency_and_metadata,Data currency and report metadata,present,1.0,0.95,ok,,216,d06f6a64,deepseek-v4-pro,357ceecd30e9f13a5fd0f241d703a4984cb11f7423f5e7d29723a4ef65868045,cache,True,2026-08-30T22:20:29+00:00
cyclone-idai-2019,manual-cyclone-idai-2019-rosea-20190325-mozambique-floods-flash-update-9-final-pdf,human,,human,2019-03-25,damage,"Physical, economic and agricultural damage",present,1.0,0.9,ok,,160,e4949cb0,deepseek-v4-pro,c51eafa485554a421cb466f239082b6d64c65603e1a2944d4855d68139f11edd,cache,True,2026-08-30T22:20:29+00:00
cyclone-idai-2019,manual-cyclone-idai-2019-rosea-20190325-mozambique-floods-flash-update-9-final-pdf,human,,human,2019-03-25,displacement,Displacement and accommodation sites,present,1.0,1.0,ok,,154,c06ed58b,deepseek-v4-pro,059ee06c2852ef17179458f4f1fb2d198258302c847a3aff4049347f70e4c518,cache,True,2026-08-30T22:20:29+00:00
cyclone-idai-2019,manual-cyclone-idai-2019-rosea-20190325-mozambique-floods-flash-update-9-final-pdf,human,,human,2019-03-25,education,Education impact and response,partial,0.5,0.85,ok,,189,b1453ac1,deepseek-v4-pro,38c53a6676d1606da396e0cfbfb44d6d1343b2e406c618cc4cf75385f04ea402,cache,True,2026-08-30T22:20:29+00:00
cyclone-idai-2019,manual-cyclone-idai-2019-rosea-20190325-mozambique-floods-flash-update-9-final-pdf,human,,human,2019-03-25,food,Food security and assistance reach,present,1.0,0.95,ok,,202,a18f2bf2,deepseek-v4-pro,8936f704aca299163978a36e9a6606fe2487fec49960773a37577dc29e90ead1,cache,True,2026-08-30T22:20:29+00:00
cyclone-idai-2019,manual-cyclone-idai-2019-rosea-20190325-mozambique-floods-flash-update-9-final-pdf,human,,human,2019-03-25,funding,Funding status and donor contributions,partial,0.5,0.85,ok,,245,9ed0001e,deepseek-v4-pro,4e91d61034f3517e7baa45e761e6212a80ea28589651b33ae6c4dd3f1ddaeb6d,cache,True,2026-08-30T22:20:29+00:00
cyclone-idai-2019,manual-cyclone-idai-2019-rosea-20190325-mozambique-floods-flash-update-9-final-pdf,human,,human,2019-03-25,health,"Health, disease outbreak and nutrition",partial,0.5,0.9,ok,,160,afb3daef,deepseek-v4-pro,eca0baf96e0473ccc9d0bb3731d8e57546355fd477add913b785a4ea16feba99,cache,True,2026-08-30T22:20:29+00:00
cyclone-idai-2019,manual-cyclone-idai-2019-rosea-20190325-mozambique-floods-flash-update-9-final-pdf,human,,human,2019-03-25,needs_gaps,Sector needs and gaps,present,1.0,0.95,ok,,225,c334d632,deepseek-v4-pro,72ebe745943390c247b8f771e371702d2034498dc2daa03ddf5b6b37f10e5a72,cache,True,2026-08-30T22:20:29+00:00
cyclone-idai-2019,manual-cyclone-idai-2019-rosea-20190325-mozambique-floods-flash-update-9-final-pdf,human,,human,2019-03-25,response_actions,Sector response activities,present,1.0,0.95,ok,,233,1e928254,deepseek-v4-pro,0a0683e7355ef3052c597c48973d3d16fa837dc1ff800c2b556a893447ce97a0,cache,True,2026-08-30T22:20:29+00:00
cyclone-idai-2019,manual-cyclone-idai-2019-rosea-20190325-mozambique-floods-flash-update-9-final-pdf,human,,human,2019-03-25,shelter,Shelter and non-food items,partial,0.5,0.85,ok,,138,7d030331,deepseek-v4-pro,a818425883b0f32bf5100793b0ffa1db5bfbd6e45bdde2715dce32e4217d4075,cache,True,2026-08-30T22:20:29+00:00
cyclone-idai-2019,manual-cyclone-idai-2019-rosea-20190325-mozambique-floods-flash-update-9-final-pdf,human,,human,2019-03-25,sourcing,Sourcing and attribution,present,1.0,0.95,ok,,83,a63784b3,deepseek-v4-pro,9c1178d85992c2b5b2bee7b753b98a6f4cfafa7fa111664368ac3d66099914e5,cache,True,2026-08-30T22:20:29+00:00
cyclone-idai-2019,manual-cyclone-idai-2019-rosea-20190325-mozambique-floods-flash-update-9-final-pdf,human,,human,2019-03-25,wash,WASH needs and response,present,1.0,0.85,ok,,161,31ee5529,deepseek-v4-pro,e9c77ecd4a2b2909694af2f0cb1a987756e25e7433ddcc5c6ab076b039bfa693,cache,True,2026-08-30T22:20:29+00:00
cyclone-idai-2019,manual-cyclone-idai-2019-rosea-20190326-mozambique-floods-flash-update-10-final-pdf,human,,human,2019-03-26,access,Access constraints,present,1.0,0.95,ok,,108,20f9722b,deepseek-v4-pro,e4788786e6d6f41554296f1fa8368587d7770f6beb47b5999a7abfa4fc092f1b,cache,True,2026-08-30T22:20:29+00:00
cyclone-idai-2019,manual-cyclone-idai-2019-rosea-20190326-mozambique-floods-flash-update-10-final-pdf,human,,human,2019-03-26,casualties,Casualty and affected-population figures,present,1.0,0.95,ok,,142,674c9bbc,deepseek-v4-pro,163d0666a76406e2145257362ba56441b601665e06b17b1afef19ae59ccf2a86,cache,True,2026-08-30T22:20:29+00:00
cyclone-idai-2019,manual-cyclone-idai-2019-rosea-20190326-mozambique-floods-flash-update-10-final-pdf,human,,human,2019-03-26,coordination,Coordination arrangements,partial,0.5,0.6,ok,,149,2df30889,deepseek-v4-pro,b1376407106eaee72dbe7f7aa97f76560378fa34c3308876dd277a5f83cb87be,cache,True,2026-08-30T22:20:29+00:00
cyclone-idai-2019,manual-cyclone-idai-2019-rosea-20190326-mozambique-floods-flash-update-10-final-pdf,human,,human,2019-03-26,currency_and_metadata,Data currency and report metadata,present,1.0,0.95,ok,,232,1fcf932a,deepseek-v4-pro,fe7e121ba36091d994b8e957dc0907aa84977062a77abc4970679298ee911317,cache,True,2026-08-30T22:20:29+00:00
cyclone-idai-2019,manual-cyclone-idai-2019-rosea-20190326-mozambique-floods-flash-update-10-final-pdf,human,,human,2019-03-26,damage,"Physical, economic and agricultural damage",present,1.0,0.95,ok,,133,41518e2b,deepseek-v4-pro,6c3f02f59b31a70fbe47d38bf2d45f4dcf0334ad35aedb422f3ec44e9a7015a0,cache,True,2026-08-30T22:20:29+00:00
cyclone-idai-2019,manual-cyclone-idai-2019-rosea-20190326-mozambique-floods-flash-update-10-final-pdf,human,,human,2019-03-26,displacement,Displacement and accommodation sites,present,1.0,0.98,ok,,173,8b3ab4d6,deepseek-v4-pro,5fcffeff30f136a3dad8df57f17811416f33afb3a7c52d62fec89a161b2875b3,cache,True,2026-08-30T22:20:29+00:00
cyclone-idai-2019,manual-cyclone-idai-2019-rosea-20190326-mozambique-floods-flash-update-10-final-pdf,human,,human,2019-03-26,education,Education impact and response,partial,0.5,0.9,ok,,150,d5f28bed,deepseek-v4-pro,aacbe092e92dc215a91e438f62e552674175c98e5f85870c17d5c30048f58749,cache,True,2026-08-30T22:20:29+00:00
cyclone-idai-2019,manual-cyclone-idai-2019-rosea-20190326-mozambique-floods-flash-update-10-final-pdf,human,,human,2019-03-26,food,Food security and assistance reach,partial,0.5,0.7,ok,,237,1f339d0e,deepseek-v4-pro,6fc042e078321da1f2b5a4624062d4019d0bcf239fef8adbb1aa9723c639e55d,cache,True,2026-08-30T22:20:29+00:00
cyclone-idai-2019,manual-cyclone-idai-2019-rosea-20190326-mozambique-floods-flash-update-10-final-pdf,human,,human,2019-03-26,funding,Funding status and donor contributions,partial,0.5,0.8,ok,,275,4e54fcdb,deepseek-v4-pro,20170c4d2ad2ff9c3a1c9bebe8b620ab089e5995196cca183ea924a1e0561e0a,cache,True,2026-08-30T22:20:29+00:00
cyclone-idai-2019,manual-cyclone-idai-2019-rosea-20190326-mozambique-floods-flash-update-10-final-pdf,human,,human,2019-03-26,health,"Health, disease outbreak and nutrition",partial,0.5,0.8,ok,,240,b28b24f6,deepseek-v4-pro,0b6178991799fb9ebc9c1aced62590170813458c043a2b626ef58bce980a3684,cache,True,2026-08-30T22:20:29+00:00
cyclone-idai-2019,manual-cyclone-idai-2019-rosea-20190326-mozambique-floods-flash-update-10-final-pdf,human,,human,2019-03-26,needs_gaps,Sector needs and gaps,partial,0.5,0.65,ok,,150,6ceb054a,deepseek-v4-pro,4981435229c1af9c49f67b2524c6dc27beba90c5247a01db54696e59bcf29119,cache,True,2026-08-30T22:20:29+00:00
cyclone-idai-2019,manual-cyclone-idai-2019-rosea-20190326-mozambique-floods-flash-update-10-final-pdf,human,,human,2019-03-26,response_actions,Sector response activities,present,1.0,1.0,ok,,181,2e6ee329,deepseek-v4-pro,026c7c9de28cf6a88d895b2af52478f0bbcbd07bbe32e4d265b0faf5e348ba60,cache,True,2026-08-30T22:20:29+00:00
cyclone-idai-2019,manual-cyclone-idai-2019-rosea-20190326-mozambique-floods-flash-update-10-final-pdf,human,,human,2019-03-26,shelter,Shelter and non-food items,partial,0.5,0.85,ok,,159,e238cdd2,deepseek-v4-pro,c10769d0bc982c8ad0d7d1ccf35865e6217458596ea6c30992fdb3a2b6e55017,cache,True,2026-08-30T22:20:29+00:00
cyclone-idai-2019,manual-cyclone-idai-2019-rosea-20190326-mozambique-floods-flash-update-10-final-pdf,human,,human,2019-03-26,sourcing,Sourcing and attribution,present,1.0,0.95,ok,,142,674c9bbc,deepseek-v4-pro,1ff8ea6d4d1d1292b829da7e3dfc616db71493f73e9cfc3752a0e8985da35a52,cache,True,2026-08-30T22:20:29+00:00
cyclone-idai-2019,manual-cyclone-idai-2019-rosea-20190326-mozambique-floods-flash-update-10-final-pdf,human,,human,2019-03-26,wash,WASH needs and response,partial,0.5,0.7,ok,,169,b8afb44c,deepseek-v4-pro,e20c80b81491b39098ea19719a1d2a8f407d23ad1b9e6fc1e5dd58480ec1eef9,cache,True,2026-08-30T22:20:29+00:00
cyclone-idai-2019,manual-cyclone-idai-2019-rosea-20190327-mozambique-floods-flash-update-11-final-pdf,human,,human,2019-03-27,access,Access constraints,present,1.0,0.9,ok,,235,2030bdf5,deepseek-v4-pro,83e47e48df968bd8e3c1067086b9d97d814090d7e5807043b90b10ef5569dfdf,cache,True,2026-08-30T22:20:29+00:00
cyclone-idai-2019,manual-cyclone-idai-2019-rosea-20190327-mozambique-floods-flash-update-11-final-pdf,human,,human,2019-03-27,casualties,Casualty and affected-population figures,absent,0.0,0.95,ok,,0,,deepseek-v4-pro,d0cd0022c58ed67bcd8d2342b6fd079a37f2021f0374dc993eb6b8e0d593c09e,cache,True,2026-08-30T22:20:29+00:00
cyclone-idai-2019,manual-cyclone-idai-2019-rosea-20190327-mozambique-floods-flash-update-11-final-pdf,human,,human,2019-03-27,coordination,Coordination arrangements,partial,0.5,0.75,ok,,159,08201a7e,deepseek-v4-pro,af9450bc7048ee2f15aeace6f3ef074768d3640ecf1e6300b7403ca5f28baa94,cache,True,2026-08-30T22:20:29+00:00
cyclone-idai-2019,manual-cyclone-idai-2019-rosea-20190327-mozambique-floods-flash-update-11-final-pdf,human,,human,2019-03-27,currency_and_metadata,Data currency and report metadata,present,1.0,0.9,ok,,143,bb5e3c91,deepseek-v4-pro,a8f24adbc1abaeefffa77f186c9dd633e77bf9672225bc6f8b997c384305a61e,cache,True,2026-08-30T22:20:29+00:00
cyclone-idai-2019,manual-cyclone-idai-2019-rosea-20190327-mozambique-floods-flash-update-11-final-pdf,human,,human,2019-03-27,damage,"Physical, economic and agricultural damage",present,1.0,0.98,ok,,221,d46ea95f,deepseek-v4-pro,cb8df03d4d611a7a7548b7bfc3c10926f0f6b96ed586b2b46284afcb3dded80b,cache,True,2026-08-30T22:20:29+00:00
cyclone-idai-2019,manual-cyclone-idai-2019-rosea-20190327-mozambique-floods-flash-update-11-final-pdf,human,,human,2019-03-27,displacement,Displacement and accommodation sites,present,1.0,0.98,ok,,206,4e0ec960,deepseek-v4-pro,dc322a4a90aedc229f21852d465d47a635d754eca21a456478e9717948f9454d,cache,True,2026-08-30T22:20:29+00:00
cyclone-idai-2019,manual-cyclone-idai-2019-rosea-20190327-mozambique-floods-flash-update-11-final-pdf,human,,human,2019-03-27,education,Education impact and response,present,1.0,0.95,ok,,148,0ac737d5,deepseek-v4-pro,cf30fcbe4cb1ca77dc1c704286a29a076a52c228b26fc979d75c02cd9d55fb9a,cache,True,2026-08-30T22:20:29+00:00
cyclone-idai-2019,manual-cyclone-idai-2019-rosea-20190327-mozambique-floods-flash-update-11-final-pdf,human,,human,2019-03-27,food,Food security and assistance reach,present,1.0,0.95,ok,,169,f83d7f0d,deepseek-v4-pro,df49d13107f650193e47e42a0ffc8309d3f9f4c161aa3885143d332f21749218,cache,True,2026-08-30T22:20:29+00:00
cyclone-idai-2019,manual-cyclone-idai-2019-rosea-20190327-mozambique-floods-flash-update-11-final-pdf,human,,human,2019-03-27,funding,Funding status and donor contributions,partial,0.5,0.9,ok,,171,441c61f6,deepseek-v4-pro,a27dc636d65251a10b8f3dd9ac4d25247282774edff6b96598158af2b57561b8,cache,True,2026-08-30T22:20:29+00:00
cyclone-idai-2019,manual-cyclone-idai-2019-rosea-20190327-mozambique-floods-flash-update-11-final-pdf,human,,human,2019-03-27,health,"Health, disease outbreak and nutrition",present,1.0,0.97,ok,,175,5049e8ff,deepseek-v4-pro,32a5640b285f3a4850bde082a63004c70a64e187c175ebc23cd71a3934451e3e,cache,True,2026-08-30T22:20:29+00:00
cyclone-idai-2019,manual-cyclone-idai-2019-rosea-20190327-mozambique-floods-flash-update-11-final-pdf,human,,human,2019-03-27,needs_gaps,Sector needs and gaps,present,1.0,0.95,ok,,129,12fd2fe2,deepseek-v4-pro,20eebb36e50fae8f1ad6a10996504a5d1feef0cea41cf50dabf4059e3d5497b7,cache,True,2026-08-30T22:20:29+00:00
cyclone-idai-2019,manual-cyclone-idai-2019-rosea-20190327-mozambique-floods-flash-update-11-final-pdf,human,,human,2019-03-27,response_actions,Sector response activities,present,1.0,0.98,ok,,169,f83d7f0d,deepseek-v4-pro,ffa08e14c9fd21bc4dd3ae7b306caa4719db508bd0a1034a21cbea924d9e73f0,cache,True,2026-08-30T22:20:29+00:00
cyclone-idai-2019,manual-cyclone-idai-2019-rosea-20190327-mozambique-floods-flash-update-11-final-pdf,human,,human,2019-03-27,shelter,Shelter and non-food items,present,1.0,0.95,ok,,194,f966941e,deepseek-v4-pro,ff0c339c4e741bfdb32907980f505068ea126af2b9f2f13f1beb9e7d692fed77,cache,True,2026-08-30T22:20:29+00:00
cyclone-idai-2019,manual-cyclone-idai-2019-rosea-20190327-mozambique-floods-flash-update-11-final-pdf,human,,human,2019-03-27,sourcing,Sourcing and attribution,present,1.0,0.97,ok,,170,cd938631,deepseek-v4-pro,add78c0d2a98bac09c59c183936d098ff46b53a6ce6dcb7f83d2c03dde61aed3,cache,True,2026-08-30T22:20:29+00:00
cyclone-idai-2019,manual-cyclone-idai-2019-rosea-20190327-mozambique-floods-flash-update-11-final-pdf,human,,human,2019-03-27,wash,WASH needs and response,present,1.0,0.9,ok,,148,66fa04bd,deepseek-v4-pro,e061cdf34552ade99705792b6e1284422dd823aa051f6952e1eb9b4c0cb3f31b,cache,True,2026-08-30T22:20:29+00:00
cyclone-idai-2019,manual-cyclone-idai-2019-rosea-20190328-mozambique-floods-flash-update-12-final-pdf,human,,human,2019-03-28,access,Access constraints,present,1.0,0.9,ok,,190,7e3baa40,deepseek-v4-pro,b95dc2fd8191c69d56a9c1c7a3358fd01839e005bf33a3aba77723def7f5418a,cache,True,2026-08-30T22:20:29+00:00
cyclone-idai-2019,manual-cyclone-idai-2019-rosea-20190328-mozambique-floods-flash-update-12-final-pdf,human,,human,2019-03-28,casualties,Casualty and affected-population figures,present,1.0,0.95,ok,,88,6c6b2638,deepseek-v4-pro,1d71dd4fcefe3c54ebb3b570f8f1d69ae8b66b4c1988e18f64f68d50880b15ec,cache,True,2026-08-30T22:20:29+00:00
cyclone-idai-2019,manual-cyclone-idai-2019-rosea-20190328-mozambique-floods-flash-update-12-final-pdf,human,,human,2019-03-28,coordination,Coordination arrangements,present,1.0,0.9,ok,,96,993fece5,deepseek-v4-pro,b2b3d4444f683e344831e231b0159c5eb6fcc8fc64f76d35f892cf982ac7db1b,cache,True,2026-08-30T22:20:29+00:00
cyclone-idai-2019,manual-cyclone-idai-2019-rosea-20190328-mozambique-floods-flash-update-12-final-pdf,human,,human,2019-03-28,currency_and_metadata,Data currency and report metadata,present,1.0,0.95,ok,,251,adf84481,deepseek-v4-pro,182b751e3b5cfcbd5a618b0887d7613f536c3adaab24d9232fb5b81641e5a028,cache,True,2026-08-30T22:20:29+00:00
cyclone-idai-2019,manual-cyclone-idai-2019-rosea-20190328-mozambique-floods-flash-update-12-final-pdf,human,,human,2019-03-28,damage,"Physical, economic and agricultural damage",present,1.0,0.95,ok,,203,bf90c8ba,deepseek-v4-pro,a7b09721b4fdcd2ebfd84366bd5ac04758a5ee9e1c16a51234ca165555663e49,cache,True,2026-08-30T22:20:29+00:00
cyclone-idai-2019,manual-cyclone-idai-2019-rosea-20190328-mozambique-floods-flash-update-12-final-pdf,human,,human,2019-03-28,displacement,Displacement and accommodation sites,present,1.0,1.0,ok,,215,b357501a,deepseek-v4-pro,3ebcec6289736330eb5125e08676b0d37a6255e4d1eaf9a6ece7202edb9a2682,cache,True,2026-08-30T22:20:29+00:00
cyclone-idai-2019,manual-cyclone-idai-2019-rosea-20190328-mozambique-floods-flash-update-12-final-pdf,human,,human,2019-03-28,education,Education impact and response,present,1.0,0.95,ok,,170,1d001573,deepseek-v4-pro,aa21a54a4945ca53f271cb03b7f301eca60b3a2197e0ffc1828dabe47e120f6e,cache,True,2026-08-30T22:20:29+00:00
cyclone-idai-2019,manual-cyclone-idai-2019-rosea-20190328-mozambique-floods-flash-update-12-final-pdf,human,,human,2019-03-28,food,Food security and assistance reach,present,1.0,0.97,ok,,199,f03e4adc,deepseek-v4-pro,a4763141e160a8dd45a339160a2a4a8a491465607e14f3a6be4fc73cc2cb976b,cache,True,2026-08-30T22:20:29+00:00
cyclone-idai-2019,manual-cyclone-idai-2019-rosea-20190328-mozambique-floods-flash-update-12-final-pdf,human,,human,2019-03-28,funding,Funding status and donor contributions,partial,0.5,0.9,ok,,252,998af5e3,deepseek-v4-pro,b5f58fd83d91ae95516dd2ac15f07325674962c7d09069e648985f05e36aee87,cache,True,2026-08-30T22:20:29+00:00
cyclone-idai-2019,manual-cyclone-idai-2019-rosea-20190328-mozambique-floods-flash-update-12-final-pdf,human,,human,2019-03-28,health,"Health, disease outbreak and nutrition",partial,0.5,0.9,ok,,165,e6a04094,deepseek-v4-pro,1fd4ce1d3e12f4f556a1dc72dfaa728ba83dac2d01041569e6e692b953f8b112,cache,True,2026-08-30T22:20:29+00:00
cyclone-idai-2019,manual-cyclone-idai-2019-rosea-20190328-mozambique-floods-flash-update-12-final-pdf,human,,human,2019-03-28,needs_gaps,Sector needs and gaps,present,1.0,0.9,ok,,166,f5ed1653,deepseek-v4-pro,4486b873bf03a45e8ea7aad41b2df24613c46c1ccc8b01161855722f6b92f2f3,cache,True,2026-08-30T22:20:29+00:00
cyclone-idai-2019,manual-cyclone-idai-2019-rosea-20190328-mozambique-floods-flash-update-12-final-pdf,human,,human,2019-03-28,response_actions,Sector response activities,present,1.0,0.97,ok,,131,28d68bc1,deepseek-v4-pro,851864020c34f4cceab963aa996312a6c11f1603eb68b056c1953ee7ffffd437,cache,True,2026-08-30T22:20:29+00:00
cyclone-idai-2019,manual-cyclone-idai-2019-rosea-20190328-mozambique-floods-flash-update-12-final-pdf,human,,human,2019-03-28,shelter,Shelter and non-food items,partial,0.5,0.7,ok,,95,a9a1634b,deepseek-v4-pro,f82c2878d60ef75f08677455c2e5d66a75505c62ca4a51e6c1e2c4a021c20d21,cache,True,2026-08-30T22:20:29+00:00
cyclone-idai-2019,manual-cyclone-idai-2019-rosea-20190328-mozambique-floods-flash-update-12-final-pdf,human,,human,2019-03-28,sourcing,Sourcing and attribution,present,1.0,0.95,ok,,217,7a03dedc,deepseek-v4-pro,91ae24d1dc12464a0b61deed2b9d77b584f6598263b723c5b9c50e86331ade00,cache,True,2026-08-30T22:20:29+00:00
cyclone-idai-2019,manual-cyclone-idai-2019-rosea-20190328-mozambique-floods-flash-update-12-final-pdf,human,,human,2019-03-28,wash,WASH needs and response,partial,0.5,0.85,ok,,176,b123d767,deepseek-v4-pro,78bd548b60f38e5d674d696cd62dc3933398937d7093541d95f2ce5e63339a6b,cache,True,2026-08-30T22:20:29+00:00
cyclone-idai-2019,manual-cyclone-idai-2019-rosea-20190329-mozambique-floods-flash-update-13-final-pdf,human,,human,2019-03-29,access,Access constraints,present,1.0,0.95,ok,,196,ee9ca7aa,deepseek-v4-pro,78b6e6ffb2432290b030385f4fdc30ef525b786505d7ac39cba8be788956ff66,cache,True,2026-08-30T22:20:29+00:00
cyclone-idai-2019,manual-cyclone-idai-2019-rosea-20190329-mozambique-floods-flash-update-13-final-pdf,human,,human,2019-03-29,casualties,Casualty and affected-population figures,present,1.0,0.95,ok,,99,473f445f,deepseek-v4-pro,91b92a346de3268bbc2afd7afdcac968a8185cb602d0e429c53e268e8803f30b,cache,True,2026-08-30T22:20:29+00:00
cyclone-idai-2019,manual-cyclone-idai-2019-rosea-20190329-mozambique-floods-flash-update-13-final-pdf,human,,human,2019-03-29,coordination,Coordination arrangements,partial,0.5,0.75,ok,,163,70a3646a,deepseek-v4-pro,be48aeb1af5ea01c89fa1ab34a49579b853ae88f76400f93cc10eaec29d26cc5,cache,True,2026-08-30T22:20:29+00:00
cyclone-idai-2019,manual-cyclone-idai-2019-rosea-20190329-mozambique-floods-flash-update-13-final-pdf,human,,human,2019-03-29,currency_and_metadata,Data currency and report metadata,present,1.0,0.9,ok,,259,524bbe7e,deepseek-v4-pro,728ab8f7163d2bbe3864ba51f7d4524fc5f6f8ba112b3772fccb3219e4a87203,cache,True,2026-08-30T22:20:29+00:00
cyclone-idai-2019,manual-cyclone-idai-2019-rosea-20190329-mozambique-floods-flash-update-13-final-pdf,human,,human,2019-03-29,damage,"Physical, economic and agricultural damage",present,1.0,0.95,ok,,233,03d69d52,deepseek-v4-pro,be72023d0a77bd6de2915e5c4e3f433170a5208fa844b8fe6cbfe3e10a7860b5,cache,True,2026-08-30T22:20:29+00:00
cyclone-idai-2019,manual-cyclone-idai-2019-rosea-20190329-mozambique-floods-flash-update-13-final-pdf,human,,human,2019-03-29,displacement,Displacement and accommodation sites,present,1.0,0.95,ok,,133,5e9f53cd,deepseek-v4-pro,993abe9db4bcc79a59c315d554803b63d2521906de15870f755650a013df1134,cache,True,2026-08-30T22:20:29+00:00
cyclone-idai-2019,manual-cyclone-idai-2019-rosea-20190329-mozambique-floods-flash-update-13-final-pdf,human,,human,2019-03-29,education,Education impact and response,present,1.0,0.95,ok,,211,6b0e6a3e,deepseek-v4-pro,4aefc60c8c9627383aac75d3574457befa6185e29fb4797163be0f71402cba35,cache,True,2026-08-30T22:20:29+00:00
cyclone-idai-2019,manual-cyclone-idai-2019-rosea-20190329-mozambique-floods-flash-update-13-final-pdf,human,,human,2019-03-29,food,Food security and assistance reach,present,1.0,0.95,ok,,140,79a1c92c,deepseek-v4-pro,42f4b279b6316da08586b47e4244f066bd3723c34546382f8b2b0dff00fb3a24,cache,True,2026-08-30T22:20:29+00:00
cyclone-idai-2019,manual-cyclone-idai-2019-rosea-20190329-mozambique-floods-flash-update-13-final-pdf,human,,human,2019-03-29,funding,Funding status and donor contributions,partial,0.5,0.9,ok,,243,09b94c94,deepseek-v4-pro,93874c0a6168919f3c57aeb012971d91f9fbe378af48e9454d1000e348c5e8f6,cache,True,2026-08-30T22:20:29+00:00
cyclone-idai-2019,manual-cyclone-idai-2019-rosea-20190329-mozambique-floods-flash-update-13-final-pdf,human,,human,2019-03-29,health,"Health, disease outbreak and nutrition",present,1.0,0.95,ok,,155,11e917c3,deepseek-v4-pro,a81d6490b6ccb9e3f9d29aae313e9303843785d61e06674b72971a68605f48c6,cache,True,2026-08-30T22:20:29+00:00
cyclone-idai-2019,manual-cyclone-idai-2019-rosea-20190329-mozambique-floods-flash-update-13-final-pdf,human,,human,2019-03-29,needs_gaps,Sector needs and gaps,present,1.0,0.85,ok,,179,37b92645,deepseek-v4-pro,88af19783ac41222d9ebabd4305fdf9458cba74f854d48d3073639ee5a8f466d,cache,True,2026-08-30T22:20:29+00:00
cyclone-idai-2019,manual-cyclone-idai-2019-rosea-20190329-mozambique-floods-flash-update-13-final-pdf,human,,human,2019-03-29,response_actions,Sector response activities,present,1.0,0.95,ok,,212,7268022d,deepseek-v4-pro,8218378187faf3af2e4a5d602ee942b9c3b09318281202879fcb4d8e7f9cc025,cache,True,2026-08-30T22:20:29+00:00
cyclone-idai-2019,manual-cyclone-idai-2019-rosea-20190329-mozambique-floods-flash-update-13-final-pdf,human,,human,2019-03-29,shelter,Shelter and non-food items,absent,0.0,0.95,ok,,0,,deepseek-v4-pro,6873eecdc9afb80e13a4457ae38858af8a85a35cdc3db62aedfd429b01ddab41,cache,True,2026-08-30T22:20:29+00:00
cyclone-idai-2019,manual-cyclone-idai-2019-rosea-20190329-mozambique-floods-flash-update-13-final-pdf,human,,human,2019-03-29,sourcing,Sourcing and attribution,present,1.0,0.98,ok,,155,11e917c3,deepseek-v4-pro,44469dbd6a53e2c596fb033a700bad624fae34c49f2cd35da5f74099cac5faeb,cache,True,2026-08-30T22:20:29+00:00
cyclone-idai-2019,manual-cyclone-idai-2019-rosea-20190329-mozambique-floods-flash-update-13-final-pdf,human,,human,2019-03-29,wash,WASH needs and response,partial,0.5,0.9,ok,,138,e56f03c6,deepseek-v4-pro,a506b8ca86653d9e189bf0157c2de116c045311a91c5ce04a2b5bb5d2ef155af,cache,True,2026-08-30T22:20:29+00:00
cyclone-idai-2019,manual-cyclone-idai-2019-rosea-20190330-mozambique-floods-flash-update-14-final-pdf,human,,human,2019-03-30,access,Access constraints,partial,0.5,0.72,ok,,247,247072f5,deepseek-v4-pro,2f2e1a2d63b2416df61aaf58710c0744f15c86d6ccae46f5a898fbe934bc7cb4,cache,True,2026-08-30T22:20:29+00:00
cyclone-idai-2019,manual-cyclone-idai-2019-rosea-20190330-mozambique-floods-flash-update-14-final-pdf,human,,human,2019-03-30,casualties,Casualty and affected-population figures,present,1.0,1.0,ok,,137,cdc17171,deepseek-v4-pro,090c66094819ae0f541cfb71b27c00d022f5d14a7ea5dec32ca328ab2734d3e1,cache,True,2026-08-30T22:20:29+00:00
cyclone-idai-2019,manual-cyclone-idai-2019-rosea-20190330-mozambique-floods-flash-update-14-final-pdf,human,,human,2019-03-30,coordination,Coordination arrangements,partial,0.5,0.75,ok,,220,df610f51,deepseek-v4-pro,8ba37cbc6865e90d3f604f0fc6c36ee458c81f2de91fcf2c7d558ad6557a83f0,cache,True,2026-08-30T22:20:29+00:00
cyclone-idai-2019,manual-cyclone-idai-2019-rosea-20190330-mozambique-floods-flash-update-14-final-pdf,human,,human,2019-03-30,currency_and_metadata,Data currency and report metadata,present,1.0,0.9,ok,,100,6222c017,deepseek-v4-pro,e29c55078d9bf22073283d4f0ce2ab98c031fee55f424baa8dffa866f389f96e,cache,True,2026-08-30T22:20:29+00:00
cyclone-idai-2019,manual-cyclone-idai-2019-rosea-20190330-mozambique-floods-flash-update-14-final-pdf,human,,human,2019-03-30,damage,"Physical, economic and agricultural damage",present,1.0,0.95,ok,,137,c852f1e4,deepseek-v4-pro,a1d343cbd4fafa7255b77868cdf9c63ff9506c0238ad713925e2deb0e66e9b09,cache,True,2026-08-30T22:20:29+00:00
cyclone-idai-2019,manual-cyclone-idai-2019-rosea-20190330-mozambique-floods-flash-update-14-final-pdf,human,,human,2019-03-30,displacement,Displacement and accommodation sites,present,1.0,1.0,ok,,213,e3f70871,deepseek-v4-pro,53fe3d6cb73a3ed080551250fe0ab6b52d440d87db6d578253e096a53a9f1a16,cache,True,2026-08-30T22:20:29+00:00
cyclone-idai-2019,manual-cyclone-idai-2019-rosea-20190330-mozambique-floods-flash-update-14-final-pdf,human,,human,2019-03-30,education,Education impact and response,present,1.0,0.95,ok,,149,39bf0a5c,deepseek-v4-pro,2bac7b3caef4969d91b07104586f644ab0b0538262ef6dde590da0199a222c8b,cache,True,2026-08-30T22:20:29+00:00
cyclone-idai-2019,manual-cyclone-idai-2019-rosea-20190330-mozambique-floods-flash-update-14-final-pdf,human,,human,2019-03-30,food,Food security and assistance reach,present,1.0,0.95,ok,,217,3821457f,deepseek-v4-pro,10d81d85a2961ae93d194a336a3f8223e0df4638e8c2799abf9671dbeee99ef3,cache,True,2026-08-30T22:20:29+00:00
cyclone-idai-2019,manual-cyclone-idai-2019-rosea-20190330-mozambique-floods-flash-update-14-final-pdf,human,,human,2019-03-30,funding,Funding status and donor contributions,partial,0.5,0.9,ok,,229,fa55e3a2,deepseek-v4-pro,ebef99126f537945d1a17250500c04df5db39976507b83fdd935dd6c47f866ba,cache,True,2026-08-30T22:20:29+00:00
cyclone-idai-2019,manual-cyclone-idai-2019-rosea-20190330-mozambique-floods-flash-update-14-final-pdf,human,,human,2019-03-30,health,"Health, disease outbreak and nutrition",present,1.0,0.95,ok,,336,7585f5a5,deepseek-v4-pro,282e6dfd96582216788bdd14b21ddb85236659699e251c04c93eb822544e5f58,cache,True,2026-08-30T22:20:29+00:00
cyclone-idai-2019,manual-cyclone-idai-2019-rosea-20190330-mozambique-floods-flash-update-14-final-pdf,human,,human,2019-03-30,needs_gaps,Sector needs and gaps,present,1.0,0.95,ok,,172,f01208bb,deepseek-v4-pro,73d9b3d6678e8ed3e0dbd210675fb352d83816d1402d172712da7c9aa138d667,cache,True,2026-08-30T22:20:29+00:00
cyclone-idai-2019,manual-cyclone-idai-2019-rosea-20190330-mozambique-floods-flash-update-14-final-pdf,human,,human,2019-03-30,response_actions,Sector response activities,present,1.0,1.0,ok,,111,a87ca99f,deepseek-v4-pro,3ce1c20adc94610be2db841fa7dcaaff02b959188aa681efc7b46e76a90a4c54,cache,True,2026-08-30T22:20:29+00:00
cyclone-idai-2019,manual-cyclone-idai-2019-rosea-20190330-mozambique-floods-flash-update-14-final-pdf,human,,human,2019-03-30,shelter,Shelter and non-food items,present,1.0,0.9,ok,,156,297eb937,deepseek-v4-pro,ba63c97a81fa8ec29af9ac74b97ea0f5ec97094f8df5d4110f4ff189feb342eb,cache,True,2026-08-30T22:20:29+00:00
cyclone-idai-2019,manual-cyclone-idai-2019-rosea-20190330-mozambique-floods-flash-update-14-final-pdf,human,,human,2019-03-30,sourcing,Sourcing and attribution,present,1.0,0.95,ok,,137,cdc17171,deepseek-v4-pro,0e636868473f9e4afbaf7998ecf6618b7b98bde24c7b000704b22ac0ecea9873,cache,True,2026-08-30T22:20:29+00:00
cyclone-idai-2019,manual-cyclone-idai-2019-rosea-20190330-mozambique-floods-flash-update-14-final-pdf,human,,human,2019-03-30,wash,WASH needs and response,partial,0.5,0.9,ok,,166,6982d421,deepseek-v4-pro,9dd42989092a512dce49ae3db17692effdbd4a08cbb2dcc101330660f8727a3b,cache,True,2026-08-30T22:20:29+00:00
cyclone-idai-2019,manual-cyclone-idai-2019-rosea-20190401-mozambique-floods-flash-update-15-final-pdf,human,,human,2019-04-01,access,Access constraints,present,1.0,0.82,ok,,154,1387e45b,deepseek-v4-pro,ba2c362685d090f7bf712f192447fb83f0f43c5964b881811029846282a7cf3e,cache,True,2026-08-30T22:20:29+00:00
cyclone-idai-2019,manual-cyclone-idai-2019-rosea-20190401-mozambique-floods-flash-update-15-final-pdf,human,,human,2019-04-01,casualties,Casualty and affected-population figures,present,1.0,0.9,ok,,91,9b8c3c12,deepseek-v4-pro,1c140c41e6c3524acc83ba4b5864ee9eeafaabe2949de273aea7ae69aaaaae66,cache,True,2026-08-30T22:20:29+00:00
cyclone-idai-2019,manual-cyclone-idai-2019-rosea-20190401-mozambique-floods-flash-update-15-final-pdf,human,,human,2019-04-01,coordination,Coordination arrangements,partial,0.5,0.75,ok,,223,1d2f4b2e,deepseek-v4-pro,3835a0fcf36fab7581921a0a30a82e2eda8dbd6ba9aee37efc306c0ff915c2a8,cache,True,2026-08-30T22:20:29+00:00
cyclone-idai-2019,manual-cyclone-idai-2019-rosea-20190401-mozambique-floods-flash-update-15-final-pdf,human,,human,2019-04-01,currency_and_metadata,Data currency and report metadata,present,1.0,0.95,ok,,187,d8f3f855,deepseek-v4-pro,fb4bcdd847f42569695ffc4be8e8539d6e7855d92cbd40a2ac7547892bdbf899,cache,True,2026-08-30T22:20:29+00:00
cyclone-idai-2019,manual-cyclone-idai-2019-rosea-20190401-mozambique-floods-flash-update-15-final-pdf,human,,human,2019-04-01,damage,"Physical, economic and agricultural damage",present,1.0,0.95,ok,,206,6fb91331,deepseek-v4-pro,b32add5808661902d74c1cd4a80bdc04f8b3016102a85053b05149a0d6e9130f,cache,True,2026-08-30T22:20:29+00:00
cyclone-idai-2019,manual-cyclone-idai-2019-rosea-20190401-mozambique-floods-flash-update-15-final-pdf,human,,human,2019-04-01,displacement,Displacement and accommodation sites,present,1.0,1.0,ok,,267,b44ae0f8,deepseek-v4-pro,0b3912042bad8fc31fb5c66e598e8300e359ad629cc206cb925576b1f0c11cd5,cache,True,2026-08-30T22:20:29+00:00
cyclone-idai-2019,manual-cyclone-idai-2019-rosea-20190401-mozambique-floods-flash-update-15-final-pdf,human,,human,2019-04-01,education,Education impact and response,partial,0.5,0.8,ok,,180,ff30a399,deepseek-v4-pro,4dd6dfda88841cdf3bbd59652d0c30bf5dc0ea51a410f2ec99bae2ef01a3e496,cache,True,2026-08-30T22:20:29+00:00
cyclone-idai-2019,manual-cyclone-idai-2019-rosea-20190401-mozambique-floods-flash-update-15-final-pdf,human,,human,2019-04-01,food,Food security and assistance reach,present,1.0,0.9,ok,,172,4a307b87,deepseek-v4-pro,c589814c07b88eb4782416a6ee325c29c589eef39068b5bbfdb817c98307d24b,cache,True,2026-08-30T22:20:29+00:00
cyclone-idai-2019,manual-cyclone-idai-2019-rosea-20190401-mozambique-floods-flash-update-15-final-pdf,human,,human,2019-04-01,funding,Funding status and donor contributions,absent,0.0,0.95,ok,,0,,deepseek-v4-pro,6d23501d3788220f1e4bba30f6297b18782425665dfff52b8f60ffa14fae5259,cache,True,2026-08-30T22:20:29+00:00
cyclone-idai-2019,manual-cyclone-idai-2019-rosea-20190401-mozambique-floods-flash-update-15-final-pdf,human,,human,2019-04-01,health,"Health, disease outbreak and nutrition",present,1.0,0.95,ok,,110,12f7c15d,deepseek-v4-pro,697a4afd2ff88ce33144943850a5d30ad121fb2e2595efcb98e79b50af95114e,cache,True,2026-08-30T22:20:29+00:00
cyclone-idai-2019,manual-cyclone-idai-2019-rosea-20190401-mozambique-floods-flash-update-15-final-pdf,human,,human,2019-04-01,needs_gaps,Sector needs and gaps,present,1.0,0.95,ok,,200,36c8374c,deepseek-v4-pro,0295fb4cf67aced2a38433d0c52475ce08e6452305a986818159fddef97e95fb,cache,True,2026-08-30T22:20:29+00:00
cyclone-idai-2019,manual-cyclone-idai-2019-rosea-20190401-mozambique-floods-flash-update-15-final-pdf,human,,human,2019-04-01,response_actions,Sector response activities,present,1.0,1.0,ok,,171,c2e65da1,deepseek-v4-pro,8e3581f89d81513f7005b50425bf476ee23c45808a7c60258b99964156481b63,cache,True,2026-08-30T22:20:29+00:00
cyclone-idai-2019,manual-cyclone-idai-2019-rosea-20190401-mozambique-floods-flash-update-15-final-pdf,human,,human,2019-04-01,shelter,Shelter and non-food items,present,1.0,0.95,ok,,177,ca80d4fc,deepseek-v4-pro,545196c5340019ceb17e65907d5f084d1204344783ff19e0f1ba50522ff49908,cache,True,2026-08-30T22:20:29+00:00
cyclone-idai-2019,manual-cyclone-idai-2019-rosea-20190401-mozambique-floods-flash-update-15-final-pdf,human,,human,2019-04-01,sourcing,Sourcing and attribution,present,1.0,1.0,ok,,202,929d9b5b,deepseek-v4-pro,03f1ab20d9e15ad01d5c191c75277649b95e700fb70de47b0a7835e03b98d9bf,cache,True,2026-08-30T22:20:29+00:00
cyclone-idai-2019,manual-cyclone-idai-2019-rosea-20190401-mozambique-floods-flash-update-15-final-pdf,human,,human,2019-04-01,wash,WASH needs and response,present,1.0,0.9,ok,,400,621b3abc,deepseek-v4-pro,b3e4112120a519035fbc3718fbbb2c48dd9b0f7e9961cc578a1ccfa137d552be,cache,True,2026-08-30T22:20:29+00:00
cyclone-idai-2019,manual-cyclone-idai-2019-rosea-20190407-mozambique-sitrep-5-6-april-pdf,human,,human,2019-04-07,access,Access constraints,present,1.0,0.96,ok,,174,3f6eccc7,deepseek-v4-pro,72845fd50901da9f0567b04bc864074ff1c61744e5d855feb0e920bd9f7170ee,cache,True,2026-08-30T22:20:29+00:00
cyclone-idai-2019,manual-cyclone-idai-2019-rosea-20190407-mozambique-sitrep-5-6-april-pdf,human,,human,2019-04-07,casualties,Casualty and affected-population figures,present,1.0,0.95,ok,,81,7e8ff2f7,deepseek-v4-pro,b6f1c2128d12e077fdfab0796057bfdb9509a732978d22f420f8aea1a6127a1a,cache,True,2026-08-30T22:20:29+00:00
cyclone-idai-2019,manual-cyclone-idai-2019-rosea-20190407-mozambique-sitrep-5-6-april-pdf,human,,human,2019-04-07,coordination,Coordination arrangements,present,1.0,0.8,ok,,157,141aa986,deepseek-v4-pro,7515bbb5f49869b0425759f567c7934478535a527d1752109b3d1bcc309f8080,cache,True,2026-08-30T22:20:29+00:00
cyclone-idai-2019,manual-cyclone-idai-2019-rosea-20190407-mozambique-sitrep-5-6-april-pdf,human,,human,2019-04-07,currency_and_metadata,Data currency and report metadata,present,1.0,0.9,ok,,180,620bc0e5,deepseek-v4-pro,64e45033b81bb4a323efb8b61db02d3a253111a6ae82cf962b6a9f78fe4d5a6e,cache,True,2026-08-30T22:20:29+00:00
cyclone-idai-2019,manual-cyclone-idai-2019-rosea-20190407-mozambique-sitrep-5-6-april-pdf,human,,human,2019-04-07,damage,"Physical, economic and agricultural damage",present,1.0,0.96,ok,,192,510a7d93,deepseek-v4-pro,c4e9773535e4db5b37ab3f7b35f1918398881fbe3143eacca340b5f659944ac0,cache,True,2026-08-30T22:20:29+00:00
cyclone-idai-2019,manual-cyclone-idai-2019-rosea-20190407-mozambique-sitrep-5-6-april-pdf,human,,human,2019-04-07,displacement,Displacement and accommodation sites,present,1.0,0.95,ok,,167,ca1377e6,deepseek-v4-pro,9aab0945b05171cb33fb8f724a3e76acfa77ea9f7570c781815dbb9ec444d2c9,cache,True,2026-08-30T22:20:29+00:00
cyclone-idai-2019,manual-cyclone-idai-2019-rosea-20190407-mozambique-sitrep-5-6-april-pdf,human,,human,2019-04-07,education,Education impact and response,present,1.0,0.95,ok,,136,dc6ca87c,deepseek-v4-pro,4d6ba02dc2bb933fdd69910557d77b1260b567003c70a6d1a71cdb2694d2e675,cache,True,2026-08-30T22:20:29+00:00
cyclone-idai-2019,manual-cyclone-idai-2019-rosea-20190407-mozambique-sitrep-5-6-april-pdf,human,,human,2019-04-07,food,Food security and assistance reach,present,1.0,1.0,ok,,131,f4af211a,deepseek-v4-pro,e6d5a6a5c146d496235f229e6ab905f7f3116e14f0b1c60885b54dc76f3e7090,cache,True,2026-08-30T22:20:29+00:00
cyclone-idai-2019,manual-cyclone-idai-2019-rosea-20190407-mozambique-sitrep-5-6-april-pdf,human,,human,2019-04-07,funding,Funding status and donor contributions,present,1.0,0.95,ok,,198,f33da1ba,deepseek-v4-pro,f3e85b39710b81bdbfe2821397f080c223bce7242e7fdf2e681637c44b6812b4,cache,True,2026-08-30T22:20:29+00:00
cyclone-idai-2019,manual-cyclone-idai-2019-rosea-20190407-mozambique-sitrep-5-6-april-pdf,human,,human,2019-04-07,health,"Health, disease outbreak and nutrition",present,1.0,1.0,ok,,146,c5601e7e,deepseek-v4-pro,39085f3ceaa6b7e08fa92be1c8bff88055c02c41f852e8b2ddf808708811e5f9,cache,True,2026-08-30T22:20:29+00:00
cyclone-idai-2019,manual-cyclone-idai-2019-rosea-20190407-mozambique-sitrep-5-6-april-pdf,human,,human,2019-04-07,needs_gaps,Sector needs and gaps,present,1.0,0.95,ok,,220,6ebc34a1,deepseek-v4-pro,3de2e5bac7f3b49350352da9450df82a1db39261a974a9d0ab4e36538e50cf49,cache,True,2026-08-30T22:20:29+00:00
cyclone-idai-2019,manual-cyclone-idai-2019-rosea-20190407-mozambique-sitrep-5-6-april-pdf,human,,human,2019-04-07,response_actions,Sector response activities,present,1.0,0.95,ok,,83,51924acd,deepseek-v4-pro,dba7daaaf6a2d4f6592098a67a602b71359a15a615ce88a5d0704f25101f3637,cache,True,2026-08-30T22:20:29+00:00
cyclone-idai-2019,manual-cyclone-idai-2019-rosea-20190407-mozambique-sitrep-5-6-april-pdf,human,,human,2019-04-07,shelter,Shelter and non-food items,present,1.0,0.95,ok,,110,a3e3fdcf,deepseek-v4-pro,357840956290cfa889f2be1804a0acbd013ec7be6ef5bc910ec6718c8700d8c1,cache,True,2026-08-30T22:20:29+00:00
cyclone-idai-2019,manual-cyclone-idai-2019-rosea-20190407-mozambique-sitrep-5-6-april-pdf,human,,human,2019-04-07,sourcing,Sourcing and attribution,present,1.0,1.0,ok,,145,c84b1ae6,deepseek-v4-pro,e28cb70022390edc2b5f6c6de07646e0bed857c99d005e619596f74f2a596e0f,cache,True,2026-08-30T22:20:29+00:00
cyclone-idai-2019,manual-cyclone-idai-2019-rosea-20190407-mozambique-sitrep-5-6-april-pdf,human,,human,2019-04-07,wash,WASH needs and response,partial,0.5,0.8,ok,,194,aa166011,deepseek-v4-pro,1ba330d0ff153f94b5c29bb72f6f09ce0881a03dba0cf09c4d62d2025e0e3930,cache,True,2026-08-30T22:20:29+00:00
cyclone-idai-2019,manual-cyclone-idai-2019-rosea-20190408-mozambique-sitrep-6-7april-pdf,human,,human,2019-04-08,access,Access constraints,present,1.0,0.95,ok,,185,f15c93dc,deepseek-v4-pro,ca1ba5e1ca60fe0119a438cc8765ad00d838835a37689be770e742e931e83843,cache,True,2026-08-30T22:20:29+00:00
cyclone-idai-2019,manual-cyclone-idai-2019-rosea-20190408-mozambique-sitrep-6-7april-pdf,human,,human,2019-04-08,casualties,Casualty and affected-population figures,present,1.0,0.95,ok,,62,e66fa46a,deepseek-v4-pro,205f7651d8862ab7cc314a47ec76232364191cab058ce61b1c6385df652a673c,cache,True,2026-08-30T22:20:29+00:00
cyclone-idai-2019,manual-cyclone-idai-2019-rosea-20190408-mozambique-sitrep-6-7april-pdf,human,,human,2019-04-08,coordination,Coordination arrangements,partial,0.5,0.7,ok,,180,e05362cf,deepseek-v4-pro,1da43cca1850660201fca6a0885def9b51c735eca69784550053dc2b4ea97980,cache,True,2026-08-30T22:20:29+00:00
cyclone-idai-2019,manual-cyclone-idai-2019-rosea-20190408-mozambique-sitrep-6-7april-pdf,human,,human,2019-04-08,currency_and_metadata,Data currency and report metadata,present,1.0,0.95,ok,,217,8eb1bd06,deepseek-v4-pro,ebc2041330ee5168572ca7ed09f6db31bdc864d8f899e668e7d8d079bf638cf7,cache,True,2026-08-30T22:20:29+00:00
cyclone-idai-2019,manual-cyclone-idai-2019-rosea-20190408-mozambique-sitrep-6-7april-pdf,human,,human,2019-04-08,damage,"Physical, economic and agricultural damage",present,1.0,0.98,ok,,180,2a44e9c0,deepseek-v4-pro,21867d115f18da7e75c6475440972dfdd939f2cbf577aa3c54922ef5bdf3dc69,cache,True,2026-08-30T22:20:29+00:00
cyclone-idai-2019,manual-cyclone-idai-2019-rosea-20190408-mozambique-sitrep-6-7april-pdf,human,,human,2019-04-08,displacement,Displacement and accommodation sites,present,1.0,0.97,ok,,146,4ecad3cb,deepseek-v4-pro,afe0b587958220dc6ecdd82630ad9b2fc7c111c88ce320ffb92fc689beea7e08,cache,True,2026-08-30T22:20:29+00:00
cyclone-idai-2019,manual-cyclone-idai-2019-rosea-20190408-mozambique-sitrep-6-7april-pdf,human,,human,2019-04-08,education,Education impact and response,present,1.0,0.95,ok,,135,349efc0f,deepseek-v4-pro,3ec621a4bf5bec040dd09cb77019c28901816f9aea56967ad494b3458a51ab5b,cache,True,2026-08-30T22:20:29+00:00
cyclone-idai-2019,manual-cyclone-idai-2019-rosea-20190408-mozambique-sitrep-6-7april-pdf,human,,human,2019-04-08,food,Food security and assistance reach,present,1.0,1.0,ok,,221,1846f078,deepseek-v4-pro,0a66a250c8cc05a037f8ddf5e66804b8cc9720ece01c9e5928d164c5bfee94a1,cache,True,2026-08-30T22:20:29+00:00
cyclone-idai-2019,manual-cyclone-idai-2019-rosea-20190408-mozambique-sitrep-6-7april-pdf,human,,human,2019-04-08,funding,Funding status and donor contributions,present,1.0,0.98,ok,,312,eb591162,deepseek-v4-pro,99e84d0c89d41bd7758cc752246547feb84cfdb0dffabcacc5430033576b8b72,cache,True,2026-08-30T22:20:29+00:00
cyclone-idai-2019,manual-cyclone-idai-2019-rosea-20190408-mozambique-sitrep-6-7april-pdf,human,,human,2019-04-08,health,"Health, disease outbreak and nutrition",present,1.0,0.98,ok,,145,1ed41926,deepseek-v4-pro,92bf7855ea51e1e52425af6cbafd8a4ee6de413b3db610aade9de2fd451f1683,cache,True,2026-08-30T22:20:29+00:00
cyclone-idai-2019,manual-cyclone-idai-2019-rosea-20190408-mozambique-sitrep-6-7april-pdf,human,,human,2019-04-08,needs_gaps,Sector needs and gaps,present,1.0,0.95,ok,,199,8c407afe,deepseek-v4-pro,47bb982692a2aba3d85afd1279e12bc1aa0acf4a8b1ad6e8ad09d85b7ef999d2,cache,True,2026-08-30T22:20:29+00:00
cyclone-idai-2019,manual-cyclone-idai-2019-rosea-20190408-mozambique-sitrep-6-7april-pdf,human,,human,2019-04-08,response_actions,Sector response activities,present,1.0,0.98,ok,,161,a604e215,deepseek-v4-pro,d3fbd0a67e9db999231b83d24ee51804f7ac22c2c2b3ceb77c77742fd88d8fd8,cache,True,2026-08-30T22:20:29+00:00
cyclone-idai-2019,manual-cyclone-idai-2019-rosea-20190408-mozambique-sitrep-6-7april-pdf,human,,human,2019-04-08,shelter,Shelter and non-food items,partial,0.5,0.85,ok,,92,06c26ccf,deepseek-v4-pro,5fe8656f3eeafd3befb8972aa694f4b0aa0fc6c5825a262b3f96e340574fa273,cache,True,2026-08-30T22:20:29+00:00
cyclone-idai-2019,manual-cyclone-idai-2019-rosea-20190408-mozambique-sitrep-6-7april-pdf,human,,human,2019-04-08,sourcing,Sourcing and attribution,present,1.0,0.95,ok,,145,1ed41926,deepseek-v4-pro,61395aa4cf01b0f9f5557465f6d9090240ffc940b6f8d1545f33e6691bc97c40,cache,True,2026-08-30T22:20:29+00:00
cyclone-idai-2019,manual-cyclone-idai-2019-rosea-20190408-mozambique-sitrep-6-7april-pdf,human,,human,2019-04-08,wash,WASH needs and response,partial,0.5,0.85,ok,,130,5e36eb2e,deepseek-v4-pro,9e331add25995fb3c38a050ad76a6e0afa2184113bfb880c88dcf813c5ab9d75,cache,True,2026-08-30T22:20:29+00:00
cyclone-idai-2019,manual-cyclone-idai-2019-rosea-20190409-mozambique-sitrep-7-8-april-final-for-upload-pd,human,,human,2019-04-09,access,Access constraints,present,1.0,0.92,ok,,156,bb0e51c0,deepseek-v4-pro,6f10ad1aab5a5a2e17d2bcd2095c4bdac8db7dd54dbe756e9502e86061427755,cache,True,2026-08-30T22:20:29+00:00
cyclone-idai-2019,manual-cyclone-idai-2019-rosea-20190409-mozambique-sitrep-7-8-april-final-for-upload-pd,human,,human,2019-04-09,casualties,Casualty and affected-population figures,present,1.0,0.9,ok,,87,39117b38,deepseek-v4-pro,d8ab5f3731f23362dbc11e4d357da5e8c9c45c8542250f19649022825d5e12c8,cache,True,2026-08-30T22:20:29+00:00
cyclone-idai-2019,manual-cyclone-idai-2019-rosea-20190409-mozambique-sitrep-7-8-april-final-for-upload-pd,human,,human,2019-04-09,coordination,Coordination arrangements,present,1.0,0.93,ok,,172,ae4182da,deepseek-v4-pro,88afa932d0aa53ee2719d8767a9ef4c789c16ef51e392619163ef45c0aec2548,cache,True,2026-08-30T22:20:29+00:00
cyclone-idai-2019,manual-cyclone-idai-2019-rosea-20190409-mozambique-sitrep-7-8-april-final-for-upload-pd,human,,human,2019-04-09,currency_and_metadata,Data currency and report metadata,present,1.0,0.95,ok,,258,5fdf71bc,deepseek-v4-pro,49fce9be6645b11065201c3899a3abe8b5b716359132c90bc96a3402d04469b0,cache,True,2026-08-30T22:20:29+00:00
cyclone-idai-2019,manual-cyclone-idai-2019-rosea-20190409-mozambique-sitrep-7-8-april-final-for-upload-pd,human,,human,2019-04-09,damage,"Physical, economic and agricultural damage",present,1.0,0.95,ok,,160,1e0cb3c0,deepseek-v4-pro,d43e1bb177b696a158f55b0d84c9ad90ae45d1781840bc1a3ff0e526b4b4df6d,cache,True,2026-08-30T22:20:29+00:00
cyclone-idai-2019,manual-cyclone-idai-2019-rosea-20190409-mozambique-sitrep-7-8-april-final-for-upload-pd,human,,human,2019-04-09,displacement,Displacement and accommodation sites,present,1.0,0.98,ok,,180,000f45b9,deepseek-v4-pro,3f8320634d95aa54f29f78f84e025c4386df89f25cf7eab1475f783635d465e6,cache,True,2026-08-30T22:20:29+00:00
cyclone-idai-2019,manual-cyclone-idai-2019-rosea-20190409-mozambique-sitrep-7-8-april-final-for-upload-pd,human,,human,2019-04-09,education,Education impact and response,present,1.0,0.97,ok,,219,95456fa9,deepseek-v4-pro,023203281005a5336c3da144298252af56e68a15364b20e30dd9b99cba82dd31,cache,True,2026-08-30T22:20:29+00:00
cyclone-idai-2019,manual-cyclone-idai-2019-rosea-20190409-mozambique-sitrep-7-8-april-final-for-upload-pd,human,,human,2019-04-09,food,Food security and assistance reach,present,1.0,0.97,ok,,133,735f8461,deepseek-v4-pro,42a586afc783ddbee6f3096a364e908c97cfac6da8ae787900b0ae714a0b14e5,cache,True,2026-08-30T22:20:29+00:00
cyclone-idai-2019,manual-cyclone-idai-2019-rosea-20190409-mozambique-sitrep-7-8-april-final-for-upload-pd,human,,human,2019-04-09,funding,Funding status and donor contributions,present,1.0,0.98,ok,,160,32d254f4,deepseek-v4-pro,be2deb1e473c8d559eb0ece32a27b63c0381596b211d2b90ef2aa1b66cf5d0d2,cache,True,2026-08-30T22:20:29+00:00
cyclone-idai-2019,manual-cyclone-idai-2019-rosea-20190409-mozambique-sitrep-7-8-april-final-for-upload-pd,human,,human,2019-04-09,health,"Health, disease outbreak and nutrition",present,1.0,0.95,ok,,255,6cdbeaca,deepseek-v4-pro,6419a104b927942c4cd5e3973647c899603a8d40e8a96c0d106fa98f77097c38,cache,True,2026-08-30T22:20:29+00:00
cyclone-idai-2019,manual-cyclone-idai-2019-rosea-20190409-mozambique-sitrep-7-8-april-final-for-upload-pd,human,,human,2019-04-09,needs_gaps,Sector needs and gaps,present,1.0,0.97,ok,,210,6fa2e5b2,deepseek-v4-pro,4293d840029ad79abdeb4439a50dead05180987ef44c84cc08efc50f7e28e070,cache,True,2026-08-30T22:20:29+00:00
cyclone-idai-2019,manual-cyclone-idai-2019-rosea-20190409-mozambique-sitrep-7-8-april-final-for-upload-pd,human,,human,2019-04-09,response_actions,Sector response activities,present,1.0,0.97,ok,,83,51924acd,deepseek-v4-pro,d7817d7dc7d2f809479e16fc3ad703115ba5d6e330765a7c39504effc2692503,cache,True,2026-08-30T22:20:29+00:00
cyclone-idai-2019,manual-cyclone-idai-2019-rosea-20190409-mozambique-sitrep-7-8-april-final-for-upload-pd,human,,human,2019-04-09,shelter,Shelter and non-food items,partial,0.5,0.8,ok,,92,06c26ccf,deepseek-v4-pro,7762959e51dcd82ad815893bcfe7699e031578a8a2c8a1f1b4dcbb4dfbe12828,cache,True,2026-08-30T22:20:29+00:00
cyclone-idai-2019,manual-cyclone-idai-2019-rosea-20190409-mozambique-sitrep-7-8-april-final-for-upload-pd,human,,human,2019-04-09,sourcing,Sourcing and attribution,present,1.0,0.95,ok,,172,db899068,deepseek-v4-pro,64febd09bac08477c18ebcb4516cfdcf5d1d4818e2907a4103149acb833a6445,cache,True,2026-08-30T22:20:29+00:00
cyclone-idai-2019,manual-cyclone-idai-2019-rosea-20190409-mozambique-sitrep-7-8-april-final-for-upload-pd,human,,human,2019-04-09,wash,WASH needs and response,partial,0.5,0.9,ok,,130,5e36eb2e,deepseek-v4-pro,36bb11e44123112f8d52371b7c13bd86704ae7f84b65fa25f59d175a5714e7a0,cache,True,2026-08-30T22:20:29+00:00
cyclone-idai-2019,manual-cyclone-idai-2019-rosea-20190410-mozambique-sitrep-8-9-april-pdf,human,,human,2019-04-10,access,Access constraints,present,1.0,0.95,ok,,225,7f65855e,deepseek-v4-pro,7e85e7fc955eb3cbb45c377af144a0b84ce1ab0777da0ffc813913b6f2cf4195,cache,True,2026-08-30T22:20:29+00:00
cyclone-idai-2019,manual-cyclone-idai-2019-rosea-20190410-mozambique-sitrep-8-9-april-pdf,human,,human,2019-04-10,casualties,Casualty and affected-population figures,present,1.0,0.95,ok,,61,4dd3a22a,deepseek-v4-pro,4a84b20b479a8c8b62ce1f40c37c621a10ca53e47a9b9ceaafe23f7ec8daacd9,cache,True,2026-08-30T22:20:29+00:00
cyclone-idai-2019,manual-cyclone-idai-2019-rosea-20190410-mozambique-sitrep-8-9-april-pdf,human,,human,2019-04-10,coordination,Coordination arrangements,present,1.0,0.8,ok,,120,3a83052e,deepseek-v4-pro,f70a81d8914e31497bf60a96ca2b01f6f9b0b054679485266d905cab1bca60e2,cache,True,2026-08-30T22:20:29+00:00
cyclone-idai-2019,manual-cyclone-idai-2019-rosea-20190410-mozambique-sitrep-8-9-april-pdf,human,,human,2019-04-10,currency_and_metadata,Data currency and report metadata,present,1.0,0.95,ok,,186,21b997b7,deepseek-v4-pro,baf98ddffe9e4dd7461c5d51b496bbdab45b3a418485a50a982e2e6cf3fb62bc,cache,True,2026-08-30T22:20:29+00:00
cyclone-idai-2019,manual-cyclone-idai-2019-rosea-20190410-mozambique-sitrep-8-9-april-pdf,human,,human,2019-04-10,damage,"Physical, economic and agricultural damage",present,1.0,0.98,ok,,169,16d97060,deepseek-v4-pro,f288e296c78c69811a3c0aeef47c59b885a01c9edae8b0ee230e40bd85563e83,cache,True,2026-08-30T22:20:29+00:00
cyclone-idai-2019,manual-cyclone-idai-2019-rosea-20190410-mozambique-sitrep-8-9-april-pdf,human,,human,2019-04-10,displacement,Displacement and accommodation sites,present,1.0,1.0,ok,,141,c0e1ddc5,deepseek-v4-pro,801997bf6b4646f376030aa287161540720fff6c8ff8db91a6290fa00f40bec3,cache,True,2026-08-30T22:20:29+00:00
cyclone-idai-2019,manual-cyclone-idai-2019-rosea-20190410-mozambique-sitrep-8-9-april-pdf,human,,human,2019-04-10,education,Education impact and response,present,1.0,1.0,ok,,227,6c8ef477,deepseek-v4-pro,0ad28cab31a8c75acdef9fb45438df5c7113a0a0b3272b6572897502c02f397f,cache,True,2026-08-30T22:20:29+00:00
cyclone-idai-2019,manual-cyclone-idai-2019-rosea-20190410-mozambique-sitrep-8-9-april-pdf,human,,human,2019-04-10,food,Food security and assistance reach,present,1.0,0.95,ok,,194,4ab75c3d,deepseek-v4-pro,5f4ce758c47dbab8d55fdd8e0ca439b3e1a1c91623e2af7497ae4dc36c3e489d,cache,True,2026-08-30T22:20:29+00:00
cyclone-idai-2019,manual-cyclone-idai-2019-rosea-20190410-mozambique-sitrep-8-9-april-pdf,human,,human,2019-04-10,funding,Funding status and donor contributions,present,1.0,0.95,ok,,386,583a37fa,deepseek-v4-pro,723df86fcebc609164c9e64ec3b7f61c2d6dab84758999d997dc85ea60255cd2,cache,True,2026-08-30T22:20:29+00:00
cyclone-idai-2019,manual-cyclone-idai-2019-rosea-20190410-mozambique-sitrep-8-9-april-pdf,human,,human,2019-04-10,health,"Health, disease outbreak and nutrition",present,1.0,0.95,ok,,148,c1a248d5,deepseek-v4-pro,e83b4bd56a33c5c5d74f0b9a9a2e29c7bf8994a25787ec44039e7d07e6eb073d,cache,True,2026-08-30T22:20:29+00:00
cyclone-idai-2019,manual-cyclone-idai-2019-rosea-20190410-mozambique-sitrep-8-9-april-pdf,human,,human,2019-04-10,needs_gaps,Sector needs and gaps,present,1.0,0.98,ok,,199,01141e1e,deepseek-v4-pro,7c136ca9de2c4d043e53e70329a64a6772afb7b4d12e667a2ad1594ba5115f10,cache,True,2026-08-30T22:20:29+00:00
cyclone-idai-2019,manual-cyclone-idai-2019-rosea-20190410-mozambique-sitrep-8-9-april-pdf,human,,human,2019-04-10,response_actions,Sector response activities,present,1.0,1.0,ok,,120,3a83052e,deepseek-v4-pro,a018f145c8cb0b2e9c10462d26187f7e725042ff8b4c259ca676dc6c89f53939,cache,True,2026-08-30T22:20:29+00:00
cyclone-idai-2019,manual-cyclone-idai-2019-rosea-20190410-mozambique-sitrep-8-9-april-pdf,human,,human,2019-04-10,shelter,Shelter and non-food items,partial,0.5,0.8,ok,,144,5108e87b,deepseek-v4-pro,3fef222caae1234e467dedf71cbb0978bf0cb07d77e4447fdfe799d88ec480b3,cache,True,2026-08-30T22:20:29+00:00
cyclone-idai-2019,manual-cyclone-idai-2019-rosea-20190410-mozambique-sitrep-8-9-april-pdf,human,,human,2019-04-10,sourcing,Sourcing and attribution,present,1.0,1.0,ok,,140,79671f84,deepseek-v4-pro,5540f9a7f3e1d7f2824a864fe6c520827ec38fab9911415b81cae070b3b36a9e,cache,True,2026-08-30T22:20:29+00:00
cyclone-idai-2019,manual-cyclone-idai-2019-rosea-20190410-mozambique-sitrep-8-9-april-pdf,human,,human,2019-04-10,wash,WASH needs and response,partial,0.5,0.8,ok,,220,56348c6c,deepseek-v4-pro,f11d9a03286559eb54a6ca530c150acb3ed6e93e6c0a19db7a3bcd41f0d15011,cache,True,2026-08-30T22:20:29+00:00
cyclone-idai-2019,manual-cyclone-idai-2019-rosea-20190411-mozambique-sitrep-pdf,human,,human,2019-04-11,access,Access constraints,present,1.0,0.95,ok,,168,c5647e91,deepseek-v4-pro,6eda3de23963ca239cdaf355a0a8fb79e1f3834a286e2f42848562c115042dc1,cache,True,2026-08-30T22:20:29+00:00
cyclone-idai-2019,manual-cyclone-idai-2019-rosea-20190411-mozambique-sitrep-pdf,human,,human,2019-04-11,casualties,Casualty and affected-population figures,present,1.0,0.9,ok,,62,02e91e9d,deepseek-v4-pro,a5ede97655162bebd8e02e8643e800ff76251d4b4555232b9ac0961bb58ea17d,cache,True,2026-08-30T22:20:29+00:00
cyclone-idai-2019,manual-cyclone-idai-2019-rosea-20190411-mozambique-sitrep-pdf,human,,human,2019-04-11,coordination,Coordination arrangements,partial,0.5,0.7,ok,,171,815b1931,deepseek-v4-pro,af76796f436568516806fce5a609fe3b4526e94b176b6c4b5d0380c5507eb39b,cache,True,2026-08-30T22:20:29+00:00
cyclone-idai-2019,manual-cyclone-idai-2019-rosea-20190411-mozambique-sitrep-pdf,human,,human,2019-04-11,currency_and_metadata,Data currency and report metadata,present,1.0,0.95,ok,,186,5039b11b,deepseek-v4-pro,100f956b9f8da05e11623d04b55f5094353289b225e221478bc8a41df1cc9790,cache,True,2026-08-30T22:20:29+00:00
cyclone-idai-2019,manual-cyclone-idai-2019-rosea-20190411-mozambique-sitrep-pdf,human,,human,2019-04-11,damage,"Physical, economic and agricultural damage",present,1.0,0.98,ok,,135,abab462d,deepseek-v4-pro,2e66f5a96e46789ac43bc661f1b5833cb3c4f26f34fa0b4c93ad6d8e6553a653,cache,True,2026-08-30T22:20:29+00:00
cyclone-idai-2019,manual-cyclone-idai-2019-rosea-20190411-mozambique-sitrep-pdf,human,,human,2019-04-11,displacement,Displacement and accommodation sites,present,1.0,0.97,ok,,142,f25e273c,deepseek-v4-pro,0b04da54172ec4a7478c9a4a008abaac92c3211b3dfd34c00cd1eb1f69b3ee58,cache,True,2026-08-30T22:20:29+00:00
cyclone-idai-2019,manual-cyclone-idai-2019-rosea-20190411-mozambique-sitrep-pdf,human,,human,2019-04-11,education,Education impact and response,present,1.0,0.95,ok,,169,3783e8a4,deepseek-v4-pro,8a0218f1b2cd7b57d89a36c96c1f485102c18743c54712a53808c4deec07f1a5,cache,True,2026-08-30T22:20:29+00:00
cyclone-idai-2019,manual-cyclone-idai-2019-rosea-20190411-mozambique-sitrep-pdf,human,,human,2019-04-11,food,Food security and assistance reach,present,1.0,0.98,ok,,97,b8df6f57,deepseek-v4-pro,870efdbe23a876bb9cb99dabec3366ac1dc46fceda63b8482f288215ad6234dc,cache,True,2026-08-30T22:20:29+00:00
cyclone-idai-2019,manual-cyclone-idai-2019-rosea-20190411-mozambique-sitrep-pdf,human,,human,2019-04-11,funding,Funding status and donor contributions,present,1.0,0.95,ok,,169,9eafe5df,deepseek-v4-pro,02f4a26f51ba6c8d0ce7da8078b91b1e48d4a6634fbb5e7343f73c8fd98d6b2a,cache,True,2026-08-30T22:20:29+00:00
cyclone-idai-2019,manual-cyclone-idai-2019-rosea-20190411-mozambique-sitrep-pdf,human,,human,2019-04-11,health,"Health, disease outbreak and nutrition",present,1.0,1.0,ok,,224,c66c40b0,deepseek-v4-pro,201dbd3b609f9856e2391ad4bfd8b67d001cabc52c0e95d4c181bb66eb097543,cache,True,2026-08-30T22:20:29+00:00
cyclone-idai-2019,manual-cyclone-idai-2019-rosea-20190411-mozambique-sitrep-pdf,human,,human,2019-04-11,needs_gaps,Sector needs and gaps,present,1.0,1.0,ok,,168,249b6509,deepseek-v4-pro,f53f117e70a93c59aa99d6b20a9b525052f61afb3cce1917822eb85daa1b301c,cache,True,2026-08-30T22:20:29+00:00
cyclone-idai-2019,manual-cyclone-idai-2019-rosea-20190411-mozambique-sitrep-pdf,human,,human,2019-04-11,response_actions,Sector response activities,present,1.0,0.95,ok,,117,89152156,deepseek-v4-pro,4f37c726fe317363256f960ab0b20f26750692c159f83b02fb3214a832d0f9ca,cache,True,2026-08-30T22:20:29+00:00
cyclone-idai-2019,manual-cyclone-idai-2019-rosea-20190411-mozambique-sitrep-pdf,human,,human,2019-04-11,shelter,Shelter and non-food items,present,1.0,0.95,ok,,174,df1a9fc3,deepseek-v4-pro,6b49f5e222b9d6eb97ee6b0e8bd0cf500c36d0dd4a09f54c4fb8f733855aef45,cache,True,2026-08-30T22:20:29+00:00
cyclone-idai-2019,manual-cyclone-idai-2019-rosea-20190411-mozambique-sitrep-pdf,human,,human,2019-04-11,sourcing,Sourcing and attribution,present,1.0,1.0,ok,,150,a1382011,deepseek-v4-pro,35f6f845d591ecc7d8efd58829a9b00df51f7b0bf6c72eb1f1b80a3f33d0cf4e,cache,True,2026-08-30T22:20:29+00:00
cyclone-idai-2019,manual-cyclone-idai-2019-rosea-20190411-mozambique-sitrep-pdf,human,,human,2019-04-11,wash,WASH needs and response,partial,0.5,0.9,ok,,80,be7f7c23,deepseek-v4-pro,abd3e450acc859dccb57170ff68434918db7fa3f69b2dcc07b50ff7bd7ed401d,cache,True,2026-08-30T22:20:29+00:00
cyclone-idai-2019,manual-cyclone-idai-2019-rosea-20190413-mozambique-sitrep-11-12-april-for-upload-pdf,human,,human,2019-04-13,access,Access constraints,present,1.0,0.9,ok,,192,8b50dc2f,deepseek-v4-pro,1a89a5c777cfab3c50a6b05b62d730f5c25257a27e87de43820491dd6f1fb890,cache,True,2026-08-30T22:20:29+00:00
cyclone-idai-2019,manual-cyclone-idai-2019-rosea-20190413-mozambique-sitrep-11-12-april-for-upload-pdf,human,,human,2019-04-13,casualties,Casualty and affected-population figures,present,1.0,0.95,ok,,54,69a484a4,deepseek-v4-pro,f71d7edfb646c6819f83f33f577336e399cc6cdcdf64ef019927f813832c9908,cache,True,2026-08-30T22:20:29+00:00
cyclone-idai-2019,manual-cyclone-idai-2019-rosea-20190413-mozambique-sitrep-11-12-april-for-upload-pdf,human,,human,2019-04-13,coordination,Coordination arrangements,partial,0.5,0.7,ok,,151,2d661b23,deepseek-v4-pro,3471e6e40473d44ce1aca2e8289798edf1e9e38e4d27b7831aeac8dba92581da,cache,True,2026-08-30T22:20:29+00:00
cyclone-idai-2019,manual-cyclone-idai-2019-rosea-20190413-mozambique-sitrep-11-12-april-for-upload-pdf,human,,human,2019-04-13,currency_and_metadata,Data currency and report metadata,present,1.0,0.95,ok,,264,7d5feefa,deepseek-v4-pro,ad0afc5ccef797cc0a2f032b3004010dfeba4d15f32bd6dea900f5e52827d038,cache,True,2026-08-30T22:20:29+00:00
cyclone-idai-2019,manual-cyclone-idai-2019-rosea-20190413-mozambique-sitrep-11-12-april-for-upload-pdf,human,,human,2019-04-13,damage,"Physical, economic and agricultural damage",present,1.0,0.98,ok,,187,d7fac286,deepseek-v4-pro,bdccf6ec45cf3ff84ce9db6e210e7bd147f17e60ade816e0e372fc0dc49fff1f,cache,True,2026-08-30T22:20:29+00:00
cyclone-idai-2019,manual-cyclone-idai-2019-rosea-20190413-mozambique-sitrep-11-12-april-for-upload-pdf,human,,human,2019-04-13,displacement,Displacement and accommodation sites,present,1.0,0.98,ok,,202,444a4cfd,deepseek-v4-pro,35ce803c372c4cddf3cb63b7e2b5d7b1b6cd870e76e79e9cdf92298ac7677784,cache,True,2026-08-30T22:20:29+00:00
cyclone-idai-2019,manual-cyclone-idai-2019-rosea-20190413-mozambique-sitrep-11-12-april-for-upload-pdf,human,,human,2019-04-13,education,Education impact and response,present,1.0,0.98,ok,,207,2e2ca638,deepseek-v4-pro,9041748e8e521ba2a307c0c081487d46145c5419330664564d636dc18e2e678e,cache,True,2026-08-30T22:20:29+00:00
cyclone-idai-2019,manual-cyclone-idai-2019-rosea-20190413-mozambique-sitrep-11-12-april-for-upload-pdf,human,,human,2019-04-13,food,Food security and assistance reach,present,1.0,0.98,ok,,254,fb3cb60a,deepseek-v4-pro,dc4e0482683b91f60d969d7c548a714c08999dd92829717fe1fb004ebbb71a59,cache,True,2026-08-30T22:20:29+00:00
cyclone-idai-2019,manual-cyclone-idai-2019-rosea-20190413-mozambique-sitrep-11-12-april-for-upload-pdf,human,,human,2019-04-13,funding,Funding status and donor contributions,present,1.0,1.0,ok,,166,f6dd17ec,deepseek-v4-pro,394302d1aea4691008e1ef9f338d7c54e4ff9b2fac42db51a3c70c374ba6b0cb,cache,True,2026-08-30T22:20:29+00:00
cyclone-idai-2019,manual-cyclone-idai-2019-rosea-20190413-mozambique-sitrep-11-12-april-for-upload-pdf,human,,human,2019-04-13,health,"Health, disease outbreak and nutrition",present,1.0,1.0,ok,,188,68bf8f76,deepseek-v4-pro,b362aacceba78ef29cccb9df4bcc55795bec1c6945ad81f3af84cc0ecb3974fa,cache,True,2026-08-30T22:20:29+00:00
cyclone-idai-2019,manual-cyclone-idai-2019-rosea-20190413-mozambique-sitrep-11-12-april-for-upload-pdf,human,,human,2019-04-13,needs_gaps,Sector needs and gaps,present,1.0,0.92,ok,,158,768caaad,deepseek-v4-pro,39bd50b0a09ff86e6ed150ea01c9ca4128a55bbff2d82301d14677ed41f49f79,cache,True,2026-08-30T22:20:29+00:00
cyclone-idai-2019,manual-cyclone-idai-2019-rosea-20190413-mozambique-sitrep-11-12-april-for-upload-pdf,human,,human,2019-04-13,response_actions,Sector response activities,present,1.0,1.0,ok,,161,4519fb85,deepseek-v4-pro,8993d954be4a29fa398185754d0d30685ad1508ee4f5cfd74de971b0b0163baf,cache,True,2026-08-30T22:20:29+00:00
cyclone-idai-2019,manual-cyclone-idai-2019-rosea-20190413-mozambique-sitrep-11-12-april-for-upload-pdf,human,,human,2019-04-13,shelter,Shelter and non-food items,absent,0.0,0.95,ok,,0,,deepseek-v4-pro,22f38799d839ec9f88105f0d6350262566cddaff27894949c3e82fafde9eb450,cache,True,2026-08-30T22:20:29+00:00
cyclone-idai-2019,manual-cyclone-idai-2019-rosea-20190413-mozambique-sitrep-11-12-april-for-upload-pdf,human,,human,2019-04-13,sourcing,Sourcing and attribution,present,1.0,1.0,ok,,142,1d051f7c,deepseek-v4-pro,049140fcecb5f45c7486f8452cf06c6a19bdd5cf96ed534bd122cdd8e4831cf5,cache,True,2026-08-30T22:20:29+00:00
cyclone-idai-2019,manual-cyclone-idai-2019-rosea-20190413-mozambique-sitrep-11-12-april-for-upload-pdf,human,,human,2019-04-13,wash,WASH needs and response,present,1.0,0.72,ok,,140,e316a40f,deepseek-v4-pro,f287323a83b49270c111b3e54d5a86083917826c497f2564f5696caaee21229b,cache,True,2026-08-30T22:20:29+00:00
cyclone-idai-2019,manual-cyclone-idai-2019-rosea-20190414-mozambique-sitrep-12-13-april-pdf,human,,human,2019-04-14,access,Access constraints,present,1.0,0.95,ok,,200,fa79fc6b,deepseek-v4-pro,8e5ac7bf723d341b3b08c683d5515cfa3028aef36b9343ee64c8ba67251c1d8f,cache,True,2026-08-30T22:20:29+00:00
cyclone-idai-2019,manual-cyclone-idai-2019-rosea-20190414-mozambique-sitrep-12-13-april-pdf,human,,human,2019-04-14,casualties,Casualty and affected-population figures,present,1.0,0.9,ok,,84,6c45487c,deepseek-v4-pro,f8c756172b5712bd3696c6c2bda08f0502d03f02dea5497f031390357c534ebf,cache,True,2026-08-30T22:20:29+00:00
cyclone-idai-2019,manual-cyclone-idai-2019-rosea-20190414-mozambique-sitrep-12-13-april-pdf,human,,human,2019-04-14,coordination,Coordination arrangements,present,1.0,0.8,ok,,203,96580f4e,deepseek-v4-pro,975b8fbff645d4d236b2a85b831ed93db3029de4705542a898bb839d2ec1f07a,cache,True,2026-08-30T22:20:29+00:00
cyclone-idai-2019,manual-cyclone-idai-2019-rosea-20190414-mozambique-sitrep-12-13-april-pdf,human,,human,2019-04-14,currency_and_metadata,Data currency and report metadata,present,1.0,0.9,ok,,77,d28379a7,deepseek-v4-pro,14d0eb46ea78b3ea66b5f89bccba0592689514597a5a9ec331f9e48d0c2d9be3,cache,True,2026-08-30T22:20:29+00:00
cyclone-idai-2019,manual-cyclone-idai-2019-rosea-20190414-mozambique-sitrep-12-13-april-pdf,human,,human,2019-04-14,damage,"Physical, economic and agricultural damage",present,1.0,0.95,ok,,155,a1d58a48,deepseek-v4-pro,2d9f42be07c20e3141ab0469a6ec16f7853b6a45109dc45d9fa2eb3461970b6a,cache,True,2026-08-30T22:20:29+00:00
cyclone-idai-2019,manual-cyclone-idai-2019-rosea-20190414-mozambique-sitrep-12-13-april-pdf,human,,human,2019-04-14,displacement,Displacement and accommodation sites,present,1.0,0.98,ok,,154,7594469e,deepseek-v4-pro,e92aeb91b8dde1a6b757335a990eac5a73a3ac0108da1c5b12b8ea90eab5b165,cache,True,2026-08-30T22:20:29+00:00
cyclone-idai-2019,manual-cyclone-idai-2019-rosea-20190414-mozambique-sitrep-12-13-april-pdf,human,,human,2019-04-14,education,Education impact and response,present,1.0,0.95,ok,,171,53cc1352,deepseek-v4-pro,cefb5096887d3f779f02c4c6f8c1d3a5cb3ddf0eb974b5b2a99f26848a3ef55c,cache,True,2026-08-30T22:20:29+00:00
cyclone-idai-2019,manual-cyclone-idai-2019-rosea-20190414-mozambique-sitrep-12-13-april-pdf,human,,human,2019-04-14,food,Food security and assistance reach,present,1.0,0.96,ok,,254,e33fc6e1,deepseek-v4-pro,0902a238ad2b0b701fcc4a027f57e681701ac8512570c1836e3593c8b00ceacc,cache,True,2026-08-30T22:20:29+00:00
cyclone-idai-2019,manual-cyclone-idai-2019-rosea-20190414-mozambique-sitrep-12-13-april-pdf,human,,human,2019-04-14,funding,Funding status and donor contributions,present,1.0,0.9,ok,,166,f6dd17ec,deepseek-v4-pro,ae5587da0e06b5221ec41582465ceb26f860d526c9cd7aa48b3ba78b8b287ce7,cache,True,2026-08-30T22:20:29+00:00
cyclone-idai-2019,manual-cyclone-idai-2019-rosea-20190414-mozambique-sitrep-12-13-april-pdf,human,,human,2019-04-14,health,"Health, disease outbreak and nutrition",present,1.0,0.97,ok,,133,86555b86,deepseek-v4-pro,d4911db55ef2dbb6e0f9bf753422a8ae00d4c20653742d8b6aa0ec0799a04c18,cache,True,2026-08-30T22:20:29+00:00
cyclone-idai-2019,manual-cyclone-idai-2019-rosea-20190414-mozambique-sitrep-12-13-april-pdf,human,,human,2019-04-14,needs_gaps,Sector needs and gaps,present,1.0,0.95,ok,,151,02a92398,deepseek-v4-pro,65b4638dbb5aa7a387e63ea4ef3c75a5043cb37b0156f059eeae3d75e25a4cda,cache,True,2026-08-30T22:20:29+00:00
cyclone-idai-2019,manual-cyclone-idai-2019-rosea-20190414-mozambique-sitrep-12-13-april-pdf,human,,human,2019-04-14,response_actions,Sector response activities,present,1.0,0.98,ok,,183,d0714442,deepseek-v4-pro,14adbbe391e76ef139732991d085face7597df34b055bb8c57e86124fee39cab,cache,True,2026-08-30T22:20:29+00:00
cyclone-idai-2019,manual-cyclone-idai-2019-rosea-20190414-mozambique-sitrep-12-13-april-pdf,human,,human,2019-04-14,shelter,Shelter and non-food items,present,1.0,0.95,ok,,74,267afbbe,deepseek-v4-pro,1270b12050f71c47185151fa41d03a83404e701d6805430142f72184002ccd28,cache,True,2026-08-30T22:20:29+00:00
cyclone-idai-2019,manual-cyclone-idai-2019-rosea-20190414-mozambique-sitrep-12-13-april-pdf,human,,human,2019-04-14,sourcing,Sourcing and attribution,present,1.0,0.95,ok,,98,72167e1a,deepseek-v4-pro,71b6385d885f7f9ec40f3b3c212d77498a01ec36ec75a122255e3d26c35dac27,cache,True,2026-08-30T22:20:29+00:00
cyclone-idai-2019,manual-cyclone-idai-2019-rosea-20190414-mozambique-sitrep-12-13-april-pdf,human,,human,2019-04-14,wash,WASH needs and response,present,1.0,0.95,ok,,201,229de57a,deepseek-v4-pro,edda1201b6e3ffde7577c5fd1a5899ddb689b040de60cbd53fd70e911f534a95,cache,True,2026-08-30T22:20:29+00:00
cyclone-idai-2019,manual-cyclone-idai-2019-rosea-20190416-mozambique-sitrep-14-15-april-for-upload-pdf,human,,human,2019-04-16,access,Access constraints,present,1.0,0.95,ok,,209,077916f1,deepseek-v4-pro,665248be0ac30cecb5f0eab7f05d21b7802c385626ee02dbc73eb8ed4d98090a,cache,True,2026-08-30T22:20:29+00:00
cyclone-idai-2019,manual-cyclone-idai-2019-rosea-20190416-mozambique-sitrep-14-15-april-for-upload-pdf,human,,human,2019-04-16,casualties,Casualty and affected-population figures,present,1.0,0.95,ok,,230,5f1fdfad,deepseek-v4-pro,0d01cc290380edb58a0a26f6b36f16538408ff07d6efcd6d120f5ff51c225605,cache,True,2026-08-30T22:20:29+00:00
cyclone-idai-2019,manual-cyclone-idai-2019-rosea-20190416-mozambique-sitrep-14-15-april-for-upload-pdf,human,,human,2019-04-16,coordination,Coordination arrangements,partial,0.5,0.7,ok,,235,6dd09314,deepseek-v4-pro,6edbf4cb6715e6fd4200e4317349179e7de7c9df2351cf07d4b47656244cd9a3,cache,True,2026-08-30T22:20:29+00:00
cyclone-idai-2019,manual-cyclone-idai-2019-rosea-20190416-mozambique-sitrep-14-15-april-for-upload-pdf,human,,human,2019-04-16,currency_and_metadata,Data currency and report metadata,present,1.0,0.85,ok,,133,bcfb7b3c,deepseek-v4-pro,b23fa5ca6be0084db22993d370cb7c4bc5f66281dbec0480ba18b3c1b275c9e6,cache,True,2026-08-30T22:20:29+00:00
cyclone-idai-2019,manual-cyclone-idai-2019-rosea-20190416-mozambique-sitrep-14-15-april-for-upload-pdf,human,,human,2019-04-16,damage,"Physical, economic and agricultural damage",present,1.0,0.95,ok,,201,3fce20ee,deepseek-v4-pro,f5b53af92145c079465c447d0ffd2a1b1d4326971637e97a2565a5ecc99ac880,cache,True,2026-08-30T22:20:29+00:00
cyclone-idai-2019,manual-cyclone-idai-2019-rosea-20190416-mozambique-sitrep-14-15-april-for-upload-pdf,human,,human,2019-04-16,displacement,Displacement and accommodation sites,present,1.0,0.95,ok,,167,2ad40687,deepseek-v4-pro,b630c27188fd17eb518cefa1f60f81c3a067447d48fdaaf057c206d541945603,cache,True,2026-08-30T22:20:29+00:00
cyclone-idai-2019,manual-cyclone-idai-2019-rosea-20190416-mozambique-sitrep-14-15-april-for-upload-pdf,human,,human,2019-04-16,education,Education impact and response,present,1.0,0.95,ok,,172,e5f5aa09,deepseek-v4-pro,08207361ff2d30971e2e6f26dee6b66aee2e6de18e3ed1df6004505e56850527,cache,True,2026-08-30T22:20:29+00:00
cyclone-idai-2019,manual-cyclone-idai-2019-rosea-20190416-mozambique-sitrep-14-15-april-for-upload-pdf,human,,human,2019-04-16,food,Food security and assistance reach,present,1.0,0.95,ok,,153,b111b611,deepseek-v4-pro,493de317c9cb7571c7e18c3151cc54c5da6fb2260c543faa6710d07b8af95695,cache,True,2026-08-30T22:20:29+00:00
cyclone-idai-2019,manual-cyclone-idai-2019-rosea-20190416-mozambique-sitrep-14-15-april-for-upload-pdf,human,,human,2019-04-16,funding,Funding status and donor contributions,present,1.0,0.95,ok,,386,e45b5cdb,deepseek-v4-pro,d3b99655c0c700d0f03e26886bc711a6886ca60f09f3ca895625623347ac94b7,cache,True,2026-08-30T22:20:29+00:00
cyclone-idai-2019,manual-cyclone-idai-2019-rosea-20190416-mozambique-sitrep-14-15-april-for-upload-pdf,human,,human,2019-04-16,health,"Health, disease outbreak and nutrition",present,1.0,0.98,ok,,223,0992d5fb,deepseek-v4-pro,3dc70f283fb2e9d440342af59fe4ea6882697817b95fdca55a35434b1936b8f6,cache,True,2026-08-30T22:20:29+00:00
cyclone-idai-2019,manual-cyclone-idai-2019-rosea-20190416-mozambique-sitrep-14-15-april-for-upload-pdf,human,,human,2019-04-16,needs_gaps,Sector needs and gaps,present,1.0,0.96,ok,,156,d2c73185,deepseek-v4-pro,4bf55d9a61a04b185d8d167bf235dad057e4b76bbb66553040ce6901583d4c41,cache,True,2026-08-30T22:20:29+00:00
cyclone-idai-2019,manual-cyclone-idai-2019-rosea-20190416-mozambique-sitrep-14-15-april-for-upload-pdf,human,,human,2019-04-16,response_actions,Sector response activities,present,1.0,0.95,ok,,63,4b9ef72b,deepseek-v4-pro,d20eaa89513723950039658f1096e6ea8d11a92825cb6a8b1fa3242091ea8e78,cache,True,2026-08-30T22:20:29+00:00
cyclone-idai-2019,manual-cyclone-idai-2019-rosea-20190416-mozambique-sitrep-14-15-april-for-upload-pdf,human,,human,2019-04-16,shelter,Shelter and non-food items,present,1.0,1.0,ok,,180,549c78a5,deepseek-v4-pro,0017a383b7db2d55dac9eb0726da688d80e41576848e1e4c2c991d1905e02d65,cache,True,2026-08-30T22:20:29+00:00
cyclone-idai-2019,manual-cyclone-idai-2019-rosea-20190416-mozambique-sitrep-14-15-april-for-upload-pdf,human,,human,2019-04-16,sourcing,Sourcing and attribution,present,1.0,1.0,ok,,109,44425405,deepseek-v4-pro,9ac9b56a1046f006bb27215e73daad9d6b26d981ee16cfca951e2b6cb74d26f0,cache,True,2026-08-30T22:20:29+00:00
cyclone-idai-2019,manual-cyclone-idai-2019-rosea-20190416-mozambique-sitrep-14-15-april-for-upload-pdf,human,,human,2019-04-16,wash,WASH needs and response,present,1.0,0.95,ok,,148,6838f0d7,deepseek-v4-pro,bdb105976391c8bfa7a48dc3a119b69610cd7f18daed3fc73a11880642cf3bd6,cache,True,2026-08-30T22:20:29+00:00
cyclone-idai-2019,manual-cyclone-idai-2019-rosea-20190418-mozambique-sitrep-16-as-of-18-april-2019-final,human,,human,2019-04-18,access,Access constraints,present,1.0,0.97,ok,,194,9043b02b,deepseek-v4-pro,3850ab24ffeb9c70281246ba45ed3a31b45f4c4fe7aa788f279e0bbdf6d95b85,cache,True,2026-08-30T22:20:29+00:00
cyclone-idai-2019,manual-cyclone-idai-2019-rosea-20190418-mozambique-sitrep-16-as-of-18-april-2019-final,human,,human,2019-04-18,casualties,Casualty and affected-population figures,partial,0.5,0.7,ok,,138,401bf13c,deepseek-v4-pro,4690da547be315cb61c6b04231daaf682da46244590515bad81cbac92f243814,cache,True,2026-08-30T22:20:29+00:00
cyclone-idai-2019,manual-cyclone-idai-2019-rosea-20190418-mozambique-sitrep-16-as-of-18-april-2019-final,human,,human,2019-04-18,coordination,Coordination arrangements,partial,0.5,0.75,ok,,163,18899eaf,deepseek-v4-pro,b51293bbde7a1bef5cf05b390f28b4315e6130f260c1421b3c0e4f520863b0a1,cache,True,2026-08-30T22:20:29+00:00
cyclone-idai-2019,manual-cyclone-idai-2019-rosea-20190418-mozambique-sitrep-16-as-of-18-april-2019-final,human,,human,2019-04-18,currency_and_metadata,Data currency and report metadata,present,1.0,0.95,ok,,186,84741d45,deepseek-v4-pro,4c271e63432b19797d9d16d37bd09b3bce1daf4cfe0d44f78ee02a53033f1976,cache,True,2026-08-30T22:20:29+00:00
cyclone-idai-2019,manual-cyclone-idai-2019-rosea-20190418-mozambique-sitrep-16-as-of-18-april-2019-final,human,,human,2019-04-18,damage,"Physical, economic and agricultural damage",present,1.0,0.95,ok,,132,e59be932,deepseek-v4-pro,d5beb8bee723c060bd9760d02cce9a47728d38161d433fa6d68e30582d330e6d,cache,True,2026-08-30T22:20:29+00:00
cyclone-idai-2019,manual-cyclone-idai-2019-rosea-20190418-mozambique-sitrep-16-as-of-18-april-2019-final,human,,human,2019-04-18,displacement,Displacement and accommodation sites,present,1.0,1.0,ok,,194,a2a42752,deepseek-v4-pro,c6ede959d2235cfd5fa71c14199d0315a7a50658d132f8887a66ecb52934a826,cache,True,2026-08-30T22:20:29+00:00
cyclone-idai-2019,manual-cyclone-idai-2019-rosea-20190418-mozambique-sitrep-16-as-of-18-april-2019-final,human,,human,2019-04-18,education,Education impact and response,present,1.0,0.95,ok,,175,866a0f80,deepseek-v4-pro,9ab37589aa90f82134d61efb5b737b3ac0d3b19ac92a2389ce17fc6583a38d75,cache,True,2026-08-30T22:20:29+00:00
cyclone-idai-2019,manual-cyclone-idai-2019-rosea-20190418-mozambique-sitrep-16-as-of-18-april-2019-final,human,,human,2019-04-18,food,Food security and assistance reach,present,1.0,0.95,ok,,217,4f666eec,deepseek-v4-pro,da0f1b4e480512e3b0422604d86349385ef32d8e295de5af596c83c81df6caf6,cache,True,2026-08-30T22:20:29+00:00
cyclone-idai-2019,manual-cyclone-idai-2019-rosea-20190418-mozambique-sitrep-16-as-of-18-april-2019-final,human,,human,2019-04-18,funding,Funding status and donor contributions,present,1.0,0.9,ok,,237,dbab7cb6,deepseek-v4-pro,c1a538dd4e3d3f35259f45afefa2e4e4de1dc7e0a977fed89081060bd21d3b28,cache,True,2026-08-30T22:20:29+00:00
cyclone-idai-2019,manual-cyclone-idai-2019-rosea-20190418-mozambique-sitrep-16-as-of-18-april-2019-final,human,,human,2019-04-18,health,"Health, disease outbreak and nutrition",present,1.0,0.95,ok,,218,0344654e,deepseek-v4-pro,69b5da4288a97da9813ec22f9c3f8ac793d25758327ad4a7d435907bda9541f1,cache,True,2026-08-30T22:20:29+00:00
cyclone-idai-2019,manual-cyclone-idai-2019-rosea-20190418-mozambique-sitrep-16-as-of-18-april-2019-final,human,,human,2019-04-18,needs_gaps,Sector needs and gaps,present,1.0,0.95,ok,,156,d2c73185,deepseek-v4-pro,adf16a33178438f8b04d82b20bb605a7c0d93dead3a6f00514c2beab25bf51a4,cache,True,2026-08-30T22:20:29+00:00
cyclone-idai-2019,manual-cyclone-idai-2019-rosea-20190418-mozambique-sitrep-16-as-of-18-april-2019-final,human,,human,2019-04-18,response_actions,Sector response activities,present,1.0,0.95,ok,,217,4f666eec,deepseek-v4-pro,67cb040abc47be054b3bed371e00d3d8e827074abc269e336afd5b55baf18efd,cache,True,2026-08-30T22:20:29+00:00
cyclone-idai-2019,manual-cyclone-idai-2019-rosea-20190418-mozambique-sitrep-16-as-of-18-april-2019-final,human,,human,2019-04-18,shelter,Shelter and non-food items,partial,0.5,0.8,ok,,148,3b415c19,deepseek-v4-pro,10a8698bdbc40591b4da01a2f4cf53fdbf53f436cf3f158ff9d125c18d3a3f5a,cache,True,2026-08-30T22:20:29+00:00
cyclone-idai-2019,manual-cyclone-idai-2019-rosea-20190418-mozambique-sitrep-16-as-of-18-april-2019-final,human,,human,2019-04-18,sourcing,Sourcing and attribution,present,1.0,0.98,ok,,236,5cf2b2c3,deepseek-v4-pro,2136f58ed0c15efdbf67355ad3de64387a0fb6adca6ac2b4ce5e69441bdfadb7,cache,True,2026-08-30T22:20:29+00:00
cyclone-idai-2019,manual-cyclone-idai-2019-rosea-20190418-mozambique-sitrep-16-as-of-18-april-2019-final,human,,human,2019-04-18,wash,WASH needs and response,partial,0.5,0.72,ok,,167,58aab927,deepseek-v4-pro,0356aff4a34b6ba2343aa40f6021055c20e4bcb49d198f33b26f8a341bf42846,cache,True,2026-08-30T22:20:29+00:00
cyclone-idai-2019,manual-cyclone-idai-2019-rosea-20190420-mozambique-sitrep17-as-of-20april2019-for-uploa,human,,human,2019-04-20,access,Access constraints,present,1.0,1.0,ok,,214,46b5ed7a,deepseek-v4-pro,0de3be664069814ec54d8f39685774b340795d6f6f05d27feafc65c97d956b78,cache,True,2026-08-30T22:20:29+00:00
cyclone-idai-2019,manual-cyclone-idai-2019-rosea-20190420-mozambique-sitrep17-as-of-20april2019-for-uploa,human,,human,2019-04-20,casualties,Casualty and affected-population figures,partial,0.5,0.8,ok,,20,ad5534bf,deepseek-v4-pro,0a8e015dc80973a84a9d0957a911c100d49667370a3269398815832440e7ad3e,cache,True,2026-08-30T22:20:29+00:00
cyclone-idai-2019,manual-cyclone-idai-2019-rosea-20190420-mozambique-sitrep17-as-of-20april2019-for-uploa,human,,human,2019-04-20,coordination,Coordination arrangements,partial,0.5,0.75,ok,,95,6e018688,deepseek-v4-pro,6a3e28e46b9f51bec4c6439b236a92b826afa669a11f0a8c18a0b3d48c5995d6,cache,True,2026-08-30T22:20:29+00:00
cyclone-idai-2019,manual-cyclone-idai-2019-rosea-20190420-mozambique-sitrep17-as-of-20april2019-for-uploa,human,,human,2019-04-20,currency_and_metadata,Data currency and report metadata,present,1.0,0.95,ok,,230,f79ff26a,deepseek-v4-pro,d269d9c25eb47b6e7e665435b502c451c89dc5f2f75b590662bdce83435490a9,cache,True,2026-08-30T22:20:29+00:00
cyclone-idai-2019,manual-cyclone-idai-2019-rosea-20190420-mozambique-sitrep17-as-of-20april2019-for-uploa,human,,human,2019-04-20,damage,"Physical, economic and agricultural damage",present,1.0,0.98,ok,,200,a9ac419c,deepseek-v4-pro,3bb764001d1379b97662b6288bcc5f8a1296f0012e55bb4a9b709827f578991d,cache,True,2026-08-30T22:20:29+00:00
cyclone-idai-2019,manual-cyclone-idai-2019-rosea-20190420-mozambique-sitrep17-as-of-20april2019-for-uploa,human,,human,2019-04-20,displacement,Displacement and accommodation sites,present,1.0,1.0,ok,,112,3beda9a6,deepseek-v4-pro,b83ef255a340fd21d4c7204902a17e3ae7edba51aa111094ea24349fd2d48411,cache,True,2026-08-30T22:20:29+00:00
cyclone-idai-2019,manual-cyclone-idai-2019-rosea-20190420-mozambique-sitrep17-as-of-20april2019-for-uploa,human,,human,2019-04-20,education,Education impact and response,present,1.0,0.95,ok,,233,a77fae8b,deepseek-v4-pro,96f2d836ce3b972d1ee9edc9cc8bde58680e2f07d9a224c53eca4120619ffd43,cache,True,2026-08-30T22:20:29+00:00
cyclone-idai-2019,manual-cyclone-idai-2019-rosea-20190420-mozambique-sitrep17-as-of-20april2019-for-uploa,human,,human,2019-04-20,food,Food security and assistance reach,present,1.0,0.95,ok,,178,9b9205a8,deepseek-v4-pro,faeca3aefd9434168f5a0926cdf319dbc2732a09ab864a27511150ab444f55c3,cache,True,2026-08-30T22:20:29+00:00
cyclone-idai-2019,manual-cyclone-idai-2019-rosea-20190420-mozambique-sitrep17-as-of-20april2019-for-uploa,human,,human,2019-04-20,funding,Funding status and donor contributions,present,1.0,0.95,ok,,400,a31bf2e1,deepseek-v4-pro,deba61cebd4885a8ee36a140aa85efd9472c24f4cd158254dfeb3a50203b65db,cache,True,2026-08-30T22:20:29+00:00
cyclone-idai-2019,manual-cyclone-idai-2019-rosea-20190420-mozambique-sitrep17-as-of-20april2019-for-uploa,human,,human,2019-04-20,health,"Health, disease outbreak and nutrition",present,1.0,1.0,ok,,83,87e04842,deepseek-v4-pro,6fe3a0f9f4d7463be45e05863d08d59b8c7791f31c49c4cf5e48fb890eda9677,cache,True,2026-08-30T22:20:29+00:00
cyclone-idai-2019,manual-cyclone-idai-2019-rosea-20190420-mozambique-sitrep17-as-of-20april2019-for-uploa,human,,human,2019-04-20,needs_gaps,Sector needs and gaps,present,1.0,0.98,ok,,318,6680db43,deepseek-v4-pro,71bea6c95b2390483acb547c18b22da7472312633e54743607cbccd52df8c229,cache,True,2026-08-30T22:20:29+00:00
cyclone-idai-2019,manual-cyclone-idai-2019-rosea-20190420-mozambique-sitrep17-as-of-20april2019-for-uploa,human,,human,2019-04-20,response_actions,Sector response activities,present,1.0,1.0,ok,,178,9b9205a8,deepseek-v4-pro,8584b3b503e35ab6736978496e6dfeb91b93e85291652ffc5df91547509ef9a3,cache,True,2026-08-30T22:20:29+00:00
cyclone-idai-2019,manual-cyclone-idai-2019-rosea-20190420-mozambique-sitrep17-as-of-20april2019-for-uploa,human,,human,2019-04-20,shelter,Shelter and non-food items,partial,0.5,0.85,ok,,182,4c2b563c,deepseek-v4-pro,0dc71266b5f7b0df9e8b3270ea8d23ba6b4cfb7d478e774c85efb3a9d80b3799,cache,True,2026-08-30T22:20:29+00:00
cyclone-idai-2019,manual-cyclone-idai-2019-rosea-20190420-mozambique-sitrep17-as-of-20april2019-for-uploa,human,,human,2019-04-20,sourcing,Sourcing and attribution,present,1.0,0.95,ok,,128,92228b24,deepseek-v4-pro,002348fc5975a1eb89166c06a075381fcb8124d1b8b4ca10c54d8df5448a55c0,cache,True,2026-08-30T22:20:29+00:00
cyclone-idai-2019,manual-cyclone-idai-2019-rosea-20190420-mozambique-sitrep17-as-of-20april2019-for-uploa,human,,human,2019-04-20,wash,WASH needs and response,partial,0.5,0.75,ok,,223,d41e6272,deepseek-v4-pro,9d4284dd887e0c4ecf6977245ba34e875519d778ce5a8a423a9b08675605d799,cache,True,2026-08-30T22:20:29+00:00
cyclone-idai-2019,manual-cyclone-idai-2019-rosea-20190422-mozambique-sitrep-18-as-of-22-april-2019-pdf,human,,human,2019-04-22,access,Access constraints,present,1.0,0.95,ok,,129,28e9fe2f,deepseek-v4-pro,a0e7522ede2bc78d5618a27bbf825adbbfdc93205cc866b5e9b730284c5e1e1e,cache,True,2026-08-30T22:20:29+00:00
cyclone-idai-2019,manual-cyclone-idai-2019-rosea-20190422-mozambique-sitrep-18-as-of-22-april-2019-pdf,human,,human,2019-04-22,casualties,Casualty and affected-population figures,partial,0.5,0.82,ok,,59,003f4299,deepseek-v4-pro,2bcadaf60f05a740807ad94e6fef9d322a941285345908c604286d08a6ea3062,cache,True,2026-08-30T22:20:29+00:00
cyclone-idai-2019,manual-cyclone-idai-2019-rosea-20190422-mozambique-sitrep-18-as-of-22-april-2019-pdf,human,,human,2019-04-22,coordination,Coordination arrangements,partial,0.5,0.7,ok,,187,7534b0fc,deepseek-v4-pro,25680ee2b610013518536402921e7cb7981d1c6cf0b388624c71dd47242d0ecd,cache,True,2026-08-30T22:20:29+00:00
cyclone-idai-2019,manual-cyclone-idai-2019-rosea-20190422-mozambique-sitrep-18-as-of-22-april-2019-pdf,human,,human,2019-04-22,currency_and_metadata,Data currency and report metadata,present,1.0,0.85,ok,,187,fa30ffb7,deepseek-v4-pro,9409e46beb1ba9fa817ce60b05ddc03c6d27b02a674b63dcb4c4f7beff523be7,cache,True,2026-08-30T22:20:29+00:00
cyclone-idai-2019,manual-cyclone-idai-2019-rosea-20190422-mozambique-sitrep-18-as-of-22-april-2019-pdf,human,,human,2019-04-22,damage,"Physical, economic and agricultural damage",present,1.0,0.9,ok,,215,9b2060f1,deepseek-v4-pro,f9e140cca2608d63c0a491643c911f6d44f770e6c90f8e3281e4e83cd0201d97,cache,True,2026-08-30T22:20:29+00:00
cyclone-idai-2019,manual-cyclone-idai-2019-rosea-20190422-mozambique-sitrep-18-as-of-22-april-2019-pdf,human,,human,2019-04-22,displacement,Displacement and accommodation sites,present,1.0,1.0,ok,,188,e1b0545f,deepseek-v4-pro,5ce20bdac45128077252bb2bd49789826a6fa00a333d41f70a57702f4aa6c1aa,cache,True,2026-08-30T22:20:29+00:00
cyclone-idai-2019,manual-cyclone-idai-2019-rosea-20190422-mozambique-sitrep-18-as-of-22-april-2019-pdf,human,,human,2019-04-22,education,Education impact and response,present,1.0,1.0,ok,,171,ca2d7ea3,deepseek-v4-pro,cbb4511561b1a9084c272eb2cabc197ddf81d70c8ce4f5457a939f9d3fda0f60,cache,True,2026-08-30T22:20:29+00:00
cyclone-idai-2019,manual-cyclone-idai-2019-rosea-20190422-mozambique-sitrep-18-as-of-22-april-2019-pdf,human,,human,2019-04-22,food,Food security and assistance reach,present,1.0,1.0,ok,,220,39c5878e,deepseek-v4-pro,37cae44fb9087f6e5aefe2ed67da2413002f81211eeec82fbf93a0d6844ac385,cache,True,2026-08-30T22:20:29+00:00
cyclone-idai-2019,manual-cyclone-idai-2019-rosea-20190422-mozambique-sitrep-18-as-of-22-april-2019-pdf,human,,human,2019-04-22,funding,Funding status and donor contributions,present,1.0,0.95,ok,,199,cc5bcb17,deepseek-v4-pro,7a5ac9e4cfa3c23a2b9875d55586e480d4538dbaeaa0e28a8efeb264e008df7b,cache,True,2026-08-30T22:20:29+00:00
cyclone-idai-2019,manual-cyclone-idai-2019-rosea-20190422-mozambique-sitrep-18-as-of-22-april-2019-pdf,human,,human,2019-04-22,health,"Health, disease outbreak and nutrition",present,1.0,0.96,ok,,169,f488de3e,deepseek-v4-pro,2c7368aa21d6266958f9fc53bdce1289493664fd68c8a68f0c3913edb96cb5d4,cache,True,2026-08-30T22:20:29+00:00
cyclone-idai-2019,manual-cyclone-idai-2019-rosea-20190422-mozambique-sitrep-18-as-of-22-april-2019-pdf,human,,human,2019-04-22,needs_gaps,Sector needs and gaps,present,1.0,0.95,ok,,135,1d474e2d,deepseek-v4-pro,359125b545e3ab6fd9e9cf2f989b70e615674326d624ee59abdb8bf0357e5c72,cache,True,2026-08-30T22:20:29+00:00
cyclone-idai-2019,manual-cyclone-idai-2019-rosea-20190422-mozambique-sitrep-18-as-of-22-april-2019-pdf,human,,human,2019-04-22,response_actions,Sector response activities,present,1.0,0.95,ok,,220,39c5878e,deepseek-v4-pro,505154b646794782eceacec05656a8cc8d9192eef55db6384c1b1e599197e497,cache,True,2026-08-30T22:20:29+00:00
cyclone-idai-2019,manual-cyclone-idai-2019-rosea-20190422-mozambique-sitrep-18-as-of-22-april-2019-pdf,human,,human,2019-04-22,shelter,Shelter and non-food items,present,1.0,0.9,ok,,146,6faea4cf,deepseek-v4-pro,0ef1bc7e9ad4471fd893c868e6cd860c3928fec0edb04a6f55acfe74ec99cf23,cache,True,2026-08-30T22:20:29+00:00
cyclone-idai-2019,manual-cyclone-idai-2019-rosea-20190422-mozambique-sitrep-18-as-of-22-april-2019-pdf,human,,human,2019-04-22,sourcing,Sourcing and attribution,present,1.0,0.95,ok,,51,53b64126,deepseek-v4-pro,ffa87628fbab94fa70b62a1efe662bad2476316b627bccbc71dd08748d01011a,cache,True,2026-08-30T22:20:29+00:00
cyclone-idai-2019,manual-cyclone-idai-2019-rosea-20190422-mozambique-sitrep-18-as-of-22-april-2019-pdf,human,,human,2019-04-22,wash,WASH needs and response,partial,0.5,0.7,ok,,42,db6a02ea,deepseek-v4-pro,299288ce42547f5cb7652c62845c7948d9eea66974f343495d72f480268f1932,cache,True,2026-08-30T22:20:29+00:00
cyclone-idai-2019,manual-cyclone-idai-2019-rosea-20190429-mozambique-sitrep-19-as-of-29-april-2019-for-up,human,,human,2019-04-29,access,Access constraints,present,1.0,0.95,ok,,171,a948a445,deepseek-v4-pro,8adbdd40738c2441a0af3b156310d632f7c96bf29ca5956250dfa3174d539fa0,cache,True,2026-08-30T22:20:29+00:00
cyclone-idai-2019,manual-cyclone-idai-2019-rosea-20190429-mozambique-sitrep-19-as-of-29-april-2019-for-up,human,,human,2019-04-29,casualties,Casualty and affected-population figures,present,1.0,0.95,ok,,149,efe9bdd2,deepseek-v4-pro,398437adcdf4070b1bc054d36c50e431e7a00ef2873a497eff3595b09d383196,cache,True,2026-08-30T22:20:29+00:00
cyclone-idai-2019,manual-cyclone-idai-2019-rosea-20190429-mozambique-sitrep-19-as-of-29-april-2019-for-up,human,,human,2019-04-29,coordination,Coordination arrangements,partial,0.5,0.65,ok,,202,195ed221,deepseek-v4-pro,4415f3d9917d89164a0676aad922708eb8b1f17269c9fdd6e5d35382c00b0059,cache,True,2026-08-30T22:20:29+00:00
cyclone-idai-2019,manual-cyclone-idai-2019-rosea-20190429-mozambique-sitrep-19-as-of-29-april-2019-for-up,human,,human,2019-04-29,currency_and_metadata,Data currency and report metadata,present,1.0,0.85,ok,,202,d3c57fa2,deepseek-v4-pro,5794ce84a96537248aec579e692fb1efc662ab45bd1295b7feb5019f3f8900e0,cache,True,2026-08-30T22:20:29+00:00
cyclone-idai-2019,manual-cyclone-idai-2019-rosea-20190429-mozambique-sitrep-19-as-of-29-april-2019-for-up,human,,human,2019-04-29,damage,"Physical, economic and agricultural damage",present,1.0,0.95,ok,,223,755fe1fd,deepseek-v4-pro,21bbf102db9c2de31844bce71a06c17196411d57459998c76eb2001d1a24f79a,cache,True,2026-08-30T22:20:29+00:00
cyclone-idai-2019,manual-cyclone-idai-2019-rosea-20190429-mozambique-sitrep-19-as-of-29-april-2019-for-up,human,,human,2019-04-29,displacement,Displacement and accommodation sites,present,1.0,0.99,ok,,162,66162d6b,deepseek-v4-pro,da430f5437c5d7794bace8681dd8c2475fdd35338e10161548411f21db91f509,cache,True,2026-08-30T22:20:29+00:00
cyclone-idai-2019,manual-cyclone-idai-2019-rosea-20190429-mozambique-sitrep-19-as-of-29-april-2019-for-up,human,,human,2019-04-29,education,Education impact and response,present,1.0,0.96,ok,,178,bb1af35f,deepseek-v4-pro,5d56ec6ff5aa656050db182ae2aca8932c147e3a5f982fa55826f3ead45e47d3,cache,True,2026-08-30T22:20:29+00:00
cyclone-idai-2019,manual-cyclone-idai-2019-rosea-20190429-mozambique-sitrep-19-as-of-29-april-2019-for-up,human,,human,2019-04-29,food,Food security and assistance reach,present,1.0,1.0,ok,,144,48cdfe7e,deepseek-v4-pro,0436e6ead72bf3fdb7a0f3f9fad288d634a82575a5a9442fa57dc69feb7981c6,cache,True,2026-08-30T22:20:29+00:00
cyclone-idai-2019,manual-cyclone-idai-2019-rosea-20190429-mozambique-sitrep-19-as-of-29-april-2019-for-up,human,,human,2019-04-29,funding,Funding status and donor contributions,present,1.0,0.95,ok,,181,b01649df,deepseek-v4-pro,c44197b5717375ed461db40dbb8a1a6d9cc4f24b993f55cc0be23c75c60dad93,cache,True,2026-08-30T22:20:29+00:00
cyclone-idai-2019,manual-cyclone-idai-2019-rosea-20190429-mozambique-sitrep-19-as-of-29-april-2019-for-up,human,,human,2019-04-29,health,"Health, disease outbreak and nutrition",present,1.0,0.95,ok,,133,71e029e9,deepseek-v4-pro,f85d2ecf67f5318cda1121973a343a14b265bc9fa93f23e1ae1378343af8b0b5,cache,True,2026-08-30T22:20:29+00:00
cyclone-idai-2019,manual-cyclone-idai-2019-rosea-20190429-mozambique-sitrep-19-as-of-29-april-2019-for-up,human,,human,2019-04-29,needs_gaps,Sector needs and gaps,present,1.0,0.98,ok,,178,bb1af35f,deepseek-v4-pro,bd6a547f178e514feef55fd77ec6a878cc3da37a1092bf062420428925849478,cache,True,2026-08-30T22:20:29+00:00
cyclone-idai-2019,manual-cyclone-idai-2019-rosea-20190429-mozambique-sitrep-19-as-of-29-april-2019-for-up,human,,human,2019-04-29,response_actions,Sector response activities,present,1.0,0.98,ok,,144,48cdfe7e,deepseek-v4-pro,e2a37d3a4601badd245ca9530cbc363e16b09dd7ec06cd8bca35f1934b6b0134,cache,True,2026-08-30T22:20:29+00:00
cyclone-idai-2019,manual-cyclone-idai-2019-rosea-20190429-mozambique-sitrep-19-as-of-29-april-2019-for-up,human,,human,2019-04-29,shelter,Shelter and non-food items,partial,0.5,0.8,ok,,213,2f2fd47e,deepseek-v4-pro,c186b524cd7ab3036c8cb50199c0a5a13173682cf38fbf5cdd586862a83fd740,cache,True,2026-08-30T22:20:29+00:00
cyclone-idai-2019,manual-cyclone-idai-2019-rosea-20190429-mozambique-sitrep-19-as-of-29-april-2019-for-up,human,,human,2019-04-29,sourcing,Sourcing and attribution,present,1.0,0.95,ok,,149,efe9bdd2,deepseek-v4-pro,7f8ca84c5a23e3af051dad71e411c221fb3b4e9dfd2e9b192c3c35b49c92e5e4,cache,True,2026-08-30T22:20:29+00:00
cyclone-idai-2019,manual-cyclone-idai-2019-rosea-20190429-mozambique-sitrep-19-as-of-29-april-2019-for-up,human,,human,2019-04-29,wash,WASH needs and response,present,1.0,0.95,ok,,203,9e020ee1,deepseek-v4-pro,adca7095d1562290143ff07f53c748ca7fe11751dd691aef847ef66fd107bbf5,cache,True,2026-08-30T22:20:29+00:00
cyclone-idai-2019,manual-cyclone-idai-2019-rosea-20190506-mozambique-sitrep-20-as-of-6-may-2019-for-uploa,human,,human,2019-05-06,access,Access constraints,present,1.0,0.9,ok,,181,ffa55891,deepseek-v4-pro,ce8ff6063e90341bc7e727d7cafe0e6be996d550caa6c4f3e6966795d2301bf6,cache,True,2026-08-30T22:20:29+00:00
cyclone-idai-2019,manual-cyclone-idai-2019-rosea-20190506-mozambique-sitrep-20-as-of-6-may-2019-for-uploa,human,,human,2019-05-06,casualties,Casualty and affected-population figures,present,1.0,0.85,ok,,20,99a6bdd8,deepseek-v4-pro,30385b4959bc7c644203b515fa769da668dad3bde76a94ff4b0a7cb9ebb76201,cache,True,2026-08-30T22:20:29+00:00
cyclone-idai-2019,manual-cyclone-idai-2019-rosea-20190506-mozambique-sitrep-20-as-of-6-may-2019-for-uploa,human,,human,2019-05-06,coordination,Coordination arrangements,present,1.0,0.9,ok,,225,eebf0c86,deepseek-v4-pro,09bd6102270de3376b80a25cf508ab8e157c53d911b903044164b27a9ce49ebe,cache,True,2026-08-30T22:20:29+00:00
cyclone-idai-2019,manual-cyclone-idai-2019-rosea-20190506-mozambique-sitrep-20-as-of-6-may-2019-for-uploa,human,,human,2019-05-06,currency_and_metadata,Data currency and report metadata,present,1.0,0.9,ok,,132,7ed92b22,deepseek-v4-pro,055bb5700df51d0f6596f5bcbf25b004b2065cb13b2eaf2312b8104b2ccfbfbd,cache,True,2026-08-30T22:20:29+00:00
cyclone-idai-2019,manual-cyclone-idai-2019-rosea-20190506-mozambique-sitrep-20-as-of-6-may-2019-for-uploa,human,,human,2019-05-06,damage,"Physical, economic and agricultural damage",present,1.0,0.9,ok,,191,9a4b6eed,deepseek-v4-pro,221377c577bd1ce92d2452c140c2dacd7937c53a78db80ba5929daba9de433c7,cache,True,2026-08-30T22:20:29+00:00
cyclone-idai-2019,manual-cyclone-idai-2019-rosea-20190506-mozambique-sitrep-20-as-of-6-may-2019-for-uploa,human,,human,2019-05-06,displacement,Displacement and accommodation sites,present,1.0,1.0,ok,,140,ae165675,deepseek-v4-pro,ff9f9ac654ad9b054f351d14d817b4e1c578ebff6ee2e1078ce780c6bb89f5f5,cache,True,2026-08-30T22:20:29+00:00
cyclone-idai-2019,manual-cyclone-idai-2019-rosea-20190506-mozambique-sitrep-20-as-of-6-may-2019-for-uploa,human,,human,2019-05-06,education,Education impact and response,present,1.0,0.95,ok,,150,8c3c61a0,deepseek-v4-pro,897c9d08a47d9d1092653444a78226352eafe3e3e04d602e097882c72c823c21,cache,True,2026-08-30T22:20:29+00:00
cyclone-idai-2019,manual-cyclone-idai-2019-rosea-20190506-mozambique-sitrep-20-as-of-6-may-2019-for-uploa,human,,human,2019-05-06,food,Food security and assistance reach,present,1.0,0.98,ok,,123,e07a605b,deepseek-v4-pro,41afe2b6957d464b167e3776062c154a9b3175b5cbde134d4499de2cacb422c0,cache,True,2026-08-30T22:20:29+00:00
cyclone-idai-2019,manual-cyclone-idai-2019-rosea-20190506-mozambique-sitrep-20-as-of-6-may-2019-for-uploa,human,,human,2019-05-06,funding,Funding status and donor contributions,present,1.0,0.95,ok,,179,95948090,deepseek-v4-pro,c169a2a6d794d7b07251cc80536f532e558c6ce28e22a9f5ca0acd627cacec6e,cache,True,2026-08-30T22:20:29+00:00
cyclone-idai-2019,manual-cyclone-idai-2019-rosea-20190506-mozambique-sitrep-20-as-of-6-may-2019-for-uploa,human,,human,2019-05-06,health,"Health, disease outbreak and nutrition",present,1.0,0.95,ok,,250,d64720f9,deepseek-v4-pro,9cbec33a393f77e1faae360d946ffa5ed13739c777d71ce34dede0b739c1f695,cache,True,2026-08-30T22:20:29+00:00
cyclone-idai-2019,manual-cyclone-idai-2019-rosea-20190506-mozambique-sitrep-20-as-of-6-may-2019-for-uploa,human,,human,2019-05-06,needs_gaps,Sector needs and gaps,present,1.0,0.95,ok,,122,915eb0a1,deepseek-v4-pro,8ffeb14ff253cb7ff1cdceb38ebfc3147f505bf2b20051537698d6fb016b5d0c,cache,True,2026-08-30T22:20:29+00:00
cyclone-idai-2019,manual-cyclone-idai-2019-rosea-20190506-mozambique-sitrep-20-as-of-6-may-2019-for-uploa,human,,human,2019-05-06,response_actions,Sector response activities,present,1.0,0.95,ok,,212,f246364c,deepseek-v4-pro,088da6e221d9da6608da1a26b49511292a20e58b7f3a894a4c75837cbc90dd77,cache,True,2026-08-30T22:20:29+00:00
cyclone-idai-2019,manual-cyclone-idai-2019-rosea-20190506-mozambique-sitrep-20-as-of-6-may-2019-for-uploa,human,,human,2019-05-06,shelter,Shelter and non-food items,present,1.0,0.95,ok,,261,04e1a721,deepseek-v4-pro,4ddede0f8923803b856a8e0421dd180f47e858a3b2ee737dfc3ac8a7369e31cb,cache,True,2026-08-30T22:20:29+00:00
cyclone-idai-2019,manual-cyclone-idai-2019-rosea-20190506-mozambique-sitrep-20-as-of-6-may-2019-for-uploa,human,,human,2019-05-06,sourcing,Sourcing and attribution,present,1.0,0.95,ok,,106,15d62680,deepseek-v4-pro,d33302235bf72bc138b46fd51a1a510f5b3e3ff62e35ec5c4a9ef5cf7ec4209d,cache,True,2026-08-30T22:20:29+00:00
cyclone-idai-2019,manual-cyclone-idai-2019-rosea-20190506-mozambique-sitrep-20-as-of-6-may-2019-for-uploa,human,,human,2019-05-06,wash,WASH needs and response,present,1.0,0.85,ok,,169,d9d00464,deepseek-v4-pro,3fa9875c34c8f3b2eef1acfb427b53d56aeb71d884cb948e7b499685efac102a,cache,True,2026-08-30T22:20:29+00:00
cyclone-idai-2019,manual-cyclone-idai-2019-rosea-20190513-mozambique-sitrep-21-as-of-13-may-2019-for-uplo,human,,human,2019-05-13,access,Access constraints,present,1.0,0.95,ok,,114,7f7883fe,deepseek-v4-pro,8975919ea5541205a873c613b3b19d8944bab7cead6da1aad9990d9a6e0626f1,cache,True,2026-08-30T22:20:29+00:00
cyclone-idai-2019,manual-cyclone-idai-2019-rosea-20190513-mozambique-sitrep-21-as-of-13-may-2019-for-uplo,human,,human,2019-05-13,casualties,Casualty and affected-population figures,present,1.0,0.85,ok,,38,890fffb4,deepseek-v4-pro,56236afe3fde0072aac8254328702a0e2608c72171ba4eae1400feea73db525b,cache,True,2026-08-30T22:20:29+00:00
cyclone-idai-2019,manual-cyclone-idai-2019-rosea-20190513-mozambique-sitrep-21-as-of-13-may-2019-for-uplo,human,,human,2019-05-13,coordination,Coordination arrangements,present,1.0,0.85,ok,,225,eebf0c86,deepseek-v4-pro,a568832f094e428df1fd699d46c857f078a2254e38b83d2b2dc2d0b63bc2b974,cache,True,2026-08-30T22:20:29+00:00
cyclone-idai-2019,manual-cyclone-idai-2019-rosea-20190513-mozambique-sitrep-21-as-of-13-may-2019-for-uplo,human,,human,2019-05-13,currency_and_metadata,Data currency and report metadata,present,1.0,0.95,ok,,252,bb0f4e37,deepseek-v4-pro,c32d875046dd802a1d2ef87d02c16363516493f38ff8eb8d088d69665584f93a,cache,True,2026-08-30T22:20:29+00:00
cyclone-idai-2019,manual-cyclone-idai-2019-rosea-20190513-mozambique-sitrep-21-as-of-13-may-2019-for-uplo,human,,human,2019-05-13,damage,"Physical, economic and agricultural damage",present,1.0,0.92,ok,,174,8bda8fc9,deepseek-v4-pro,2ec6bff06d6a1e9bebd44b4d32fd8a9a978b23d737751640b98063e1a41d66d3,cache,True,2026-08-30T22:20:29+00:00
cyclone-idai-2019,manual-cyclone-idai-2019-rosea-20190513-mozambique-sitrep-21-as-of-13-may-2019-for-uplo,human,,human,2019-05-13,displacement,Displacement and accommodation sites,present,1.0,0.99,ok,,147,5700ce0f,deepseek-v4-pro,a4e555ef8672d356e26258148f4f363228bdfb7ba023a5216272a43c7a23d396,cache,True,2026-08-30T22:20:29+00:00
cyclone-idai-2019,manual-cyclone-idai-2019-rosea-20190513-mozambique-sitrep-21-as-of-13-may-2019-for-uplo,human,,human,2019-05-13,education,Education impact and response,present,1.0,0.95,ok,,174,8bda8fc9,deepseek-v4-pro,eec7c179e4f9a6018d291e5170f9c8b0c5cad520ac282c8f04d2f0197ec60431,cache,True,2026-08-30T22:20:29+00:00
cyclone-idai-2019,manual-cyclone-idai-2019-rosea-20190513-mozambique-sitrep-21-as-of-13-may-2019-for-uplo,human,,human,2019-05-13,food,Food security and assistance reach,present,1.0,0.96,ok,,152,038e5a6f,deepseek-v4-pro,b140b7a5e975acfa82a067ea15e357d16d364884a912bf4614c35af4124c905a,cache,True,2026-08-30T22:20:29+00:00
cyclone-idai-2019,manual-cyclone-idai-2019-rosea-20190513-mozambique-sitrep-21-as-of-13-may-2019-for-uplo,human,,human,2019-05-13,funding,Funding status and donor contributions,present,1.0,0.95,ok,,183,acee4b9c,deepseek-v4-pro,1373862b216361b248e3dbe34e6b91e18cc538cb49a1a27e0c5d9e83cd117f7c,cache,True,2026-08-30T22:20:29+00:00
cyclone-idai-2019,manual-cyclone-idai-2019-rosea-20190513-mozambique-sitrep-21-as-of-13-may-2019-for-uplo,human,,human,2019-05-13,health,"Health, disease outbreak and nutrition",present,1.0,0.95,ok,,191,2bc9828b,deepseek-v4-pro,844d7d0d1933ee0ff902b77faf5c4c7ac0f1ba7fe1307d164654c26bce278505,cache,True,2026-08-30T22:20:29+00:00
cyclone-idai-2019,manual-cyclone-idai-2019-rosea-20190513-mozambique-sitrep-21-as-of-13-may-2019-for-uplo,human,,human,2019-05-13,needs_gaps,Sector needs and gaps,present,1.0,0.95,ok,,127,e0d651f0,deepseek-v4-pro,bbef9569e9656f784274bb6a00f9cada833675f4fa13ce53ed1897e6fa1cf176,cache,True,2026-08-30T22:20:29+00:00
cyclone-idai-2019,manual-cyclone-idai-2019-rosea-20190513-mozambique-sitrep-21-as-of-13-may-2019-for-uplo,human,,human,2019-05-13,response_actions,Sector response activities,present,1.0,1.0,ok,,157,e13c070f,deepseek-v4-pro,18af527d6bf0738fe8deae7c42a6b012b5b186be34d5d17f06f302e5908ee340,cache,True,2026-08-30T22:20:29+00:00
cyclone-idai-2019,manual-cyclone-idai-2019-rosea-20190513-mozambique-sitrep-21-as-of-13-may-2019-for-uplo,human,,human,2019-05-13,shelter,Shelter and non-food items,present,1.0,0.9,ok,,160,9d1dd04f,deepseek-v4-pro,92e4476e5db9f5a4b988c23d16335f23dc2bf61f44632489fddf9e1f16365b6d,cache,True,2026-08-30T22:20:29+00:00
cyclone-idai-2019,manual-cyclone-idai-2019-rosea-20190513-mozambique-sitrep-21-as-of-13-may-2019-for-uplo,human,,human,2019-05-13,sourcing,Sourcing and attribution,present,1.0,0.95,ok,,63,d7ef6890,deepseek-v4-pro,04d3dd91b6101ff6bd3f1f8ff914a7bb77499ca5ac9307f32f514ed6b97e6ecf,cache,True,2026-08-30T22:20:29+00:00
cyclone-idai-2019,manual-cyclone-idai-2019-rosea-20190513-mozambique-sitrep-21-as-of-13-may-2019-for-uplo,human,,human,2019-05-13,wash,WASH needs and response,partial,0.5,0.8,ok,,126,77673889,deepseek-v4-pro,1feaaece812465687441829f064c4851ebe6a06a1b96b17e5b81e05a566833b5,cache,True,2026-08-30T22:20:29+00:00
cyclone-idai-2019,manual-cyclone-idai-2019-rosea-20190520-mozambique-sitrep-22-as-of-20-may-for-upload-pd,human,,human,2019-05-20,access,Access constraints,partial,0.5,0.75,ok,,214,7b7c5a7e,deepseek-v4-pro,2d3abdd08a6fadeca713083c264de6d9e2a7dd73afe57c385c2213eab2102813,cache,True,2026-08-30T22:20:29+00:00
cyclone-idai-2019,manual-cyclone-idai-2019-rosea-20190520-mozambique-sitrep-22-as-of-20-may-for-upload-pd,human,,human,2019-05-20,casualties,Casualty and affected-population figures,absent,0.0,0.85,ok,,0,,deepseek-v4-pro,e3cc36e4bbcbeea251271668ff9f48cfd4bdde044859a4169ce5733b435db455,cache,True,2026-08-30T22:20:29+00:00
cyclone-idai-2019,manual-cyclone-idai-2019-rosea-20190520-mozambique-sitrep-22-as-of-20-may-for-upload-pd,human,,human,2019-05-20,coordination,Coordination arrangements,present,1.0,0.9,ok,,161,1ee8de0f,deepseek-v4-pro,6f2f6f930a0ea272ee4942c2b514aa49771b1aaba064082b9ab6c74b813db5ec,cache,True,2026-08-30T22:20:29+00:00
cyclone-idai-2019,manual-cyclone-idai-2019-rosea-20190520-mozambique-sitrep-22-as-of-20-may-for-upload-pd,human,,human,2019-05-20,currency_and_metadata,Data currency and report metadata,present,1.0,0.9,ok,,234,812dc94e,deepseek-v4-pro,251fc3f807af630f2aead03cf03105902f7ab2c3b80bc8cd87d412231ed02ea8,cache,True,2026-08-30T22:20:29+00:00
cyclone-idai-2019,manual-cyclone-idai-2019-rosea-20190520-mozambique-sitrep-22-as-of-20-may-for-upload-pd,human,,human,2019-05-20,damage,"Physical, economic and agricultural damage",partial,0.5,0.85,ok,,179,07b0cd95,deepseek-v4-pro,04cbaa2a4480d54d2766e074d1fb8e19edde5a5e39fea2ccf728e732acd5f8a3,cache,True,2026-08-30T22:20:29+00:00
cyclone-idai-2019,manual-cyclone-idai-2019-rosea-20190520-mozambique-sitrep-22-as-of-20-may-for-upload-pd,human,,human,2019-05-20,displacement,Displacement and accommodation sites,present,1.0,1.0,ok,,155,e55170b5,deepseek-v4-pro,4aa38397c7f32d831068aea23857d5c843796dab44cc276d0f6d29e27ab006c1,cache,True,2026-08-30T22:20:29+00:00
cyclone-idai-2019,manual-cyclone-idai-2019-rosea-20190520-mozambique-sitrep-22-as-of-20-may-for-upload-pd,human,,human,2019-05-20,education,Education impact and response,present,1.0,0.97,ok,,179,446eebd6,deepseek-v4-pro,c6154e01a702c2bde53b305dbdda28413658f2feeb331eb3bf29be46073ad181,cache,True,2026-08-30T22:20:29+00:00
cyclone-idai-2019,manual-cyclone-idai-2019-rosea-20190520-mozambique-sitrep-22-as-of-20-may-for-upload-pd,human,,human,2019-05-20,food,Food security and assistance reach,present,1.0,0.95,ok,,167,afc40e82,deepseek-v4-pro,e1a69676ae78b3235e4dbeaa3cd5366cf79aa87f34eff6bd42671709342a04b0,cache,True,2026-08-30T22:20:29+00:00
cyclone-idai-2019,manual-cyclone-idai-2019-rosea-20190520-mozambique-sitrep-22-as-of-20-may-for-upload-pd,human,,human,2019-05-20,funding,Funding status and donor contributions,present,1.0,0.95,ok,,183,60ac76a6,deepseek-v4-pro,2ac42440e66d08affc7286e2f8136128eaf392077eb62364674e1333f058208b,cache,True,2026-08-30T22:20:29+00:00
cyclone-idai-2019,manual-cyclone-idai-2019-rosea-20190520-mozambique-sitrep-22-as-of-20-may-for-upload-pd,human,,human,2019-05-20,health,"Health, disease outbreak and nutrition",present,1.0,0.95,ok,,197,33b34dcc,deepseek-v4-pro,595d8d6bbc593a819aeea05477bade474e2d3063749d091af302fb7b1ea90abf,cache,True,2026-08-30T22:20:29+00:00
cyclone-idai-2019,manual-cyclone-idai-2019-rosea-20190520-mozambique-sitrep-22-as-of-20-may-for-upload-pd,human,,human,2019-05-20,needs_gaps,Sector needs and gaps,present,1.0,0.95,ok,,173,8dc9e091,deepseek-v4-pro,e7570258a4155a1be4b55626f8af2b5d244dc329583fe5e5346ec62f88368249,cache,True,2026-08-30T22:20:29+00:00
cyclone-idai-2019,manual-cyclone-idai-2019-rosea-20190520-mozambique-sitrep-22-as-of-20-may-for-upload-pd,human,,human,2019-05-20,response_actions,Sector response activities,present,1.0,0.98,ok,,167,afc40e82,deepseek-v4-pro,1fce8a67b32a159a38713e3bda5c0d58ce071f6b1f2d2025ec13b5513e4072a7,cache,True,2026-08-30T22:20:29+00:00
cyclone-idai-2019,manual-cyclone-idai-2019-rosea-20190520-mozambique-sitrep-22-as-of-20-may-for-upload-pd,human,,human,2019-05-20,shelter,Shelter and non-food items,partial,0.5,0.75,ok,,72,92317c92,deepseek-v4-pro,fca9e79bf33baca6cc1ea278694e1f2e4cb0ee0b64b82abeb49fd2907dc78239,cache,True,2026-08-30T22:20:29+00:00
cyclone-idai-2019,manual-cyclone-idai-2019-rosea-20190520-mozambique-sitrep-22-as-of-20-may-for-upload-pd,human,,human,2019-05-20,sourcing,Sourcing and attribution,present,1.0,0.95,ok,,167,afc40e82,deepseek-v4-pro,1f8385aceb0d5f9806c3b7be63f8dc897defc31e73bd0d2a84424a7bd2833b68,cache,True,2026-08-30T22:20:29+00:00
cyclone-idai-2019,manual-cyclone-idai-2019-rosea-20190520-mozambique-sitrep-22-as-of-20-may-for-upload-pd,human,,human,2019-05-20,wash,WASH needs and response,partial,0.5,0.85,ok,,122,61d076e5,deepseek-v4-pro,16067af704f69a45fac55562e1155d11f0e6e2376fba67d8ca6e397bc030b514,cache,True,2026-08-30T22:20:29+00:00
cyclone-idai-2019,manual-cyclone-idai-2019-sa-cyclone-and-flooding-snapshot-10072019-pdf,human,,human,2019-07-10,access,Access constraints,absent,0.0,0.95,ok,,0,,deepseek-v4-pro,cc6f153e870bc6b1a48381dac5ae04dea62969594cf2d4fb0b28c15687cb2817,cache,True,2026-08-30T22:20:29+00:00
cyclone-idai-2019,manual-cyclone-idai-2019-sa-cyclone-and-flooding-snapshot-10072019-pdf,human,,human,2019-07-10,casualties,Casualty and affected-population figures,present,1.0,0.95,ok,,140,19f24dc8,deepseek-v4-pro,81e88ba6b5dc0e7fbed0cd66cdf1459a287c9ce2e239e4dd84c2623f0d1d85ec,cache,True,2026-08-30T22:20:29+00:00
cyclone-idai-2019,manual-cyclone-idai-2019-sa-cyclone-and-flooding-snapshot-10072019-pdf,human,,human,2019-07-10,coordination,Coordination arrangements,partial,0.5,0.9,ok,,139,3e839c30,deepseek-v4-pro,d84ccdf7b45847acbb1bbd80bc30480fcfcc74196cc0882e8537f7de28535ea7,cache,True,2026-08-30T22:20:29+00:00
cyclone-idai-2019,manual-cyclone-idai-2019-sa-cyclone-and-flooding-snapshot-10072019-pdf,human,,human,2019-07-10,currency_and_metadata,Data currency and report metadata,present,1.0,0.9,ok,,233,65ace345,deepseek-v4-pro,17d50d178f14c9ea5f888be7272c5eb1d61eb033cf255f20515a5ed0f8b3f0ff,cache,True,2026-08-30T22:20:29+00:00
cyclone-idai-2019,manual-cyclone-idai-2019-sa-cyclone-and-flooding-snapshot-10072019-pdf,human,,human,2019-07-10,damage,"Physical, economic and agricultural damage",present,1.0,0.92,ok,,184,785cd59d,deepseek-v4-pro,e13f3f1e7f80e936baa7988788aefdccdd89b96569847f5f250c2e5e11a27e01,cache,True,2026-08-30T22:20:29+00:00
cyclone-idai-2019,manual-cyclone-idai-2019-sa-cyclone-and-flooding-snapshot-10072019-pdf,human,,human,2019-07-10,displacement,Displacement and accommodation sites,partial,0.5,0.85,ok,,22,f53b2745,deepseek-v4-pro,c824b93081a23c9ddfe8c064473eb6304d2a03442be19645e9a5b2de814e7232,cache,True,2026-08-30T22:20:29+00:00
cyclone-idai-2019,manual-cyclone-idai-2019-sa-cyclone-and-flooding-snapshot-10072019-pdf,human,,human,2019-07-10,education,Education impact and response,partial,0.5,0.9,ok,,135,0c11e127,deepseek-v4-pro,71ecb580b757acf0c2a041e0dc0e989761f07e99d9be51c46a85ded191d19a0d,cache,True,2026-08-30T22:20:29+00:00
cyclone-idai-2019,manual-cyclone-idai-2019-sa-cyclone-and-flooding-snapshot-10072019-pdf,human,,human,2019-07-10,food,Food security and assistance reach,partial,0.5,0.9,ok,,182,9a1a789c,deepseek-v4-pro,e9103e8a53684b63c1c9a04dfa09cb3f168bcdf1e6b7f7a93985f06bc1605272,cache,True,2026-08-30T22:20:29+00:00
cyclone-idai-2019,manual-cyclone-idai-2019-sa-cyclone-and-flooding-snapshot-10072019-pdf,human,,human,2019-07-10,funding,Funding status and donor contributions,present,1.0,0.95,ok,,193,7744926a,deepseek-v4-pro,505061f6f24e537c1a6047a695429d8cf598a460b524f67c3aeecb862684bdf3,cache,True,2026-08-30T22:20:29+00:00
cyclone-idai-2019,manual-cyclone-idai-2019-sa-cyclone-and-flooding-snapshot-10072019-pdf,human,,human,2019-07-10,health,"Health, disease outbreak and nutrition",absent,0.0,0.95,ok,,0,,deepseek-v4-pro,19f36a845ffee4951519439fd03e3ae37dc246d103a82934edef7125cac5cb67,cache,True,2026-08-30T22:20:29+00:00
cyclone-idai-2019,manual-cyclone-idai-2019-sa-cyclone-and-flooding-snapshot-10072019-pdf,human,,human,2019-07-10,needs_gaps,Sector needs and gaps,absent,0.0,0.9,ok,,0,,deepseek-v4-pro,2b568b3ceb3f792fdfd0964d042912358a31f0840820c9c6b055477e159f0c5c,cache,True,2026-08-30T22:20:29+00:00
cyclone-idai-2019,manual-cyclone-idai-2019-sa-cyclone-and-flooding-snapshot-10072019-pdf,human,,human,2019-07-10,response_actions,Sector response activities,partial,0.5,0.8,ok,,139,3e839c30,deepseek-v4-pro,0c64045304909aa6f58a3d36c83c58eaf155531e590cfcdc306fa55ddfe47d56,cache,True,2026-08-30T22:20:29+00:00
cyclone-idai-2019,manual-cyclone-idai-2019-sa-cyclone-and-flooding-snapshot-10072019-pdf,human,,human,2019-07-10,shelter,Shelter and non-food items,absent,0.0,0.95,ok,,0,,deepseek-v4-pro,b8e58c4e3a131d13c1637d3b77807d7a8fbd5a3f6ac16aee9f6bebca37a7bb30,cache,True,2026-08-30T22:20:29+00:00
cyclone-idai-2019,manual-cyclone-idai-2019-sa-cyclone-and-flooding-snapshot-10072019-pdf,human,,human,2019-07-10,sourcing,Sourcing and attribution,present,1.0,0.95,ok,,165,4813f9dd,deepseek-v4-pro,ec58170fa0d58bc026d6b2641a958080d4f9b80d22c9c60eff5b0bd0b45baeb5,cache,True,2026-08-30T22:20:29+00:00
cyclone-idai-2019,manual-cyclone-idai-2019-sa-cyclone-and-flooding-snapshot-10072019-pdf,human,,human,2019-07-10,wash,WASH needs and response,absent,0.0,0.95,ok,,0,,deepseek-v4-pro,1c86dc7f842c9b123cdbd6e471f788fd93e44db45afe61b4c190368e569237e1,cache,True,2026-08-30T22:20:29+00:00
cyclone-idai-2019,manual-cyclone-idai-2019-sa-cyclone-and-flooding-snapshot-11032019-pdf,human,,human,2019-03-11,access,Access constraints,absent,0.0,0.95,ok,,0,,deepseek-v4-pro,9c8fa0bb0282e1e8189cbf7a895fb09957439c2a8578fed7b6a1b5992ad528ac,cache,True,2026-08-30T22:20:29+00:00
cyclone-idai-2019,manual-cyclone-idai-2019-sa-cyclone-and-flooding-snapshot-11032019-pdf,human,,human,2019-03-11,casualties,Casualty and affected-population figures,present,1.0,0.98,ok,,172,200b4a77,deepseek-v4-pro,91bb47222dfb2dc84a56881f961fcfa5d62ce9928a0e571ddb9b1f5f0b469f79,cache,True,2026-08-30T22:20:29+00:00
cyclone-idai-2019,manual-cyclone-idai-2019-sa-cyclone-and-flooding-snapshot-11032019-pdf,human,,human,2019-03-11,coordination,Coordination arrangements,partial,0.5,0.7,ok,,255,566e65de,deepseek-v4-pro,6576b25011d19c48e769336e516b5108d9f837f61db95eb1716fee5c3041f1d0,cache,True,2026-08-30T22:20:29+00:00
cyclone-idai-2019,manual-cyclone-idai-2019-sa-cyclone-and-flooding-snapshot-11032019-pdf,human,,human,2019-03-11,currency_and_metadata,Data currency and report metadata,present,1.0,0.95,ok,,218,71f00faa,deepseek-v4-pro,d405b4f48f6956b3c57869ea73222b6cc27a451f31cdef1458517866af1d7de8,cache,True,2026-08-30T22:20:29+00:00
cyclone-idai-2019,manual-cyclone-idai-2019-sa-cyclone-and-flooding-snapshot-11032019-pdf,human,,human,2019-03-11,damage,"Physical, economic and agricultural damage",present,1.0,0.95,ok,,152,9e0320fc,deepseek-v4-pro,3c327396a0bb9ab7cd5da338eab7801cccd45ccea95054fde6e85c2c010b2847,cache,True,2026-08-30T22:20:29+00:00
cyclone-idai-2019,manual-cyclone-idai-2019-sa-cyclone-and-flooding-snapshot-11032019-pdf,human,,human,2019-03-11,displacement,Displacement and accommodation sites,present,1.0,0.9,ok,,188,5eff2126,deepseek-v4-pro,3fe9891e52f021725221ff5fdfe3a537d5c664539a1540c0a2f2e4acdeffbd72,cache,True,2026-08-30T22:20:29+00:00
cyclone-idai-2019,manual-cyclone-idai-2019-sa-cyclone-and-flooding-snapshot-11032019-pdf,human,,human,2019-03-11,education,Education impact and response,present,1.0,0.95,ok,,165,5f017580,deepseek-v4-pro,05839c09d93a760c9db1324ef39b2c3082855ef585d078cd0666d0c188571037,cache,True,2026-08-30T22:20:29+00:00
cyclone-idai-2019,manual-cyclone-idai-2019-sa-cyclone-and-flooding-snapshot-11032019-pdf,human,,human,2019-03-11,food,Food security and assistance reach,absent,0.0,0.95,ok,,0,,deepseek-v4-pro,bb548ac50106f33bcba6c6db358c3edd87445ce58a6218a46072598be68b1df8,cache,True,2026-08-30T22:20:29+00:00
cyclone-idai-2019,manual-cyclone-idai-2019-sa-cyclone-and-flooding-snapshot-11032019-pdf,human,,human,2019-03-11,funding,Funding status and donor contributions,absent,0.0,0.95,ok,,0,,deepseek-v4-pro,175fb10301c9bf3d68769bfef76db42f08264c6a6d4b330a65b72e7f90b9ffc2,cache,True,2026-08-30T22:20:29+00:00
cyclone-idai-2019,manual-cyclone-idai-2019-sa-cyclone-and-flooding-snapshot-11032019-pdf,human,,human,2019-03-11,health,"Health, disease outbreak and nutrition",absent,0.0,0.95,ok,,0,,deepseek-v4-pro,99c2a6bfc0695cf6159c651a8943d9f6de7a087631edd6b8cda6bc556618a529,cache,True,2026-08-30T22:20:29+00:00
cyclone-idai-2019,manual-cyclone-idai-2019-sa-cyclone-and-flooding-snapshot-11032019-pdf,human,,human,2019-03-11,needs_gaps,Sector needs and gaps,present,1.0,0.8,ok,,152,e73bbecd,deepseek-v4-pro,6f21816ef20493981c4573c2bebeac92c9688f2d0ecb564ea0e11fc87993ac89,cache,True,2026-08-30T22:20:29+00:00
cyclone-idai-2019,manual-cyclone-idai-2019-sa-cyclone-and-flooding-snapshot-11032019-pdf,human,,human,2019-03-11,response_actions,Sector response activities,partial,0.5,0.75,ok,,135,1f692aef,deepseek-v4-pro,f0199e091c90a8a09627794f979a763d85a66d21bd6a54462a44f5e080381d04,cache,True,2026-08-30T22:20:29+00:00
cyclone-idai-2019,manual-cyclone-idai-2019-sa-cyclone-and-flooding-snapshot-11032019-pdf,human,,human,2019-03-11,shelter,Shelter and non-food items,partial,0.5,0.92,ok,,152,e73bbecd,deepseek-v4-pro,f768638fc2555b61528661258e4bcdc9bcde841d984eee6d7ce10a44f8f89b83,cache,True,2026-08-30T22:20:29+00:00
cyclone-idai-2019,manual-cyclone-idai-2019-sa-cyclone-and-flooding-snapshot-11032019-pdf,human,,human,2019-03-11,sourcing,Sourcing and attribution,present,1.0,0.92,ok,,172,200b4a77,deepseek-v4-pro,6ec4dfb5e43c8f544452ec7c07f15e9a5f5156f7c6503943c9a71d9e78243253,cache,True,2026-08-30T22:20:29+00:00
cyclone-idai-2019,manual-cyclone-idai-2019-sa-cyclone-and-flooding-snapshot-11032019-pdf,human,,human,2019-03-11,wash,WASH needs and response,partial,0.5,0.85,ok,,152,e73bbecd,deepseek-v4-pro,e2a19e7110e4cb8e2b54a6966890ad3aeb65b3fc67ad2d7ce7b425a6d51bef6d,cache,True,2026-08-30T22:20:29+00:00
cyclone-idai-2019,manual-cyclone-idai-2019-sa-cyclone-and-flooding-snapshot-12032019-pdf,human,,human,2019-03-12,access,Access constraints,present,1.0,0.9,ok,,187,f50fe919,deepseek-v4-pro,72603ef41d05e0229c34ff45664844937a85168f6f5b6954db263fabc41eff04,cache,True,2026-08-30T22:20:29+00:00
cyclone-idai-2019,manual-cyclone-idai-2019-sa-cyclone-and-flooding-snapshot-12032019-pdf,human,,human,2019-03-12,casualties,Casualty and affected-population figures,present,1.0,0.98,ok,,180,ea55d36b,deepseek-v4-pro,dd11e956c1eb96afda267b9249349e689dcb8e5380431394145d598927db3c73,cache,True,2026-08-30T22:20:29+00:00
cyclone-idai-2019,manual-cyclone-idai-2019-sa-cyclone-and-flooding-snapshot-12032019-pdf,human,,human,2019-03-12,coordination,Coordination arrangements,partial,0.5,0.8,ok,,178,639a5472,deepseek-v4-pro,c98f5627f52c4c626aa05588021f8a1264000b1c63906ff4f9fbde18fd01e90b,cache,True,2026-08-30T22:20:29+00:00
cyclone-idai-2019,manual-cyclone-idai-2019-sa-cyclone-and-flooding-snapshot-12032019-pdf,human,,human,2019-03-12,currency_and_metadata,Data currency and report metadata,present,1.0,0.95,ok,,117,4ef122a2,deepseek-v4-pro,95390acef833dda2b8f10981f4059e363615404a0e252a884182079b4795fe8f,cache,True,2026-08-30T22:20:29+00:00
cyclone-idai-2019,manual-cyclone-idai-2019-sa-cyclone-and-flooding-snapshot-12032019-pdf,human,,human,2019-03-12,damage,"Physical, economic and agricultural damage",present,1.0,0.95,ok,,156,ecc27c0b,deepseek-v4-pro,1b90c2198efe1c2cca3c9b4390ebe81db5eb09280b215fe99153cb0d69b7e5eb,cache,True,2026-08-30T22:20:29+00:00
cyclone-idai-2019,manual-cyclone-idai-2019-sa-cyclone-and-flooding-snapshot-12032019-pdf,human,,human,2019-03-12,displacement,Displacement and accommodation sites,present,1.0,0.9,ok,,121,a02a9796,deepseek-v4-pro,4f7b68fa17cdad2eaf58ba71d4dcb7e476f782e4e0b233b73025a77843b60846,cache,True,2026-08-30T22:20:29+00:00
cyclone-idai-2019,manual-cyclone-idai-2019-sa-cyclone-and-flooding-snapshot-12032019-pdf,human,,human,2019-03-12,education,Education impact and response,partial,0.5,0.9,ok,,113,a98a295e,deepseek-v4-pro,458eb9ef09f070fa5ae519196bc502c36b07fd5378c9876be8d56b993eb523b9,cache,True,2026-08-30T22:20:29+00:00
cyclone-idai-2019,manual-cyclone-idai-2019-sa-cyclone-and-flooding-snapshot-12032019-pdf,human,,human,2019-03-12,food,Food security and assistance reach,partial,0.5,0.72,ok,,159,ef61298f,deepseek-v4-pro,e15fbb982cbcad12f76d7b8c49496378b41d8eedd64c29f4b37a431d3eace807,cache,True,2026-08-30T22:20:29+00:00
cyclone-idai-2019,manual-cyclone-idai-2019-sa-cyclone-and-flooding-snapshot-12032019-pdf,human,,human,2019-03-12,funding,Funding status and donor contributions,partial,0.5,0.85,ok,,199,46f4e682,deepseek-v4-pro,41b14ec4bbc2c04cc9ac68c8e82247479059b99e64e67eb970f1718a3000f6d2,cache,True,2026-08-30T22:20:29+00:00
cyclone-idai-2019,manual-cyclone-idai-2019-sa-cyclone-and-flooding-snapshot-12032019-pdf,human,,human,2019-03-12,health,"Health, disease outbreak and nutrition",absent,0.0,0.95,ok,,0,,deepseek-v4-pro,6fe78a7d5cf17bb406c943695fafb3576205843fe6fdd70056d34fd8925c10f5,cache,True,2026-08-30T22:20:29+00:00
cyclone-idai-2019,manual-cyclone-idai-2019-sa-cyclone-and-flooding-snapshot-12032019-pdf,human,,human,2019-03-12,needs_gaps,Sector needs and gaps,partial,0.5,0.7,ok,,101,0b45e167,deepseek-v4-pro,55d44b57edded10fe753398940736152bbd638d0e33ac9b9b317f27e53da3591,cache,True,2026-08-30T22:20:29+00:00
cyclone-idai-2019,manual-cyclone-idai-2019-sa-cyclone-and-flooding-snapshot-12032019-pdf,human,,human,2019-03-12,response_actions,Sector response activities,partial,0.5,0.85,ok,,193,f680ec25,deepseek-v4-pro,35a6427175f1a1a87f9d396f1f1f2f673cfca813421cf8d6b7841d43fb0ac554,cache,True,2026-08-30T22:20:29+00:00
cyclone-idai-2019,manual-cyclone-idai-2019-sa-cyclone-and-flooding-snapshot-12032019-pdf,human,,human,2019-03-12,shelter,Shelter and non-food items,partial,0.5,0.8,ok,,160,50c99808,deepseek-v4-pro,618fbb057a4c5d334ed7031b70152b8cb6652e083839165f0f3918ecb2906501,cache,True,2026-08-30T22:20:29+00:00
cyclone-idai-2019,manual-cyclone-idai-2019-sa-cyclone-and-flooding-snapshot-12032019-pdf,human,,human,2019-03-12,sourcing,Sourcing and attribution,present,1.0,0.95,ok,,113,2c9e6f2c,deepseek-v4-pro,36c940bb0f29c8548078e21970143ba5044edff9b99858c10216a4cbff3ca6c5,cache,True,2026-08-30T22:20:29+00:00
cyclone-idai-2019,manual-cyclone-idai-2019-sa-cyclone-and-flooding-snapshot-12032019-pdf,human,,human,2019-03-12,wash,WASH needs and response,partial,0.5,0.8,ok,,101,0b45e167,deepseek-v4-pro,9b194390d01ae10ec98e84564104a56bc6e65be2fb4b2a9b84c45b8ff11583a2,cache,True,2026-08-30T22:20:29+00:00
cyclone-idai-2019,manual-cyclone-idai-2019-unicef-mozambique-humanitarian-situation-report-5-cyclone-idai,human,,human,2019-04-11,access,Access constraints,partial,0.5,0.55,ok,,54,9e09b8eb,deepseek-v4-pro,f13722b2ac57707d6017b310680a47f36fa90d452201dd66a301ee363fb859ef,cache,True,2026-08-30T22:20:29+00:00
cyclone-idai-2019,manual-cyclone-idai-2019-unicef-mozambique-humanitarian-situation-report-5-cyclone-idai,human,,human,2019-04-11,casualties,Casualty and affected-population figures,present,1.0,0.95,ok,,132,999cf590,deepseek-v4-pro,0f2f0f4e7e9eb44c5e63e5bffb804d7d00b1b4f1eddff727f735f62f47123a68,cache,True,2026-08-30T22:20:29+00:00
cyclone-idai-2019,manual-cyclone-idai-2019-unicef-mozambique-humanitarian-situation-report-5-cyclone-idai,human,,human,2019-04-11,coordination,Coordination arrangements,present,1.0,0.95,ok,,140,1b79c48b,deepseek-v4-pro,b68a09578ebdfee45c79f1f6f02cecf097fd528a579ef01f2ccc742035912766,cache,True,2026-08-30T22:20:29+00:00
cyclone-idai-2019,manual-cyclone-idai-2019-unicef-mozambique-humanitarian-situation-report-5-cyclone-idai,human,,human,2019-04-11,currency_and_metadata,Data currency and report metadata,present,1.0,0.85,ok,,173,cd568163,deepseek-v4-pro,15f52f3a1174351c38d2fba78fc3ed8f5447c054ea65667285b8898fcdfbddfe,cache,True,2026-08-30T22:20:29+00:00
cyclone-idai-2019,manual-cyclone-idai-2019-unicef-mozambique-humanitarian-situation-report-5-cyclone-idai,human,,human,2019-04-11,damage,"Physical, economic and agricultural damage",partial,0.5,0.8,ok,,160,880641e1,deepseek-v4-pro,eb6cd7e1064dcde9eb4d6e150da8960bb3c6b926bcc8dccf0f5eaf07abaa0278,cache,True,2026-08-30T22:20:29+00:00
cyclone-idai-2019,manual-cyclone-idai-2019-unicef-mozambique-humanitarian-situation-report-5-cyclone-idai,human,,human,2019-04-11,displacement,Displacement and accommodation sites,present,1.0,0.98,ok,,191,5b067cb6,deepseek-v4-pro,3de81f07dc97c704c259499a93b18e83b4c105345d769e1ca1532c85d5c2c2bb,cache,True,2026-08-30T22:20:29+00:00
cyclone-idai-2019,manual-cyclone-idai-2019-unicef-mozambique-humanitarian-situation-report-5-cyclone-idai,human,,human,2019-04-11,education,Education impact and response,present,1.0,0.95,ok,,173,57a7b10b,deepseek-v4-pro,6c57665c05a5f00edcde0eafcbf62f6411312fc58392d8bca85a0e9d59dc715d,cache,True,2026-08-30T22:20:29+00:00
cyclone-idai-2019,manual-cyclone-idai-2019-unicef-mozambique-humanitarian-situation-report-5-cyclone-idai,human,,human,2019-04-11,food,Food security and assistance reach,absent,0.0,0.95,ok,,0,,deepseek-v4-pro,1c1cb05125c5de8fa4978caa706ac90d1bcf6101fcf9df30d640f25fc5e9e438,cache,True,2026-08-30T22:20:29+00:00
cyclone-idai-2019,manual-cyclone-idai-2019-unicef-mozambique-humanitarian-situation-report-5-cyclone-idai,human,,human,2019-04-11,funding,Funding status and donor contributions,present,1.0,0.95,ok,,114,e4632abb,deepseek-v4-pro,6bf13c67ad07f6093b54ca445fcc7b64612a9d8d818d2717eff2cefa7a04a282,cache,True,2026-08-30T22:20:29+00:00
cyclone-idai-2019,manual-cyclone-idai-2019-unicef-mozambique-humanitarian-situation-report-5-cyclone-idai,human,,human,2019-04-11,health,"Health, disease outbreak and nutrition",present,1.0,1.0,ok,,146,e2a6ac46,deepseek-v4-pro,bea5eb997f7b4e3f2ad4a8467f73471815927a556c78b6bf4eb2acba3a6ae48f,cache,True,2026-08-30T22:20:29+00:00
cyclone-idai-2019,manual-cyclone-idai-2019-unicef-mozambique-humanitarian-situation-report-5-cyclone-idai,human,,human,2019-04-11,needs_gaps,Sector needs and gaps,present,1.0,0.95,ok,,204,e0181dc8,deepseek-v4-pro,cfa65cd83891cd6aed17dab3f040b3e73f242fe94dc515128b6b6e0e40d0456e,cache,True,2026-08-30T22:20:29+00:00
cyclone-idai-2019,manual-cyclone-idai-2019-unicef-mozambique-humanitarian-situation-report-5-cyclone-idai,human,,human,2019-04-11,response_actions,Sector response activities,present,1.0,0.95,ok,,118,8d0e00b9,deepseek-v4-pro,500470eac88e0bab1ae08c941317842dc23e22a90e50ca59a3bfe5b2d8df727e,cache,True,2026-08-30T22:20:29+00:00
cyclone-idai-2019,manual-cyclone-idai-2019-unicef-mozambique-humanitarian-situation-report-5-cyclone-idai,human,,human,2019-04-11,shelter,Shelter and non-food items,partial,0.5,0.75,ok,,140,88117118,deepseek-v4-pro,c7c15ce07672aba2a97e6193a3d2aa7ff29abbc1e03dde4dbc100f66406c7a1d,cache,True,2026-08-30T22:20:29+00:00
cyclone-idai-2019,manual-cyclone-idai-2019-unicef-mozambique-humanitarian-situation-report-5-cyclone-idai,human,,human,2019-04-11,sourcing,Sourcing and attribution,present,1.0,0.95,ok,,196,8d8467eb,deepseek-v4-pro,268cdd59cd7f344d9e43d3590b22c7db9c9b087a23aef5a0c523a85e930f210b,cache,True,2026-08-30T22:20:29+00:00
cyclone-idai-2019,manual-cyclone-idai-2019-unicef-mozambique-humanitarian-situation-report-5-cyclone-idai,human,,human,2019-04-11,wash,WASH needs and response,present,1.0,0.95,ok,,235,f624c243,deepseek-v4-pro,0c08689fbd0f89203ac4ebd55cc9bf9f7be9d0cf47466a571a86b2a2261141e5,cache,True,2026-08-30T22:20:29+00:00
cyclone-idai-2019,manual-cyclone-idai-2019-unicef-mozambique-humanitarian-situation-report-no-6-as-of-19,human,,human,2019-04-19,access,Access constraints,absent,0.0,0.92,ok,,0,,deepseek-v4-pro,6bb043c921f101cc2dcd1fe7d39423690a546476c16b15ff85ca5d4148413321,cache,True,2026-08-30T22:20:29+00:00
cyclone-idai-2019,manual-cyclone-idai-2019-unicef-mozambique-humanitarian-situation-report-no-6-as-of-19,human,,human,2019-04-19,casualties,Casualty and affected-population figures,present,1.0,0.8,ok,,69,83073ac6,deepseek-v4-pro,9c5793c6391a2166d24b37573df5aac0c88af4da51caacc7a7ef156a32978678,cache,True,2026-08-30T22:20:29+00:00
cyclone-idai-2019,manual-cyclone-idai-2019-unicef-mozambique-humanitarian-situation-report-no-6-as-of-19,human,,human,2019-04-19,coordination,Coordination arrangements,present,1.0,1.0,ok,,260,aa5caf68,deepseek-v4-pro,1e2fa1dbc2b7b5e766d5ade91454d6f973a6b45e2bae5d1f182a95e0bed5254d,cache,True,2026-08-30T22:20:29+00:00
cyclone-idai-2019,manual-cyclone-idai-2019-unicef-mozambique-humanitarian-situation-report-no-6-as-of-19,human,,human,2019-04-19,currency_and_metadata,Data currency and report metadata,partial,0.5,0.7,ok,,173,e6c0f650,deepseek-v4-pro,b66837b3b6421d6b10c8188cae65a658cd5b9fa822faa8728a07162e0d12b76a,cache,True,2026-08-30T22:20:29+00:00
cyclone-idai-2019,manual-cyclone-idai-2019-unicef-mozambique-humanitarian-situation-report-no-6-as-of-19,human,,human,2019-04-19,damage,"Physical, economic and agricultural damage",partial,0.5,0.65,ok,,154,0dd8a0ea,deepseek-v4-pro,479de490e750d2a1b828bfabc1398294e2d29cea34dd42697bed8ba010b2f3a2,cache,True,2026-08-30T22:20:29+00:00
cyclone-idai-2019,manual-cyclone-idai-2019-unicef-mozambique-humanitarian-situation-report-no-6-as-of-19,human,,human,2019-04-19,displacement,Displacement and accommodation sites,present,1.0,0.95,ok,,164,0970b855,deepseek-v4-pro,66de1cf8df4246a13344b9be6b5bc7053002ca575b64b40127adb6c75e798e79,cache,True,2026-08-30T22:20:29+00:00
cyclone-idai-2019,manual-cyclone-idai-2019-unicef-mozambique-humanitarian-situation-report-no-6-as-of-19,human,,human,2019-04-19,education,Education impact and response,partial,0.5,0.85,ok,,194,c0944025,deepseek-v4-pro,42f4ebb3e63fd3fbbd91cb4f239d6605291bd9e40be574964bea704dc898e6ab,cache,True,2026-08-30T22:20:29+00:00
cyclone-idai-2019,manual-cyclone-idai-2019-unicef-mozambique-humanitarian-situation-report-no-6-as-of-19,human,,human,2019-04-19,food,Food security and assistance reach,partial,0.5,0.7,ok,,262,a7d0878b,deepseek-v4-pro,2f3d61fd436f7e02ccfb785074f362f83954b049315978598c9164596c0d4fa6,cache,True,2026-08-30T22:20:29+00:00
cyclone-idai-2019,manual-cyclone-idai-2019-unicef-mozambique-humanitarian-situation-report-no-6-as-of-19,human,,human,2019-04-19,funding,Funding status and donor contributions,partial,0.5,0.85,ok,,114,0f4e09f9,deepseek-v4-pro,3b989cd0ddd636757ccfc96cfa6d7cdb2b819ab35f2a5c8c8898b1d0b8219a6f,cache,True,2026-08-30T22:20:29+00:00
cyclone-idai-2019,manual-cyclone-idai-2019-unicef-mozambique-humanitarian-situation-report-no-6-as-of-19,human,,human,2019-04-19,health,"Health, disease outbreak and nutrition",present,1.0,0.95,ok,,131,a5ecae42,deepseek-v4-pro,da0576531eacccf2a4639516ed902a4e5b4f1d87c7bf329465f85913c5c12fbb,cache,True,2026-08-30T22:20:29+00:00
cyclone-idai-2019,manual-cyclone-idai-2019-unicef-mozambique-humanitarian-situation-report-no-6-as-of-19,human,,human,2019-04-19,needs_gaps,Sector needs and gaps,present,1.0,0.9,ok,,214,91553f2c,deepseek-v4-pro,0adc4ecad63072f6bc825e2964b7111f66cb4c28206d0cd606fb9978ff351960,cache,True,2026-08-30T22:20:29+00:00
cyclone-idai-2019,manual-cyclone-idai-2019-unicef-mozambique-humanitarian-situation-report-no-6-as-of-19,human,,human,2019-04-19,response_actions,Sector response activities,present,1.0,0.99,ok,,135,ceff197c,deepseek-v4-pro,2ab524d919d5b73daad05c83c4f4184302891928d1aaa443fdb0bed6800789fd,cache,True,2026-08-30T22:20:29+00:00
cyclone-idai-2019,manual-cyclone-idai-2019-unicef-mozambique-humanitarian-situation-report-no-6-as-of-19,human,,human,2019-04-19,shelter,Shelter and non-food items,absent,0.0,0.9,ok,,0,,deepseek-v4-pro,b711a034ce3f08713bdff5ecd0aeb7194af74932704b3baa68c4b40e3db6e34c,cache,True,2026-08-30T22:20:29+00:00
cyclone-idai-2019,manual-cyclone-idai-2019-unicef-mozambique-humanitarian-situation-report-no-6-as-of-19,human,,human,2019-04-19,sourcing,Sourcing and attribution,present,1.0,0.95,ok,,183,74543d54,deepseek-v4-pro,d3ac04293d0c409a1413fbbe8cf2d33bc562bf005a6f7ff591471ac0c4430eee,cache,True,2026-08-30T22:20:29+00:00
cyclone-idai-2019,manual-cyclone-idai-2019-unicef-mozambique-humanitarian-situation-report-no-6-as-of-19,human,,human,2019-04-19,wash,WASH needs and response,present,1.0,0.95,ok,,177,4c3c1364,deepseek-v4-pro,9ec85b322b0da51fe7bac2156051b3677ffcfd1cf06c53ff34acecfe55bd814a,cache,True,2026-08-30T22:20:29+00:00
cyclone-idai-2019,manual-cyclone-idai-2019-unicef-mozambique-humanitarian-situation-report-no-7-cyclone-i,human,,human,2019-05-01,access,Access constraints,partial,0.5,0.8,ok,,215,557ed37d,deepseek-v4-pro,fa6874725320e44e501a9f513a8d417116d419ca5e07c6b972a66a8918f121fd,cache,True,2026-08-30T22:20:29+00:00
cyclone-idai-2019,manual-cyclone-idai-2019-unicef-mozambique-humanitarian-situation-report-no-7-cyclone-i,human,,human,2019-05-01,casualties,Casualty and affected-population figures,present,1.0,0.75,ok,,142,89facf20,deepseek-v4-pro,8710f8bbdb839b1efaa6a433d3cb8cbb7fecdf177027f8b0f3e7683e5d99eebc,cache,True,2026-08-30T22:20:29+00:00
cyclone-idai-2019,manual-cyclone-idai-2019-unicef-mozambique-humanitarian-situation-report-no-7-cyclone-i,human,,human,2019-05-01,coordination,Coordination arrangements,present,1.0,0.97,ok,,296,af625a9c,deepseek-v4-pro,517851e4154f1d89948e69cb17cd46a7ced9ca8ac47eab3124caf877e36ac154,cache,True,2026-08-30T22:20:29+00:00
cyclone-idai-2019,manual-cyclone-idai-2019-unicef-mozambique-humanitarian-situation-report-no-7-cyclone-i,human,,human,2019-05-01,currency_and_metadata,Data currency and report metadata,present,1.0,0.85,ok,,103,b2f0057d,deepseek-v4-pro,ebbe513888db05fd51888686eab17c5b20423cde3a53885864ed1d59839ac67b,cache,True,2026-08-30T22:20:29+00:00
cyclone-idai-2019,manual-cyclone-idai-2019-unicef-mozambique-humanitarian-situation-report-no-7-cyclone-i,human,,human,2019-05-01,damage,"Physical, economic and agricultural damage",absent,0.0,0.96,ok,,0,,deepseek-v4-pro,567e66163205684762898c7a29c5b0f9097c6d88947cc78d3e86aa01683c5ae7,cache,True,2026-08-30T22:20:29+00:00
cyclone-idai-2019,manual-cyclone-idai-2019-unicef-mozambique-humanitarian-situation-report-no-7-cyclone-i,human,,human,2019-05-01,displacement,Displacement and accommodation sites,present,1.0,0.95,ok,,191,2491b77f,deepseek-v4-pro,4694d1ccbe64172c54d8548b33f3036aa5b97b5b8c532d3399d0f4e505eff9ee,cache,True,2026-08-30T22:20:29+00:00
cyclone-idai-2019,manual-cyclone-idai-2019-unicef-mozambique-humanitarian-situation-report-no-7-cyclone-i,human,,human,2019-05-01,education,Education impact and response,partial,0.5,0.8,ok,,210,ecc60b1b,deepseek-v4-pro,d9261f7ea7de8f4bddec0921cc6a3ad91acc9baadf05ce289447075503b18383,cache,True,2026-08-30T22:20:29+00:00
cyclone-idai-2019,manual-cyclone-idai-2019-unicef-mozambique-humanitarian-situation-report-no-7-cyclone-i,human,,human,2019-05-01,food,Food security and assistance reach,absent,0.0,0.95,ok,,0,,deepseek-v4-pro,2afda7689b422d3ea81354f95292b30c9534949fa437f37a9680257e7687d046,cache,True,2026-08-30T22:20:29+00:00
cyclone-idai-2019,manual-cyclone-idai-2019-unicef-mozambique-humanitarian-situation-report-no-7-cyclone-i,human,,human,2019-05-01,funding,Funding status and donor contributions,present,1.0,0.85,ok,,113,2df6b688,deepseek-v4-pro,2b79aacfd6a10f4308fedc6e92d773b8716fb788a48f0ea5e8c36f7aeff80ed3,cache,True,2026-08-30T22:20:29+00:00
cyclone-idai-2019,manual-cyclone-idai-2019-unicef-mozambique-humanitarian-situation-report-no-7-cyclone-i,human,,human,2019-05-01,health,"Health, disease outbreak and nutrition",present,1.0,1.0,ok,,133,b0b505c9,deepseek-v4-pro,3c89c32af43aef05e681a2aa697d3c6e6e50a4b41d8df27b9f9aa04fa8d5ce1a,cache,True,2026-08-30T22:20:29+00:00
cyclone-idai-2019,manual-cyclone-idai-2019-unicef-mozambique-humanitarian-situation-report-no-7-cyclone-i,human,,human,2019-05-01,needs_gaps,Sector needs and gaps,present,1.0,0.85,ok,,152,05d88d07,deepseek-v4-pro,6b3746ee69c53de22cd90cea82c5d6dcfd07f0e8631f5688c504e70c2aebf9cb,cache,True,2026-08-30T22:20:29+00:00
cyclone-idai-2019,manual-cyclone-idai-2019-unicef-mozambique-humanitarian-situation-report-no-7-cyclone-i,human,,human,2019-05-01,response_actions,Sector response activities,present,1.0,1.0,ok,,178,e6158924,deepseek-v4-pro,37dd3aadf93c9ec6e27afd58c2af29e13213e8237df70e0a2eac08943c5125cd,cache,True,2026-08-30T22:20:29+00:00
cyclone-idai-2019,manual-cyclone-idai-2019-unicef-mozambique-humanitarian-situation-report-no-7-cyclone-i,human,,human,2019-05-01,shelter,Shelter and non-food items,partial,0.5,0.75,ok,,42,0a9ba009,deepseek-v4-pro,b843c0ae4d9c476a1324fdf6a7b6a54a1b997495d3f418dd800cf38932612f16,cache,True,2026-08-30T22:20:29+00:00
cyclone-idai-2019,manual-cyclone-idai-2019-unicef-mozambique-humanitarian-situation-report-no-7-cyclone-i,human,,human,2019-05-01,sourcing,Sourcing and attribution,partial,0.5,0.72,ok,,140,6416611d,deepseek-v4-pro,56172b14ba37a82e5567cf590f31ee65ea0db1380e17fe52c8795f1a04ef7860,cache,True,2026-08-30T22:20:29+00:00
cyclone-idai-2019,manual-cyclone-idai-2019-unicef-mozambique-humanitarian-situation-report-no-7-cyclone-i,human,,human,2019-05-01,wash,WASH needs and response,present,1.0,0.95,ok,,178,e6158924,deepseek-v4-pro,bc17f1b874a30952475d57603409e20f8f38724b88e85cab18affd220b45d360,cache,True,2026-08-30T22:20:29+00:00
cyclone-idai-2019,manual-cyclone-idai-2019-who-sitrep-6-mozambique-10-may-2019-pdf,human,,human,2019-05-10,access,Access constraints,present,1.0,0.95,ok,,103,2f091132,deepseek-v4-pro,32c9a820f88f269ca35ff837fd31f377c2082d92e4434a3476196e61245411bb,cache,True,2026-08-30T22:20:29+00:00
cyclone-idai-2019,manual-cyclone-idai-2019-who-sitrep-6-mozambique-10-may-2019-pdf,human,,human,2019-05-10,casualties,Casualty and affected-population figures,present,1.0,0.95,ok,,169,52faf18f,deepseek-v4-pro,db13845ab552ac8a0bf27bf0b8ccdf3923d423ce0105ebb78c09be2ffcd64396,cache,True,2026-08-30T22:20:29+00:00
cyclone-idai-2019,manual-cyclone-idai-2019-who-sitrep-6-mozambique-10-may-2019-pdf,human,,human,2019-05-10,coordination,Coordination arrangements,present,1.0,0.95,ok,,181,42f36f01,deepseek-v4-pro,90ca6db0d2c7600fc4dec67f51271c5bab9c54366538b2e4e855ad641a1904a2,cache,True,2026-08-30T22:20:29+00:00
cyclone-idai-2019,manual-cyclone-idai-2019-who-sitrep-6-mozambique-10-may-2019-pdf,human,,human,2019-05-10,currency_and_metadata,Data currency and report metadata,present,1.0,0.9,ok,,147,2c685dba,deepseek-v4-pro,7a3f094b79d92e26955519daafd83aa683be9f60b2bdf5d733d70c6faf86cc27,cache,True,2026-08-30T22:20:29+00:00
cyclone-idai-2019,manual-cyclone-idai-2019-who-sitrep-6-mozambique-10-may-2019-pdf,human,,human,2019-05-10,damage,"Physical, economic and agricultural damage",present,1.0,0.95,ok,,161,8a36826d,deepseek-v4-pro,49bcbca72c7ca942fe42745b287333aa570980df2d9a8aa13afdd4181f047bdb,cache,True,2026-08-30T22:20:29+00:00
cyclone-idai-2019,manual-cyclone-idai-2019-who-sitrep-6-mozambique-10-may-2019-pdf,human,,human,2019-05-10,displacement,Displacement and accommodation sites,present,1.0,0.95,ok,,120,2732ed21,deepseek-v4-pro,1f8efbc657774ac0a0c8ad1d43a41f2ad2efeb3b81093f950ce2473a81b528e9,cache,True,2026-08-30T22:20:29+00:00
cyclone-idai-2019,manual-cyclone-idai-2019-who-sitrep-6-mozambique-10-may-2019-pdf,human,,human,2019-05-10,education,Education impact and response,absent,0.0,0.95,ok,,0,,deepseek-v4-pro,0359ce3473fdd0d9cfef898a712bbfc55a0110df6642f1be979d776bd143a062,cache,True,2026-08-30T22:20:29+00:00
cyclone-idai-2019,manual-cyclone-idai-2019-who-sitrep-6-mozambique-10-may-2019-pdf,human,,human,2019-05-10,food,Food security and assistance reach,absent,0.0,0.95,ok,,0,,deepseek-v4-pro,95c55707326908a06d488c669191bf0f6c3d2f1b28aaf880389ff2b7b842b042,cache,True,2026-08-30T22:20:29+00:00
cyclone-idai-2019,manual-cyclone-idai-2019-who-sitrep-6-mozambique-10-may-2019-pdf,human,,human,2019-05-10,funding,Funding status and donor contributions,partial,0.5,0.85,ok,,106,e2d3b0d0,deepseek-v4-pro,8c19f1150873a13fc8750644859d30baa2c45d95eecb998887c4c31f4fcd1c77,cache,True,2026-08-30T22:20:29+00:00
cyclone-idai-2019,manual-cyclone-idai-2019-who-sitrep-6-mozambique-10-may-2019-pdf,human,,human,2019-05-10,health,"Health, disease outbreak and nutrition",present,1.0,1.0,ok,,275,4d0ad2df,deepseek-v4-pro,2d1413dc9ad7cb26738449ac69e4b6651a99bfcb99d7a47212221163c8999e6e,cache,True,2026-08-30T22:20:29+00:00
cyclone-idai-2019,manual-cyclone-idai-2019-who-sitrep-6-mozambique-10-may-2019-pdf,human,,human,2019-05-10,needs_gaps,Sector needs and gaps,present,1.0,0.95,ok,,185,2e8fdfea,deepseek-v4-pro,55f65df97e29a0ea2f5a4080df8a6c85ac638f3df2f03d305a6c3db5c665d07a,cache,True,2026-08-30T22:20:29+00:00
cyclone-idai-2019,manual-cyclone-idai-2019-who-sitrep-6-mozambique-10-may-2019-pdf,human,,human,2019-05-10,response_actions,Sector response activities,present,1.0,0.98,ok,,96,6fee1080,deepseek-v4-pro,b926338ed18b992bcf5d52d1043776e00d5100f43f36a821ed61ac7b17aafc87,cache,True,2026-08-30T22:20:29+00:00
cyclone-idai-2019,manual-cyclone-idai-2019-who-sitrep-6-mozambique-10-may-2019-pdf,human,,human,2019-05-10,shelter,Shelter and non-food items,absent,0.0,0.92,ok,,0,,deepseek-v4-pro,57d0520db8ca432c5fcde263de014704d89f7d2bb0da067d0c31ac7dd6613297,cache,True,2026-08-30T22:20:29+00:00
cyclone-idai-2019,manual-cyclone-idai-2019-who-sitrep-6-mozambique-10-may-2019-pdf,human,,human,2019-05-10,sourcing,Sourcing and attribution,present,1.0,0.95,ok,,129,ab57efee,deepseek-v4-pro,98d5962ed53ff6100db178c3e2b9861186e41ae0b181ccbeab8825d73185fadb,cache,True,2026-08-30T22:20:29+00:00
cyclone-idai-2019,manual-cyclone-idai-2019-who-sitrep-6-mozambique-10-may-2019-pdf,human,,human,2019-05-10,wash,WASH needs and response,partial,0.5,0.85,ok,,52,05118614,deepseek-v4-pro,16407408d0268ba7ea991a09c7e4e4f47a323f02fb32fecc8a8d48cff659cbb4,cache,True,2026-08-30T22:20:29+00:00
cyclone-idai-2019,manual-cyclone-idai-2019-whositrep3mozambique19april2019-pdf,human,,human,2019-04-19,access,Access constraints,partial,0.5,0.8,ok,,188,0b814d98,deepseek-v4-pro,0359ca458af29c77841f23dc50a54cbc294f56eae6687e2abe90864a189e6b65,cache,True,2026-08-30T22:20:29+00:00
cyclone-idai-2019,manual-cyclone-idai-2019-whositrep3mozambique19april2019-pdf,human,,human,2019-04-19,casualties,Casualty and affected-population figures,present,1.0,0.95,ok,,129,c800a1da,deepseek-v4-pro,0c4bb9ad5c6ace081b5ae346146f2980c8c8b371532eed3765286b7a0af57a23,cache,True,2026-08-30T22:20:29+00:00
cyclone-idai-2019,manual-cyclone-idai-2019-whositrep3mozambique19april2019-pdf,human,,human,2019-04-19,coordination,Coordination arrangements,present,1.0,0.95,ok,,191,b8fb3ae2,deepseek-v4-pro,14301d8b8232e4746141b39b76fa9e75b0f3f4c24f47797e803c1611b59fe034,cache,True,2026-08-30T22:20:29+00:00
cyclone-idai-2019,manual-cyclone-idai-2019-whositrep3mozambique19april2019-pdf,human,,human,2019-04-19,currency_and_metadata,Data currency and report metadata,present,1.0,0.9,ok,,200,975faa46,deepseek-v4-pro,48ae43b222727178ef015a61a2074ef56aca1aadfc605ac6d29f9d198a361bfa,cache,True,2026-08-30T22:20:29+00:00
cyclone-idai-2019,manual-cyclone-idai-2019-whositrep3mozambique19april2019-pdf,human,,human,2019-04-19,damage,"Physical, economic and agricultural damage",partial,0.5,0.75,ok,,142,b9c7acd6,deepseek-v4-pro,0909f6e7f6d708e4f3a53e967a2ab7ddbeaf1fc3eadd88615d76243a8d2126b0,cache,True,2026-08-30T22:20:29+00:00
cyclone-idai-2019,manual-cyclone-idai-2019-whositrep3mozambique19april2019-pdf,human,,human,2019-04-19,displacement,Displacement and accommodation sites,present,1.0,0.95,ok,,142,ed647904,deepseek-v4-pro,61add7d2cadaf0582702318dcde5aa3728d9d1d0f7549ffc8feb8b00a2d80276,cache,True,2026-08-30T22:20:29+00:00
cyclone-idai-2019,manual-cyclone-idai-2019-whositrep3mozambique19april2019-pdf,human,,human,2019-04-19,education,Education impact and response,partial,0.5,0.9,ok,,46,604a40a9,deepseek-v4-pro,c7a281d6d52a1daaa2c667962372344f1515514d3b77a47f9cd0970033cc0f11,cache,True,2026-08-30T22:20:29+00:00
cyclone-idai-2019,manual-cyclone-idai-2019-whositrep3mozambique19april2019-pdf,human,,human,2019-04-19,food,Food security and assistance reach,absent,0.0,0.95,ok,,0,,deepseek-v4-pro,70e105bbd52cfa3e1bdb2f05fff0b449704153382b6e246189054cff77428101,cache,True,2026-08-30T22:20:29+00:00
cyclone-idai-2019,manual-cyclone-idai-2019-whositrep3mozambique19april2019-pdf,human,,human,2019-04-19,funding,Funding status and donor contributions,absent,0.0,0.95,ok,,0,,deepseek-v4-pro,64678bbd801c32b50c418218c3e738e24c1c542422a48862a29a06a6956f4a2b,cache,True,2026-08-30T22:20:29+00:00
cyclone-idai-2019,manual-cyclone-idai-2019-whositrep3mozambique19april2019-pdf,human,,human,2019-04-19,health,"Health, disease outbreak and nutrition",present,1.0,0.98,ok,,138,94c2e5d8,deepseek-v4-pro,37e9a0895a3926af10ef861500dc88dc597d8ac81a27b50b1fc4bb7514ff10fe,cache,True,2026-08-30T22:20:29+00:00
cyclone-idai-2019,manual-cyclone-idai-2019-whositrep3mozambique19april2019-pdf,human,,human,2019-04-19,needs_gaps,Sector needs and gaps,present,1.0,0.9,ok,,230,115dbd3f,deepseek-v4-pro,838aa06e7b491af8ac080e5f0b40605df166fe41c88ab097c3daa8ea2b0abebc,cache,True,2026-08-30T22:20:29+00:00
cyclone-idai-2019,manual-cyclone-idai-2019-whositrep3mozambique19april2019-pdf,human,,human,2019-04-19,response_actions,Sector response activities,present,1.0,0.97,ok,,165,ec0c2773,deepseek-v4-pro,fb5ab51cc51d9f6cd8533cdc8cab75bad719d1e55ba09802713fca8f02031313,cache,True,2026-08-30T22:20:29+00:00
cyclone-idai-2019,manual-cyclone-idai-2019-whositrep3mozambique19april2019-pdf,human,,human,2019-04-19,shelter,Shelter and non-food items,absent,0.0,0.9,ok,,0,,deepseek-v4-pro,3f6db7b0759f82050651301441688e4cbae03043c3de337838dfdcc31cf2c023,cache,True,2026-08-30T22:20:29+00:00
cyclone-idai-2019,manual-cyclone-idai-2019-whositrep3mozambique19april2019-pdf,human,,human,2019-04-19,sourcing,Sourcing and attribution,present,1.0,0.9,ok,,129,c800a1da,deepseek-v4-pro,31a0be5964c36ead907d84ae385ecb820d7be4eda4609401be6b4589467cc25d,cache,True,2026-08-30T22:20:29+00:00
cyclone-idai-2019,manual-cyclone-idai-2019-whositrep3mozambique19april2019-pdf,human,,human,2019-04-19,wash,WASH needs and response,partial,0.5,0.85,ok,,132,f50ec168,deepseek-v4-pro,748f357c6596b06b1a495ba21e7c6039cdb5418bce19ec14dc764bda6fb8321e,cache,True,2026-08-30T22:20:29+00:00
cyclone-idai-2019,manual-cyclone-idai-2019-zimbabwe-20190327-sitrep-1-pdf,human,,human,2019-03-27,access,Access constraints,present,1.0,0.95,ok,,138,0c0f985e,deepseek-v4-pro,0d2785e54b3e2f774bc85d53b5c65613c0e5b7ed8b9127fc7a87496e39d100f0,cache,True,2026-08-30T22:20:29+00:00
cyclone-idai-2019,manual-cyclone-idai-2019-zimbabwe-20190327-sitrep-1-pdf,human,,human,2019-03-27,casualties,Casualty and affected-population figures,present,1.0,1.0,ok,,151,0aedf2e8,deepseek-v4-pro,d012a73d9b741416cd192f2c951b45639478af61ddd62102b499c9c055026b59,cache,True,2026-08-30T22:20:29+00:00
cyclone-idai-2019,manual-cyclone-idai-2019-zimbabwe-20190327-sitrep-1-pdf,human,,human,2019-03-27,coordination,Coordination arrangements,partial,0.5,0.8,ok,,162,f3e9209e,deepseek-v4-pro,abc4bc0875a02633139d40710f816a42c471fe44118372abd83a4634af355fd4,cache,True,2026-08-30T22:20:29+00:00
cyclone-idai-2019,manual-cyclone-idai-2019-zimbabwe-20190327-sitrep-1-pdf,human,,human,2019-03-27,currency_and_metadata,Data currency and report metadata,present,1.0,0.95,ok,,195,325bd89f,deepseek-v4-pro,a048b531fad25454078c232de0ace5a7089bc895c5cd43c627d57b9b4335f03d,cache,True,2026-08-30T22:20:29+00:00
cyclone-idai-2019,manual-cyclone-idai-2019-zimbabwe-20190327-sitrep-1-pdf,human,,human,2019-03-27,damage,"Physical, economic and agricultural damage",partial,0.5,0.85,ok,,172,556d5f8b,deepseek-v4-pro,1dfc223ca4e41a6aa28bf7007b47b07a87e5930202adb100e7110fe6f4d1acb8,cache,True,2026-08-30T22:20:29+00:00
cyclone-idai-2019,manual-cyclone-idai-2019-zimbabwe-20190327-sitrep-1-pdf,human,,human,2019-03-27,displacement,Displacement and accommodation sites,present,1.0,0.9,ok,,158,00f2f756,deepseek-v4-pro,d1dcf7169595575d9cee517a26997565e503a5bf90135acfa8e9280cd0ef8f94,cache,True,2026-08-30T22:20:29+00:00
cyclone-idai-2019,manual-cyclone-idai-2019-zimbabwe-20190327-sitrep-1-pdf,human,,human,2019-03-27,education,Education impact and response,present,1.0,0.95,ok,,129,cce42e5b,deepseek-v4-pro,a0642b3904b44b3d876697f0dcce0838f76c5088c2cb12e53249937fee0223be,cache,True,2026-08-30T22:20:29+00:00
cyclone-idai-2019,manual-cyclone-idai-2019-zimbabwe-20190327-sitrep-1-pdf,human,,human,2019-03-27,food,Food security and assistance reach,present,1.0,0.88,ok,,187,9def0e29,deepseek-v4-pro,66df80cfa0a7fe5af0f46d476b72356170e976a590fcbe7dfa0368386c431da7,cache,True,2026-08-30T22:20:29+00:00
cyclone-idai-2019,manual-cyclone-idai-2019-zimbabwe-20190327-sitrep-1-pdf,human,,human,2019-03-27,funding,Funding status and donor contributions,partial,0.5,0.85,ok,,209,e29db4e6,deepseek-v4-pro,76b9b5b0211e14ee55cc951303c82bb2102a9f670af294dfc8792a9237e45e3a,cache,True,2026-08-30T22:20:29+00:00
cyclone-idai-2019,manual-cyclone-idai-2019-zimbabwe-20190327-sitrep-1-pdf,human,,human,2019-03-27,health,"Health, disease outbreak and nutrition",partial,0.5,0.8,ok,,131,cc839821,deepseek-v4-pro,790c182003eaf9883af2df99ab4df2ff5a599899d51e188c367be632933a24a8,cache,True,2026-08-30T22:20:29+00:00
cyclone-idai-2019,manual-cyclone-idai-2019-zimbabwe-20190327-sitrep-1-pdf,human,,human,2019-03-27,needs_gaps,Sector needs and gaps,present,1.0,0.99,ok,,187,9def0e29,deepseek-v4-pro,42321dcd515686a71c0debd8d3a7db48049bf030cdd6545333e102d7b2e109db,cache,True,2026-08-30T22:20:29+00:00
cyclone-idai-2019,manual-cyclone-idai-2019-zimbabwe-20190327-sitrep-1-pdf,human,,human,2019-03-27,response_actions,Sector response activities,present,1.0,0.95,ok,,138,86c95b74,deepseek-v4-pro,c6ff98d82e8bc90db95da2eadc795a5ed1d72939e9944637db9fbdf7403a3e13,cache,True,2026-08-30T22:20:29+00:00
cyclone-idai-2019,manual-cyclone-idai-2019-zimbabwe-20190327-sitrep-1-pdf,human,,human,2019-03-27,shelter,Shelter and non-food items,present,1.0,0.95,ok,,196,7d44cea5,deepseek-v4-pro,c438bffd907d61c335713e9781902f02f902c2871e20b37dc48cb338238a4ab4,cache,True,2026-08-30T22:20:29+00:00
cyclone-idai-2019,manual-cyclone-idai-2019-zimbabwe-20190327-sitrep-1-pdf,human,,human,2019-03-27,sourcing,Sourcing and attribution,present,1.0,0.95,ok,,151,0aedf2e8,deepseek-v4-pro,e65a8c9dfcb279da1fffd57f33a374d2dd3721dc6f822a18bb36f680734886c9,cache,True,2026-08-30T22:20:29+00:00
cyclone-idai-2019,manual-cyclone-idai-2019-zimbabwe-20190327-sitrep-1-pdf,human,,human,2019-03-27,wash,WASH needs and response,partial,0.5,0.8,ok,,156,5b902baa,deepseek-v4-pro,98af7f1c9a27e0bf5e525498fa0b3f860db8ab266705f68e7a416c1ec70fb375,cache,True,2026-08-30T22:20:29+00:00
cyclone-idai-2019,manual-cyclone-idai-2019-zimbabwe-sitrep-2-10-april-2019-pdf,human,,human,2019-04-10,access,Access constraints,present,1.0,0.9,ok,,169,85023d3a,deepseek-v4-pro,111c8e3ff1a85e46120c7003d99bc34efc57af035b745f7373d7f5e6b4df72db,cache,True,2026-08-30T22:20:29+00:00
cyclone-idai-2019,manual-cyclone-idai-2019-zimbabwe-sitrep-2-10-april-2019-pdf,human,,human,2019-04-10,casualties,Casualty and affected-population figures,present,1.0,0.98,ok,,139,1b38c062,deepseek-v4-pro,177f43aece305374099dd749af25846101d14acdab21d6490078554e8ca57e17,cache,True,2026-08-30T22:20:29+00:00
cyclone-idai-2019,manual-cyclone-idai-2019-zimbabwe-sitrep-2-10-april-2019-pdf,human,,human,2019-04-10,coordination,Coordination arrangements,present,1.0,0.95,ok,,120,bec5965d,deepseek-v4-pro,9660371ffd6f57c2456bd0e1827c64c3b4e0027d55bd7b5bf1f40461f25577e5,cache,True,2026-08-30T22:20:29+00:00
cyclone-idai-2019,manual-cyclone-idai-2019-zimbabwe-sitrep-2-10-april-2019-pdf,human,,human,2019-04-10,currency_and_metadata,Data currency and report metadata,present,1.0,0.9,ok,,159,c694d8e0,deepseek-v4-pro,762eef2d05329c1974c67de9a6f9e635fe1a74fe480649c3a3a5008eed04f812,cache,True,2026-08-30T22:20:29+00:00
cyclone-idai-2019,manual-cyclone-idai-2019-zimbabwe-sitrep-2-10-april-2019-pdf,human,,human,2019-04-10,damage,"Physical, economic and agricultural damage",present,1.0,0.95,ok,,207,efb357b6,deepseek-v4-pro,9c6e9362d9306d7a388ea9c3c696cc3d98881e28850658b6434eae404cc5e51e,cache,True,2026-08-30T22:20:29+00:00
cyclone-idai-2019,manual-cyclone-idai-2019-zimbabwe-sitrep-2-10-april-2019-pdf,human,,human,2019-04-10,displacement,Displacement and accommodation sites,present,1.0,0.9,ok,,80,15a04934,deepseek-v4-pro,4a4d713e4f0db13d1957b9cabd71d669cae62c99c688bee7c61bbcb38cea115d,cache,True,2026-08-30T22:20:29+00:00
cyclone-idai-2019,manual-cyclone-idai-2019-zimbabwe-sitrep-2-10-april-2019-pdf,human,,human,2019-04-10,education,Education impact and response,present,1.0,0.95,ok,,188,c7b59d9b,deepseek-v4-pro,ec5a06b4998074aae04263dd1d89856804658d560b40c4c259323daece162366,cache,True,2026-08-30T22:20:29+00:00
cyclone-idai-2019,manual-cyclone-idai-2019-zimbabwe-sitrep-2-10-april-2019-pdf,human,,human,2019-04-10,food,Food security and assistance reach,present,1.0,0.9,ok,,126,aec6428a,deepseek-v4-pro,f16541e080f42b9f3663732c60e92ab4702ed3a23e37b573da12c29aa5da8b03,cache,True,2026-08-30T22:20:29+00:00
cyclone-idai-2019,manual-cyclone-idai-2019-zimbabwe-sitrep-2-10-april-2019-pdf,human,,human,2019-04-10,funding,Funding status and donor contributions,present,1.0,0.96,ok,,191,7d257b0a,deepseek-v4-pro,34a4a56fd411e4b557bb29934147690366d122b21bc5d0169d0d0f2588fc22ea,cache,True,2026-08-30T22:20:29+00:00
cyclone-idai-2019,manual-cyclone-idai-2019-zimbabwe-sitrep-2-10-april-2019-pdf,human,,human,2019-04-10,health,"Health, disease outbreak and nutrition",present,1.0,0.85,ok,,198,f5c1da2e,deepseek-v4-pro,0fa02e536a56e48cc8169dd7e4b33b7a04b2a7535640f76a6a4a2426a722f6ab,cache,True,2026-08-30T22:20:29+00:00
cyclone-idai-2019,manual-cyclone-idai-2019-zimbabwe-sitrep-2-10-april-2019-pdf,human,,human,2019-04-10,needs_gaps,Sector needs and gaps,present,1.0,0.95,ok,,56,2c10553f,deepseek-v4-pro,c6a9958dcae396223d9b120f58ad80021171be67242e9071ffb79b8142024759,cache,True,2026-08-30T22:20:29+00:00
cyclone-idai-2019,manual-cyclone-idai-2019-zimbabwe-sitrep-2-10-april-2019-pdf,human,,human,2019-04-10,response_actions,Sector response activities,present,1.0,1.0,ok,,260,12dee1a0,deepseek-v4-pro,14854e4702d44c61abcb4625b881d500e90b9bc7b2547ea6f347e411065b8c5f,cache,True,2026-08-30T22:20:29+00:00
cyclone-idai-2019,manual-cyclone-idai-2019-zimbabwe-sitrep-2-10-april-2019-pdf,human,,human,2019-04-10,shelter,Shelter and non-food items,partial,0.5,0.8,ok,,234,bf99c497,deepseek-v4-pro,fc089d8c6944b7fa299c2dba516c7382da6b5be9f13ae09809acc227e0a6e31a,cache,True,2026-08-30T22:20:29+00:00
cyclone-idai-2019,manual-cyclone-idai-2019-zimbabwe-sitrep-2-10-april-2019-pdf,human,,human,2019-04-10,sourcing,Sourcing and attribution,present,1.0,0.97,ok,,92,13eecefa,deepseek-v4-pro,1061d24728098b4dc2945cb1ef381e67451bde1bda7780b861de0b752c8b50a1,cache,True,2026-08-30T22:20:29+00:00
cyclone-idai-2019,manual-cyclone-idai-2019-zimbabwe-sitrep-2-10-april-2019-pdf,human,,human,2019-04-10,wash,WASH needs and response,partial,0.5,0.9,ok,,120,6a664b24,deepseek-v4-pro,cf03852128d30b1e7617ad779511f9d7133bce311f85e4eb18c91b4dec341246,cache,True,2026-08-30T22:20:29+00:00
cyclone-idai-2019,manual-cyclone-idai-2019-zimbabwe-sitrep4-24april2019-pdf,human,,human,2019-04-24,access,Access constraints,present,1.0,0.92,ok,,155,79ef1c68,deepseek-v4-pro,fbe172b3d15742d998a383e7fa64c54c0c3cf1c81fa678e59666430804faf02a,cache,True,2026-08-30T22:20:29+00:00
cyclone-idai-2019,manual-cyclone-idai-2019-zimbabwe-sitrep4-24april2019-pdf,human,,human,2019-04-24,casualties,Casualty and affected-population figures,absent,0.0,0.95,ok,,0,,deepseek-v4-pro,e64de013fb3c79ed41112ac34137f447a73f3397ff1981bdeece0c5917718e30,cache,True,2026-08-30T22:20:29+00:00
cyclone-idai-2019,manual-cyclone-idai-2019-zimbabwe-sitrep4-24april2019-pdf,human,,human,2019-04-24,coordination,Coordination arrangements,present,1.0,0.75,ok,,135,b22ac50e,deepseek-v4-pro,9d94042e15cb8d8d4c3d5ef4953b307644a60bb8905a848c2983e6cad3376780,cache,True,2026-08-30T22:20:29+00:00
cyclone-idai-2019,manual-cyclone-idai-2019-zimbabwe-sitrep4-24april2019-pdf,human,,human,2019-04-24,currency_and_metadata,Data currency and report metadata,present,1.0,0.92,ok,,310,e3f53e74,deepseek-v4-pro,662bf4d99b61a6f878ac620cb0aa62461a911ae6a4a40df2782d900671276799,cache,True,2026-08-30T22:20:29+00:00
cyclone-idai-2019,manual-cyclone-idai-2019-zimbabwe-sitrep4-24april2019-pdf,human,,human,2019-04-24,damage,"Physical, economic and agricultural damage",partial,0.5,0.85,ok,,202,522c1406,deepseek-v4-pro,7f36d3295a858442fbd676c483256730ff7a0cdd56215789d909d3269f59b4e0,cache,True,2026-08-30T22:20:29+00:00
cyclone-idai-2019,manual-cyclone-idai-2019-zimbabwe-sitrep4-24april2019-pdf,human,,human,2019-04-24,displacement,Displacement and accommodation sites,partial,0.5,0.85,ok,,171,3e4f67a0,deepseek-v4-pro,61e152a9fb5dfb4c9f9400e57b99526febcc8319397688e52d0d4a00be5ef253,cache,True,2026-08-30T22:20:29+00:00
cyclone-idai-2019,manual-cyclone-idai-2019-zimbabwe-sitrep4-24april2019-pdf,human,,human,2019-04-24,education,Education impact and response,present,1.0,0.95,ok,,189,fd352f67,deepseek-v4-pro,7a390414eac7ecf7d406fcdd0b958b8f18ad5ccaf576c36d7ebd3856d4b8a1cf,cache,True,2026-08-30T22:20:29+00:00
cyclone-idai-2019,manual-cyclone-idai-2019-zimbabwe-sitrep4-24april2019-pdf,human,,human,2019-04-24,food,Food security and assistance reach,present,1.0,0.95,ok,,102,94553028,deepseek-v4-pro,df80659f613424d07c6bb59a2abdaa0129380f10d91733095ceebfb8442b8c2b,cache,True,2026-08-30T22:20:29+00:00
cyclone-idai-2019,manual-cyclone-idai-2019-zimbabwe-sitrep4-24april2019-pdf,human,,human,2019-04-24,funding,Funding status and donor contributions,present,1.0,1.0,ok,,178,774cbcb2,deepseek-v4-pro,25f98c8a658d78d85cd1172d4252eeb0c0feaaa607965cb35956e026a39d394e,cache,True,2026-08-30T22:20:29+00:00
cyclone-idai-2019,manual-cyclone-idai-2019-zimbabwe-sitrep4-24april2019-pdf,human,,human,2019-04-24,health,"Health, disease outbreak and nutrition",present,1.0,0.95,ok,,198,10934612,deepseek-v4-pro,52ab9327d5c638f95ea871056f9d96819d91d1f582d51d5454774dbc50462606,cache,True,2026-08-30T22:20:29+00:00
cyclone-idai-2019,manual-cyclone-idai-2019-zimbabwe-sitrep4-24april2019-pdf,human,,human,2019-04-24,needs_gaps,Sector needs and gaps,present,1.0,0.95,ok,,222,fa733f96,deepseek-v4-pro,0585583523403ed8b76e0a1fdef320e7ec580289ae733a621c0003df6d5c2eb2,cache,True,2026-08-30T22:20:29+00:00
cyclone-idai-2019,manual-cyclone-idai-2019-zimbabwe-sitrep4-24april2019-pdf,human,,human,2019-04-24,response_actions,Sector response activities,present,1.0,0.98,ok,,223,31ef2944,deepseek-v4-pro,de82218f3097b48fc950dd7110101fbf447e640d0453ce7f2e32034d96f981c0,cache,True,2026-08-30T22:20:29+00:00
cyclone-idai-2019,manual-cyclone-idai-2019-zimbabwe-sitrep4-24april2019-pdf,human,,human,2019-04-24,shelter,Shelter and non-food items,present,1.0,0.85,ok,,57,51832efc,deepseek-v4-pro,e9bd903bafd0bf49512251d06df5bc24e840cfe20e70506706d39b4396b02f5c,cache,True,2026-08-30T22:20:29+00:00
cyclone-idai-2019,manual-cyclone-idai-2019-zimbabwe-sitrep4-24april2019-pdf,human,,human,2019-04-24,sourcing,Sourcing and attribution,present,1.0,0.95,ok,,151,5cecb74b,deepseek-v4-pro,77334bce381d33ade0b3607943ee4bc1888b186083ab1d82eb8c1972cadbff89,cache,True,2026-08-30T22:20:29+00:00
cyclone-idai-2019,manual-cyclone-idai-2019-zimbabwe-sitrep4-24april2019-pdf,human,,human,2019-04-24,wash,WASH needs and response,partial,0.5,0.85,ok,,118,c527ecb2,deepseek-v4-pro,a7c3166ff49965a5a7cba8e9c158981ae3df90116e6edd18f9dac578eb2d5a48,cache,True,2026-08-30T22:20:29+00:00
cyclone_idai_2019,2019-03-15__api-fast__generic,machine,api-fast,api-fast/generic,2019-03-15,access,Access constraints,partial,0.5,0.75,ok,,174,77dc8933,deepseek-v4-pro,423d7ee79f889e4207dc86998362bf6314500860217927662bb2d469f5236d66,sync,False,2026-08-30T22:20:29+00:00
cyclone_idai_2019,2019-03-15__api-fast__generic,machine,api-fast,api-fast/generic,2019-03-15,casualties,Casualty and affected-population figures,partial,0.5,0.8,ok,,182,cc7cf842,deepseek-v4-pro,90811c87749e5af9509a87bdf3e1f0391c82d268dc01bf64b880ed0c0781272e,sync,False,2026-08-30T22:20:29+00:00
cyclone_idai_2019,2019-03-15__api-fast__generic,machine,api-fast,api-fast/generic,2019-03-15,coordination,Coordination arrangements,absent,0.0,0.95,ok,,0,,deepseek-v4-pro,52078e34874052fc3d3a74e27fd9b6204c50ac911e589742a5a193b9a65c34a0,sync,False,2026-08-30T22:20:29+00:00
cyclone_idai_2019,2019-03-15__api-fast__generic,machine,api-fast,api-fast/generic,2019-03-15,currency_and_metadata,Data currency and report metadata,partial,0.5,0.85,ok,,221,42ffe238,deepseek-v4-pro,226b231122dfc25b1639b6e68d8ba683244fdbca9f3802de39c1262f739cd670,sync,False,2026-08-30T22:20:29+00:00
cyclone_idai_2019,2019-03-15__api-fast__generic,machine,api-fast,api-fast/generic,2019-03-15,damage,"Physical, economic and agricultural damage",partial,0.5,0.9,ok,,158,2b1397ec,deepseek-v4-pro,fafb4eb7d4304887d6dee35193d91d01db88b7ecf4bf47009e6ddf783f6b474d,sync,False,2026-08-30T22:20:29+00:00
cyclone_idai_2019,2019-03-15__api-fast__generic,machine,api-fast,api-fast/generic,2019-03-15,displacement,Displacement and accommodation sites,partial,0.5,0.9,ok,,122,2ac96983,deepseek-v4-pro,eb4b6a631abbb06dc3b1cd1a124caab8670d5119496101397af526da3452c733,sync,False,2026-08-30T22:20:29+00:00
cyclone_idai_2019,2019-03-15__api-fast__generic,machine,api-fast,api-fast/generic,2019-03-15,education,Education impact and response,absent,0.0,1.0,ok,,0,,deepseek-v4-pro,adf84a848f53cf1bed8d297c3fe2b98037e73ee38ad02632d1e365b49f1870f7,sync,False,2026-08-30T22:20:29+00:00
cyclone_idai_2019,2019-03-15__api-fast__generic,machine,api-fast,api-fast/generic,2019-03-15,food,Food security and assistance reach,absent,0.0,1.0,ok,,0,,deepseek-v4-pro,84e107ebe9a25ac8f87db38645e9d9dba8d996ca4ab958d9cb20c323dc5acfa5,sync,False,2026-08-30T22:20:29+00:00
cyclone_idai_2019,2019-03-15__api-fast__generic,machine,api-fast,api-fast/generic,2019-03-15,funding,Funding status and donor contributions,absent,0.0,1.0,ok,,0,,deepseek-v4-pro,3a88884806ceaa882d5100e8d9a36cf1dcfbf9ae9640b59a5eda4858e69e3f37,sync,False,2026-08-30T22:20:29+00:00
cyclone_idai_2019,2019-03-15__api-fast__generic,machine,api-fast,api-fast/generic,2019-03-15,health,"Health, disease outbreak and nutrition",absent,0.0,1.0,ok,,0,,deepseek-v4-pro,6e0906c1219504f4cb9345cacce7bd276b1c39fae31b70f2f7948dad643f8c09,sync,False,2026-08-30T22:20:29+00:00
cyclone_idai_2019,2019-03-15__api-fast__generic,machine,api-fast,api-fast/generic,2019-03-15,needs_gaps,Sector needs and gaps,absent,0.0,0.95,ok,,0,,deepseek-v4-pro,7c7f9f6b2c8bf5da6dc72bca48bff62134cd55b06b743bd1b6a237c6816d3d35,sync,False,2026-08-30T22:20:29+00:00
cyclone_idai_2019,2019-03-15__api-fast__generic,machine,api-fast,api-fast/generic,2019-03-15,response_actions,Sector response activities,present,1.0,0.8,ok,,201,cadd3e18,deepseek-v4-pro,20f153415a76a83107988c3f7d2706bf46119075be8d493cbdb00ae982c89145,sync,False,2026-08-30T22:20:29+00:00
cyclone_idai_2019,2019-03-15__api-fast__generic,machine,api-fast,api-fast/generic,2019-03-15,shelter,Shelter and non-food items,absent,0.0,0.9,ok,,0,,deepseek-v4-pro,78d5ee4121c327613568f977c108a0c81ed4a041d22655ae1a2517dab80fdc72,sync,False,2026-08-30T22:20:29+00:00
cyclone_idai_2019,2019-03-15__api-fast__generic,machine,api-fast,api-fast/generic,2019-03-15,sourcing,Sourcing and attribution,present,1.0,0.85,ok,,182,3358cd3e,deepseek-v4-pro,9bf687e686a6e095cd0a0ccd7db885a4189a9dbdf11b19e1166a8161e0f61128,sync,False,2026-08-30T22:20:29+00:00
cyclone_idai_2019,2019-03-15__api-fast__generic,machine,api-fast,api-fast/generic,2019-03-15,wash,WASH needs and response,absent,0.0,0.97,ok,,0,,deepseek-v4-pro,43928985874bd955c743d3166569ada926701da55354dc5c932d0e70f932d847,sync,False,2026-08-30T22:20:29+00:00
cyclone_idai_2019,2019-03-15__api-fast__schema_guided,machine,api-fast,api-fast/schema_guided,2019-03-15,access,Access constraints,partial,0.5,0.72,ok,,180,d160d647,deepseek-v4-pro,fb3a4fdea1b902da03599322d0af08e3bb7a8b72bfb5d880243b67b31c3bcac7,sync,False,2026-08-30T22:20:29+00:00
cyclone_idai_2019,2019-03-15__api-fast__schema_guided,machine,api-fast,api-fast/schema_guided,2019-03-15,casualties,Casualty and affected-population figures,present,1.0,0.9,ok,,186,7fe46bf0,deepseek-v4-pro,a633d22a4c7fcd49322a2e8dff46af9e4fea4477e68c382d727f4708fb12ef58,sync,False,2026-08-30T22:20:29+00:00
cyclone_idai_2019,2019-03-15__api-fast__schema_guided,machine,api-fast,api-fast/schema_guided,2019-03-15,coordination,Coordination arrangements,partial,0.5,0.8,ok,,178,bc951d83,deepseek-v4-pro,d3b0e0f34b08d1866614f5975c231a9f154e6a55132467810cd069bf553d720b,sync,False,2026-08-30T22:20:29+00:00
cyclone_idai_2019,2019-03-15__api-fast__schema_guided,machine,api-fast,api-fast/schema_guided,2019-03-15,currency_and_metadata,Data currency and report metadata,partial,0.5,0.9,ok,,112,5f6b45a3,deepseek-v4-pro,a0ccddc295fd6c0e3fb8ad897a0685d471d0d75384737efff78f38c3ba278a03,sync,False,2026-08-30T22:20:29+00:00
cyclone_idai_2019,2019-03-15__api-fast__schema_guided,machine,api-fast,api-fast/schema_guided,2019-03-15,damage,"Physical, economic and agricultural damage",partial,0.5,0.8,ok,,224,5c4d07d1,deepseek-v4-pro,e836628c1a1bf9bf9ed971d96e94235a9609086d6893e7d7c7d4400852d1a2f4,sync,False,2026-08-30T22:20:29+00:00
cyclone_idai_2019,2019-03-15__api-fast__schema_guided,machine,api-fast,api-fast/schema_guided,2019-03-15,displacement,Displacement and accommodation sites,partial,0.5,0.9,ok,,234,2ea80fbe,deepseek-v4-pro,698858e94dee5f948df22f9915f39216d3360b8a5fed48a7d6771aff4190dfe2,sync,False,2026-08-30T22:20:29+00:00
cyclone_idai_2019,2019-03-15__api-fast__schema_guided,machine,api-fast,api-fast/schema_guided,2019-03-15,education,Education impact and response,absent,0.0,1.0,ok,,0,,deepseek-v4-pro,394dc460ffdeac315ae47367dea985c0fcbddebcf1bd69c0adb200c756bf27a9,sync,False,2026-08-30T22:20:29+00:00
cyclone_idai_2019,2019-03-15__api-fast__schema_guided,machine,api-fast,api-fast/schema_guided,2019-03-15,food,Food security and assistance reach,absent,0.0,1.0,ok,,0,,deepseek-v4-pro,cc8f386ce112d4f6e672b0c2c62d524fb6576e247e8dc08d93de0a407228e9a8,sync,False,2026-08-30T22:20:29+00:00
cyclone_idai_2019,2019-03-15__api-fast__schema_guided,machine,api-fast,api-fast/schema_guided,2019-03-15,funding,Funding status and donor contributions,absent,0.0,1.0,ok,,0,,deepseek-v4-pro,5076e3f9a857965b56ba7f64a59f9ad1ead5708af5cf1ed5797247180d4adf14,sync,False,2026-08-30T22:20:29+00:00
cyclone_idai_2019,2019-03-15__api-fast__schema_guided,machine,api-fast,api-fast/schema_guided,2019-03-15,health,"Health, disease outbreak and nutrition",absent,0.0,1.0,ok,,0,,deepseek-v4-pro,a4e7ce39649c1ad7ec416f5ac383f9765d181901da9166aa233465cf3750586a,sync,False,2026-08-30T22:20:29+00:00
cyclone_idai_2019,2019-03-15__api-fast__schema_guided,machine,api-fast,api-fast/schema_guided,2019-03-15,needs_gaps,Sector needs and gaps,absent,0.0,0.98,ok,,0,,deepseek-v4-pro,4747bacae7b7f1d7baf2174c86e985d4c6c03f9aa5ed29797df1a1ff999f931d,sync,False,2026-08-30T22:20:29+00:00
cyclone_idai_2019,2019-03-15__api-fast__schema_guided,machine,api-fast,api-fast/schema_guided,2019-03-15,response_actions,Sector response activities,partial,0.5,0.8,ok,,218,dda6fe26,deepseek-v4-pro,392d139846b0d919b949a582fb6f3e3cd436720d237bc90afa4c5e14e96fe2ad,sync,False,2026-08-30T22:20:29+00:00
cyclone_idai_2019,2019-03-15__api-fast__schema_guided,machine,api-fast,api-fast/schema_guided,2019-03-15,shelter,Shelter and non-food items,absent,0.0,1.0,ok,,0,,deepseek-v4-pro,19b5ebb52320961c971cf85c61596e8d3eba53c7300e58d0ec449784f01283f8,sync,False,2026-08-30T22:20:29+00:00
cyclone_idai_2019,2019-03-15__api-fast__schema_guided,machine,api-fast,api-fast/schema_guided,2019-03-15,sourcing,Sourcing and attribution,present,1.0,0.95,ok,,210,56697644,deepseek-v4-pro,33d6c221de5fabc12f5bde05710665d0f01238cb1db4a8e0f7e56f9c9debcc06,sync,False,2026-08-30T22:20:29+00:00
cyclone_idai_2019,2019-03-15__api-fast__schema_guided,machine,api-fast,api-fast/schema_guided,2019-03-15,wash,WASH needs and response,absent,0.0,0.98,ok,,0,,deepseek-v4-pro,1cc1c7efc05aa0faa854806e542bea60ac7a5b64986db374668d4d2210d566d7,sync,False,2026-08-30T22:20:29+00:00
cyclone_idai_2019,2019-03-15__api-strong__generic,machine,api-strong,api-strong/generic,2019-03-15,access,Access constraints,partial,0.5,0.7,ok,,138,ceb27aa6,deepseek-v4-pro,c7200177ddfaeddbad8f45cd5dbdf971702f094e2bfd901afc6a295eb8fe8982,sync,False,2026-08-30T22:20:29+00:00
cyclone_idai_2019,2019-03-15__api-strong__generic,machine,api-strong,api-strong/generic,2019-03-15,casualties,Casualty and affected-population figures,partial,0.5,0.75,ok,,126,6150ff5c,deepseek-v4-pro,aa6f32a60ef7bb339d8cfd4d168b06332fd9af55b8367ce9922a92d9589328e7,sync,False,2026-08-30T22:20:29+00:00
cyclone_idai_2019,2019-03-15__api-strong__generic,machine,api-strong,api-strong/generic,2019-03-15,coordination,Coordination arrangements,partial,0.5,0.6,ok,,275,73f7628f,deepseek-v4-pro,1b2c3382b1f5f4d97f6d5245abeee9daf775a0e34b1b66970babe65ea1c55e52,sync,False,2026-08-30T22:20:29+00:00
cyclone_idai_2019,2019-03-15__api-strong__generic,machine,api-strong,api-strong/generic,2019-03-15,currency_and_metadata,Data currency and report metadata,partial,0.5,0.85,ok,,193,5dc2e47e,deepseek-v4-pro,112658e925ea265583721b22dcef8baf859c01c4f5bcb6b47e74700da25d1fb5,sync,False,2026-08-30T22:20:29+00:00
cyclone_idai_2019,2019-03-15__api-strong__generic,machine,api-strong,api-strong/generic,2019-03-15,damage,"Physical, economic and agricultural damage",partial,0.5,0.85,ok,,148,e185b740,deepseek-v4-pro,125889ade138090d1d1765f8103115ca0204437b2d2ea79c0e076b0294de8ee7,sync,False,2026-08-30T22:20:29+00:00
cyclone_idai_2019,2019-03-15__api-strong__generic,machine,api-strong,api-strong/generic,2019-03-15,displacement,Displacement and accommodation sites,partial,0.5,0.85,ok,,92,beb8d93f,deepseek-v4-pro,83b26b24efd0399c4226fc9178689332ebe432941195c666f555fc54540384e7,sync,False,2026-08-30T22:20:29+00:00
cyclone_idai_2019,2019-03-15__api-strong__generic,machine,api-strong,api-strong/generic,2019-03-15,education,Education impact and response,absent,0.0,1.0,ok,,0,,deepseek-v4-pro,02131b531b682f7eaea2a0d6743d3516dbb8ab80a0b8e65c3fda461d55b68727,sync,False,2026-08-30T22:20:29+00:00
cyclone_idai_2019,2019-03-15__api-strong__generic,machine,api-strong,api-strong/generic,2019-03-15,food,Food security and assistance reach,absent,0.0,1.0,ok,,0,,deepseek-v4-pro,d60349220c643ec29d12512d6db4e5f3b40d880bd0ca8c44b286e3bfb78af0de,sync,False,2026-08-30T22:20:29+00:00
cyclone_idai_2019,2019-03-15__api-strong__generic,machine,api-strong,api-strong/generic,2019-03-15,funding,Funding status and donor contributions,absent,0.0,0.97,ok,,0,,deepseek-v4-pro,1ce27e4cd9621828af9d00094258d22e912dbae377acd398127746abb30865c4,sync,False,2026-08-30T22:20:29+00:00
cyclone_idai_2019,2019-03-15__api-strong__generic,machine,api-strong,api-strong/generic,2019-03-15,health,"Health, disease outbreak and nutrition",absent,0.0,1.0,ok,,0,,deepseek-v4-pro,dd384f3ce41ecd1e0faface24da3441bd9825918a06432599794c9dd8dee424b,sync,False,2026-08-30T22:20:29+00:00
cyclone_idai_2019,2019-03-15__api-strong__generic,machine,api-strong,api-strong/generic,2019-03-15,needs_gaps,Sector needs and gaps,absent,0.0,0.95,ok,,0,,deepseek-v4-pro,74a894d59e3dcf14d8284d937da89caaf9dde08fb1fc6fd10d214766ce5ac637,sync,False,2026-08-30T22:20:29+00:00
cyclone_idai_2019,2019-03-15__api-strong__generic,machine,api-strong,api-strong/generic,2019-03-15,response_actions,Sector response activities,present,1.0,0.85,ok,,285,edab596e,deepseek-v4-pro,6ab002b3031edb1c4b77b7e202246b6530646f7a1d4484f1f30482dd1717183c,sync,False,2026-08-30T22:20:29+00:00
cyclone_idai_2019,2019-03-15__api-strong__generic,machine,api-strong,api-strong/generic,2019-03-15,shelter,Shelter and non-food items,absent,0.0,0.95,ok,,0,,deepseek-v4-pro,88a95ea150ec3d8a7adffd0184d3c642b6557fe779b1a03d60a4565a1dd54a47,sync,False,2026-08-30T22:20:29+00:00
cyclone_idai_2019,2019-03-15__api-strong__generic,machine,api-strong,api-strong/generic,2019-03-15,sourcing,Sourcing and attribution,present,1.0,0.85,ok,,146,37bd3f12,deepseek-v4-pro,f7c361ec14ab9bbff669303bb9a053eb479c2a38b314ad091616d46f9cb79549,sync,False,2026-08-30T22:20:29+00:00
cyclone_idai_2019,2019-03-15__api-strong__generic,machine,api-strong,api-strong/generic,2019-03-15,wash,WASH needs and response,absent,0.0,0.95,ok,,0,,deepseek-v4-pro,3340ad3fff0f2294407fec5ad21f2e38d8e73de7a362123e2530156ff67669d6,sync,False,2026-08-30T22:20:29+00:00
cyclone_idai_2019,2019-03-15__api-strong__schema_guided,machine,api-strong,api-strong/schema_guided,2019-03-15,access,Access constraints,partial,0.5,0.7,ok,,153,eb7998ae,deepseek-v4-pro,5f820559c37b3dbe80e4b1f68de6260a5b5709eff0c9f35f35ed694ac2d9390f,sync,False,2026-08-30T22:20:29+00:00
cyclone_idai_2019,2019-03-15__api-strong__schema_guided,machine,api-strong,api-strong/schema_guided,2019-03-15,casualties,Casualty and affected-population figures,partial,0.5,0.85,ok,,159,5ee3b8ca,deepseek-v4-pro,5abfa5c4f55e418a014afe8e9826d62cf0d894a7e5ceb4a24a7121ef3b3f8713,sync,False,2026-08-30T22:20:29+00:00
cyclone_idai_2019,2019-03-15__api-strong__schema_guided,machine,api-strong,api-strong/schema_guided,2019-03-15,coordination,Coordination arrangements,partial,0.5,0.9,ok,,194,580f3825,deepseek-v4-pro,5c21b7de301e5eb986b632a5b656620c45ab1a5f093738735c7e6d763e5bb17b,sync,False,2026-08-30T22:20:29+00:00
cyclone_idai_2019,2019-03-15__api-strong__schema_guided,machine,api-strong,api-strong/schema_guided,2019-03-15,currency_and_metadata,Data currency and report metadata,partial,0.5,0.9,ok,,162,4d495d3d,deepseek-v4-pro,dab9e26a2a745dc026361e05968bcaae266b59e5fcb0ab06f7bf58bab082cabd,sync,False,2026-08-30T22:20:29+00:00
cyclone_idai_2019,2019-03-15__api-strong__schema_guided,machine,api-strong,api-strong/schema_guided,2019-03-15,damage,"Physical, economic and agricultural damage",partial,0.5,0.9,ok,,172,72bf5988,deepseek-v4-pro,2df12ac6422c414f3dffb0101645fbf359056716ba3784781ca77a542cd8de96,sync,False,2026-08-30T22:20:29+00:00
cyclone_idai_2019,2019-03-15__api-strong__schema_guided,machine,api-strong,api-strong/schema_guided,2019-03-15,displacement,Displacement and accommodation sites,partial,0.5,0.85,ok,,282,a8e9ebff,deepseek-v4-pro,c40326eebf4649a28dc4386bc7935ec7afb5c4a02303ced89271f620000f9bf0,sync,False,2026-08-30T22:20:29+00:00
cyclone_idai_2019,2019-03-15__api-strong__schema_guided,machine,api-strong,api-strong/schema_guided,2019-03-15,education,Education impact and response,partial,0.5,0.9,ok,,118,fd97b12e,deepseek-v4-pro,f3efa4663785c4a1adf23ea12360e2ce445fa29c7b048cba588985e88530cd42,sync,False,2026-08-30T22:20:29+00:00
cyclone_idai_2019,2019-03-15__api-strong__schema_guided,machine,api-strong,api-strong/schema_guided,2019-03-15,food,Food security and assistance reach,absent,0.0,1.0,ok,,0,,deepseek-v4-pro,5075da41f5f07a9f4296d2dc4898947bbc97ccc9e1b5a896ba6eb0a68aedec1d,sync,False,2026-08-30T22:20:29+00:00
cyclone_idai_2019,2019-03-15__api-strong__schema_guided,machine,api-strong,api-strong/schema_guided,2019-03-15,funding,Funding status and donor contributions,absent,0.0,1.0,ok,,0,,deepseek-v4-pro,59c1f198dc5f1b36c9fe89b7fdb9e16df84d0544182cf4fb2db55e8877db87b8,sync,False,2026-08-30T22:20:29+00:00
cyclone_idai_2019,2019-03-15__api-strong__schema_guided,machine,api-strong,api-strong/schema_guided,2019-03-15,health,"Health, disease outbreak and nutrition",absent,0.0,1.0,ok,,0,,deepseek-v4-pro,3317e5c4947d33f9a59bf8d467de68fd0f22d77346198f01140b66649d938325,sync,False,2026-08-30T22:20:29+00:00
cyclone_idai_2019,2019-03-15__api-strong__schema_guided,machine,api-strong,api-strong/schema_guided,2019-03-15,needs_gaps,Sector needs and gaps,partial,0.5,0.62,ok,,97,b0fd9269,deepseek-v4-pro,1acf016f7b6b3365271e56c37a9d2fd5804bc25027e8e9e262a7dc65caa4c461,sync,False,2026-08-30T22:20:29+00:00
cyclone_idai_2019,2019-03-15__api-strong__schema_guided,machine,api-strong,api-strong/schema_guided,2019-03-15,response_actions,Sector response activities,present,1.0,0.95,ok,,189,48a47b45,deepseek-v4-pro,d6ede575f95932605277fc9dcf5ef5717e630ae3784602d8b6fe2a70e3e91a48,sync,False,2026-08-30T22:20:29+00:00
cyclone_idai_2019,2019-03-15__api-strong__schema_guided,machine,api-strong,api-strong/schema_guided,2019-03-15,shelter,Shelter and non-food items,absent,0.0,0.95,ok,,0,,deepseek-v4-pro,b66cefca64263ff9c1680663f4afd55ead304b71b40512025c298f940ffa53a8,sync,False,2026-08-30T22:20:29+00:00
cyclone_idai_2019,2019-03-15__api-strong__schema_guided,machine,api-strong,api-strong/schema_guided,2019-03-15,sourcing,Sourcing and attribution,present,1.0,0.95,ok,,195,f16ebf55,deepseek-v4-pro,fff87269d171a08c1ec5af6edd6ef534728e9f23caaf2ef507ce61aa9cefe062,sync,False,2026-08-30T22:20:29+00:00
cyclone_idai_2019,2019-03-15__api-strong__schema_guided,machine,api-strong,api-strong/schema_guided,2019-03-15,wash,WASH needs and response,absent,0.0,0.95,ok,,0,,deepseek-v4-pro,29c14655d3c186a1a6617b850aa257b602ae7034c9cc15a3dd06af1f2f13248e,sync,False,2026-08-30T22:20:29+00:00
cyclone_idai_2019,2019-03-16__api-fast__generic,machine,api-fast,api-fast/generic,2019-03-16,access,Access constraints,present,1.0,0.95,ok,,198,8a63a680,deepseek-v4-pro,50358027693351264e571dfa6e01f58cddf3af2765fc2eedf558bacf50b31069,sync,False,2026-08-30T22:20:29+00:00
cyclone_idai_2019,2019-03-16__api-fast__generic,machine,api-fast,api-fast/generic,2019-03-16,casualties,Casualty and affected-population figures,partial,0.5,0.9,ok,,175,805e7e56,deepseek-v4-pro,cfe20cb201cf52a56e0495c20356e5f4872a4f97b27ba3bc039e9538908b401c,sync,False,2026-08-30T22:20:29+00:00
cyclone_idai_2019,2019-03-16__api-fast__generic,machine,api-fast,api-fast/generic,2019-03-16,coordination,Coordination arrangements,partial,0.5,0.8,ok,,282,2e4f43dc,deepseek-v4-pro,0e2d76fdf4f758ce65201b0ac552f8de4bd7a2449523e3b2c21519a6696d0430,sync,False,2026-08-30T22:20:29+00:00
cyclone_idai_2019,2019-03-16__api-fast__generic,machine,api-fast,api-fast/generic,2019-03-16,currency_and_metadata,Data currency and report metadata,partial,0.5,0.75,ok,,188,cab884d5,deepseek-v4-pro,d06d14121006d2edb5c9bb6d4c403afc2737178d435d6c65a4eff8cdebae2fbc,sync,False,2026-08-30T22:20:29+00:00
cyclone_idai_2019,2019-03-16__api-fast__generic,machine,api-fast,api-fast/generic,2019-03-16,damage,"Physical, economic and agricultural damage",present,1.0,0.9,ok,,222,b428fda4,deepseek-v4-pro,630beb512294d66a32b1f4cf74715d156aa8fce033f84b8218b52d68b7fe2273,sync,False,2026-08-30T22:20:29+00:00
cyclone_idai_2019,2019-03-16__api-fast__generic,machine,api-fast,api-fast/generic,2019-03-16,displacement,Displacement and accommodation sites,partial,0.5,0.85,ok,,125,29f72c51,deepseek-v4-pro,86ae6d763fb4cdeb1cbe43338b93df196de3a27813beb0fd48f6c3c5b790136d,sync,False,2026-08-30T22:20:29+00:00
cyclone_idai_2019,2019-03-16__api-fast__generic,machine,api-fast,api-fast/generic,2019-03-16,education,Education impact and response,partial,0.5,0.9,ok,,246,ed51a430,deepseek-v4-pro,326a36683dc740b462612b02cdaa5ae8658a62027c29899293ecef8fa11866ae,sync,False,2026-08-30T22:20:29+00:00
cyclone_idai_2019,2019-03-16__api-fast__generic,machine,api-fast,api-fast/generic,2019-03-16,food,Food security and assistance reach,partial,0.5,0.8,ok,,105,ee8db99b,deepseek-v4-pro,4895c12a83f46e1ea7e7f94d750e6385186adc498ac7520362191ee0e79f20e1,sync,False,2026-08-30T22:20:29+00:00
cyclone_idai_2019,2019-03-16__api-fast__generic,machine,api-fast,api-fast/generic,2019-03-16,funding,Funding status and donor contributions,absent,0.0,0.92,ok,,0,,deepseek-v4-pro,1484c04d6ab77c7bca1d98bed5619e13a17cf88e06c57431135c7cd695770dec,sync,False,2026-08-30T22:20:29+00:00
cyclone_idai_2019,2019-03-16__api-fast__generic,machine,api-fast,api-fast/generic,2019-03-16,health,"Health, disease outbreak and nutrition",absent,0.0,1.0,ok,,0,,deepseek-v4-pro,b9cec235fa4d0bd439e453ba3690866c1e7b031bd88f3bf1afe54307d781bc9e,sync,False,2026-08-30T22:20:29+00:00
cyclone_idai_2019,2019-03-16__api-fast__generic,machine,api-fast,api-fast/generic,2019-03-16,needs_gaps,Sector needs and gaps,partial,0.5,0.78,ok,,180,8e9d599c,deepseek-v4-pro,48ab780511df022e6526bdca9661e7974dbd7f38d54dbb14e32e57ab2d3a3a6f,sync,False,2026-08-30T22:20:29+00:00
cyclone_idai_2019,2019-03-16__api-fast__generic,machine,api-fast,api-fast/generic,2019-03-16,response_actions,Sector response activities,present,1.0,0.95,ok,,205,cfa647e3,deepseek-v4-pro,2ec9b99cf3202a10721aab9fb15ed53732b8d3e1cd8fb02a818de3b6e5e3d231,sync,False,2026-08-30T22:20:29+00:00
cyclone_idai_2019,2019-03-16__api-fast__generic,machine,api-fast,api-fast/generic,2019-03-16,shelter,Shelter and non-food items,partial,0.5,0.92,ok,,180,8e9d599c,deepseek-v4-pro,385e55f61975b700302b8f61f4de5f0b84b661ce63ee91d05e87b7aaa024d33c,sync,False,2026-08-30T22:20:29+00:00
cyclone_idai_2019,2019-03-16__api-fast__generic,machine,api-fast,api-fast/generic,2019-03-16,sourcing,Sourcing and attribution,partial,0.5,0.7,ok,,216,1d8d282a,deepseek-v4-pro,9a352e9ee7fa6d0d52bfb10e05daa49ce820febdeae0bb3c58e56576655ec333,sync,False,2026-08-30T22:20:29+00:00
cyclone_idai_2019,2019-03-16__api-fast__generic,machine,api-fast,api-fast/generic,2019-03-16,wash,WASH needs and response,partial,0.5,0.85,ok,,68,663d5245,deepseek-v4-pro,08774e46d885c0f70b734c98f7c59d9429511c7857f357394a022b92e0007c67,sync,False,2026-08-30T22:20:29+00:00
cyclone_idai_2019,2019-03-16__api-fast__schema_guided,machine,api-fast,api-fast/schema_guided,2019-03-16,access,Access constraints,present,1.0,0.95,ok,,190,a6dd515c,deepseek-v4-pro,bf16ec0257a3024bf7e03ff45da6c1f7accaf660cf7169e0645ef1f4d4428f3f,sync,False,2026-08-30T22:20:29+00:00
cyclone_idai_2019,2019-03-16__api-fast__schema_guided,machine,api-fast,api-fast/schema_guided,2019-03-16,casualties,Casualty and affected-population figures,present,1.0,0.95,ok,,200,f427b506,deepseek-v4-pro,382476a4b84a9a37981617835c23eb837d09c4f8781907a04841202b4718f0b5,sync,False,2026-08-30T22:20:29+00:00
cyclone_idai_2019,2019-03-16__api-fast__schema_guided,machine,api-fast,api-fast/schema_guided,2019-03-16,coordination,Coordination arrangements,present,1.0,0.95,ok,,342,d084a8fc,deepseek-v4-pro,966c78d56e4a811b11b5f7e1fb53b83c6d17bc6c95522ab051faa9d2ce7a67f7,sync,False,2026-08-30T22:20:29+00:00
cyclone_idai_2019,2019-03-16__api-fast__schema_guided,machine,api-fast,api-fast/schema_guided,2019-03-16,currency_and_metadata,Data currency and report metadata,partial,0.5,0.9,ok,,187,df5be9b4,deepseek-v4-pro,bb74804847f4ee23032826e265afd22ad68e53667cd63c081bfe6dae5b0cf607,sync,False,2026-08-30T22:20:29+00:00
cyclone_idai_2019,2019-03-16__api-fast__schema_guided,machine,api-fast,api-fast/schema_guided,2019-03-16,damage,"Physical, economic and agricultural damage",present,1.0,0.95,ok,,212,f736a417,deepseek-v4-pro,a7cdfa597104b8e67d89a4f4d598d78703c545da9702ac8eeb65999ad25d5311,sync,False,2026-08-30T22:20:29+00:00
cyclone_idai_2019,2019-03-16__api-fast__schema_guided,machine,api-fast,api-fast/schema_guided,2019-03-16,displacement,Displacement and accommodation sites,partial,0.5,0.8,ok,,200,8bde53a5,deepseek-v4-pro,2d4baed67d8bee972638024a7cdcd2fdbf4ab38e0ee92219d6ef1172b7c1c03e,sync,False,2026-08-30T22:20:29+00:00
cyclone_idai_2019,2019-03-16__api-fast__schema_guided,machine,api-fast,api-fast/schema_guided,2019-03-16,education,Education impact and response,present,1.0,0.85,ok,,179,32f3aff6,deepseek-v4-pro,b76e4804ac1d65ba8ffddff80a3c481ca758cb7fa797be598c86a908dc38f31b,sync,False,2026-08-30T22:20:29+00:00
cyclone_idai_2019,2019-03-16__api-fast__schema_guided,machine,api-fast,api-fast/schema_guided,2019-03-16,food,Food security and assistance reach,partial,0.5,0.9,ok,,153,b0cd9b4d,deepseek-v4-pro,0e9e98cf86126b772b7a59a88923eb3d729c173f3ef5b12d35c457471abb3600,sync,False,2026-08-30T22:20:29+00:00
cyclone_idai_2019,2019-03-16__api-fast__schema_guided,machine,api-fast,api-fast/schema_guided,2019-03-16,funding,Funding status and donor contributions,partial,0.5,0.95,ok,,147,b2b77c47,deepseek-v4-pro,c3c79eb725785135282946600464a49c34d4d657b9fcf02501495dce432c1fd8,sync,False,2026-08-30T22:20:29+00:00
cyclone_idai_2019,2019-03-16__api-fast__schema_guided,machine,api-fast,api-fast/schema_guided,2019-03-16,health,"Health, disease outbreak and nutrition",absent,0.0,1.0,ok,,0,,deepseek-v4-pro,d08c739c3820382ac19f4df6656795059047529d366dd298c94dd578cafc3b3a,sync,False,2026-08-30T22:20:29+00:00
cyclone_idai_2019,2019-03-16__api-fast__schema_guided,machine,api-fast,api-fast/schema_guided,2019-03-16,needs_gaps,Sector needs and gaps,partial,0.5,0.8,ok,,187,799229be,deepseek-v4-pro,451b1cc3c13a91b8bf96e3c4995296e3b96668758125a74e93514945e1b57556,sync,False,2026-08-30T22:20:29+00:00
cyclone_idai_2019,2019-03-16__api-fast__schema_guided,machine,api-fast,api-fast/schema_guided,2019-03-16,response_actions,Sector response activities,present,1.0,0.95,ok,,202,7b024db5,deepseek-v4-pro,487913923e0a1e19296a5c1c9b68e865546b5fc7a8a33f44be62a762eb5f9176,sync,False,2026-08-30T22:20:29+00:00
cyclone_idai_2019,2019-03-16__api-fast__schema_guided,machine,api-fast,api-fast/schema_guided,2019-03-16,shelter,Shelter and non-food items,partial,0.5,0.9,ok,,186,c17b5928,deepseek-v4-pro,fe51f5bd28ff9735c33d39ed4b1ca6c91fe187a919b2caf8073eafdf98cdcfdb,sync,False,2026-08-30T22:20:29+00:00
cyclone_idai_2019,2019-03-16__api-fast__schema_guided,machine,api-fast,api-fast/schema_guided,2019-03-16,sourcing,Sourcing and attribution,present,1.0,1.0,ok,,152,66f33a21,deepseek-v4-pro,79613792b8b403a0c4945a5163d5d2f75d772829f4627362fc2dd17690b3c85c,sync,False,2026-08-30T22:20:29+00:00
cyclone_idai_2019,2019-03-16__api-fast__schema_guided,machine,api-fast,api-fast/schema_guided,2019-03-16,wash,WASH needs and response,partial,0.5,0.9,ok,,225,e2d6aaa5,deepseek-v4-pro,50bee04bf6728fe0062fd439614136e3432d0e46547ba0186051d9bec9a61a88,sync,False,2026-08-30T22:20:29+00:00
cyclone_idai_2019,2019-03-16__api-strong__generic,machine,api-strong,api-strong/generic,2019-03-16,access,Access constraints,present,1.0,0.95,ok,,283,09e4b1fe,deepseek-v4-pro,705e0404e82dac53f71960cbea6185324b89833f6806a4d702b7cd43012a5ff0,sync,False,2026-08-30T22:20:29+00:00
cyclone_idai_2019,2019-03-16__api-strong__generic,machine,api-strong,api-strong/generic,2019-03-16,casualties,Casualty and affected-population figures,present,1.0,0.9,ok,,128,cd472075,deepseek-v4-pro,4c9e334f889ae1a8c1990c75242af81e2e4c619424b0c3531077a75d4119266a,sync,False,2026-08-30T22:20:29+00:00
cyclone_idai_2019,2019-03-16__api-strong__generic,machine,api-strong,api-strong/generic,2019-03-16,coordination,Coordination arrangements,present,1.0,0.8,ok,,153,fe7460a4,deepseek-v4-pro,714ba59a75f7bdad4b8e70e469dd00a557137b5b8bb2c0b386a7e181a22842b1,sync,False,2026-08-30T22:20:29+00:00
cyclone_idai_2019,2019-03-16__api-strong__generic,machine,api-strong,api-strong/generic,2019-03-16,currency_and_metadata,Data currency and report metadata,partial,0.5,0.85,ok,,150,c86e880a,deepseek-v4-pro,3440aa93b94dda93b388d6d3cd0747707d5e7779c82afedb893289d0984a8350,sync,False,2026-08-30T22:20:29+00:00
cyclone_idai_2019,2019-03-16__api-strong__generic,machine,api-strong,api-strong/generic,2019-03-16,damage,"Physical, economic and agricultural damage",present,1.0,0.85,ok,,97,683d4af7,deepseek-v4-pro,df9e67b5d9f832b15bc2e4dceb4c0c1b8b743f78ca6b44f388795a76841eca13,sync,False,2026-08-30T22:20:29+00:00
cyclone_idai_2019,2019-03-16__api-strong__generic,machine,api-strong,api-strong/generic,2019-03-16,displacement,Displacement and accommodation sites,partial,0.5,0.85,ok,,167,d9c6738f,deepseek-v4-pro,afbdf17b5cf3266e2cd2522ece32a314b008f86f3fd85dc92b823d3af9aa0186,sync,False,2026-08-30T22:20:29+00:00
cyclone_idai_2019,2019-03-16__api-strong__generic,machine,api-strong,api-strong/generic,2019-03-16,education,Education impact and response,partial,0.5,0.8,ok,,125,2e9942a5,deepseek-v4-pro,9b7fcc61d6123249a5f7c8e1bb4ec66620f7746f3e0e22f2316f0312183a121b,sync,False,2026-08-30T22:20:29+00:00
cyclone_idai_2019,2019-03-16__api-strong__generic,machine,api-strong,api-strong/generic,2019-03-16,food,Food security and assistance reach,partial,0.5,0.9,ok,,105,840e34af,deepseek-v4-pro,7aa737bf6ab2c51d2dde466d5a0375eab24d2a21987a17410c5c868aa1d5f363,sync,False,2026-08-30T22:20:29+00:00
cyclone_idai_2019,2019-03-16__api-strong__generic,machine,api-strong,api-strong/generic,2019-03-16,funding,Funding status and donor contributions,partial,0.5,0.8,ok,,130,062cc604,deepseek-v4-pro,a5e875818a75f9b5fb7aa077d1f70ad9cfffb55bc59ebd9ce67486229155e518,sync,False,2026-08-30T22:20:29+00:00
cyclone_idai_2019,2019-03-16__api-strong__generic,machine,api-strong,api-strong/generic,2019-03-16,health,"Health, disease outbreak and nutrition",absent,0.0,0.95,ok,,0,,deepseek-v4-pro,0d9efd9a6a845a57bef6cd590854e86c0ee6fd462265f5e87d82b35b40b50815,sync,False,2026-08-30T22:20:29+00:00
cyclone_idai_2019,2019-03-16__api-strong__generic,machine,api-strong,api-strong/generic,2019-03-16,needs_gaps,Sector needs and gaps,partial,0.5,0.8,ok,,204,c07c12cf,deepseek-v4-pro,f14a9427eddf8e9ec3715449fbebff3214464af8235c5ef2f5758270e6cc40ad,sync,False,2026-08-30T22:20:29+00:00
cyclone_idai_2019,2019-03-16__api-strong__generic,machine,api-strong,api-strong/generic,2019-03-16,response_actions,Sector response activities,present,1.0,0.95,ok,,240,e81caa23,deepseek-v4-pro,7e667c879237cd0c89c0ec745ccb8953229fc900b61bf9ce329d6f2fec7abfd9,sync,False,2026-08-30T22:20:29+00:00
cyclone_idai_2019,2019-03-16__api-strong__generic,machine,api-strong,api-strong/generic,2019-03-16,shelter,Shelter and non-food items,partial,0.5,0.9,ok,,134,9dd96322,deepseek-v4-pro,dc749b40ef962ec2ba5776a7ec27b00750cf4165337c4f654db010d8b43c50ea,sync,False,2026-08-30T22:20:29+00:00
cyclone_idai_2019,2019-03-16__api-strong__generic,machine,api-strong,api-strong/generic,2019-03-16,sourcing,Sourcing and attribution,present,1.0,0.9,ok,,183,3d0b9d44,deepseek-v4-pro,41c36d1462085725f687d7509777e12d058a151f7359015d4b23199bb7b14d0c,sync,False,2026-08-30T22:20:29+00:00
cyclone_idai_2019,2019-03-16__api-strong__generic,machine,api-strong,api-strong/generic,2019-03-16,wash,WASH needs and response,partial,0.5,0.7,ok,,158,78d11f25,deepseek-v4-pro,7bb7241ffb8b8112924b3d86f070bf95e5223bbf74c3b2ea06fdc7cef11b13ac,sync,False,2026-08-30T22:20:29+00:00
cyclone_idai_2019,2019-03-16__api-strong__schema_guided,machine,api-strong,api-strong/schema_guided,2019-03-16,access,Access constraints,present,1.0,0.95,ok,,160,b039f925,deepseek-v4-pro,e5a4063fa569019b55b16ffada2449d592c8c04381a3dc76129b65ba9f49afb9,sync,False,2026-08-30T22:20:29+00:00
cyclone_idai_2019,2019-03-16__api-strong__schema_guided,machine,api-strong,api-strong/schema_guided,2019-03-16,casualties,Casualty and affected-population figures,present,1.0,1.0,ok,,142,0b65a939,deepseek-v4-pro,4bab50fc7877c0a6c563b0cc3419a40419ad22d81bab35a97fe77baf9e6ec649,sync,False,2026-08-30T22:20:29+00:00
cyclone_idai_2019,2019-03-16__api-strong__schema_guided,machine,api-strong,api-strong/schema_guided,2019-03-16,coordination,Coordination arrangements,present,1.0,0.95,ok,,186,a0dab510,deepseek-v4-pro,2c04446c175f0671a83910a776bc26ae51f00e6656eef22967296dd29694d1f8,sync,False,2026-08-30T22:20:29+00:00
cyclone_idai_2019,2019-03-16__api-strong__schema_guided,machine,api-strong,api-strong/schema_guided,2019-03-16,currency_and_metadata,Data currency and report metadata,partial,0.5,0.95,ok,,136,9b27eb59,deepseek-v4-pro,22627ec019b2175a73072c3b15685e8a14ce5ad492c1aa94eb248e3dd7306383,sync,False,2026-08-30T22:20:29+00:00
cyclone_idai_2019,2019-03-16__api-strong__schema_guided,machine,api-strong,api-strong/schema_guided,2019-03-16,damage,"Physical, economic and agricultural damage",present,1.0,0.95,ok,,141,20771286,deepseek-v4-pro,fbb2872a9bb9f76eef79a0c06251fcd5aa8b0e5dbe8328318892fb01a9c93acf,sync,False,2026-08-30T22:20:29+00:00
cyclone_idai_2019,2019-03-16__api-strong__schema_guided,machine,api-strong,api-strong/schema_guided,2019-03-16,displacement,Displacement and accommodation sites,partial,0.5,0.8,ok,,198,db9b2511,deepseek-v4-pro,868eda4c191b8e7d9451d6eef7605266a322dd13920361171430b78e809ce54f,sync,False,2026-08-30T22:20:29+00:00
cyclone_idai_2019,2019-03-16__api-strong__schema_guided,machine,api-strong,api-strong/schema_guided,2019-03-16,education,Education impact and response,present,1.0,0.9,ok,,307,b293dc79,deepseek-v4-pro,97414e284bf32e7c3b9540e07708b0eb2243b2c2e92cb8d2aec71f065ea10e7d,sync,False,2026-08-30T22:20:29+00:00
cyclone_idai_2019,2019-03-16__api-strong__schema_guided,machine,api-strong,api-strong/schema_guided,2019-03-16,food,Food security and assistance reach,partial,0.5,0.9,ok,,203,9154553b,deepseek-v4-pro,1ff3140b3459dccbce581f0eb8db740af6a5eedbe4b7d2efaabfea98e0b4e835,sync,False,2026-08-30T22:20:29+00:00
cyclone_idai_2019,2019-03-16__api-strong__schema_guided,machine,api-strong,api-strong/schema_guided,2019-03-16,funding,Funding status and donor contributions,partial,0.5,0.95,ok,,158,94497b81,deepseek-v4-pro,3fbf21d86029431e629ad6c57576fcf8f222658b441523dac42d6bc28707223f,sync,False,2026-08-30T22:20:29+00:00
cyclone_idai_2019,2019-03-16__api-strong__schema_guided,machine,api-strong,api-strong/schema_guided,2019-03-16,health,"Health, disease outbreak and nutrition",absent,0.0,1.0,ok,,0,,deepseek-v4-pro,6fcbdd79f173806df62e21b2edeb6120f470b74355431ebd5fa453693b3aa86f,sync,False,2026-08-30T22:20:29+00:00
cyclone_idai_2019,2019-03-16__api-strong__schema_guided,machine,api-strong,api-strong/schema_guided,2019-03-16,needs_gaps,Sector needs and gaps,present,1.0,0.95,ok,,153,58ddb1ad,deepseek-v4-pro,ad14602625e8fad0615434b96134492b4fabb7567dd3fca37cd7b2d43572f77e,sync,False,2026-08-30T22:20:29+00:00
cyclone_idai_2019,2019-03-16__api-strong__schema_guided,machine,api-strong,api-strong/schema_guided,2019-03-16,response_actions,Sector response activities,present,1.0,0.95,ok,,198,0c925d60,deepseek-v4-pro,c4ce836462ef466483348f5d06ddcf6898bf3814f0d2905a743e77f6e6f735cf,sync,False,2026-08-30T22:20:29+00:00
cyclone_idai_2019,2019-03-16__api-strong__schema_guided,machine,api-strong,api-strong/schema_guided,2019-03-16,shelter,Shelter and non-food items,partial,0.5,0.85,ok,,148,26e9170c,deepseek-v4-pro,85b4b4b4d5f5ee51b005ab2bfd6ca3157da8d7cc4226877b453fc5aa8d04400d,sync,False,2026-08-30T22:20:29+00:00
cyclone_idai_2019,2019-03-16__api-strong__schema_guided,machine,api-strong,api-strong/schema_guided,2019-03-16,sourcing,Sourcing and attribution,present,1.0,0.98,ok,,400,d88df3f4,deepseek-v4-pro,186878732f02fe039ada393fc67d9457f26c4e4f530fa617a289dff613b188c6,sync,False,2026-08-30T22:20:29+00:00
cyclone_idai_2019,2019-03-16__api-strong__schema_guided,machine,api-strong,api-strong/schema_guided,2019-03-16,wash,WASH needs and response,partial,0.5,0.85,ok,,186,19b2487f,deepseek-v4-pro,acc6e7c66b62f8615d2bc27ed0df35e72cd00865e0cd0c83333df97d1c07fb07,sync,False,2026-08-30T22:20:29+00:00
cyclone_idai_2019,2019-03-17__api-fast__generic,machine,api-fast,api-fast/generic,2019-03-17,access,Access constraints,present,1.0,0.95,ok,,256,5f36e054,deepseek-v4-pro,d2e398190ea0fc440e12a59e3fa0e67c4b324af73e29a504b3b2033c7afdb064,sync,False,2026-08-30T22:20:29+00:00
cyclone_idai_2019,2019-03-17__api-fast__generic,machine,api-fast,api-fast/generic,2019-03-17,casualties,Casualty and affected-population figures,present,1.0,0.9,ok,,174,5174b1c4,deepseek-v4-pro,32ec6f9d35320843ebfa916b7214cba572cec8a994c2334f800f0f58eb1fab14,sync,False,2026-08-30T22:20:29+00:00
cyclone_idai_2019,2019-03-17__api-fast__generic,machine,api-fast,api-fast/generic,2019-03-17,coordination,Coordination arrangements,partial,0.5,0.7,ok,,155,066b642a,deepseek-v4-pro,baa04246af795b70ab73545ba5e37c93f91d8ea7db523476058cd8741c9f3ebb,sync,False,2026-08-30T22:20:29+00:00
cyclone_idai_2019,2019-03-17__api-fast__generic,machine,api-fast,api-fast/generic,2019-03-17,currency_and_metadata,Data currency and report metadata,partial,0.5,0.85,ok,,157,31811d51,deepseek-v4-pro,3145b1591cd208f3dd97c6a8a517b4270b629fd366526b5eeaed5821c9a05072,sync,False,2026-08-30T22:20:29+00:00
cyclone_idai_2019,2019-03-17__api-fast__generic,machine,api-fast,api-fast/generic,2019-03-17,damage,"Physical, economic and agricultural damage",present,1.0,0.75,ok,,202,5f6543a8,deepseek-v4-pro,148b7f59127a202cb117b6194157616c7ebfde4bf97c924d523a809b22ff760b,sync,False,2026-08-30T22:20:29+00:00
cyclone_idai_2019,2019-03-17__api-fast__generic,machine,api-fast,api-fast/generic,2019-03-17,displacement,Displacement and accommodation sites,partial,0.5,0.9,ok,,94,7485b2b9,deepseek-v4-pro,8fb8b0622d3d1216c831ca6c455994522dd9c901cf354b05141334f768c8e53e,sync,False,2026-08-30T22:20:29+00:00
cyclone_idai_2019,2019-03-17__api-fast__generic,machine,api-fast,api-fast/generic,2019-03-17,education,Education impact and response,partial,0.5,0.8,ok,,72,3199aef9,deepseek-v4-pro,f321ba3c7496e81c774306aa09ac19479fb176eb22c0baee4ce0a5a3404e4f39,sync,False,2026-08-30T22:20:29+00:00
cyclone_idai_2019,2019-03-17__api-fast__generic,machine,api-fast,api-fast/generic,2019-03-17,food,Food security and assistance reach,partial,0.5,0.9,ok,,213,2f786b52,deepseek-v4-pro,0e4d089a1261c46f23fa4410377a59bd4a1f0f0be404fb1314820984a3c6ca91,sync,False,2026-08-30T22:20:29+00:00
cyclone_idai_2019,2019-03-17__api-fast__generic,machine,api-fast,api-fast/generic,2019-03-17,funding,Funding status and donor contributions,partial,0.5,0.9,ok,,206,d6c3d669,deepseek-v4-pro,c434d22225022da8bb91077b32d30de99fcd3b786798cbb2720df8289765ffea,sync,False,2026-08-30T22:20:29+00:00
cyclone_idai_2019,2019-03-17__api-fast__generic,machine,api-fast,api-fast/generic,2019-03-17,health,"Health, disease outbreak and nutrition",absent,0.0,0.97,ok,,0,,deepseek-v4-pro,32be6ba35685611277eac3b3d03ae4b2f14871737027f0df9b711244aa72ba73,sync,False,2026-08-30T22:20:29+00:00
cyclone_idai_2019,2019-03-17__api-fast__generic,machine,api-fast,api-fast/generic,2019-03-17,needs_gaps,Sector needs and gaps,partial,0.5,0.8,ok,,96,7bafc146,deepseek-v4-pro,5741ff5307850de02fc71a551bd1e79c7637c90fc5f69b80d987a49a4c4af9d8,sync,False,2026-08-30T22:20:29+00:00
cyclone_idai_2019,2019-03-17__api-fast__generic,machine,api-fast,api-fast/generic,2019-03-17,response_actions,Sector response activities,present,1.0,0.95,ok,,208,ab1c4eca,deepseek-v4-pro,a42eb51e6bf8c3470fc157f75b6ba06fc400fb2fa89dc109358a41427d41b91d,sync,False,2026-08-30T22:20:29+00:00
cyclone_idai_2019,2019-03-17__api-fast__generic,machine,api-fast,api-fast/generic,2019-03-17,shelter,Shelter and non-food items,partial,0.5,0.9,ok,,131,ac94ff4d,deepseek-v4-pro,1bd27eacdaf979e023a05f5acbac523f239d1ec8d7013ca6259c1258216d5432,sync,False,2026-08-30T22:20:29+00:00
cyclone_idai_2019,2019-03-17__api-fast__generic,machine,api-fast,api-fast/generic,2019-03-17,sourcing,Sourcing and attribution,present,1.0,0.95,ok,,262,eff0c675,deepseek-v4-pro,b92b64e4a0cf091880a939d98f95059b9f70749b852247dac7d4384621d90e02,sync,False,2026-08-30T22:20:29+00:00
cyclone_idai_2019,2019-03-17__api-fast__generic,machine,api-fast,api-fast/generic,2019-03-17,wash,WASH needs and response,partial,0.5,0.85,ok,,66,16f05ede,deepseek-v4-pro,62fac98de5856b5a8e5fa65b6dffbc5e1326770422018e1a9aaab2634685fb47,sync,False,2026-08-30T22:20:29+00:00
cyclone_idai_2019,2019-03-17__api-fast__schema_guided,machine,api-fast,api-fast/schema_guided,2019-03-17,access,Access constraints,present,1.0,1.0,ok,,230,43826409,deepseek-v4-pro,a5b2d8492a9acdbcca460c7a56e92fe1ae9ad9f3c5bf44adf0209f6d4caa9f49,sync,False,2026-08-30T22:20:29+00:00
cyclone_idai_2019,2019-03-17__api-fast__schema_guided,machine,api-fast,api-fast/schema_guided,2019-03-17,casualties,Casualty and affected-population figures,present,1.0,0.9,ok,,189,150a2c11,deepseek-v4-pro,15468872d37d3877e065a9e28ab8b7930de329e737092f97d1b1e03d5ce235d4,sync,False,2026-08-30T22:20:29+00:00
cyclone_idai_2019,2019-03-17__api-fast__schema_guided,machine,api-fast,api-fast/schema_guided,2019-03-17,coordination,Coordination arrangements,present,1.0,0.95,ok,,239,a0eb31dc,deepseek-v4-pro,868ace2c9bc7542bde5dac4ec8e8fbea3897d3f04587c66bea818657a73d47c6,sync,False,2026-08-30T22:20:29+00:00
cyclone_idai_2019,2019-03-17__api-fast__schema_guided,machine,api-fast,api-fast/schema_guided,2019-03-17,currency_and_metadata,Data currency and report metadata,partial,0.5,0.85,ok,,192,ad171109,deepseek-v4-pro,e96e5dcc53955b8c0ac21fe37d376124611f3dd41e9e72202559c7c3b82bdd8a,sync,False,2026-08-30T22:20:29+00:00
cyclone_idai_2019,2019-03-17__api-fast__schema_guided,machine,api-fast,api-fast/schema_guided,2019-03-17,damage,"Physical, economic and agricultural damage",present,1.0,0.95,ok,,91,324a2820,deepseek-v4-pro,ebfb8c1971101adb9b343eb1c1a8fb64eb6f44a68539f475bb48ae33e145e328,sync,False,2026-08-30T22:20:29+00:00
cyclone_idai_2019,2019-03-17__api-fast__schema_guided,machine,api-fast,api-fast/schema_guided,2019-03-17,displacement,Displacement and accommodation sites,partial,0.5,0.85,ok,,219,07cfbfac,deepseek-v4-pro,352721a12562925cb1e9c5aef161ce7633cf93052a1c7a3ca597fb0b6c911170,sync,False,2026-08-30T22:20:29+00:00
cyclone_idai_2019,2019-03-17__api-fast__schema_guided,machine,api-fast,api-fast/schema_guided,2019-03-17,education,Education impact and response,partial,0.5,0.8,ok,,232,3930fc8b,deepseek-v4-pro,e52df9af126e7a958af2266b7fc8d9945e7f5492face672bf65a5ce397aef1f9,sync,False,2026-08-30T22:20:29+00:00
cyclone_idai_2019,2019-03-17__api-fast__schema_guided,machine,api-fast,api-fast/schema_guided,2019-03-17,food,Food security and assistance reach,partial,0.5,0.9,ok,,192,1bb11c81,deepseek-v4-pro,354af94c96abdffaca0a2f1e544397ff639f776b3c9fe7a6d2bbde4b2f5fb69b,sync,False,2026-08-30T22:20:29+00:00
cyclone_idai_2019,2019-03-17__api-fast__schema_guided,machine,api-fast,api-fast/schema_guided,2019-03-17,funding,Funding status and donor contributions,partial,0.5,0.9,ok,,159,82f73497,deepseek-v4-pro,80571a4bd528c468b1ff115dec6949e0f266f08776e5b8f11db0325e48584c5c,sync,False,2026-08-30T22:20:29+00:00
cyclone_idai_2019,2019-03-17__api-fast__schema_guided,machine,api-fast,api-fast/schema_guided,2019-03-17,health,"Health, disease outbreak and nutrition",absent,0.0,0.98,ok,,0,,deepseek-v4-pro,b02058d3e48bbd6ad3112612741853977c13ec77bba33b73cfe91acb8dad33ef,sync,False,2026-08-30T22:20:29+00:00
cyclone_idai_2019,2019-03-17__api-fast__schema_guided,machine,api-fast,api-fast/schema_guided,2019-03-17,needs_gaps,Sector needs and gaps,present,1.0,0.95,ok,,200,7ca9a656,deepseek-v4-pro,295e8c94083722f9e649a3829c53d9858b68045b6b1f982ba9338ae5104d1391,sync,False,2026-08-30T22:20:29+00:00
cyclone_idai_2019,2019-03-17__api-fast__schema_guided,machine,api-fast,api-fast/schema_guided,2019-03-17,response_actions,Sector response activities,present,1.0,0.95,ok,,211,59766773,deepseek-v4-pro,5037fa8ac439decf61e8d68f0f6dcad556d84cda5ebf67975b382f0d1d1575ac,sync,False,2026-08-30T22:20:29+00:00
cyclone_idai_2019,2019-03-17__api-fast__schema_guided,machine,api-fast,api-fast/schema_guided,2019-03-17,shelter,Shelter and non-food items,partial,0.5,0.8,ok,,150,7cb26bc2,deepseek-v4-pro,0f5b7e88aea68d4a12b5e23c288162b559418cc343a8a6bdf036eca261c905f8,sync,False,2026-08-30T22:20:29+00:00
cyclone_idai_2019,2019-03-17__api-fast__schema_guided,machine,api-fast,api-fast/schema_guided,2019-03-17,sourcing,Sourcing and attribution,present,1.0,1.0,ok,,102,afbd936f,deepseek-v4-pro,f0d9291d3938642d617cfab08f8d5da415aa152dd787c500707697be4008dfe8,sync,False,2026-08-30T22:20:29+00:00
cyclone_idai_2019,2019-03-17__api-fast__schema_guided,machine,api-fast,api-fast/schema_guided,2019-03-17,wash,WASH needs and response,partial,0.5,0.9,ok,,97,0b50f376,deepseek-v4-pro,24283d561bb1efb90d507de4158dae268f14368caaf56b31243a698604faa729,sync,False,2026-08-30T22:20:29+00:00
cyclone_idai_2019,2019-03-17__api-strong__generic,machine,api-strong,api-strong/generic,2019-03-17,access,Access constraints,present,1.0,0.95,ok,,259,47ae9b17,deepseek-v4-pro,7500f84f6c68de9897c0d75b1106696258612d5c5c8ed7a3443656f7d9058da6,sync,False,2026-08-30T22:20:29+00:00
cyclone_idai_2019,2019-03-17__api-strong__generic,machine,api-strong,api-strong/generic,2019-03-17,casualties,Casualty and affected-population figures,present,1.0,0.88,ok,,155,8d0ce567,deepseek-v4-pro,d7da7f6ec6e04474cd96228457ea642668bfc9c5e992d912128b347cf0e2105c,sync,False,2026-08-30T22:20:29+00:00
cyclone_idai_2019,2019-03-17__api-strong__generic,machine,api-strong,api-strong/generic,2019-03-17,coordination,Coordination arrangements,partial,0.5,0.75,ok,,191,2ff4091c,deepseek-v4-pro,dfa5906751500811e50265433a58a8344a129c333c142943b4fb1b455275e4a8,sync,False,2026-08-30T22:20:29+00:00
cyclone_idai_2019,2019-03-17__api-strong__generic,machine,api-strong,api-strong/generic,2019-03-17,currency_and_metadata,Data currency and report metadata,partial,0.5,0.9,ok,,135,39f936f0,deepseek-v4-pro,207d5b37a7b0f754e1811102f57204763bc4a6c0441be3593a1c797056b37d83,sync,False,2026-08-30T22:20:29+00:00
cyclone_idai_2019,2019-03-17__api-strong__generic,machine,api-strong,api-strong/generic,2019-03-17,damage,"Physical, economic and agricultural damage",present,1.0,0.85,ok,,160,6dd5b4f7,deepseek-v4-pro,27919da97fb3205df7aababb0439e7a2c8398a3810751a1aa23b589abf029a42,sync,False,2026-08-30T22:20:29+00:00
cyclone_idai_2019,2019-03-17__api-strong__generic,machine,api-strong,api-strong/generic,2019-03-17,displacement,Displacement and accommodation sites,partial,0.5,0.9,ok,,134,fb6e88fb,deepseek-v4-pro,cb8fe93c6c87e7d1e8becd0517c27ec8148efc3acfe1d966bac29c80d1daf340,sync,False,2026-08-30T22:20:29+00:00
cyclone_idai_2019,2019-03-17__api-strong__generic,machine,api-strong,api-strong/generic,2019-03-17,education,Education impact and response,partial,0.5,0.9,ok,,80,774f0883,deepseek-v4-pro,df881a4c97ce90e0ac34a685ed540bfe6680d6495d0c4b8c535cea785791c9b0,sync,False,2026-08-30T22:20:29+00:00
cyclone_idai_2019,2019-03-17__api-strong__generic,machine,api-strong,api-strong/generic,2019-03-17,food,Food security and assistance reach,partial,0.5,0.85,ok,,223,c88137f4,deepseek-v4-pro,85a67b14fad4069ac3c8737e441b923ffda896b3f43cbefd6bcdeba45de33920,sync,False,2026-08-30T22:20:29+00:00
cyclone_idai_2019,2019-03-17__api-strong__generic,machine,api-strong,api-strong/generic,2019-03-17,funding,Funding status and donor contributions,partial,0.5,0.9,ok,,220,d658cddf,deepseek-v4-pro,9e1cadb84599b9f4588cdfcabca199bd56367d020021c2ab3126db0124c7a846,sync,False,2026-08-30T22:20:29+00:00
cyclone_idai_2019,2019-03-17__api-strong__generic,machine,api-strong,api-strong/generic,2019-03-17,health,"Health, disease outbreak and nutrition",absent,0.0,0.97,ok,,0,,deepseek-v4-pro,419fb414c27a8fa5279734ac0e0dafa6a27b76760cb5be0e1d9cd1801a0e38e7,sync,False,2026-08-30T22:20:29+00:00
cyclone_idai_2019,2019-03-17__api-strong__generic,machine,api-strong,api-strong/generic,2019-03-17,needs_gaps,Sector needs and gaps,partial,0.5,0.8,ok,,173,102366ea,deepseek-v4-pro,d7e9f3bb7c2358a2ab0a700d0686d6a7b9e3c2a15b7adc9abe745a7b5a1fdbab,sync,False,2026-08-30T22:20:29+00:00
cyclone_idai_2019,2019-03-17__api-strong__generic,machine,api-strong,api-strong/generic,2019-03-17,response_actions,Sector response activities,present,1.0,0.95,ok,,214,40f3d890,deepseek-v4-pro,93f5510a793075d005d0ba1a4a819e5158da86e16e667ee13ea2d246a4ba3f4e,sync,False,2026-08-30T22:20:29+00:00
cyclone_idai_2019,2019-03-17__api-strong__generic,machine,api-strong,api-strong/generic,2019-03-17,shelter,Shelter and non-food items,partial,0.5,0.85,ok,,126,fe4f3171,deepseek-v4-pro,01076057c59d67dbcf0cf1fed28b33323ca42114cae8d4b73e941ab17d986eb5,sync,False,2026-08-30T22:20:29+00:00
cyclone_idai_2019,2019-03-17__api-strong__generic,machine,api-strong,api-strong/generic,2019-03-17,sourcing,Sourcing and attribution,present,1.0,0.95,ok,,86,16b0faa0,deepseek-v4-pro,a22633d74da8175d27d088161b6c561649267b6538b982df33e0be1196af0a94,sync,False,2026-08-30T22:20:29+00:00
cyclone_idai_2019,2019-03-17__api-strong__generic,machine,api-strong,api-strong/generic,2019-03-17,wash,WASH needs and response,partial,0.5,0.9,ok,,95,f6254259,deepseek-v4-pro,466ce1fef3b7d4068a5be0981b66894530a6b1387863c5e3e56deb54f2a80e32,sync,False,2026-08-30T22:20:29+00:00
cyclone_idai_2019,2019-03-17__api-strong__schema_guided,machine,api-strong,api-strong/schema_guided,2019-03-17,access,Access constraints,present,1.0,1.0,ok,,149,d6a47605,deepseek-v4-pro,81657f0918e0d93cd888860220891ca8ce1bb85bd7e132610a563f6dc4c1b35a,sync,False,2026-08-30T22:20:29+00:00
cyclone_idai_2019,2019-03-17__api-strong__schema_guided,machine,api-strong,api-strong/schema_guided,2019-03-17,casualties,Casualty and affected-population figures,present,1.0,0.95,ok,,213,d4e8846a,deepseek-v4-pro,eb9ccdbc2b64c02e93aaf48ff2a532184f572ae69c20d3cc8b732d78da1b007a,sync,False,2026-08-30T22:20:29+00:00
cyclone_idai_2019,2019-03-17__api-strong__schema_guided,machine,api-strong,api-strong/schema_guided,2019-03-17,coordination,Coordination arrangements,present,1.0,0.95,ok,,137,a79bb38c,deepseek-v4-pro,910bc16967bc64221d2714750ee46b762429b9a055e0a98768e582af46194f5e,sync,False,2026-08-30T22:20:29+00:00
cyclone_idai_2019,2019-03-17__api-strong__schema_guided,machine,api-strong,api-strong/schema_guided,2019-03-17,currency_and_metadata,Data currency and report metadata,partial,0.5,0.9,ok,,169,9ed78fc3,deepseek-v4-pro,6df9645f5a98232f99fd80f87bbbd27587492ea2bcf7e4bf33107dd324d69ef1,sync,False,2026-08-30T22:20:29+00:00
cyclone_idai_2019,2019-03-17__api-strong__schema_guided,machine,api-strong,api-strong/schema_guided,2019-03-17,damage,"Physical, economic and agricultural damage",present,1.0,0.98,ok,,123,417fb8c6,deepseek-v4-pro,604f3b3fe10485a51138c4212b496e45d17955edb87567e2587dca9d7e3d24db,sync,False,2026-08-30T22:20:29+00:00
cyclone_idai_2019,2019-03-17__api-strong__schema_guided,machine,api-strong,api-strong/schema_guided,2019-03-17,displacement,Displacement and accommodation sites,partial,0.5,0.9,ok,,115,c1fbb3be,deepseek-v4-pro,8c5ab795dd5053541885eb4d74f116062984a6fa33011104811b310883739966,sync,False,2026-08-30T22:20:29+00:00
cyclone_idai_2019,2019-03-17__api-strong__schema_guided,machine,api-strong,api-strong/schema_guided,2019-03-17,education,Education impact and response,partial,0.5,0.8,ok,,124,ce89b8aa,deepseek-v4-pro,6e5fbd1f447e856b1eb85d943117f23f1ab43d3fb059a01bd1625515de426306,sync,False,2026-08-30T22:20:29+00:00
cyclone_idai_2019,2019-03-17__api-strong__schema_guided,machine,api-strong,api-strong/schema_guided,2019-03-17,food,Food security and assistance reach,partial,0.5,0.9,ok,,278,cf161de9,deepseek-v4-pro,8d4d49f3c40c23633eabf08a298808156febdcbb6d78f09539bb968e16a4b8d2,sync,False,2026-08-30T22:20:29+00:00
cyclone_idai_2019,2019-03-17__api-strong__schema_guided,machine,api-strong,api-strong/schema_guided,2019-03-17,funding,Funding status and donor contributions,partial,0.5,0.8,ok,,164,3cb35bd3,deepseek-v4-pro,c776dd5a217ed6ad2887af89ed32fb20b743b06dcd8cc3026b3c4e22345591de,sync,False,2026-08-30T22:20:29+00:00
cyclone_idai_2019,2019-03-17__api-strong__schema_guided,machine,api-strong,api-strong/schema_guided,2019-03-17,health,"Health, disease outbreak and nutrition",absent,0.0,1.0,ok,,0,,deepseek-v4-pro,3b8422c08c36b15e9138420852109a00546ebd1e8a466fd997f4578432348172,sync,False,2026-08-30T22:20:29+00:00
cyclone_idai_2019,2019-03-17__api-strong__schema_guided,machine,api-strong,api-strong/schema_guided,2019-03-17,needs_gaps,Sector needs and gaps,present,1.0,0.95,ok,,135,bcbf3cd1,deepseek-v4-pro,8476ad05499767d4860e716b7f339b7699839ae17663f5337b76cbb5676bddb9,sync,False,2026-08-30T22:20:29+00:00
cyclone_idai_2019,2019-03-17__api-strong__schema_guided,machine,api-strong,api-strong/schema_guided,2019-03-17,response_actions,Sector response activities,present,1.0,0.95,ok,,172,3e007392,deepseek-v4-pro,dedadb9f1b9f9afc638f8e1c86bbf949e6b611303b3be0d80f20541df596e846,sync,False,2026-08-30T22:20:29+00:00
cyclone_idai_2019,2019-03-17__api-strong__schema_guided,machine,api-strong,api-strong/schema_guided,2019-03-17,shelter,Shelter and non-food items,partial,0.5,0.9,ok,,173,9f94d5e7,deepseek-v4-pro,7729861605e27606feb1ee7eed2601736f2561aba4eec9771fb99003cf6f89e0,sync,False,2026-08-30T22:20:29+00:00
cyclone_idai_2019,2019-03-17__api-strong__schema_guided,machine,api-strong,api-strong/schema_guided,2019-03-17,sourcing,Sourcing and attribution,present,1.0,1.0,ok,,295,46f67a96,deepseek-v4-pro,f7a757d4e23b3bc8d69d765645b731d018908a1b35b61931a219c79ccb6da303,sync,False,2026-08-30T22:20:29+00:00
cyclone_idai_2019,2019-03-17__api-strong__schema_guided,machine,api-strong,api-strong/schema_guided,2019-03-17,wash,WASH needs and response,partial,0.5,0.88,ok,,81,31748f4f,deepseek-v4-pro,3835ba6656ca60f0c8a30c1167fe700b1f31fbf635350991e4fb89da0e5bf058,sync,False,2026-08-30T22:20:29+00:00
cyclone_idai_2019,2019-03-18__api-fast__generic,machine,api-fast,api-fast/generic,2019-03-18,access,Access constraints,present,1.0,0.92,ok,,182,15f746b4,deepseek-v4-pro,bfc98bd9a57ef96657291cabdbf63ef18a1443a7523a208eaa46ed86f6655f9b,sync,False,2026-08-30T22:20:29+00:00
cyclone_idai_2019,2019-03-18__api-fast__generic,machine,api-fast,api-fast/generic,2019-03-18,casualties,Casualty and affected-population figures,present,1.0,0.85,ok,,297,040d6657,deepseek-v4-pro,35153d07142a721069aa3c87b2e9ad955116f7fca56e00518ef5e880972dee95,sync,False,2026-08-30T22:20:29+00:00
cyclone_idai_2019,2019-03-18__api-fast__generic,machine,api-fast,api-fast/generic,2019-03-18,coordination,Coordination arrangements,partial,0.5,0.7,ok,,112,23ab104e,deepseek-v4-pro,478ff2427973ec002f8315e63e4ae0cae17027c65b70c5d78a40a721585b341b,sync,False,2026-08-30T22:20:29+00:00
cyclone_idai_2019,2019-03-18__api-fast__generic,machine,api-fast,api-fast/generic,2019-03-18,currency_and_metadata,Data currency and report metadata,present,1.0,0.9,ok,,134,560ae19b,deepseek-v4-pro,0f94b9170912744b6d0406bb4287aa41b8054bd9d0fc662873e0e800e314b40c,sync,False,2026-08-30T22:20:29+00:00
cyclone_idai_2019,2019-03-18__api-fast__generic,machine,api-fast,api-fast/generic,2019-03-18,damage,"Physical, economic and agricultural damage",present,1.0,0.85,ok,,183,c19a9971,deepseek-v4-pro,1bb0472b9ba7f4c05d82404600a2b32f53b4c323ffd8d2d5abf8914eac20c614,sync,False,2026-08-30T22:20:29+00:00
cyclone_idai_2019,2019-03-18__api-fast__generic,machine,api-fast,api-fast/generic,2019-03-18,displacement,Displacement and accommodation sites,partial,0.5,0.75,ok,,105,2e5cf9f4,deepseek-v4-pro,86265d26dd17218131e540cfdbc2f0d16213ac90d6f202f8293a10bc8ce6b307,sync,False,2026-08-30T22:20:29+00:00
cyclone_idai_2019,2019-03-18__api-fast__generic,machine,api-fast,api-fast/generic,2019-03-18,education,Education impact and response,partial,0.5,0.85,ok,,132,411c28f2,deepseek-v4-pro,b00cf2ce12668f16270172d492baea197c43bcbad9c11724532752991a41934d,sync,False,2026-08-30T22:20:29+00:00
cyclone_idai_2019,2019-03-18__api-fast__generic,machine,api-fast,api-fast/generic,2019-03-18,food,Food security and assistance reach,partial,0.5,0.85,ok,,278,caabed18,deepseek-v4-pro,b5f3329b8ea9ecc76413383af6b642365e04da2bc75b77f77008d63e787e8edb,sync,False,2026-08-30T22:20:29+00:00
cyclone_idai_2019,2019-03-18__api-fast__generic,machine,api-fast,api-fast/generic,2019-03-18,funding,Funding status and donor contributions,partial,0.5,0.82,ok,,186,ef5d7f24,deepseek-v4-pro,2f063a71f762f211fe7e7f58891c3fc57c4a5116e470126032a645b19ed9b768,sync,False,2026-08-30T22:20:29+00:00
cyclone_idai_2019,2019-03-18__api-fast__generic,machine,api-fast,api-fast/generic,2019-03-18,health,"Health, disease outbreak and nutrition",partial,0.5,0.72,ok,,191,0be211e9,deepseek-v4-pro,9df8be72f1cbc22af8fc7d2ec03e1a4befae7d80bac061a49da577f032020551,sync,False,2026-08-30T22:20:29+00:00
cyclone_idai_2019,2019-03-18__api-fast__generic,machine,api-fast,api-fast/generic,2019-03-18,needs_gaps,Sector needs and gaps,partial,0.5,0.72,ok,,154,b248683f,deepseek-v4-pro,50a725740a287c8008c3d1c11556942b555c3f69b13fe3ea127e74bb37aaa619,sync,False,2026-08-30T22:20:29+00:00
cyclone_idai_2019,2019-03-18__api-fast__generic,machine,api-fast,api-fast/generic,2019-03-18,response_actions,Sector response activities,present,1.0,0.95,ok,,132,411c28f2,deepseek-v4-pro,09e2cf2d9a9620f9530cd6f1225999b5f96390a1e5a4ef682e9a50828cb47ddb,sync,False,2026-08-30T22:20:29+00:00
cyclone_idai_2019,2019-03-18__api-fast__generic,machine,api-fast,api-fast/generic,2019-03-18,shelter,Shelter and non-food items,present,1.0,0.9,ok,,178,c4097596,deepseek-v4-pro,e3a19b0aa68ca627d5a07845d3d477895c38062dd6317bfaa7546620a99bf71f,sync,False,2026-08-30T22:20:29+00:00
cyclone_idai_2019,2019-03-18__api-fast__generic,machine,api-fast,api-fast/generic,2019-03-18,sourcing,Sourcing and attribution,present,1.0,0.95,ok,,183,c19a9971,deepseek-v4-pro,cc44e8c64d90ddadc3f207600b29b22e5530007c96661237c818c2b60df49173,sync,False,2026-08-30T22:20:29+00:00
cyclone_idai_2019,2019-03-18__api-fast__generic,machine,api-fast,api-fast/generic,2019-03-18,wash,WASH needs and response,partial,0.5,0.9,ok,,95,530d2266,deepseek-v4-pro,79c3b238780c4d186ad36f004685e617bd55b6617f57b2a71d6e972a23698ab5,sync,False,2026-08-30T22:20:29+00:00
cyclone_idai_2019,2019-03-18__api-fast__schema_guided,machine,api-fast,api-fast/schema_guided,2019-03-18,access,Access constraints,present,1.0,1.0,ok,,237,6fafad63,deepseek-v4-pro,a810355ad87f3ecdcf15e110e32ffa0ff0724698135ddbde82826badb27a7c08,sync,False,2026-08-30T22:20:29+00:00
cyclone_idai_2019,2019-03-18__api-fast__schema_guided,machine,api-fast,api-fast/schema_guided,2019-03-18,casualties,Casualty and affected-population figures,present,1.0,0.98,ok,,225,23b82bd7,deepseek-v4-pro,072bcc65202e404e6a2842c1106bc9cc9e8e0d7a7c633f52e5a7fdfec8ffc936,sync,False,2026-08-30T22:20:29+00:00
cyclone_idai_2019,2019-03-18__api-fast__schema_guided,machine,api-fast,api-fast/schema_guided,2019-03-18,coordination,Coordination arrangements,present,1.0,0.85,ok,,157,5d0cadf9,deepseek-v4-pro,9ced09a25f4c515f4a6e70ea564cdc6fe8300d889502ae4186905ad2c393bfc3,sync,False,2026-08-30T22:20:29+00:00
cyclone_idai_2019,2019-03-18__api-fast__schema_guided,machine,api-fast,api-fast/schema_guided,2019-03-18,currency_and_metadata,Data currency and report metadata,partial,0.5,0.9,ok,,144,ffbbb597,deepseek-v4-pro,a71cb4dddd16640538ca8885cc01ce27ec1efa4d65f5f22b4e811d6633d41118,sync,False,2026-08-30T22:20:29+00:00
cyclone_idai_2019,2019-03-18__api-fast__schema_guided,machine,api-fast,api-fast/schema_guided,2019-03-18,damage,"Physical, economic and agricultural damage",present,1.0,0.8,ok,,200,31b11c06,deepseek-v4-pro,ede68f3c273e044e5d4a3bab6227ccb4ada156e4315d1b3bd0d94668ce53e383,sync,False,2026-08-30T22:20:29+00:00
cyclone_idai_2019,2019-03-18__api-fast__schema_guided,machine,api-fast,api-fast/schema_guided,2019-03-18,displacement,Displacement and accommodation sites,partial,0.5,0.9,ok,,246,96f5526b,deepseek-v4-pro,ae5219863df40e364782d91971e0e4afc5f932312345173a02870a3e423b6a57,sync,False,2026-08-30T22:20:29+00:00
cyclone_idai_2019,2019-03-18__api-fast__schema_guided,machine,api-fast,api-fast/schema_guided,2019-03-18,education,Education impact and response,partial,0.5,0.9,ok,,190,d5871493,deepseek-v4-pro,fad7bb36930b45eeb8c5400ca590452f94ee4a67c63b37085d516c0f1d3396bf,sync,False,2026-08-30T22:20:29+00:00
cyclone_idai_2019,2019-03-18__api-fast__schema_guided,machine,api-fast,api-fast/schema_guided,2019-03-18,food,Food security and assistance reach,partial,0.5,0.85,ok,,100,16872a83,deepseek-v4-pro,79b9f2e5459751e711520b1425d7b5e6f9bc90110680e30215b8e0772d33214b,sync,False,2026-08-30T22:20:29+00:00
cyclone_idai_2019,2019-03-18__api-fast__schema_guided,machine,api-fast,api-fast/schema_guided,2019-03-18,funding,Funding status and donor contributions,partial,0.5,0.8,ok,,280,ec7c720d,deepseek-v4-pro,bde59bb848d50c622eb2656407677220c1efd42e1b3d6526be189832c02a00b0,sync,False,2026-08-30T22:20:29+00:00
cyclone_idai_2019,2019-03-18__api-fast__schema_guided,machine,api-fast,api-fast/schema_guided,2019-03-18,health,"Health, disease outbreak and nutrition",absent,0.0,0.95,ok,,57,2ac22f6d,deepseek-v4-pro,8662c4963b43e1adc66b2dd420d87e7778380364a953c3e21ca51525f4730ab6,sync,False,2026-08-30T22:20:29+00:00
cyclone_idai_2019,2019-03-18__api-fast__schema_guided,machine,api-fast,api-fast/schema_guided,2019-03-18,needs_gaps,Sector needs and gaps,present,1.0,0.85,ok,,208,9e1b4536,deepseek-v4-pro,77eb31314d5db616607406136c8f5b7a0177f87db62d4a55af7d43089e07bf5e,sync,False,2026-08-30T22:20:29+00:00
cyclone_idai_2019,2019-03-18__api-fast__schema_guided,machine,api-fast,api-fast/schema_guided,2019-03-18,response_actions,Sector response activities,present,1.0,0.95,ok,,156,b2be2b04,deepseek-v4-pro,fef3bfcc5fab53ceb2da7748ae909a6e8706e9c57170199c25596f7a260867e8,sync,False,2026-08-30T22:20:29+00:00
cyclone_idai_2019,2019-03-18__api-fast__schema_guided,machine,api-fast,api-fast/schema_guided,2019-03-18,shelter,Shelter and non-food items,partial,0.5,0.85,ok,,104,4c8636c6,deepseek-v4-pro,90d3fb6d9aa2750a49e218ba44e048ad670a36bba1351791342481ed38cf04d4,sync,False,2026-08-30T22:20:29+00:00
cyclone_idai_2019,2019-03-18__api-fast__schema_guided,machine,api-fast,api-fast/schema_guided,2019-03-18,sourcing,Sourcing and attribution,present,1.0,0.95,ok,,94,55e6a0d4,deepseek-v4-pro,b5fa509bb63cc86785e3a2bc57c72e1a3e2adb1fcf8f8085a5fa7b810e807697,sync,False,2026-08-30T22:20:29+00:00
cyclone_idai_2019,2019-03-18__api-fast__schema_guided,machine,api-fast,api-fast/schema_guided,2019-03-18,wash,WASH needs and response,partial,0.5,0.85,ok,,332,26de398b,deepseek-v4-pro,8f71aa47c9f26d3da24b336985d6dda18097367142d9f9099d6a1446ae6c64f5,sync,False,2026-08-30T22:20:29+00:00
cyclone_idai_2019,2019-03-18__api-strong__generic,machine,api-strong,api-strong/generic,2019-03-18,access,Access constraints,present,1.0,0.95,ok,,208,74810bcb,deepseek-v4-pro,8c85f2df1559898aea9f97f8fca5233a89db586c1379fc94a533a4d1482868e5,sync,False,2026-08-30T22:20:29+00:00
cyclone_idai_2019,2019-03-18__api-strong__generic,machine,api-strong,api-strong/generic,2019-03-18,casualties,Casualty and affected-population figures,present,1.0,0.95,ok,,192,4ad6b802,deepseek-v4-pro,b086ac4a10a7752cb9d76c080ad675543edf452a2ff67e63b1ec0761a454bf86,sync,False,2026-08-30T22:20:29+00:00
cyclone_idai_2019,2019-03-18__api-strong__generic,machine,api-strong,api-strong/generic,2019-03-18,coordination,Coordination arrangements,partial,0.5,0.7,ok,,200,106a8744,deepseek-v4-pro,e50d303d69bc4b02c54c3623cf63cd54fd8b201460fef9b5d1bd9a4abbde4198,sync,False,2026-08-30T22:20:29+00:00
cyclone_idai_2019,2019-03-18__api-strong__generic,machine,api-strong,api-strong/generic,2019-03-18,currency_and_metadata,Data currency and report metadata,partial,0.5,0.85,ok,,166,ef2ef7aa,deepseek-v4-pro,be95a7277f315c7ca1d8a5269cd1a29a07232c8a1ab21bdcad58439946f849f3,sync,False,2026-08-30T22:20:29+00:00
cyclone_idai_2019,2019-03-18__api-strong__generic,machine,api-strong,api-strong/generic,2019-03-18,damage,"Physical, economic and agricultural damage",present,1.0,0.85,ok,,148,640e0ad8,deepseek-v4-pro,307fc31335e7939f46c497be72666afd8aa2a383d11db8d62e5bc745a82967c9,sync,False,2026-08-30T22:20:29+00:00
cyclone_idai_2019,2019-03-18__api-strong__generic,machine,api-strong,api-strong/generic,2019-03-18,displacement,Displacement and accommodation sites,partial,0.5,0.9,ok,,272,d0d89a78,deepseek-v4-pro,524f04edca7e9abe3186aae6253de8bc1fc73e9e814aaa967e2b4c1c012b7d51,sync,False,2026-08-30T22:20:29+00:00
cyclone_idai_2019,2019-03-18__api-strong__generic,machine,api-strong,api-strong/generic,2019-03-18,education,Education impact and response,partial,0.5,0.8,ok,,206,c2d9454c,deepseek-v4-pro,64a369864302bf25821f2946355d53fc7e091ee97976828176912caa59812163,sync,False,2026-08-30T22:20:29+00:00
cyclone_idai_2019,2019-03-18__api-strong__generic,machine,api-strong,api-strong/generic,2019-03-18,food,Food security and assistance reach,partial,0.5,0.8,ok,,125,ea6b903b,deepseek-v4-pro,57310cc275c0c34398e6ff0df2386dd944a8d4fcb5bcd1e89a31a3be2fb16e60,sync,False,2026-08-30T22:20:29+00:00
cyclone_idai_2019,2019-03-18__api-strong__generic,machine,api-strong,api-strong/generic,2019-03-18,funding,Funding status and donor contributions,partial,0.5,0.9,ok,,150,d2837b53,deepseek-v4-pro,97cf486c8a5d8aa0f739a41e810ddee1880546d1635cc9e4f89e7ccfb4600a5f,sync,False,2026-08-30T22:20:29+00:00
cyclone_idai_2019,2019-03-18__api-strong__generic,machine,api-strong,api-strong/generic,2019-03-18,health,"Health, disease outbreak and nutrition",absent,0.0,0.95,ok,,0,,deepseek-v4-pro,74f8997f73bddfce198b43269cc465286786d524597af49b2e94e5e89cfc0651,sync,False,2026-08-30T22:20:29+00:00
cyclone_idai_2019,2019-03-18__api-strong__generic,machine,api-strong,api-strong/generic,2019-03-18,needs_gaps,Sector needs and gaps,present,1.0,0.88,ok,,209,12644c7d,deepseek-v4-pro,388f8b69a8077446c1a3d47482b6e95943faba8fbfda9b3223c787ecc0538f3b,sync,False,2026-08-30T22:20:29+00:00
cyclone_idai_2019,2019-03-18__api-strong__generic,machine,api-strong,api-strong/generic,2019-03-18,response_actions,Sector response activities,present,1.0,0.95,ok,,134,def7fc62,deepseek-v4-pro,5fec8f0493016ad2f39079533eb4e24280283305a432146c908a64ff628ca2ed,sync,False,2026-08-30T22:20:29+00:00
cyclone_idai_2019,2019-03-18__api-strong__generic,machine,api-strong,api-strong/generic,2019-03-18,shelter,Shelter and non-food items,partial,0.5,0.75,ok,,182,249b578f,deepseek-v4-pro,85311659e16fb17119a4aa005231a30c8ecd7ad009f835bc6d1fd1593b539c59,sync,False,2026-08-30T22:20:29+00:00
cyclone_idai_2019,2019-03-18__api-strong__generic,machine,api-strong,api-strong/generic,2019-03-18,sourcing,Sourcing and attribution,present,1.0,0.95,ok,,201,a4b5f909,deepseek-v4-pro,68db5086c38ce05fd69d4518839eb8d288291501e0804e1d786db00152732361,sync,False,2026-08-30T22:20:29+00:00
cyclone_idai_2019,2019-03-18__api-strong__generic,machine,api-strong,api-strong/generic,2019-03-18,wash,WASH needs and response,partial,0.5,0.9,ok,,180,66be0ab0,deepseek-v4-pro,6f0633d5de5fa81be082ae3dd70d494f05dec1d3d1243a7c81b60f4bdea6f5a7,sync,False,2026-08-30T22:20:29+00:00
cyclone_idai_2019,2019-03-18__api-strong__schema_guided,machine,api-strong,api-strong/schema_guided,2019-03-18,access,Access constraints,present,1.0,0.95,ok,,179,462ed834,deepseek-v4-pro,dcd7fd098cfbeaa9f09215ddf9c546b932497157fa92071ebaa60e5d34817e6d,sync,False,2026-08-30T22:20:29+00:00
cyclone_idai_2019,2019-03-18__api-strong__schema_guided,machine,api-strong,api-strong/schema_guided,2019-03-18,casualties,Casualty and affected-population figures,present,1.0,0.95,ok,,182,df93f211,deepseek-v4-pro,634af3de5df56a1e2aa3350a1f5519facd1bc173ce1d401aa041e69eb8559f76,sync,False,2026-08-30T22:20:29+00:00
cyclone_idai_2019,2019-03-18__api-strong__schema_guided,machine,api-strong,api-strong/schema_guided,2019-03-18,coordination,Coordination arrangements,present,1.0,0.9,ok,,194,47baa346,deepseek-v4-pro,c7a38da319c46944229de554c562cbcfe7ca60319af72e117b0f30b7fb94eb18,sync,False,2026-08-30T22:20:29+00:00
cyclone_idai_2019,2019-03-18__api-strong__schema_guided,machine,api-strong,api-strong/schema_guided,2019-03-18,currency_and_metadata,Data currency and report metadata,partial,0.5,0.9,ok,,183,3b0fa6aa,deepseek-v4-pro,619f45fbd436c1ff197afb951a91e708e5dffa2e31e2439e893b1e8fc113e5e0,sync,False,2026-08-30T22:20:29+00:00
cyclone_idai_2019,2019-03-18__api-strong__schema_guided,machine,api-strong,api-strong/schema_guided,2019-03-18,damage,"Physical, economic and agricultural damage",present,1.0,0.95,ok,,283,9d8da777,deepseek-v4-pro,123c8874b10e68161efd80cc6418ec948321a9f57ac62ef3bb0ca1ff8be4d4f2,sync,False,2026-08-30T22:20:29+00:00
cyclone_idai_2019,2019-03-18__api-strong__schema_guided,machine,api-strong,api-strong/schema_guided,2019-03-18,displacement,Displacement and accommodation sites,partial,0.5,0.9,ok,,197,e442ce15,deepseek-v4-pro,45fd8f985a8972201af2faa7888d1012218bb25ae30cfcf28a825b4962334637,sync,False,2026-08-30T22:20:29+00:00
cyclone_idai_2019,2019-03-18__api-strong__schema_guided,machine,api-strong,api-strong/schema_guided,2019-03-18,education,Education impact and response,partial,0.5,0.8,ok,,83,dac45d40,deepseek-v4-pro,ecb73bdacb55de565f278dd3fa4d9eda2de9d6e2d700adf557567befbff52c4e,sync,False,2026-08-30T22:20:29+00:00
cyclone_idai_2019,2019-03-18__api-strong__schema_guided,machine,api-strong,api-strong/schema_guided,2019-03-18,food,Food security and assistance reach,partial,0.5,0.9,ok,,181,5a7c62ab,deepseek-v4-pro,78def2c38a0312c18d798868c8d1f54e03ea8051a8e3f4100827b357a7ca27fa,sync,False,2026-08-30T22:20:29+00:00
cyclone_idai_2019,2019-03-18__api-strong__schema_guided,machine,api-strong,api-strong/schema_guided,2019-03-18,funding,Funding status and donor contributions,partial,0.5,0.9,ok,,193,7fe2bb06,deepseek-v4-pro,5c8f96fcdf2e03c88d250a99651201b7a5416f41d2c214a8217cde63494b3e12,sync,False,2026-08-30T22:20:29+00:00
cyclone_idai_2019,2019-03-18__api-strong__schema_guided,machine,api-strong,api-strong/schema_guided,2019-03-18,health,"Health, disease outbreak and nutrition",absent,0.0,0.95,ok,,0,,deepseek-v4-pro,d3bd8655ed8d9d28b5241253a534bd09fc90eaa73485b738cebd170c97a37f05,sync,False,2026-08-30T22:20:29+00:00
cyclone_idai_2019,2019-03-18__api-strong__schema_guided,machine,api-strong,api-strong/schema_guided,2019-03-18,needs_gaps,Sector needs and gaps,present,1.0,0.95,ok,,129,eac513a9,deepseek-v4-pro,0b0606d53299dbdec7dd82dd426d812f1f674b515048aa3c2e5874ab1806a939,sync,False,2026-08-30T22:20:29+00:00
cyclone_idai_2019,2019-03-18__api-strong__schema_guided,machine,api-strong,api-strong/schema_guided,2019-03-18,response_actions,Sector response activities,present,1.0,1.0,ok,,169,67e8cd45,deepseek-v4-pro,d9822fb242052e08785e5be961a31186d2e458636249a32239dd45446020b6c3,sync,False,2026-08-30T22:20:29+00:00
cyclone_idai_2019,2019-03-18__api-strong__schema_guided,machine,api-strong,api-strong/schema_guided,2019-03-18,shelter,Shelter and non-food items,present,1.0,0.9,ok,,206,016cbe03,deepseek-v4-pro,dd9a069efa7c592ad3a249cc3d934ebea533bad2575267cb09ee03e8362bc70d,sync,False,2026-08-30T22:20:29+00:00
cyclone_idai_2019,2019-03-18__api-strong__schema_guided,machine,api-strong,api-strong/schema_guided,2019-03-18,sourcing,Sourcing and attribution,present,1.0,0.95,ok,,214,f6ba7b82,deepseek-v4-pro,1f010263fd6cd775e8611cb0d4ae25fe72f6f5aa480292efaae5624750026491,sync,False,2026-08-30T22:20:29+00:00
cyclone_idai_2019,2019-03-18__api-strong__schema_guided,machine,api-strong,api-strong/schema_guided,2019-03-18,wash,WASH needs and response,present,1.0,0.8,ok,,157,ff0fff27,deepseek-v4-pro,f8e58a4fa798ecef27ee5c6c9a87a8cfc07ec7c84f12e5c28c4376a8d5815dd2,sync,False,2026-08-30T22:20:29+00:00
cyclone_idai_2019,2019-03-19__api-fast__generic,machine,api-fast,api-fast/generic,2019-03-19,access,Access constraints,present,1.0,0.9,ok,,217,1c3eb8dc,deepseek-v4-pro,8c53664a386a6e269d67b365f0ff31d23f77cdd8ce2f0284fd685a3bfa4655d7,sync,False,2026-08-30T22:20:29+00:00
cyclone_idai_2019,2019-03-19__api-fast__generic,machine,api-fast,api-fast/generic,2019-03-19,casualties,Casualty and affected-population figures,present,1.0,0.95,ok,,200,5ed95cb0,deepseek-v4-pro,5d6ea038a5c9b07c79396b8e96a177a53fe6ae5b686b402957e70b8062d6531b,sync,False,2026-08-30T22:20:29+00:00
cyclone_idai_2019,2019-03-19__api-fast__generic,machine,api-fast,api-fast/generic,2019-03-19,coordination,Coordination arrangements,partial,0.5,0.8,ok,,180,0ef9b24b,deepseek-v4-pro,1d794bcbba83293dee75a073d449e09dc99c1262c15257e0b64b1f005fce796e,sync,False,2026-08-30T22:20:29+00:00
cyclone_idai_2019,2019-03-19__api-fast__generic,machine,api-fast,api-fast/generic,2019-03-19,currency_and_metadata,Data currency and report metadata,partial,0.5,0.9,ok,,119,20d86826,deepseek-v4-pro,59baf3013f202413e021583ba6853d0c900901b8017a492198fd732fdd780376,sync,False,2026-08-30T22:20:29+00:00
cyclone_idai_2019,2019-03-19__api-fast__generic,machine,api-fast,api-fast/generic,2019-03-19,damage,"Physical, economic and agricultural damage",present,1.0,0.85,ok,,51,353b3bda,deepseek-v4-pro,9b9659f87563a2a52966a172dddc96068f348fda0d5d0a93600fadf274e8c6c2,sync,False,2026-08-30T22:20:29+00:00
cyclone_idai_2019,2019-03-19__api-fast__generic,machine,api-fast,api-fast/generic,2019-03-19,displacement,Displacement and accommodation sites,partial,0.5,0.9,ok,,167,ff10e9a1,deepseek-v4-pro,7ea73ea4d7c613971becb2bf56ffb95913958f8e3154235be2b333fb5d59fcfa,sync,False,2026-08-30T22:20:29+00:00
cyclone_idai_2019,2019-03-19__api-fast__generic,machine,api-fast,api-fast/generic,2019-03-19,education,Education impact and response,partial,0.5,0.9,ok,,113,8709c4dd,deepseek-v4-pro,4c42d583e3de7c91fdef6c6f5fbd68cfc0326bddbf3bec66cb1b2c2694428e68,sync,False,2026-08-30T22:20:29+00:00
cyclone_idai_2019,2019-03-19__api-fast__generic,machine,api-fast,api-fast/generic,2019-03-19,food,Food security and assistance reach,present,1.0,0.82,ok,,119,113d73b7,deepseek-v4-pro,fc8b86de425c2c08afa26b938573b31cd97afca83a89a097ef547a01a78fa49f,sync,False,2026-08-30T22:20:29+00:00
cyclone_idai_2019,2019-03-19__api-fast__generic,machine,api-fast,api-fast/generic,2019-03-19,funding,Funding status and donor contributions,present,1.0,0.85,ok,,193,534a282e,deepseek-v4-pro,c7941e062ba9910c9c98c96db6b4247e7fdae182e7f22bd1a65cb6494ec50c3b,sync,False,2026-08-30T22:20:29+00:00
cyclone_idai_2019,2019-03-19__api-fast__generic,machine,api-fast,api-fast/generic,2019-03-19,health,"Health, disease outbreak and nutrition",absent,0.0,0.95,ok,,0,,deepseek-v4-pro,e648ef382e10c160a6fafb7bccf02e524f81d33e70051e0b040efcb0c8c9b973,sync,False,2026-08-30T22:20:29+00:00
cyclone_idai_2019,2019-03-19__api-fast__generic,machine,api-fast,api-fast/generic,2019-03-19,needs_gaps,Sector needs and gaps,present,1.0,0.9,ok,,184,96e55511,deepseek-v4-pro,d7ac355caec14669a6b95e25eae7ea9f34835b77d8f4440e9b30e86566de9790,sync,False,2026-08-30T22:20:29+00:00
cyclone_idai_2019,2019-03-19__api-fast__generic,machine,api-fast,api-fast/generic,2019-03-19,response_actions,Sector response activities,present,1.0,0.95,ok,,203,bb765ab9,deepseek-v4-pro,6694e79f5eae16ab1513b57f4958826d3267ffe1c17875e0015924e4128639db,sync,False,2026-08-30T22:20:29+00:00
cyclone_idai_2019,2019-03-19__api-fast__generic,machine,api-fast,api-fast/generic,2019-03-19,shelter,Shelter and non-food items,partial,0.5,0.9,ok,,231,b84ba58b,deepseek-v4-pro,55d222a7e5af929434a1e62695e3c86bc5a5fbc67b373256fa34aa58c7aa6690,sync,False,2026-08-30T22:20:29+00:00
cyclone_idai_2019,2019-03-19__api-fast__generic,machine,api-fast,api-fast/generic,2019-03-19,sourcing,Sourcing and attribution,present,1.0,0.95,ok,,157,400fab9d,deepseek-v4-pro,358bd58f0a1b6e8cdcb5bf3fb8a9780797e463fc24d134467905b85767bda797,sync,False,2026-08-30T22:20:29+00:00
cyclone_idai_2019,2019-03-19__api-fast__generic,machine,api-fast,api-fast/generic,2019-03-19,wash,WASH needs and response,partial,0.5,0.8,ok,,232,630ff39a,deepseek-v4-pro,73a9ca4d5df45e30cdf12e36795d4d504aff727378feee509b36b935229757e8,sync,False,2026-08-30T22:20:29+00:00
cyclone_idai_2019,2019-03-19__api-fast__schema_guided,machine,api-fast,api-fast/schema_guided,2019-03-19,access,Access constraints,present,1.0,1.0,ok,,104,1e58842e,deepseek-v4-pro,0abf7b8ae7780ec029f4c7428793a5a9d195b067af4438b9d1e95aa40891d9c6,sync,False,2026-08-30T22:20:29+00:00
cyclone_idai_2019,2019-03-19__api-fast__schema_guided,machine,api-fast,api-fast/schema_guided,2019-03-19,casualties,Casualty and affected-population figures,present,1.0,0.95,ok,,191,7693f5dd,deepseek-v4-pro,baf0a73e33609b49ed9f746ac00dd0f281020ece170473f5709bdab90be053df,sync,False,2026-08-30T22:20:29+00:00
cyclone_idai_2019,2019-03-19__api-fast__schema_guided,machine,api-fast,api-fast/schema_guided,2019-03-19,coordination,Coordination arrangements,present,1.0,0.85,ok,,160,9c7aba8d,deepseek-v4-pro,11a507b83c0a5a26d3a4ded5350a7ae64f9804725859278c16487900a2afbb24,sync,False,2026-08-30T22:20:29+00:00
cyclone_idai_2019,2019-03-19__api-fast__schema_guided,machine,api-fast,api-fast/schema_guided,2019-03-19,currency_and_metadata,Data currency and report metadata,absent,0.0,1.0,ok,,0,,deepseek-v4-pro,81c517ce895ff4c188579499b0ae92ef4f97862894c5c9228a76a23b86f9431f,sync,False,2026-08-30T22:20:29+00:00
cyclone_idai_2019,2019-03-19__api-fast__schema_guided,machine,api-fast,api-fast/schema_guided,2019-03-19,damage,"Physical, economic and agricultural damage",present,1.0,0.95,ok,,202,3325e3d2,deepseek-v4-pro,a16c6da43e9888c5daab5f589615e6943db611e91ed0907fc6ef921caa5ab9cd,sync,False,2026-08-30T22:20:29+00:00
cyclone_idai_2019,2019-03-19__api-fast__schema_guided,machine,api-fast,api-fast/schema_guided,2019-03-19,displacement,Displacement and accommodation sites,partial,0.5,0.9,ok,,162,c147dd7d,deepseek-v4-pro,9fcc5b471f807898cc615297bc7a82e6f66ab34d816022dac82546afa987d6bb,sync,False,2026-08-30T22:20:29+00:00
cyclone_idai_2019,2019-03-19__api-fast__schema_guided,machine,api-fast,api-fast/schema_guided,2019-03-19,education,Education impact and response,partial,0.5,0.8,ok,,359,664f8d1a,deepseek-v4-pro,f98f9eb4ebfb572060725a426ffb05b2c42c65b4b64276dd52f7a4924ff8ebca,sync,False,2026-08-30T22:20:29+00:00
cyclone_idai_2019,2019-03-19__api-fast__schema_guided,machine,api-fast,api-fast/schema_guided,2019-03-19,food,Food security and assistance reach,present,1.0,0.95,ok,,226,182ceb60,deepseek-v4-pro,3f7157ce5944fca35eba0d35d5b9201f47bbcdd35d4e8beb483408d268d33d25,sync,False,2026-08-30T22:20:29+00:00
cyclone_idai_2019,2019-03-19__api-fast__schema_guided,machine,api-fast,api-fast/schema_guided,2019-03-19,funding,Funding status and donor contributions,partial,0.5,0.9,ok,,252,00b8bc35,deepseek-v4-pro,b4ef1bc883d95f95a235aefbe9e9ed17dbc10065cfb3e19393e3490a5ec5dae2,sync,False,2026-08-30T22:20:29+00:00
cyclone_idai_2019,2019-03-19__api-fast__schema_guided,machine,api-fast,api-fast/schema_guided,2019-03-19,health,"Health, disease outbreak and nutrition",absent,0.0,0.93,ok,,0,,deepseek-v4-pro,2362a1e5b526a1c0804e856ecc844710e2e7f9c2e5e1e0cbbaf2b2a1dadb2df9,sync,False,2026-08-30T22:20:29+00:00
cyclone_idai_2019,2019-03-19__api-fast__schema_guided,machine,api-fast,api-fast/schema_guided,2019-03-19,needs_gaps,Sector needs and gaps,present,1.0,0.9,ok,,314,3490a06e,deepseek-v4-pro,b9f5ae7794ad50b36669076ec9e07550fba43302a1a6416a044bef32c8244bd0,sync,False,2026-08-30T22:20:29+00:00
cyclone_idai_2019,2019-03-19__api-fast__schema_guided,machine,api-fast,api-fast/schema_guided,2019-03-19,response_actions,Sector response activities,present,1.0,0.95,ok,,285,2ec8a4f2,deepseek-v4-pro,f2179c4f45b3d2417e7e455e8fcb10f2102a7f15132f254d4a65e192fd936787,sync,False,2026-08-30T22:20:29+00:00
cyclone_idai_2019,2019-03-19__api-fast__schema_guided,machine,api-fast,api-fast/schema_guided,2019-03-19,shelter,Shelter and non-food items,partial,0.5,0.8,ok,,250,287cd76c,deepseek-v4-pro,52847f6aecd49c55b302bfd49f75d82bfd19f8f8f81f1d62e01c909fb2c11097,sync,False,2026-08-30T22:20:29+00:00
cyclone_idai_2019,2019-03-19__api-fast__schema_guided,machine,api-fast,api-fast/schema_guided,2019-03-19,sourcing,Sourcing and attribution,present,1.0,0.95,ok,,273,ccb034a4,deepseek-v4-pro,526f5dc8b4bfe00b2b452eb1ea9ffd8b4ab9762a998d890a07eae0133244380b,sync,False,2026-08-30T22:20:29+00:00
cyclone_idai_2019,2019-03-19__api-fast__schema_guided,machine,api-fast,api-fast/schema_guided,2019-03-19,wash,WASH needs and response,partial,0.5,0.85,ok,,147,6fb169b6,deepseek-v4-pro,ed19ff8aaff811190b618a99acf1b1828efdba07a15db3cd5bb34570923ead21,sync,False,2026-08-30T22:20:29+00:00
cyclone_idai_2019,2019-03-19__api-strong__generic,machine,api-strong,api-strong/generic,2019-03-19,access,Access constraints,present,1.0,0.9,ok,,223,3225fea4,deepseek-v4-pro,754cc1894fb40f12b65ff9cdfb856955acf5b18622ba545fc7a2f0c220a23996,sync,False,2026-08-30T22:20:29+00:00
cyclone_idai_2019,2019-03-19__api-strong__generic,machine,api-strong,api-strong/generic,2019-03-19,casualties,Casualty and affected-population figures,present,1.0,0.9,ok,,204,a80ebb2d,deepseek-v4-pro,d5dfa7ad7f06d3631f6267b19c6589ff8d441053582d9552b464f9c12304d557,sync,False,2026-08-30T22:20:29+00:00
cyclone_idai_2019,2019-03-19__api-strong__generic,machine,api-strong,api-strong/generic,2019-03-19,coordination,Coordination arrangements,absent,0.0,0.9,ok,,0,,deepseek-v4-pro,3fa2f3060cb09e364ce32a62c151dcd75bdee26d191d3f88a7c099137a9424db,sync,False,2026-08-30T22:20:29+00:00
cyclone_idai_2019,2019-03-19__api-strong__generic,machine,api-strong,api-strong/generic,2019-03-19,currency_and_metadata,Data currency and report metadata,partial,0.5,0.85,ok,,177,94f455cb,deepseek-v4-pro,38adedbe1c5900705528d2ff669096a76805f45e9a3d8aa8ee24722852880514,sync,False,2026-08-30T22:20:29+00:00
cyclone_idai_2019,2019-03-19__api-strong__generic,machine,api-strong,api-strong/generic,2019-03-19,damage,"Physical, economic and agricultural damage",present,1.0,0.95,ok,,161,3c2be90c,deepseek-v4-pro,6fe83c6556d5b5e50ec54d33b04fe98ce2c9aef207c952086b3436c6a7708caf,sync,False,2026-08-30T22:20:29+00:00
cyclone_idai_2019,2019-03-19__api-strong__generic,machine,api-strong,api-strong/generic,2019-03-19,displacement,Displacement and accommodation sites,partial,0.5,0.9,ok,,184,ea82c5fd,deepseek-v4-pro,7f0ef448468d52a9033f3969936a53dab68ef3301491a3f9ad0c67c3870d6577,sync,False,2026-08-30T22:20:29+00:00
cyclone_idai_2019,2019-03-19__api-strong__generic,machine,api-strong,api-strong/generic,2019-03-19,education,Education impact and response,partial,0.5,0.7,ok,,197,643a35bc,deepseek-v4-pro,a8afea94b4f5f2916ebe735e439ded854e0690a80e309ce80ac67024e86a3c18,sync,False,2026-08-30T22:20:29+00:00
cyclone_idai_2019,2019-03-19__api-strong__generic,machine,api-strong,api-strong/generic,2019-03-19,food,Food security and assistance reach,partial,0.5,0.85,ok,,128,920a45fb,deepseek-v4-pro,06a92515693382063434edb78dac0b594e33ed29e90431e0aa92031e2716cb87,sync,False,2026-08-30T22:20:29+00:00
cyclone_idai_2019,2019-03-19__api-strong__generic,machine,api-strong,api-strong/generic,2019-03-19,funding,Funding status and donor contributions,partial,0.5,0.9,ok,,140,9ef15943,deepseek-v4-pro,eba97fda2e20e6ac88034af50e514a3383bb797a48455be9454f9b86fd5f9318,sync,False,2026-08-30T22:20:29+00:00
cyclone_idai_2019,2019-03-19__api-strong__generic,machine,api-strong,api-strong/generic,2019-03-19,health,"Health, disease outbreak and nutrition",absent,0.0,0.95,ok,,0,,deepseek-v4-pro,373ab70d38933790b788d0af1ab5080aa52d4e8d13be4b79fd61fca81ac2f73a,sync,False,2026-08-30T22:20:29+00:00
cyclone_idai_2019,2019-03-19__api-strong__generic,machine,api-strong,api-strong/generic,2019-03-19,needs_gaps,Sector needs and gaps,present,1.0,0.82,ok,,143,8d6a5676,deepseek-v4-pro,706cb4d9e2379eb4a2fd5e290a4ca5dd81ce4425aebb0558fceacd573a164e48,sync,False,2026-08-30T22:20:29+00:00
cyclone_idai_2019,2019-03-19__api-strong__generic,machine,api-strong,api-strong/generic,2019-03-19,response_actions,Sector response activities,present,1.0,0.95,ok,,149,154b2e18,deepseek-v4-pro,f65a58022d12c0475147d333ba07334b1c12add8679b817f728cebbc252ae62b,sync,False,2026-08-30T22:20:29+00:00
cyclone_idai_2019,2019-03-19__api-strong__generic,machine,api-strong,api-strong/generic,2019-03-19,shelter,Shelter and non-food items,partial,0.5,0.85,ok,,195,0e4c0ac4,deepseek-v4-pro,3238922ff023d58dda5315f93ecfba05dfc769d61ab339784c6ae917614d11a6,sync,False,2026-08-30T22:20:29+00:00
cyclone_idai_2019,2019-03-19__api-strong__generic,machine,api-strong,api-strong/generic,2019-03-19,sourcing,Sourcing and attribution,present,1.0,0.97,ok,,143,5512682e,deepseek-v4-pro,f2cd66164263f4bf632c0b0216ac269f7e96373875106a4bc1db8443d13c6912,sync,False,2026-08-30T22:20:29+00:00
cyclone_idai_2019,2019-03-19__api-strong__generic,machine,api-strong,api-strong/generic,2019-03-19,wash,WASH needs and response,partial,0.5,0.9,ok,,150,a058cae6,deepseek-v4-pro,2b4cde7adceee1ece387304c124e4018d3107ae4992f486dfa12f46124e4cc37,sync,False,2026-08-30T22:20:29+00:00
cyclone_idai_2019,2019-03-19__api-strong__schema_guided,machine,api-strong,api-strong/schema_guided,2019-03-19,access,Access constraints,present,1.0,0.95,ok,,327,36217440,deepseek-v4-pro,4957852eaf8eda80c8ff6e0c2ea1bf3475cccef13d900547c058b9d98be89623,sync,False,2026-08-30T22:20:29+00:00
cyclone_idai_2019,2019-03-19__api-strong__schema_guided,machine,api-strong,api-strong/schema_guided,2019-03-19,casualties,Casualty and affected-population figures,present,1.0,0.95,ok,,166,2e0768f4,deepseek-v4-pro,cb2affadeccf706c4abc367eb9407af0c958691feaf73562d538cd0ec188bf78,sync,False,2026-08-30T22:20:29+00:00
cyclone_idai_2019,2019-03-19__api-strong__schema_guided,machine,api-strong,api-strong/schema_guided,2019-03-19,coordination,Coordination arrangements,present,1.0,0.9,ok,,174,b5a546d7,deepseek-v4-pro,a6564eaee7488b83ecece6daa7aefbc30a4f6e93557fbc91ddf0c3a0bb08344d,sync,False,2026-08-30T22:20:29+00:00
cyclone_idai_2019,2019-03-19__api-strong__schema_guided,machine,api-strong,api-strong/schema_guided,2019-03-19,currency_and_metadata,Data currency and report metadata,partial,0.5,0.9,ok,,145,f00e344b,deepseek-v4-pro,dfb07684b1af99761960894d59a8d0db60082c0f2514bffa1b12532b4dc808e3,sync,False,2026-08-30T22:20:29+00:00
cyclone_idai_2019,2019-03-19__api-strong__schema_guided,machine,api-strong,api-strong/schema_guided,2019-03-19,damage,"Physical, economic and agricultural damage",present,1.0,0.95,ok,,183,a735f91a,deepseek-v4-pro,85de57726d5a76a36f437bb39bda8d8d421a5e025d3040f79ad8bd376347ac66,sync,False,2026-08-30T22:20:29+00:00
cyclone_idai_2019,2019-03-19__api-strong__schema_guided,machine,api-strong,api-strong/schema_guided,2019-03-19,displacement,Displacement and accommodation sites,partial,0.5,0.72,ok,,206,b319bd51,deepseek-v4-pro,b063a1b6fbec3c6632b6d1a1435b1e842f3482fb426ab570ff05efcddea7d289,sync,False,2026-08-30T22:20:29+00:00
cyclone_idai_2019,2019-03-19__api-strong__schema_guided,machine,api-strong,api-strong/schema_guided,2019-03-19,education,Education impact and response,partial,0.5,0.9,ok,,214,3f61a5cb,deepseek-v4-pro,075121035f8c6dc92371600f91d7d02b423d12efc023e7ef96975b1a7a2f420c,sync,False,2026-08-30T22:20:29+00:00
cyclone_idai_2019,2019-03-19__api-strong__schema_guided,machine,api-strong,api-strong/schema_guided,2019-03-19,food,Food security and assistance reach,present,1.0,0.9,ok,,172,331869f1,deepseek-v4-pro,9d2728d1d712916fd94b35a7ab51045e0278d7a53cd7612030b0be6cc544276f,sync,False,2026-08-30T22:20:29+00:00
cyclone_idai_2019,2019-03-19__api-strong__schema_guided,machine,api-strong,api-strong/schema_guided,2019-03-19,funding,Funding status and donor contributions,partial,0.5,0.85,ok,,169,201f3c0f,deepseek-v4-pro,a3348ce7d6cd3804b4bafedc7c263fcb49f30676bff67df6a159a0c5fb1a19ab,sync,False,2026-08-30T22:20:29+00:00
cyclone_idai_2019,2019-03-19__api-strong__schema_guided,machine,api-strong,api-strong/schema_guided,2019-03-19,health,"Health, disease outbreak and nutrition",absent,0.0,0.9,ok,,0,,deepseek-v4-pro,4b27a5ffd09754f01912284a6f4b979c1aed00c27ea3cb68c5ec845060e3396c,sync,False,2026-08-30T22:20:29+00:00
cyclone_idai_2019,2019-03-19__api-strong__schema_guided,machine,api-strong,api-strong/schema_guided,2019-03-19,needs_gaps,Sector needs and gaps,present,1.0,0.9,ok,,211,2e970791,deepseek-v4-pro,2a030a8fafd8ab2d16fa7553bce282072617774a9ce2fe69e3f317ba5e86bf9e,sync,False,2026-08-30T22:20:29+00:00
cyclone_idai_2019,2019-03-19__api-strong__schema_guided,machine,api-strong,api-strong/schema_guided,2019-03-19,response_actions,Sector response activities,present,1.0,0.98,ok,,182,3aa4be29,deepseek-v4-pro,daf313b4da0bd5201a2779bbfbd239418288adf1e60f68310bc1e8754d4d134f,sync,False,2026-08-30T22:20:29+00:00
cyclone_idai_2019,2019-03-19__api-strong__schema_guided,machine,api-strong,api-strong/schema_guided,2019-03-19,shelter,Shelter and non-food items,partial,0.5,0.8,ok,,205,e7bffd45,deepseek-v4-pro,0272d0d8c0d25c5573e366bb31781774493a2a307b990128e484453ca688767c,sync,False,2026-08-30T22:20:29+00:00
cyclone_idai_2019,2019-03-19__api-strong__schema_guided,machine,api-strong,api-strong/schema_guided,2019-03-19,sourcing,Sourcing and attribution,present,1.0,0.98,ok,,253,a86a9ba0,deepseek-v4-pro,28368f6f85fd563c0dadcefd5adab135ef224bcfad8ea7c778cca9d4c5bc413b,sync,False,2026-08-30T22:20:29+00:00
cyclone_idai_2019,2019-03-19__api-strong__schema_guided,machine,api-strong,api-strong/schema_guided,2019-03-19,wash,WASH needs and response,partial,0.5,0.8,ok,,190,947c1fc2,deepseek-v4-pro,6fd33cd797125e994efbe1dfb4ebdec9c03c329eda1a0a65ece9e138c6335a37,sync,False,2026-08-30T22:20:29+00:00
cyclone_idai_2019,2019-03-20__api-fast__generic,machine,api-fast,api-fast/generic,2019-03-20,access,Access constraints,present,1.0,0.92,ok,,174,8a4e22e0,deepseek-v4-pro,a3a8788702c5ccbe002621575710375847625f8ab2609ca54429d9e5c0418dc8,sync,False,2026-08-30T22:20:29+00:00
cyclone_idai_2019,2019-03-20__api-fast__generic,machine,api-fast,api-fast/generic,2019-03-20,casualties,Casualty and affected-population figures,present,1.0,0.95,ok,,216,829b1302,deepseek-v4-pro,30a1a2a0d298ee30b2cf55f66c8ef97a259f84871ac46b39c8a451dd39994f26,sync,False,2026-08-30T22:20:29+00:00
cyclone_idai_2019,2019-03-20__api-fast__generic,machine,api-fast,api-fast/generic,2019-03-20,coordination,Coordination arrangements,absent,0.0,0.95,ok,,0,,deepseek-v4-pro,34a00b413aa6642bc6be53f778b555ccd78c225e4f83045c797a7a7557fe5292,sync,False,2026-08-30T22:20:29+00:00
cyclone_idai_2019,2019-03-20__api-fast__generic,machine,api-fast,api-fast/generic,2019-03-20,currency_and_metadata,Data currency and report metadata,partial,0.5,0.85,ok,,185,48443c95,deepseek-v4-pro,2d3976b29bb53ff09f9fdbcee27900afeca69dfd53dd6601e9ac33ef19ab32f7,sync,False,2026-08-30T22:20:29+00:00
cyclone_idai_2019,2019-03-20__api-fast__generic,machine,api-fast,api-fast/generic,2019-03-20,damage,"Physical, economic and agricultural damage",present,1.0,0.85,ok,,160,564e7438,deepseek-v4-pro,1c00688a1d3251215b44f9265e0ca03819807e4767f3b1eddadf348adf46ca14,sync,False,2026-08-30T22:20:29+00:00
cyclone_idai_2019,2019-03-20__api-fast__generic,machine,api-fast,api-fast/generic,2019-03-20,displacement,Displacement and accommodation sites,partial,0.5,0.9,ok,,87,f98a5f29,deepseek-v4-pro,384096b80b420def63763d1e2b853df71172479273c5db1ea8b0d9888fd31feb,sync,False,2026-08-30T22:20:29+00:00
cyclone_idai_2019,2019-03-20__api-fast__generic,machine,api-fast,api-fast/generic,2019-03-20,education,Education impact and response,partial,0.5,0.8,ok,,167,810f23a4,deepseek-v4-pro,4f1042334b6e4583aead67791320a9a7bbbb6907e6e576ba0f51bced62a402ad,sync,False,2026-08-30T22:20:29+00:00
cyclone_idai_2019,2019-03-20__api-fast__generic,machine,api-fast,api-fast/generic,2019-03-20,food,Food security and assistance reach,partial,0.5,0.8,ok,,218,4935bdde,deepseek-v4-pro,e4bcaf51103a7e7d1719ca6f9769296f33ce4760378f27f0dde03de23b5a2b0e,sync,False,2026-08-30T22:20:29+00:00
cyclone_idai_2019,2019-03-20__api-fast__generic,machine,api-fast,api-fast/generic,2019-03-20,funding,Funding status and donor contributions,partial,0.5,0.8,ok,,196,ef7f59ce,deepseek-v4-pro,2ab0ffc4dc64517f34b9f3d16c19d4984639d61bbfb796de84611d0ec62af04d,sync,False,2026-08-30T22:20:29+00:00
cyclone_idai_2019,2019-03-20__api-fast__generic,machine,api-fast,api-fast/generic,2019-03-20,health,"Health, disease outbreak and nutrition",absent,0.0,0.95,ok,,0,,deepseek-v4-pro,286dc5ec477a84ed0a0593a47edff25b5abc7d4ca6055aab47d5d55a3a2ec172,sync,False,2026-08-30T22:20:29+00:00
cyclone_idai_2019,2019-03-20__api-fast__generic,machine,api-fast,api-fast/generic,2019-03-20,needs_gaps,Sector needs and gaps,partial,0.5,0.8,ok,,108,d275acbd,deepseek-v4-pro,acfc3b64742812a4d45f55994e90cdf4e349af769ebec1083273e19ba8839545,sync,False,2026-08-30T22:20:29+00:00
cyclone_idai_2019,2019-03-20__api-fast__generic,machine,api-fast,api-fast/generic,2019-03-20,response_actions,Sector response activities,present,1.0,0.95,ok,,143,78d38220,deepseek-v4-pro,d32c74da03c178004642fa0f5dccfa6f03601ab45c3ce6ec2aede5ed7433b361,sync,False,2026-08-30T22:20:29+00:00
cyclone_idai_2019,2019-03-20__api-fast__generic,machine,api-fast,api-fast/generic,2019-03-20,shelter,Shelter and non-food items,partial,0.5,0.72,ok,,182,4ee1ab53,deepseek-v4-pro,4ddca6a6d7ab6276d6428fdefc05197dbcd9ccaef69cf957a7c48974a126cc87,sync,False,2026-08-30T22:20:29+00:00
cyclone_idai_2019,2019-03-20__api-fast__generic,machine,api-fast,api-fast/generic,2019-03-20,sourcing,Sourcing and attribution,present,1.0,0.9,ok,,78,25e01602,deepseek-v4-pro,ac2ca4b95750fbb7d06f2b25cd2036edee739538d113c78e8ba5642e32b6fb85,sync,False,2026-08-30T22:20:29+00:00
cyclone_idai_2019,2019-03-20__api-fast__generic,machine,api-fast,api-fast/generic,2019-03-20,wash,WASH needs and response,partial,0.5,0.9,ok,,117,f2115b2a,deepseek-v4-pro,1b5170719576a0e81711f19b98af8a45b5ad4d19c0f8b5f39fed70758401b045,sync,False,2026-08-30T22:20:29+00:00
cyclone_idai_2019,2019-03-20__api-fast__schema_guided,machine,api-fast,api-fast/schema_guided,2019-03-20,access,Access constraints,present,1.0,0.95,ok,,201,a94fce1e,deepseek-v4-pro,941a0274924d3926aeafd679e9800d94de8b9ea381d82f277c3402930f34ace0,sync,False,2026-08-30T22:20:29+00:00
cyclone_idai_2019,2019-03-20__api-fast__schema_guided,machine,api-fast,api-fast/schema_guided,2019-03-20,casualties,Casualty and affected-population figures,present,1.0,0.95,ok,,260,4160e1aa,deepseek-v4-pro,1826282159b52f92b53c11898ac4a7d2140664cfbddc1c640864e655a50c3362,sync,False,2026-08-30T22:20:29+00:00
cyclone_idai_2019,2019-03-20__api-fast__schema_guided,machine,api-fast,api-fast/schema_guided,2019-03-20,coordination,Coordination arrangements,present,1.0,0.95,ok,,268,b2c7cce5,deepseek-v4-pro,239c7602d5847a29ff957d1595aed0198d21b7869229bed8b6802d5ea9826c32,sync,False,2026-08-30T22:20:29+00:00
cyclone_idai_2019,2019-03-20__api-fast__schema_guided,machine,api-fast,api-fast/schema_guided,2019-03-20,currency_and_metadata,Data currency and report metadata,absent,0.0,0.98,ok,,0,,deepseek-v4-pro,46427df7bcaa37038ef293ca6f1ef971f455063cb6791ad82dac2bab63f70106,sync,False,2026-08-30T22:20:29+00:00
cyclone_idai_2019,2019-03-20__api-fast__schema_guided,machine,api-fast,api-fast/schema_guided,2019-03-20,damage,"Physical, economic and agricultural damage",present,1.0,0.75,ok,,179,cd412fa5,deepseek-v4-pro,6e17162ee5c424fec76e0dc9458cd835c5771cb0156f3ae1e788d221deb9b732,sync,False,2026-08-30T22:20:29+00:00
cyclone_idai_2019,2019-03-20__api-fast__schema_guided,machine,api-fast,api-fast/schema_guided,2019-03-20,displacement,Displacement and accommodation sites,partial,0.5,0.85,ok,,210,3f1736ec,deepseek-v4-pro,0fde04c2e833891369e76592cf93d6bbef714d830df5df113dc43ecca08adf3e,sync,False,2026-08-30T22:20:29+00:00
cyclone_idai_2019,2019-03-20__api-fast__schema_guided,machine,api-fast,api-fast/schema_guided,2019-03-20,education,Education impact and response,partial,0.5,0.85,ok,,174,e55e0505,deepseek-v4-pro,9259a37e6a2b804e91331b3a9c88d99e333e1b9aaf432dedb870535b36cdca49,sync,False,2026-08-30T22:20:29+00:00
cyclone_idai_2019,2019-03-20__api-fast__schema_guided,machine,api-fast,api-fast/schema_guided,2019-03-20,food,Food security and assistance reach,partial,0.5,0.8,ok,,123,7158fbdc,deepseek-v4-pro,3498afc1a06878bb16d53f9da7e4fe358d388cb67b885e28a0f30a23618a83a3,sync,False,2026-08-30T22:20:29+00:00
cyclone_idai_2019,2019-03-20__api-fast__schema_guided,machine,api-fast,api-fast/schema_guided,2019-03-20,funding,Funding status and donor contributions,partial,0.5,0.9,ok,,296,3c87ce4d,deepseek-v4-pro,07e939653337ebe3614c4d0e3609de03a3585026bb517a072d3794e4999014b8,sync,False,2026-08-30T22:20:29+00:00
cyclone_idai_2019,2019-03-20__api-fast__schema_guided,machine,api-fast,api-fast/schema_guided,2019-03-20,health,"Health, disease outbreak and nutrition",partial,0.5,0.8,ok,,184,990b4122,deepseek-v4-pro,d732cf1b09df77bed786973507b9dccc79f42b71d3630b34a50f31cf035d759e,sync,False,2026-08-30T22:20:29+00:00
cyclone_idai_2019,2019-03-20__api-fast__schema_guided,machine,api-fast,api-fast/schema_guided,2019-03-20,needs_gaps,Sector needs and gaps,present,1.0,0.95,ok,,215,f8507385,deepseek-v4-pro,4fbd25c102b94dd5a88d82f83d63aefd4dc5687646e25ed5159c479ccdb259d7,sync,False,2026-08-30T22:20:29+00:00
cyclone_idai_2019,2019-03-20__api-fast__schema_guided,machine,api-fast,api-fast/schema_guided,2019-03-20,response_actions,Sector response activities,present,1.0,0.95,ok,,264,66cb4a80,deepseek-v4-pro,da35b39aa28d0a67a2a4c23711fab44ab11db386c9bf28e95697cbfdbbec6a1c,sync,False,2026-08-30T22:20:29+00:00
cyclone_idai_2019,2019-03-20__api-fast__schema_guided,machine,api-fast,api-fast/schema_guided,2019-03-20,shelter,Shelter and non-food items,partial,0.5,0.8,ok,,168,74c08efb,deepseek-v4-pro,8cb2de491a6fb4cc961c23053bb33a58059c1f4c9a7fe913c11a96bd06d94113,sync,False,2026-08-30T22:20:29+00:00
cyclone_idai_2019,2019-03-20__api-fast__schema_guided,machine,api-fast,api-fast/schema_guided,2019-03-20,sourcing,Sourcing and attribution,present,1.0,1.0,ok,,177,5255b3b6,deepseek-v4-pro,a9735f4c481811652c478e878e09a39f4b3021f6950098d206745b5841396473,sync,False,2026-08-30T22:20:29+00:00
cyclone_idai_2019,2019-03-20__api-fast__schema_guided,machine,api-fast,api-fast/schema_guided,2019-03-20,wash,WASH needs and response,present,1.0,0.9,ok,,232,93964241,deepseek-v4-pro,fa470514217f4ede190e821d9d3c13dff5b144e745097e4703c2220edb0b2254,sync,False,2026-08-30T22:20:29+00:00
cyclone_idai_2019,2019-03-20__api-strong__generic,machine,api-strong,api-strong/generic,2019-03-20,access,Access constraints,present,1.0,0.9,ok,,186,7e7a7bc8,deepseek-v4-pro,94e2d7c1f0832eb23b8d83b42a4b2d5d54bf97339e35bbca3b5ca47bd51b8ea0,sync,False,2026-08-30T22:20:29+00:00
cyclone_idai_2019,2019-03-20__api-strong__generic,machine,api-strong,api-strong/generic,2019-03-20,casualties,Casualty and affected-population figures,present,1.0,0.9,ok,,221,2ba7d43c,deepseek-v4-pro,d11fb255fbd248b820ec377c4d20f139134997005a0e0c4f33342bc85a4fd451,sync,False,2026-08-30T22:20:29+00:00
cyclone_idai_2019,2019-03-20__api-strong__generic,machine,api-strong,api-strong/generic,2019-03-20,coordination,Coordination arrangements,partial,0.5,0.8,ok,,184,81e3ccde,deepseek-v4-pro,217a00c4f45133c2136dc79ce85051f33b413af52d190d2d14b2181bb8ad1956,sync,False,2026-08-30T22:20:29+00:00
cyclone_idai_2019,2019-03-20__api-strong__generic,machine,api-strong,api-strong/generic,2019-03-20,currency_and_metadata,Data currency and report metadata,partial,0.5,0.8,ok,,103,534d708f,deepseek-v4-pro,bced56a63b06008ca4c23b53f2ac25efb3485ddc4c8f7f531cfce7aa8eb7dd3d,sync,False,2026-08-30T22:20:29+00:00
cyclone_idai_2019,2019-03-20__api-strong__generic,machine,api-strong,api-strong/generic,2019-03-20,damage,"Physical, economic and agricultural damage",present,1.0,0.9,ok,,202,0f62ac23,deepseek-v4-pro,cf9721b299909a32cfaffc195337fae9e832232a7a09058cdc8ce413804dfc6e,sync,False,2026-08-30T22:20:29+00:00
cyclone_idai_2019,2019-03-20__api-strong__generic,machine,api-strong,api-strong/generic,2019-03-20,displacement,Displacement and accommodation sites,partial,0.5,0.8,ok,,157,20e4eeec,deepseek-v4-pro,520d94b80f58a67be128e876844e1f536a55d5e537b153a7a30f463e15a6a2af,sync,False,2026-08-30T22:20:29+00:00
cyclone_idai_2019,2019-03-20__api-strong__generic,machine,api-strong,api-strong/generic,2019-03-20,education,Education impact and response,partial,0.5,0.7,ok,,304,b78f1fa7,deepseek-v4-pro,dbcbc7798e6c9efc98acc5060c3be59213921841d0aaafe5b3aa2ca4edb45bb2,sync,False,2026-08-30T22:20:29+00:00
cyclone_idai_2019,2019-03-20__api-strong__generic,machine,api-strong,api-strong/generic,2019-03-20,food,Food security and assistance reach,partial,0.5,0.8,ok,,214,53939a2c,deepseek-v4-pro,a1d3cb600a36f9c522ee65a64cf208f0c0b3f51b0df7f4a8e6e0ad345e495fee,sync,False,2026-08-30T22:20:29+00:00
cyclone_idai_2019,2019-03-20__api-strong__generic,machine,api-strong,api-strong/generic,2019-03-20,funding,Funding status and donor contributions,partial,0.5,0.85,ok,,175,ca11674c,deepseek-v4-pro,51b085ab327336edb1b14bf0fd6ffe1ade68bfb9a9af7a22a33dda3903d25cb1,sync,False,2026-08-30T22:20:29+00:00
cyclone_idai_2019,2019-03-20__api-strong__generic,machine,api-strong,api-strong/generic,2019-03-20,health,"Health, disease outbreak and nutrition",partial,0.5,0.7,ok,,147,be2f544d,deepseek-v4-pro,eb503084f910e72bbdc2c3cbbdac522fc6089ae2b589dd07396184574990839d,sync,False,2026-08-30T22:20:29+00:00
cyclone_idai_2019,2019-03-20__api-strong__generic,machine,api-strong,api-strong/generic,2019-03-20,needs_gaps,Sector needs and gaps,present,1.0,0.85,ok,,224,004adc22,deepseek-v4-pro,11835e067528ce2f6b9dae459a09ac22d4f84001b1b8421f6c8af5ac4f041a14,sync,False,2026-08-30T22:20:29+00:00
cyclone_idai_2019,2019-03-20__api-strong__generic,machine,api-strong,api-strong/generic,2019-03-20,response_actions,Sector response activities,present,1.0,0.95,ok,,214,53939a2c,deepseek-v4-pro,cca33b4c427fb44f464351c0fd1d330c387c74a2a121c98fa371d275ea6d61d2,sync,False,2026-08-30T22:20:29+00:00
cyclone_idai_2019,2019-03-20__api-strong__generic,machine,api-strong,api-strong/generic,2019-03-20,shelter,Shelter and non-food items,partial,0.5,0.75,ok,,206,a151d5f9,deepseek-v4-pro,bd5544c552b1c938b6671d5195cae27fa14f6e26824af9db4650ade509b0f796,sync,False,2026-08-30T22:20:29+00:00
cyclone_idai_2019,2019-03-20__api-strong__generic,machine,api-strong,api-strong/generic,2019-03-20,sourcing,Sourcing and attribution,present,1.0,0.95,ok,,195,cc107435,deepseek-v4-pro,28662704b0517a688b3d13798f853a575d30225322b9228cc73ce49115fd49c4,sync,False,2026-08-30T22:20:29+00:00
cyclone_idai_2019,2019-03-20__api-strong__generic,machine,api-strong,api-strong/generic,2019-03-20,wash,WASH needs and response,partial,0.5,0.8,ok,,161,1f7f7da6,deepseek-v4-pro,998df8e6fc3717d93cd88aedfcf5c3d7b55a7cf954fea027760d961ed079b0e5,sync,False,2026-08-30T22:20:29+00:00
cyclone_idai_2019,2019-03-20__api-strong__schema_guided,machine,api-strong,api-strong/schema_guided,2019-03-20,access,Access constraints,present,1.0,0.95,ok,,142,52ec9026,deepseek-v4-pro,fcea21b10f95efb822f8efc5f5ae55d424d4d11e9b8b1136289b514e670514ff,sync,False,2026-08-30T22:20:29+00:00
cyclone_idai_2019,2019-03-20__api-strong__schema_guided,machine,api-strong,api-strong/schema_guided,2019-03-20,casualties,Casualty and affected-population figures,present,1.0,0.95,ok,,165,08b243e2,deepseek-v4-pro,32f70b207937d356ba35dfd3729c9798ae9e81483168fbb2dd2afc529079d2fb,sync,False,2026-08-30T22:20:29+00:00
cyclone_idai_2019,2019-03-20__api-strong__schema_guided,machine,api-strong,api-strong/schema_guided,2019-03-20,coordination,Coordination arrangements,present,1.0,0.9,ok,,190,12c351fb,deepseek-v4-pro,c19ddac84bca0081de088eed2dc85755f2de1be7745fa75cc5f44648a5864c67,sync,False,2026-08-30T22:20:29+00:00
cyclone_idai_2019,2019-03-20__api-strong__schema_guided,machine,api-strong,api-strong/schema_guided,2019-03-20,currency_and_metadata,Data currency and report metadata,partial,0.5,0.9,ok,,94,437c7258,deepseek-v4-pro,66841779a0f10ec09ca19c0a4c5e1d9412d1cf09b9db3ed4092b4e72c1be79d4,sync,False,2026-08-30T22:20:29+00:00
cyclone_idai_2019,2019-03-20__api-strong__schema_guided,machine,api-strong,api-strong/schema_guided,2019-03-20,damage,"Physical, economic and agricultural damage",present,1.0,0.95,ok,,185,e8b228a0,deepseek-v4-pro,5df8208a59ceee63a8ade062892c9e63abc74624c3fcd1e61dea6d456536d1fb,sync,False,2026-08-30T22:20:29+00:00
cyclone_idai_2019,2019-03-20__api-strong__schema_guided,machine,api-strong,api-strong/schema_guided,2019-03-20,displacement,Displacement and accommodation sites,partial,0.5,0.85,ok,,212,14baec2b,deepseek-v4-pro,daf20a78109136060452b8aa35f22fe418dcebb1763723f7d40edebe88c9fb1d,sync,False,2026-08-30T22:20:29+00:00
cyclone_idai_2019,2019-03-20__api-strong__schema_guided,machine,api-strong,api-strong/schema_guided,2019-03-20,education,Education impact and response,partial,0.5,0.9,ok,,235,11f7d5ef,deepseek-v4-pro,013b0d84683f7dc3a2e61665051fe62e89424d2f718a538b5d4481ee83a356af,sync,False,2026-08-30T22:20:29+00:00
cyclone_idai_2019,2019-03-20__api-strong__schema_guided,machine,api-strong,api-strong/schema_guided,2019-03-20,food,Food security and assistance reach,partial,0.5,0.9,ok,,107,90e9b0b2,deepseek-v4-pro,73b0f47c81b338e0b5d3145e67dc13e51328fee16f27c0eca4fab0aaaac5bc23,sync,False,2026-08-30T22:20:29+00:00
cyclone_idai_2019,2019-03-20__api-strong__schema_guided,machine,api-strong,api-strong/schema_guided,2019-03-20,funding,Funding status and donor contributions,partial,0.5,0.87,ok,,263,c26bbe0c,deepseek-v4-pro,4f9ae51f92488cbcd31b7ced3193c3ea5ae3f59476c41b96580824b46d7174a1,sync,False,2026-08-30T22:20:29+00:00
cyclone_idai_2019,2019-03-20__api-strong__schema_guided,machine,api-strong,api-strong/schema_guided,2019-03-20,health,"Health, disease outbreak and nutrition",absent,0.0,0.95,ok,,0,,deepseek-v4-pro,21d1cca8f1aa1ab4107e402d96f0490a8a81af472b9b7923d68c7d97ee202af7,sync,False,2026-08-30T22:20:29+00:00
cyclone_idai_2019,2019-03-20__api-strong__schema_guided,machine,api-strong,api-strong/schema_guided,2019-03-20,needs_gaps,Sector needs and gaps,present,1.0,0.75,ok,,154,93d6ceb9,deepseek-v4-pro,f1635fc7e89e022813891fd3810f6844bab42180b49a777c217bae162c8a6d43,sync,False,2026-08-30T22:20:29+00:00
cyclone_idai_2019,2019-03-20__api-strong__schema_guided,machine,api-strong,api-strong/schema_guided,2019-03-20,response_actions,Sector response activities,present,1.0,0.98,ok,,197,fc7395ba,deepseek-v4-pro,69caf54a3f7d7e72c354ec81a2f3d3aeb7b13d6ef43b8e2f17a14aa1a31d6faf,sync,False,2026-08-30T22:20:29+00:00
cyclone_idai_2019,2019-03-20__api-strong__schema_guided,machine,api-strong,api-strong/schema_guided,2019-03-20,shelter,Shelter and non-food items,partial,0.5,0.82,ok,,197,3722be13,deepseek-v4-pro,2413f82be422e19c0fce6c2d2bbe5dfa6b1fdb99e3a82ef889fdcc8271d55166,sync,False,2026-08-30T22:20:29+00:00
cyclone_idai_2019,2019-03-20__api-strong__schema_guided,machine,api-strong,api-strong/schema_guided,2019-03-20,sourcing,Sourcing and attribution,present,1.0,1.0,ok,,206,780a86f7,deepseek-v4-pro,dbb04e1f8440c472b1c2fdcda8a2f97391c6e36d2d4fe95b4d8a9c51088dba74,sync,False,2026-08-30T22:20:29+00:00
cyclone_idai_2019,2019-03-20__api-strong__schema_guided,machine,api-strong,api-strong/schema_guided,2019-03-20,wash,WASH needs and response,present,1.0,0.9,ok,,222,5f2ff1c3,deepseek-v4-pro,72106d7da187e5dcf2f34ac8f8320561a0d504cd565cd6d2e45b00943d2ea436,sync,False,2026-08-30T22:20:29+00:00
cyclone_idai_2019,2019-03-21__api-fast__generic,machine,api-fast,api-fast/generic,2019-03-21,access,Access constraints,present,1.0,0.95,ok,,128,48a6759d,deepseek-v4-pro,a53ecab5025eb9873a1a9457b29ee9cd1ef2d92db3b1287e985c26ea53b5c788,sync,False,2026-08-30T22:20:29+00:00
cyclone_idai_2019,2019-03-21__api-fast__generic,machine,api-fast,api-fast/generic,2019-03-21,casualties,Casualty and affected-population figures,present,1.0,0.98,ok,,111,5eed4de0,deepseek-v4-pro,a61f436c4af1aaee103253fa4008f04d10c9324b4c5f89fb7588e072241a4f18,sync,False,2026-08-30T22:20:29+00:00
cyclone_idai_2019,2019-03-21__api-fast__generic,machine,api-fast,api-fast/generic,2019-03-21,coordination,Coordination arrangements,partial,0.5,0.7,ok,,169,aa4c5125,deepseek-v4-pro,9ff7380da2bbccc6223afa92fbc0dbc7e5a442212a32a59ad63edd4207c5d3e0,sync,False,2026-08-30T22:20:29+00:00
cyclone_idai_2019,2019-03-21__api-fast__generic,machine,api-fast,api-fast/generic,2019-03-21,currency_and_metadata,Data currency and report metadata,partial,0.5,0.75,ok,,19,60485350,deepseek-v4-pro,56d603bd645d844acbeded2cb440f429bce7a7d46785f77170d09c8d02511f56,sync,False,2026-08-30T22:20:29+00:00
cyclone_idai_2019,2019-03-21__api-fast__generic,machine,api-fast,api-fast/generic,2019-03-21,damage,"Physical, economic and agricultural damage",partial,0.5,0.85,ok,,217,abb0ba56,deepseek-v4-pro,e97ec64f562ad0492363550e1652e7f200489b39f8ab206143c4d6639a2fee4c,sync,False,2026-08-30T22:20:29+00:00
cyclone_idai_2019,2019-03-21__api-fast__generic,machine,api-fast,api-fast/generic,2019-03-21,displacement,Displacement and accommodation sites,partial,0.5,0.8,ok,,146,ed33ef91,deepseek-v4-pro,3d7484483536e4d0d6d801048c828af8cc2ebd6f42b61f556c22ef8a45c10ae7,sync,False,2026-08-30T22:20:29+00:00
cyclone_idai_2019,2019-03-21__api-fast__generic,machine,api-fast,api-fast/generic,2019-03-21,education,Education impact and response,partial,0.5,0.8,ok,,139,d4b39b18,deepseek-v4-pro,dc5729ea68733a979e6b77ab24e369800515cc3ed66ece770a77c5b48aea1de8,sync,False,2026-08-30T22:20:29+00:00
cyclone_idai_2019,2019-03-21__api-fast__generic,machine,api-fast,api-fast/generic,2019-03-21,food,Food security and assistance reach,partial,0.5,0.85,ok,,189,37c1c850,deepseek-v4-pro,a4f6bb0836be2329fcb2622382550c2eec4f855629356b9881138c4b69c1cd13,sync,False,2026-08-30T22:20:29+00:00
cyclone_idai_2019,2019-03-21__api-fast__generic,machine,api-fast,api-fast/generic,2019-03-21,funding,Funding status and donor contributions,partial,0.5,0.9,ok,,213,d7095116,deepseek-v4-pro,df1f82fee4c7dc230e96479a379939e6a123c5ce8f98b03a88ce26c198207619,sync,False,2026-08-30T22:20:29+00:00
cyclone_idai_2019,2019-03-21__api-fast__generic,machine,api-fast,api-fast/generic,2019-03-21,health,"Health, disease outbreak and nutrition",absent,0.0,0.95,ok,,0,,deepseek-v4-pro,1f4628d55ca32a61fb8bb186926cb0bcbcb1a9259b896ea8b50ee015896d1a16,sync,False,2026-08-30T22:20:29+00:00
cyclone_idai_2019,2019-03-21__api-fast__generic,machine,api-fast,api-fast/generic,2019-03-21,needs_gaps,Sector needs and gaps,present,1.0,0.95,ok,,145,6a05dfba,deepseek-v4-pro,9b8c66ae63105eb12373507c9e78011622e5fd573c8921daa67bcee65c4ab0bf,sync,False,2026-08-30T22:20:29+00:00
cyclone_idai_2019,2019-03-21__api-fast__generic,machine,api-fast,api-fast/generic,2019-03-21,response_actions,Sector response activities,present,1.0,0.95,ok,,177,07a20a71,deepseek-v4-pro,17f78a2417a5b009c81f9da6a8b55118231d0f235ff4c7499d376343fb7095b1,sync,False,2026-08-30T22:20:29+00:00
cyclone_idai_2019,2019-03-21__api-fast__generic,machine,api-fast,api-fast/generic,2019-03-21,shelter,Shelter and non-food items,partial,0.5,0.72,ok,,177,07a20a71,deepseek-v4-pro,f20675531347a5eebcfdd6f7437a451e1ace9dd2893351e38ba86a9837afbde3,sync,False,2026-08-30T22:20:29+00:00
cyclone_idai_2019,2019-03-21__api-fast__generic,machine,api-fast,api-fast/generic,2019-03-21,sourcing,Sourcing and attribution,present,1.0,0.95,ok,,202,1e03ae80,deepseek-v4-pro,b2106a423b17b7ef1c3d71dc189197761e97f4e61135c70d5a523d548816f155,sync,False,2026-08-30T22:20:29+00:00
cyclone_idai_2019,2019-03-21__api-fast__generic,machine,api-fast,api-fast/generic,2019-03-21,wash,WASH needs and response,partial,0.5,0.8,ok,,190,57b9c706,deepseek-v4-pro,295ec481ca095f851affca213139b42187d9fd3b7b6286a959f0746a386766cc,sync,False,2026-08-30T22:20:29+00:00
cyclone_idai_2019,2019-03-21__api-fast__schema_guided,machine,api-fast,api-fast/schema_guided,2019-03-21,access,Access constraints,present,1.0,0.95,ok,,154,ec8a581c,deepseek-v4-pro,7596a350f5e40ed29ec44fa7a05715f0c7c90c3538616451b8716386d5406598,sync,False,2026-08-30T22:20:29+00:00
cyclone_idai_2019,2019-03-21__api-fast__schema_guided,machine,api-fast,api-fast/schema_guided,2019-03-21,casualties,Casualty and affected-population figures,present,1.0,0.97,ok,,189,0e45e324,deepseek-v4-pro,d5b8b0554207d6dc3b030f3dcc935f3b2767bd199da27b956bd06f99711f9d26,sync,False,2026-08-30T22:20:29+00:00
cyclone_idai_2019,2019-03-21__api-fast__schema_guided,machine,api-fast,api-fast/schema_guided,2019-03-21,coordination,Coordination arrangements,present,1.0,0.8,ok,,286,170a0097,deepseek-v4-pro,c8783f113e48fbf43980ef47743068c9c6bf263793d50d8a9b64af636cb79dca,sync,False,2026-08-30T22:20:29+00:00
cyclone_idai_2019,2019-03-21__api-fast__schema_guided,machine,api-fast,api-fast/schema_guided,2019-03-21,currency_and_metadata,Data currency and report metadata,partial,0.5,0.9,ok,,230,d2f87b5a,deepseek-v4-pro,c71570f326f053326dc270d8f7d8e61a185faf83b1358bc0a849ab80988734d6,sync,False,2026-08-30T22:20:29+00:00
cyclone_idai_2019,2019-03-21__api-fast__schema_guided,machine,api-fast,api-fast/schema_guided,2019-03-21,damage,"Physical, economic and agricultural damage",partial,0.5,0.9,ok,,122,abc63792,deepseek-v4-pro,f7735a8f46f927c0a65463f71c75a9e0fdfad855cad6c4b87a5c5f5d91a6a6b6,sync,False,2026-08-30T22:20:29+00:00
cyclone_idai_2019,2019-03-21__api-fast__schema_guided,machine,api-fast,api-fast/schema_guided,2019-03-21,displacement,Displacement and accommodation sites,partial,0.5,0.7,ok,,206,7a9bbb4f,deepseek-v4-pro,e2efc607a0622171aa77f844824fbfd4c71c45baa383ef3e5921c6bbd2721441,sync,False,2026-08-30T22:20:29+00:00
cyclone_idai_2019,2019-03-21__api-fast__schema_guided,machine,api-fast,api-fast/schema_guided,2019-03-21,education,Education impact and response,partial,0.5,0.9,ok,,104,dddcd422,deepseek-v4-pro,673790ff08495a4afc4d5f05920b52f25a824d190a31bb336f37a51df0cd323d,sync,False,2026-08-30T22:20:29+00:00
cyclone_idai_2019,2019-03-21__api-fast__schema_guided,machine,api-fast,api-fast/schema_guided,2019-03-21,food,Food security and assistance reach,partial,0.5,0.8,ok,,151,28a30dd8,deepseek-v4-pro,a5745b8f2876035679aa3babdf2b90995a5d715f715ebc56ae0cd9ed81977b72,sync,False,2026-08-30T22:20:29+00:00
cyclone_idai_2019,2019-03-21__api-fast__schema_guided,machine,api-fast,api-fast/schema_guided,2019-03-21,funding,Funding status and donor contributions,partial,0.5,0.85,ok,,188,ec2d3ce7,deepseek-v4-pro,043bfc58582ba2734b7d2449677a10be2c6d437fb2dc05da70f8d9122dddacea,sync,False,2026-08-30T22:20:29+00:00
cyclone_idai_2019,2019-03-21__api-fast__schema_guided,machine,api-fast,api-fast/schema_guided,2019-03-21,health,"Health, disease outbreak and nutrition",partial,0.5,0.8,ok,,172,fb3c1976,deepseek-v4-pro,77390cfdde912e8ef59be1db69b55a6a9ab889bf69c3f5832be2acc4a66bd657,sync,False,2026-08-30T22:20:29+00:00
cyclone_idai_2019,2019-03-21__api-fast__schema_guided,machine,api-fast,api-fast/schema_guided,2019-03-21,needs_gaps,Sector needs and gaps,partial,0.5,0.85,ok,,125,2ebcc64f,deepseek-v4-pro,279889b544ac09c71cc2d9155ad6d16dfef4f8e47fc24b51a537a0268198e8c4,sync,False,2026-08-30T22:20:29+00:00
cyclone_idai_2019,2019-03-21__api-fast__schema_guided,machine,api-fast,api-fast/schema_guided,2019-03-21,response_actions,Sector response activities,present,1.0,0.95,ok,,190,911f22a8,deepseek-v4-pro,e19855ae51f568a2aa86be1254b302cc27f19fbc3872530c305768c75c29b8f0,sync,False,2026-08-30T22:20:29+00:00
cyclone_idai_2019,2019-03-21__api-fast__schema_guided,machine,api-fast,api-fast/schema_guided,2019-03-21,shelter,Shelter and non-food items,present,1.0,0.9,ok,,170,df435002,deepseek-v4-pro,4b10fea7144772fbffa6e39e3a6a03ff572ac8a2b6c4427e314c652ec892f73a,sync,False,2026-08-30T22:20:29+00:00
cyclone_idai_2019,2019-03-21__api-fast__schema_guided,machine,api-fast,api-fast/schema_guided,2019-03-21,sourcing,Sourcing and attribution,present,1.0,1.0,ok,,235,55c3921c,deepseek-v4-pro,c1fe4ad9bde476e2e77e2457f064ef7b14b86f324ee159ba26de13e97b26bacc,sync,False,2026-08-30T22:20:29+00:00
cyclone_idai_2019,2019-03-21__api-fast__schema_guided,machine,api-fast,api-fast/schema_guided,2019-03-21,wash,WASH needs and response,partial,0.5,0.85,ok,,188,64a3ae3e,deepseek-v4-pro,1255a53744f1eb1fe73eca9651317a007a0c6d9aa8c75a93883902a58589e899,sync,False,2026-08-30T22:20:29+00:00
cyclone_idai_2019,2019-03-21__api-strong__generic,machine,api-strong,api-strong/generic,2019-03-21,access,Access constraints,present,1.0,1.0,ok,,159,80fcc7f4,deepseek-v4-pro,ef9fc4d8d13a26693d342279ce3dd3b55efd2726478768206d14ae6c6dc80d9e,sync,False,2026-08-30T22:20:29+00:00
cyclone_idai_2019,2019-03-21__api-strong__generic,machine,api-strong,api-strong/generic,2019-03-21,casualties,Casualty and affected-population figures,present,1.0,0.95,ok,,100,2bd842c7,deepseek-v4-pro,41c07c6587dee19069607d1ff5650f08b5dc455ad648eab962783e4c3ddb1090,sync,False,2026-08-30T22:20:29+00:00
cyclone_idai_2019,2019-03-21__api-strong__generic,machine,api-strong,api-strong/generic,2019-03-21,coordination,Coordination arrangements,partial,0.5,0.7,ok,,303,2f3e3fa1,deepseek-v4-pro,da02d88841508814a0ec8c44978764815888d88bcf9f48fe122888e9bb5cbe02,sync,False,2026-08-30T22:20:29+00:00
cyclone_idai_2019,2019-03-21__api-strong__generic,machine,api-strong,api-strong/generic,2019-03-21,currency_and_metadata,Data currency and report metadata,partial,0.5,0.9,ok,,158,279c802d,deepseek-v4-pro,28b2737f8c191efa00882e7693a7afd73759c94c6b99db6e631b53890be54b7b,sync,False,2026-08-30T22:20:29+00:00
cyclone_idai_2019,2019-03-21__api-strong__generic,machine,api-strong,api-strong/generic,2019-03-21,damage,"Physical, economic and agricultural damage",partial,0.5,0.8,ok,,292,e4b5c596,deepseek-v4-pro,57a930cc56cabdd9d9b475c8d27197c8c38fdfa2846164b54fa42708754e8828,sync,False,2026-08-30T22:20:29+00:00
cyclone_idai_2019,2019-03-21__api-strong__generic,machine,api-strong,api-strong/generic,2019-03-21,displacement,Displacement and accommodation sites,partial,0.5,0.8,ok,,234,f2d2f2b8,deepseek-v4-pro,b87be8758f6ad20b07ef3c6a0504bbecbd41276437e908afa8a60c51868ded16,sync,False,2026-08-30T22:20:29+00:00
cyclone_idai_2019,2019-03-21__api-strong__generic,machine,api-strong,api-strong/generic,2019-03-21,education,Education impact and response,partial,0.5,0.8,ok,,143,34fb98f6,deepseek-v4-pro,7885406c656129c83c20716d56b050e72ce419ba5c7b9fac65cdb5c0fc3800bd,sync,False,2026-08-30T22:20:29+00:00
cyclone_idai_2019,2019-03-21__api-strong__generic,machine,api-strong,api-strong/generic,2019-03-21,food,Food security and assistance reach,partial,0.5,0.85,ok,,155,9772429e,deepseek-v4-pro,c3b168eaaefadbdb912fa0921decf570d2b38e9a17b656ab63ab449276821914,sync,False,2026-08-30T22:20:29+00:00
cyclone_idai_2019,2019-03-21__api-strong__generic,machine,api-strong,api-strong/generic,2019-03-21,funding,Funding status and donor contributions,partial,0.5,0.8,ok,,178,e85f2fd9,deepseek-v4-pro,a7f36e0f9d033663880fe7c2984f51b2ad761df8af6e73e0d444518ad57086c5,sync,False,2026-08-30T22:20:29+00:00
cyclone_idai_2019,2019-03-21__api-strong__generic,machine,api-strong,api-strong/generic,2019-03-21,health,"Health, disease outbreak and nutrition",absent,0.0,0.9,ok,,0,,deepseek-v4-pro,151effcbb4fb53ef9a009a13345569900afe115c3131a99ff449e8283deeb8d5,sync,False,2026-08-30T22:20:29+00:00
cyclone_idai_2019,2019-03-21__api-strong__generic,machine,api-strong,api-strong/generic,2019-03-21,needs_gaps,Sector needs and gaps,partial,0.5,0.85,ok,,131,269871cf,deepseek-v4-pro,15caff6c282107dc50907eea50bd887b8093887d46849493b190312d58a81dcd,sync,False,2026-08-30T22:20:29+00:00
cyclone_idai_2019,2019-03-21__api-strong__generic,machine,api-strong,api-strong/generic,2019-03-21,response_actions,Sector response activities,present,1.0,0.96,ok,,213,8a357ac9,deepseek-v4-pro,18df5543c6de05eeafa5c9950355afb1cc3c8078c2346ffacb91a0292d6f6f2f,sync,False,2026-08-30T22:20:29+00:00
cyclone_idai_2019,2019-03-21__api-strong__generic,machine,api-strong,api-strong/generic,2019-03-21,shelter,Shelter and non-food items,partial,0.5,0.8,ok,,193,2709e7cb,deepseek-v4-pro,5713a80e932c02d7b649f9aa4375da6a2dd2353ca9e4d20b3bdafe0e13ac7af6,sync,False,2026-08-30T22:20:29+00:00
cyclone_idai_2019,2019-03-21__api-strong__generic,machine,api-strong,api-strong/generic,2019-03-21,sourcing,Sourcing and attribution,present,1.0,0.95,ok,,178,1e36e466,deepseek-v4-pro,2326a3c589b9903c176565e705df3e24cb9ad499f2731231c74515433beb73ae,sync,False,2026-08-30T22:20:29+00:00
cyclone_idai_2019,2019-03-21__api-strong__generic,machine,api-strong,api-strong/generic,2019-03-21,wash,WASH needs and response,partial,0.5,0.85,ok,,147,14e64dd1,deepseek-v4-pro,c0cce0f826dcf2b091ca282da180578b90d5f560dd7226fc49b81e1c5b65195e,sync,False,2026-08-30T22:20:29+00:00
cyclone_idai_2019,2019-03-21__api-strong__schema_guided,machine,api-strong,api-strong/schema_guided,2019-03-21,access,Access constraints,present,1.0,0.95,ok,,213,24d89e97,deepseek-v4-pro,f717ebdcd962865c85f6db36874cf641ecb2f9360ea041ee6d28489fea97e3c7,sync,False,2026-08-30T22:20:29+00:00
cyclone_idai_2019,2019-03-21__api-strong__schema_guided,machine,api-strong,api-strong/schema_guided,2019-03-21,casualties,Casualty and affected-population figures,present,1.0,0.95,ok,,171,74844fd6,deepseek-v4-pro,5793bb52f60465c0dc85677eac68ca814c22eea0e8209f27a920ec86d7f957ce,sync,False,2026-08-30T22:20:29+00:00
cyclone_idai_2019,2019-03-21__api-strong__schema_guided,machine,api-strong,api-strong/schema_guided,2019-03-21,coordination,Coordination arrangements,present,1.0,0.88,ok,,159,8a88b809,deepseek-v4-pro,f2434f0c349f20b58008ee9523044d7915881a7e6c0eb60b53c3551a73cdf1bc,sync,False,2026-08-30T22:20:29+00:00
cyclone_idai_2019,2019-03-21__api-strong__schema_guided,machine,api-strong,api-strong/schema_guided,2019-03-21,currency_and_metadata,Data currency and report metadata,absent,0.0,1.0,ok,,0,,deepseek-v4-pro,71406b4eb8050da9d266bc6eeca746133c6edc29417a3a904229bccf177f3ee8,sync,False,2026-08-30T22:20:29+00:00
cyclone_idai_2019,2019-03-21__api-strong__schema_guided,machine,api-strong,api-strong/schema_guided,2019-03-21,damage,"Physical, economic and agricultural damage",partial,0.5,0.8,ok,,278,26a9562a,deepseek-v4-pro,1790a855ec960fbaccf70801d7c107f99a656161860b2913c100bc26d5a22a35,sync,False,2026-08-30T22:20:29+00:00
cyclone_idai_2019,2019-03-21__api-strong__schema_guided,machine,api-strong,api-strong/schema_guided,2019-03-21,displacement,Displacement and accommodation sites,partial,0.5,0.75,ok,,194,81367c19,deepseek-v4-pro,17030055180c1218471596f53b16058608310d28fbd40a003a8b92de83887b17,sync,False,2026-08-30T22:20:29+00:00
cyclone_idai_2019,2019-03-21__api-strong__schema_guided,machine,api-strong,api-strong/schema_guided,2019-03-21,education,Education impact and response,partial,0.5,0.9,ok,,159,adc69fa8,deepseek-v4-pro,27fe633d7cd1c4f326fcf023af0de449bf37ec9cd44f8ed9e92427f0f7e53383,sync,False,2026-08-30T22:20:29+00:00
cyclone_idai_2019,2019-03-21__api-strong__schema_guided,machine,api-strong,api-strong/schema_guided,2019-03-21,food,Food security and assistance reach,partial,0.5,0.7,ok,,145,a931a00e,deepseek-v4-pro,82260e9a90e2f3663798a21948860d815303a7d259b3ab851f1d388040787d4f,sync,False,2026-08-30T22:20:29+00:00
cyclone_idai_2019,2019-03-21__api-strong__schema_guided,machine,api-strong,api-strong/schema_guided,2019-03-21,funding,Funding status and donor contributions,partial,0.5,0.9,ok,,217,c423c72e,deepseek-v4-pro,2cd368ed20180e5c719e0da9e6d5d77ceb098c1ebac8b0c0b066488866fba7e9,sync,False,2026-08-30T22:20:29+00:00
cyclone_idai_2019,2019-03-21__api-strong__schema_guided,machine,api-strong,api-strong/schema_guided,2019-03-21,health,"Health, disease outbreak and nutrition",absent,0.0,0.95,ok,,0,,deepseek-v4-pro,d253757d813a215bb81a95849792b48ad5bd4b8147e3b05797a523fab37bc1a4,sync,False,2026-08-30T22:20:29+00:00
cyclone_idai_2019,2019-03-21__api-strong__schema_guided,machine,api-strong,api-strong/schema_guided,2019-03-21,needs_gaps,Sector needs and gaps,present,1.0,0.9,ok,,178,2d26587f,deepseek-v4-pro,8e02214c82ae2dfc427152308181aedefdbdc6477a56ae30b3ae70e54c877b62,sync,False,2026-08-30T22:20:29+00:00
cyclone_idai_2019,2019-03-21__api-strong__schema_guided,machine,api-strong,api-strong/schema_guided,2019-03-21,response_actions,Sector response activities,present,1.0,0.95,ok,,155,2f5ac68a,deepseek-v4-pro,9e17517054a64f2e123143a1f967e1575a78a92b900a6ba5a61ca6cb09126d88,sync,False,2026-08-30T22:20:29+00:00
cyclone_idai_2019,2019-03-21__api-strong__schema_guided,machine,api-strong,api-strong/schema_guided,2019-03-21,shelter,Shelter and non-food items,partial,0.5,0.8,ok,,208,43be65a2,deepseek-v4-pro,71d6d8de7f62e2bbb972fd5343cbae13c7ea3c7a02a6cf5aeffd5c93f34b37ac,sync,False,2026-08-30T22:20:29+00:00
cyclone_idai_2019,2019-03-21__api-strong__schema_guided,machine,api-strong,api-strong/schema_guided,2019-03-21,sourcing,Sourcing and attribution,present,1.0,1.0,ok,,189,110b8792,deepseek-v4-pro,7ee1fef8231da5a47e6bac997ccdd53a88b39e23067419e8da12630c64350fc4,sync,False,2026-08-30T22:20:29+00:00
cyclone_idai_2019,2019-03-21__api-strong__schema_guided,machine,api-strong,api-strong/schema_guided,2019-03-21,wash,WASH needs and response,present,1.0,0.9,ok,,206,15150fb9,deepseek-v4-pro,ba30513805151d6ca05c448325c1b841cd35fbd09e2c2d3fcb4a4113d0343e95,sync,False,2026-08-30T22:20:29+00:00
cyclone_idai_2019,2019-03-22__api-fast__generic,machine,api-fast,api-fast/generic,2019-03-22,access,Access constraints,present,1.0,0.95,ok,,246,a3ef59da,deepseek-v4-pro,4f8f89306bd9c6f530eb963205ec158eb47db92c61ab12d788336df4f891a6e3,sync,False,2026-08-30T22:20:29+00:00
cyclone_idai_2019,2019-03-22__api-fast__generic,machine,api-fast,api-fast/generic,2019-03-22,casualties,Casualty and affected-population figures,present,1.0,0.9,ok,,149,fc0c8e4f,deepseek-v4-pro,858cb027e6c34fc80ec3a6d3a771715ec993e478e21a8d7c8f99a6197fdc88b4,sync,False,2026-08-30T22:20:29+00:00
cyclone_idai_2019,2019-03-22__api-fast__generic,machine,api-fast,api-fast/generic,2019-03-22,coordination,Coordination arrangements,partial,0.5,0.6,ok,,58,263b08dc,deepseek-v4-pro,5e3e8d050e021ff2c974bc84e5e196d7b0d7094d48d0570dc9aef63d5c5493c6,sync,False,2026-08-30T22:20:29+00:00
cyclone_idai_2019,2019-03-22__api-fast__generic,machine,api-fast,api-fast/generic,2019-03-22,currency_and_metadata,Data currency and report metadata,partial,0.5,0.8,ok,,57,471d51a8,deepseek-v4-pro,012fef800431e5a5dddc66ac9b515a9475270ad55d37f2ded5db0c3a83b4b3b8,sync,False,2026-08-30T22:20:29+00:00
cyclone_idai_2019,2019-03-22__api-fast__generic,machine,api-fast,api-fast/generic,2019-03-22,damage,"Physical, economic and agricultural damage",present,1.0,0.95,ok,,198,ee4cd1d0,deepseek-v4-pro,a9442c4a2c2a561f7365f0521501e26b30deb0db67bb9f616774827c38730b47,sync,False,2026-08-30T22:20:29+00:00
cyclone_idai_2019,2019-03-22__api-fast__generic,machine,api-fast,api-fast/generic,2019-03-22,displacement,Displacement and accommodation sites,partial,0.5,0.85,ok,,142,a89cd5bc,deepseek-v4-pro,d2e3f1dd1bbc15c4830892cb95c5e0925e6b0760beebf5b0a78a6d39bb487dfa,sync,False,2026-08-30T22:20:29+00:00
cyclone_idai_2019,2019-03-22__api-fast__generic,machine,api-fast,api-fast/generic,2019-03-22,education,Education impact and response,partial,0.5,0.9,ok,,187,188975be,deepseek-v4-pro,5929fded58d3810eb987f2827ae4af7a9ef9716d9067b0ea78a43f430deb1021,sync,False,2026-08-30T22:20:29+00:00
cyclone_idai_2019,2019-03-22__api-fast__generic,machine,api-fast,api-fast/generic,2019-03-22,food,Food security and assistance reach,partial,0.5,0.8,ok,,222,26aa3a45,deepseek-v4-pro,c63ba95846e62778b743cc1626823914f3e390572673801aa3380ce92ff97e9f,sync,False,2026-08-30T22:20:29+00:00
cyclone_idai_2019,2019-03-22__api-fast__generic,machine,api-fast,api-fast/generic,2019-03-22,funding,Funding status and donor contributions,partial,0.5,0.9,ok,,227,b8a987ed,deepseek-v4-pro,4123061c9905daf5ff8c9d4154bd621d03ca86f513307bc189f380d06a5ed8bb,sync,False,2026-08-30T22:20:29+00:00
cyclone_idai_2019,2019-03-22__api-fast__generic,machine,api-fast,api-fast/generic,2019-03-22,health,"Health, disease outbreak and nutrition",partial,0.5,0.7,ok,,120,95c755f5,deepseek-v4-pro,5e7d106528ad2c130aabd5cc6b7004a615d98f7b6048cc9d265483093c4d67bd,sync,False,2026-08-30T22:20:29+00:00
cyclone_idai_2019,2019-03-22__api-fast__generic,machine,api-fast,api-fast/generic,2019-03-22,needs_gaps,Sector needs and gaps,present,1.0,0.85,ok,,143,f4aaddc3,deepseek-v4-pro,89ff32e06f85c6df650dd85b47a2108f989f4c8650fed26b00c7fdee888a019a,sync,False,2026-08-30T22:20:29+00:00
cyclone_idai_2019,2019-03-22__api-fast__generic,machine,api-fast,api-fast/generic,2019-03-22,response_actions,Sector response activities,present,1.0,0.98,ok,,176,53a06be1,deepseek-v4-pro,6faf6cdfcaf72838e8f81b501003bf44da73a73d749628f9915f13570f3d57d9,sync,False,2026-08-30T22:20:29+00:00
cyclone_idai_2019,2019-03-22__api-fast__generic,machine,api-fast,api-fast/generic,2019-03-22,shelter,Shelter and non-food items,partial,0.5,0.9,ok,,193,f47a547c,deepseek-v4-pro,3b1ffb3ceaaa3b10961f536bae02db0bdff0e02a6eccc9a3760cbde4d9b15e46,sync,False,2026-08-30T22:20:29+00:00
cyclone_idai_2019,2019-03-22__api-fast__generic,machine,api-fast,api-fast/generic,2019-03-22,sourcing,Sourcing and attribution,present,1.0,0.9,ok,,160,bb7d0425,deepseek-v4-pro,09051881a3f227943fb3dbcbe5227c4a6a6154a284ca62076bc796d3bc3f7223,sync,False,2026-08-30T22:20:29+00:00
cyclone_idai_2019,2019-03-22__api-fast__generic,machine,api-fast,api-fast/generic,2019-03-22,wash,WASH needs and response,partial,0.5,0.85,ok,,176,7e8c199f,deepseek-v4-pro,940a0b185d95696819ed84a85feecb0a9adbf7a9554c2fccd92a4c446537040d,sync,False,2026-08-30T22:20:29+00:00
cyclone_idai_2019,2019-03-22__api-fast__schema_guided,machine,api-fast,api-fast/schema_guided,2019-03-22,access,Access constraints,present,1.0,0.95,ok,,308,88b2e94a,deepseek-v4-pro,f57a1ff0e511421600af340e6c6344b288a755102a9bf9040dbd1dab05b75905,sync,False,2026-08-30T22:20:29+00:00
cyclone_idai_2019,2019-03-22__api-fast__schema_guided,machine,api-fast,api-fast/schema_guided,2019-03-22,casualties,Casualty and affected-population figures,present,1.0,0.95,ok,,183,c6f0e51f,deepseek-v4-pro,661fb168894d596aad08ec9d22f8bb0b1032a23654b04c89dae2a4740a7cad31,sync,False,2026-08-30T22:20:29+00:00
cyclone_idai_2019,2019-03-22__api-fast__schema_guided,machine,api-fast,api-fast/schema_guided,2019-03-22,coordination,Coordination arrangements,partial,0.5,0.75,ok,,230,10dddb03,deepseek-v4-pro,2f12c609e29b573428b1800239298d6ef4072e4ae6635cb0dfb353846a97b6a1,sync,False,2026-08-30T22:20:29+00:00
cyclone_idai_2019,2019-03-22__api-fast__schema_guided,machine,api-fast,api-fast/schema_guided,2019-03-22,currency_and_metadata,Data currency and report metadata,partial,0.5,0.9,ok,,170,81badfa1,deepseek-v4-pro,67a0c19e3fb3be768db4d9b8683b7def0e9962fa1263f2c9c9d091d1e523e2ef,sync,False,2026-08-30T22:20:29+00:00
cyclone_idai_2019,2019-03-22__api-fast__schema_guided,machine,api-fast,api-fast/schema_guided,2019-03-22,damage,"Physical, economic and agricultural damage",present,1.0,0.9,ok,,167,53bcc09d,deepseek-v4-pro,cb200178abc48bf44c0614a91fb54dc2c18e1065fc64554b2be6a2e9ae50b6b6,sync,False,2026-08-30T22:20:29+00:00
cyclone_idai_2019,2019-03-22__api-fast__schema_guided,machine,api-fast,api-fast/schema_guided,2019-03-22,displacement,Displacement and accommodation sites,present,1.0,0.9,ok,,187,33ecc43d,deepseek-v4-pro,62d574e6564c09ebe860e38efbde7716364ee3d0a53ab3a3b86c805c6448fa49,sync,False,2026-08-30T22:20:29+00:00
cyclone_idai_2019,2019-03-22__api-fast__schema_guided,machine,api-fast,api-fast/schema_guided,2019-03-22,education,Education impact and response,partial,0.5,0.85,ok,,171,64de82a8,deepseek-v4-pro,790a73cfef184b42341908671c31785457de23222cc212bab1fbdd2254079c02,sync,False,2026-08-30T22:20:29+00:00
cyclone_idai_2019,2019-03-22__api-fast__schema_guided,machine,api-fast,api-fast/schema_guided,2019-03-22,food,Food security and assistance reach,present,1.0,0.95,ok,,140,85c16953,deepseek-v4-pro,485ab17e5c266dc008c732dc30c1d9bba82cd43f175e5b9fc72346a8accac375,sync,False,2026-08-30T22:20:29+00:00
cyclone_idai_2019,2019-03-22__api-fast__schema_guided,machine,api-fast,api-fast/schema_guided,2019-03-22,funding,Funding status and donor contributions,partial,0.5,0.85,ok,,105,022d3682,deepseek-v4-pro,bb4ada80bc5a956682cc8a436f004fd5523ce31737ef4edb448b4e074b7c9755,sync,False,2026-08-30T22:20:29+00:00
cyclone_idai_2019,2019-03-22__api-fast__schema_guided,machine,api-fast,api-fast/schema_guided,2019-03-22,health,"Health, disease outbreak and nutrition",partial,0.5,0.85,ok,,108,ed595a35,deepseek-v4-pro,e031b34677d890263dbc440eee7d67c8d6b8bc3d06dccf5d7dc6e0f4bd565abc,sync,False,2026-08-30T22:20:29+00:00
cyclone_idai_2019,2019-03-22__api-fast__schema_guided,machine,api-fast,api-fast/schema_guided,2019-03-22,needs_gaps,Sector needs and gaps,present,1.0,0.95,ok,,274,79e33b9e,deepseek-v4-pro,cf5f2f2e7893658a504c8dbbec4e9d4b1698cfae8a52c5d03d386004216fc734,sync,False,2026-08-30T22:20:29+00:00
cyclone_idai_2019,2019-03-22__api-fast__schema_guided,machine,api-fast,api-fast/schema_guided,2019-03-22,response_actions,Sector response activities,present,1.0,0.95,ok,,157,1d916e3d,deepseek-v4-pro,5938ce06706bc39e6f1531799b759af77a5bed58e73e62624de56b8523a5b95e,sync,False,2026-08-30T22:20:29+00:00
cyclone_idai_2019,2019-03-22__api-fast__schema_guided,machine,api-fast,api-fast/schema_guided,2019-03-22,shelter,Shelter and non-food items,partial,0.5,0.85,ok,,129,7f9fef88,deepseek-v4-pro,3483da94636296baf36c190829a5208af54e939d30f5a9dd46810e54f4d6850d,sync,False,2026-08-30T22:20:29+00:00
cyclone_idai_2019,2019-03-22__api-fast__schema_guided,machine,api-fast,api-fast/schema_guided,2019-03-22,sourcing,Sourcing and attribution,present,1.0,1.0,ok,,101,e2583567,deepseek-v4-pro,3bdde44362faf5be7f61e1cc85f0e4b9102e991af5c41414eb7bd2094c828b66,sync,False,2026-08-30T22:20:29+00:00
cyclone_idai_2019,2019-03-22__api-fast__schema_guided,machine,api-fast,api-fast/schema_guided,2019-03-22,wash,WASH needs and response,present,1.0,0.95,ok,,222,87c7e373,deepseek-v4-pro,9eb7526b0d37ba24c1fdc3e2c94b9d1eb23f16b28e488c553bebe88bd41ee39a,sync,False,2026-08-30T22:20:29+00:00
cyclone_idai_2019,2019-03-22__api-strong__generic,machine,api-strong,api-strong/generic,2019-03-22,access,Access constraints,present,1.0,0.9,ok,,247,85d7e09d,deepseek-v4-pro,e1d57bde8f23ffa91227c58ef3e0f7c2685ad69e40aea14f143f2f1f187d3175,sync,False,2026-08-30T22:20:29+00:00
cyclone_idai_2019,2019-03-22__api-strong__generic,machine,api-strong,api-strong/generic,2019-03-22,casualties,Casualty and affected-population figures,present,1.0,0.95,ok,,220,0768f79b,deepseek-v4-pro,57dec09f07c31a621ec892ed25f6a2b018d94b400d838f0f0ef72123f36e1c0d,sync,False,2026-08-30T22:20:29+00:00
cyclone_idai_2019,2019-03-22__api-strong__generic,machine,api-strong,api-strong/generic,2019-03-22,coordination,Coordination arrangements,partial,0.5,0.7,ok,,191,5971a94b,deepseek-v4-pro,9dc30bb0c9ffa9becde0dc811d4273ce43c10ab5c257fcb775efd044917dff4e,sync,False,2026-08-30T22:20:29+00:00
cyclone_idai_2019,2019-03-22__api-strong__generic,machine,api-strong,api-strong/generic,2019-03-22,currency_and_metadata,Data currency and report metadata,partial,0.5,0.8,ok,,46,7989c7f8,deepseek-v4-pro,846d80c66634fd76eee7b4087479881c3d2e74d4f30ff22ad4217b875eb25b68,sync,False,2026-08-30T22:20:29+00:00
cyclone_idai_2019,2019-03-22__api-strong__generic,machine,api-strong,api-strong/generic,2019-03-22,damage,"Physical, economic and agricultural damage",present,1.0,0.9,ok,,177,71099fa4,deepseek-v4-pro,92f72709753888e002eebd0b8f995cc13b65138689eeee3d5af1d45344c90e2a,sync,False,2026-08-30T22:20:29+00:00
cyclone_idai_2019,2019-03-22__api-strong__generic,machine,api-strong,api-strong/generic,2019-03-22,displacement,Displacement and accommodation sites,partial,0.5,0.85,ok,,168,d1fe8777,deepseek-v4-pro,814dc4d6440c1f1a0929670b6dcc1467f1b408724892ccd4ebee3109ec4cf913,sync,False,2026-08-30T22:20:29+00:00
cyclone_idai_2019,2019-03-22__api-strong__generic,machine,api-strong,api-strong/generic,2019-03-22,education,Education impact and response,partial,0.5,0.85,ok,,127,81b0abe4,deepseek-v4-pro,ed0de36a9bae4950bde889a01709f702611d76f68df6124e7a396bb2d2055a00,sync,False,2026-08-30T22:20:29+00:00
cyclone_idai_2019,2019-03-22__api-strong__generic,machine,api-strong,api-strong/generic,2019-03-22,food,Food security and assistance reach,partial,0.5,0.85,ok,,98,c8187da3,deepseek-v4-pro,a113fab184477edc64342602fa69bf45c57a27421fa6deeea340810ed535a445,sync,False,2026-08-30T22:20:29+00:00
cyclone_idai_2019,2019-03-22__api-strong__generic,machine,api-strong,api-strong/generic,2019-03-22,funding,Funding status and donor contributions,partial,0.5,0.9,ok,,207,4225fd75,deepseek-v4-pro,434223f5184241c36af9a6b5fd1e574f6f368554d345619a3692cbd0313b91be,sync,False,2026-08-30T22:20:29+00:00
cyclone_idai_2019,2019-03-22__api-strong__generic,machine,api-strong,api-strong/generic,2019-03-22,health,"Health, disease outbreak and nutrition",partial,0.5,0.82,ok,,140,826c6382,deepseek-v4-pro,fd83a31d8156c01291ba699c0a2637feb2bac05b02f9c45d17eafe83e68a5831,sync,False,2026-08-30T22:20:29+00:00
cyclone_idai_2019,2019-03-22__api-strong__generic,machine,api-strong,api-strong/generic,2019-03-22,needs_gaps,Sector needs and gaps,present,1.0,0.9,ok,,200,a844fec6,deepseek-v4-pro,f5d51dd0dbbe88c4b072a37ee21dc75174ca194f329aca3c33fc8ccb1be57a98,sync,False,2026-08-30T22:20:29+00:00
cyclone_idai_2019,2019-03-22__api-strong__generic,machine,api-strong,api-strong/generic,2019-03-22,response_actions,Sector response activities,present,1.0,0.97,ok,,173,f1e0acba,deepseek-v4-pro,0ef72dce7961a8f594bdfc845b21ae8c41da76165245b18e7cb4169ab48f41fc,sync,False,2026-08-30T22:20:29+00:00
cyclone_idai_2019,2019-03-22__api-strong__generic,machine,api-strong,api-strong/generic,2019-03-22,shelter,Shelter and non-food items,partial,0.5,0.82,ok,,159,730ce95d,deepseek-v4-pro,2ae2177c56c58f859a61abf62f6fea4d533bdfc397c61262e1a2afdb70066d5b,sync,False,2026-08-30T22:20:29+00:00
cyclone_idai_2019,2019-03-22__api-strong__generic,machine,api-strong,api-strong/generic,2019-03-22,sourcing,Sourcing and attribution,present,1.0,0.95,ok,,89,5f321112,deepseek-v4-pro,b65ceb3ba8e7733f6cfe655e46a84f0675730d607a551bd4fa9e8ec2f8c75b43,sync,False,2026-08-30T22:20:29+00:00
cyclone_idai_2019,2019-03-22__api-strong__generic,machine,api-strong,api-strong/generic,2019-03-22,wash,WASH needs and response,partial,0.5,0.7,ok,,194,f16a259c,deepseek-v4-pro,3fa792e1a4954472a4e190776da330a8c31a1790dfe75c44188be5156bab6718,sync,False,2026-08-30T22:20:29+00:00
cyclone_idai_2019,2019-03-22__api-strong__schema_guided,machine,api-strong,api-strong/schema_guided,2019-03-22,access,Access constraints,present,1.0,0.95,ok,,111,6d6dc1a0,deepseek-v4-pro,d14523b621605a100337154fc57b23d5bcd1659856a2cdf3c4cc7c7818e1a180,sync,False,2026-08-30T22:20:29+00:00
cyclone_idai_2019,2019-03-22__api-strong__schema_guided,machine,api-strong,api-strong/schema_guided,2019-03-22,casualties,Casualty and affected-population figures,present,1.0,0.9,ok,,158,536434cf,deepseek-v4-pro,e8ba6c2d5591bdadd82b8c870741e4d962083aacfaae57866c516e28090b945a,sync,False,2026-08-30T22:20:29+00:00
cyclone_idai_2019,2019-03-22__api-strong__schema_guided,machine,api-strong,api-strong/schema_guided,2019-03-22,coordination,Coordination arrangements,present,1.0,0.8,ok,,174,38786d65,deepseek-v4-pro,e33b17f5ca3c8dff11b7f9dd3d5e3a8c2b39acf6f3c0044b5d7fdab184842ab4,sync,False,2026-08-30T22:20:29+00:00
cyclone_idai_2019,2019-03-22__api-strong__schema_guided,machine,api-strong,api-strong/schema_guided,2019-03-22,currency_and_metadata,Data currency and report metadata,partial,0.5,0.92,ok,,154,934726bd,deepseek-v4-pro,7da3886f908421a57dacd18e23d55a7f2cd69a80d377ef49662a83599b63244a,sync,False,2026-08-30T22:20:29+00:00
cyclone_idai_2019,2019-03-22__api-strong__schema_guided,machine,api-strong,api-strong/schema_guided,2019-03-22,damage,"Physical, economic and agricultural damage",present,1.0,0.95,ok,,181,32317dc0,deepseek-v4-pro,fe2f16d5fe62c1a90ebd4aa45981f3eea7df65ef02c93bf5c2694eb095db13db,sync,False,2026-08-30T22:20:29+00:00
cyclone_idai_2019,2019-03-22__api-strong__schema_guided,machine,api-strong,api-strong/schema_guided,2019-03-22,displacement,Displacement and accommodation sites,present,1.0,0.9,ok,,156,22e12bed,deepseek-v4-pro,af7224d44f5694655f22e3f3255fbaa9cefce0f70454563de5c9ceaafb9ee5f0,sync,False,2026-08-30T22:20:29+00:00
cyclone_idai_2019,2019-03-22__api-strong__schema_guided,machine,api-strong,api-strong/schema_guided,2019-03-22,education,Education impact and response,partial,0.5,0.8,ok,,121,eeb92afb,deepseek-v4-pro,3ba93d705a32ba4905de9404238421742b075930efb529615feb3fdcf7e53f0f,sync,False,2026-08-30T22:20:29+00:00
cyclone_idai_2019,2019-03-22__api-strong__schema_guided,machine,api-strong,api-strong/schema_guided,2019-03-22,food,Food security and assistance reach,partial,0.5,0.85,ok,,203,4462a32a,deepseek-v4-pro,16a6c6db3288a650809697086ae20321680531d76da291dacc1c146812bfead7,sync,False,2026-08-30T22:20:29+00:00
cyclone_idai_2019,2019-03-22__api-strong__schema_guided,machine,api-strong,api-strong/schema_guided,2019-03-22,funding,Funding status and donor contributions,partial,0.5,0.9,ok,,151,8159720f,deepseek-v4-pro,80df90c6da3c056ff5a17d7913a250a34acd8b532a9e25f9b081bd4dc42e9567,sync,False,2026-08-30T22:20:29+00:00
cyclone_idai_2019,2019-03-22__api-strong__schema_guided,machine,api-strong,api-strong/schema_guided,2019-03-22,health,"Health, disease outbreak and nutrition",partial,0.5,0.9,ok,,112,4748727f,deepseek-v4-pro,ebe46fa28e601d485c9bb41b20757d83a02495abf4e431098d5264d9f7c684ab,sync,False,2026-08-30T22:20:29+00:00
cyclone_idai_2019,2019-03-22__api-strong__schema_guided,machine,api-strong,api-strong/schema_guided,2019-03-22,needs_gaps,Sector needs and gaps,present,1.0,0.9,ok,,185,6d73232b,deepseek-v4-pro,ff02f28282ad1a514870c824088fe1eb84a893d273694afacc348e42d855d050,sync,False,2026-08-30T22:20:29+00:00
cyclone_idai_2019,2019-03-22__api-strong__schema_guided,machine,api-strong,api-strong/schema_guided,2019-03-22,response_actions,Sector response activities,present,1.0,0.97,ok,,282,8a86455a,deepseek-v4-pro,a78b664a4de49b16ea4e7fe219208bc39c126d18fb4dd56cc3e1838a1fd7040f,sync,False,2026-08-30T22:20:29+00:00
cyclone_idai_2019,2019-03-22__api-strong__schema_guided,machine,api-strong,api-strong/schema_guided,2019-03-22,shelter,Shelter and non-food items,present,1.0,0.9,ok,,183,7a7bdfc7,deepseek-v4-pro,975ee47756d1557127fe91926a8fe92bd71c663a25dda58571238bfeee224777,sync,False,2026-08-30T22:20:29+00:00
cyclone_idai_2019,2019-03-22__api-strong__schema_guided,machine,api-strong,api-strong/schema_guided,2019-03-22,sourcing,Sourcing and attribution,present,1.0,0.98,ok,,218,bc9f8c98,deepseek-v4-pro,5244679eaffbe6bfa322ebdd08cfb3dfcd887ec320cf0c86d5eaad3a28ae20b4,sync,False,2026-08-30T22:20:29+00:00
cyclone_idai_2019,2019-03-22__api-strong__schema_guided,machine,api-strong,api-strong/schema_guided,2019-03-22,wash,WASH needs and response,present,1.0,0.9,ok,,190,fdefa3d2,deepseek-v4-pro,2d415ff52d32cfc72320bb948b273f16f7b502219396fd5773c9e60861ae022a,sync,False,2026-08-30T22:20:29+00:00
cyclone_idai_2019,2019-03-23__api-fast__generic,machine,api-fast,api-fast/generic,2019-03-23,access,Access constraints,present,1.0,0.9,ok,,108,26627dfe,deepseek-v4-pro,b71101c54d6b6354b352cc100f026a9c796e49a9de597d4c5f91079f25b13ae6,sync,False,2026-08-30T22:20:29+00:00
cyclone_idai_2019,2019-03-23__api-fast__generic,machine,api-fast,api-fast/generic,2019-03-23,casualties,Casualty and affected-population figures,present,1.0,0.95,ok,,191,aa31681f,deepseek-v4-pro,140c8b97601fde6f1076d5c820bb640a743d494d0abdeda517815ec11fdaf675,sync,False,2026-08-30T22:20:29+00:00
cyclone_idai_2019,2019-03-23__api-fast__generic,machine,api-fast,api-fast/generic,2019-03-23,coordination,Coordination arrangements,partial,0.5,0.7,ok,,168,5cc081c0,deepseek-v4-pro,bee8fc525a5a5651f9f121de08526d1d2aca257076a43720d27a6fdeaf6425b3,sync,False,2026-08-30T22:20:29+00:00
cyclone_idai_2019,2019-03-23__api-fast__generic,machine,api-fast,api-fast/generic,2019-03-23,currency_and_metadata,Data currency and report metadata,partial,0.5,0.9,ok,,159,5e3f91c0,deepseek-v4-pro,dc060b963ccaae7ada043ded93006b88c10730a1e805381abbdb6101379ca3fa,sync,False,2026-08-30T22:20:29+00:00
cyclone_idai_2019,2019-03-23__api-fast__generic,machine,api-fast,api-fast/generic,2019-03-23,damage,"Physical, economic and agricultural damage",present,1.0,0.85,ok,,166,f1b0f59f,deepseek-v4-pro,4a79954127d102ec1dfafb293e1581036c7b7d66bd61d30dde56650a6afb9d20,sync,False,2026-08-30T22:20:29+00:00
cyclone_idai_2019,2019-03-23__api-fast__generic,machine,api-fast,api-fast/generic,2019-03-23,displacement,Displacement and accommodation sites,partial,0.5,0.7,ok,,103,22260676,deepseek-v4-pro,275b27d03aeec2f8a60299d9c48b0d09662e38eaa3762da7d0c34581cc1e39b8,sync,False,2026-08-30T22:20:29+00:00
cyclone_idai_2019,2019-03-23__api-fast__generic,machine,api-fast,api-fast/generic,2019-03-23,education,Education impact and response,partial,0.5,0.9,ok,,166,f1b0f59f,deepseek-v4-pro,132b40517925e5c0ecdf411ff149f2186f5edde05f666ced4c866823358640a3,sync,False,2026-08-30T22:20:29+00:00
cyclone_idai_2019,2019-03-23__api-fast__generic,machine,api-fast,api-fast/generic,2019-03-23,food,Food security and assistance reach,partial,0.5,0.8,ok,,167,b1a2ba4d,deepseek-v4-pro,aa714bd2de89c07c5d9c0baf3870b2bd26beb4e8ed8207febe4eda999eec6a08,sync,False,2026-08-30T22:20:29+00:00
cyclone_idai_2019,2019-03-23__api-fast__generic,machine,api-fast,api-fast/generic,2019-03-23,funding,Funding status and donor contributions,partial,0.5,0.85,ok,,253,0779f8bc,deepseek-v4-pro,86c1f5545457f78d4fa5773301ab9dacd03bf1a12fe4b499bb38f19bc75a758a,sync,False,2026-08-30T22:20:29+00:00
cyclone_idai_2019,2019-03-23__api-fast__generic,machine,api-fast,api-fast/generic,2019-03-23,health,"Health, disease outbreak and nutrition",partial,0.5,0.8,ok,,118,f87c4380,deepseek-v4-pro,e5dbc18125da0e00d7ab095f147aed9326ddc503ea26ddb8a953db1990566f81,sync,False,2026-08-30T22:20:29+00:00
cyclone_idai_2019,2019-03-23__api-fast__generic,machine,api-fast,api-fast/generic,2019-03-23,needs_gaps,Sector needs and gaps,present,1.0,0.85,ok,,280,d0b6e9dd,deepseek-v4-pro,34ddf4bc85a4f8994f1060c00ba12620501ed177fbd7cfcc87c314896558dca8,sync,False,2026-08-30T22:20:29+00:00
cyclone_idai_2019,2019-03-23__api-fast__generic,machine,api-fast,api-fast/generic,2019-03-23,response_actions,Sector response activities,present,1.0,0.95,ok,,119,70b1f793,deepseek-v4-pro,8097a35256a6893b833c68e4c6f333f8bfa66b5be29c1f5a5435bc4f0e3097fd,sync,False,2026-08-30T22:20:29+00:00
cyclone_idai_2019,2019-03-23__api-fast__generic,machine,api-fast,api-fast/generic,2019-03-23,shelter,Shelter and non-food items,partial,0.5,0.85,ok,,182,25917511,deepseek-v4-pro,9a8d19182027fc217c4ceebec74d38de6d763aeeb3dcd2b551a0502ea6147991,sync,False,2026-08-30T22:20:29+00:00
cyclone_idai_2019,2019-03-23__api-fast__generic,machine,api-fast,api-fast/generic,2019-03-23,sourcing,Sourcing and attribution,present,1.0,0.95,ok,,142,98680326,deepseek-v4-pro,b6da0555c045b2ceffec316b00b202cf5f5f754c25b82185e017c304a51cf06d,sync,False,2026-08-30T22:20:29+00:00
cyclone_idai_2019,2019-03-23__api-fast__generic,machine,api-fast,api-fast/generic,2019-03-23,wash,WASH needs and response,partial,0.5,0.9,ok,,198,890d86e1,deepseek-v4-pro,a6eab9b65d6d39217f3e35df021f737062738f47a3705296498f4f361818161b,sync,False,2026-08-30T22:20:29+00:00
cyclone_idai_2019,2019-03-23__api-fast__schema_guided,machine,api-fast,api-fast/schema_guided,2019-03-23,access,Access constraints,present,1.0,0.96,ok,,166,71005a16,deepseek-v4-pro,02ea5f8e2a5935c73970a896687b4a58633da5897dda03b16aee94f36c5c4bd6,sync,False,2026-08-30T22:20:29+00:00
cyclone_idai_2019,2019-03-23__api-fast__schema_guided,machine,api-fast,api-fast/schema_guided,2019-03-23,casualties,Casualty and affected-population figures,present,1.0,0.95,ok,,242,19ef06c0,deepseek-v4-pro,a61a08e1904cbdcd72a0e2a19fadbf4de2e6a0dda3c8e9d43be2643a69fb3786,sync,False,2026-08-30T22:20:29+00:00
cyclone_idai_2019,2019-03-23__api-fast__schema_guided,machine,api-fast,api-fast/schema_guided,2019-03-23,coordination,Coordination arrangements,partial,0.5,0.72,ok,,127,fb1852ec,deepseek-v4-pro,16480b3317bd43a1a2e38e5484706609bbdc4777e902ff1c2703f8533d713192,sync,False,2026-08-30T22:20:29+00:00
cyclone_idai_2019,2019-03-23__api-fast__schema_guided,machine,api-fast,api-fast/schema_guided,2019-03-23,currency_and_metadata,Data currency and report metadata,partial,0.5,0.9,ok,,194,51a58b6c,deepseek-v4-pro,7a17726dc26648f80855fa0041400361c47001ea1fea5708073442a8b4400ee5,sync,False,2026-08-30T22:20:29+00:00
cyclone_idai_2019,2019-03-23__api-fast__schema_guided,machine,api-fast,api-fast/schema_guided,2019-03-23,damage,"Physical, economic and agricultural damage",present,1.0,0.95,ok,,164,030cce8e,deepseek-v4-pro,e6308d26506144b352d27cb184de15240873f63210434c877d109f4e0f5a5005,sync,False,2026-08-30T22:20:29+00:00
cyclone_idai_2019,2019-03-23__api-fast__schema_guided,machine,api-fast,api-fast/schema_guided,2019-03-23,displacement,Displacement and accommodation sites,partial,0.5,0.9,ok,,170,33e797ac,deepseek-v4-pro,6408829f171c43a05bf1557ebddf103c3334b67fb75f3e819a2e8703d143ce70,sync,False,2026-08-30T22:20:29+00:00
cyclone_idai_2019,2019-03-23__api-fast__schema_guided,machine,api-fast,api-fast/schema_guided,2019-03-23,education,Education impact and response,partial,0.5,0.9,ok,,86,502f8830,deepseek-v4-pro,930162219ae2a9028c7c0397e1d731432c85a217bdb296d39ffe340416cfb506,sync,False,2026-08-30T22:20:29+00:00
cyclone_idai_2019,2019-03-23__api-fast__schema_guided,machine,api-fast,api-fast/schema_guided,2019-03-23,food,Food security and assistance reach,present,1.0,0.9,ok,,196,38224843,deepseek-v4-pro,f322f8bc89c5cbf9f3d89edf9fb0b9d7917fa7bee54a9dd85b15b67f4a8ae107,sync,False,2026-08-30T22:20:29+00:00
cyclone_idai_2019,2019-03-23__api-fast__schema_guided,machine,api-fast,api-fast/schema_guided,2019-03-23,funding,Funding status and donor contributions,partial,0.5,0.9,ok,,205,ac5d7ac9,deepseek-v4-pro,c325aa9429e91c7139543650f31d06a1b3581ed330f71031c24c95dab462186c,sync,False,2026-08-30T22:20:29+00:00
cyclone_idai_2019,2019-03-23__api-fast__schema_guided,machine,api-fast,api-fast/schema_guided,2019-03-23,health,"Health, disease outbreak and nutrition",partial,0.5,0.8,ok,,200,03e34faf,deepseek-v4-pro,2343a1737961169ad09d3b7e6ed664c08e28ab1bcb25e586ddfd97877091d1ed,sync,False,2026-08-30T22:20:29+00:00
cyclone_idai_2019,2019-03-23__api-fast__schema_guided,machine,api-fast,api-fast/schema_guided,2019-03-23,needs_gaps,Sector needs and gaps,present,1.0,0.9,ok,,346,3b1027b5,deepseek-v4-pro,d3ddb9ca5cb9d9c8db7c7b24348343a0d27a8e0519bf60c141f8b963a6b6a607,sync,False,2026-08-30T22:20:29+00:00
cyclone_idai_2019,2019-03-23__api-fast__schema_guided,machine,api-fast,api-fast/schema_guided,2019-03-23,response_actions,Sector response activities,present,1.0,0.95,ok,,271,1cd43367,deepseek-v4-pro,2f93482eaf48e510995873f67cef4831d3fa4e393b77029c7bcad4d4be72a783,sync,False,2026-08-30T22:20:29+00:00
cyclone_idai_2019,2019-03-23__api-fast__schema_guided,machine,api-fast,api-fast/schema_guided,2019-03-23,shelter,Shelter and non-food items,partial,0.5,0.8,ok,,183,7a2113c5,deepseek-v4-pro,39e445ca89262bef5fda3a2b37302d22b1fc2ce126e8cb98fd787464926c3268,sync,False,2026-08-30T22:20:29+00:00
cyclone_idai_2019,2019-03-23__api-fast__schema_guided,machine,api-fast,api-fast/schema_guided,2019-03-23,sourcing,Sourcing and attribution,present,1.0,1.0,ok,,232,65c80596,deepseek-v4-pro,a64adaf69c2555459a3fca420b7b339482ff3b48ed90caa9f553d6f84119fe72,sync,False,2026-08-30T22:20:29+00:00
cyclone_idai_2019,2019-03-23__api-fast__schema_guided,machine,api-fast,api-fast/schema_guided,2019-03-23,wash,WASH needs and response,partial,0.5,0.88,ok,,123,85e1019f,deepseek-v4-pro,b16c6ecad26f1c9afc8ec5acd426e042fe77f904151a4daf4ed327bee56ebd83,sync,False,2026-08-30T22:20:29+00:00
cyclone_idai_2019,2019-03-23__api-strong__generic,machine,api-strong,api-strong/generic,2019-03-23,access,Access constraints,present,1.0,0.9,ok,,170,59b8c446,deepseek-v4-pro,29367297242a77be88003067a77632c1d13492706558ade813bf143e9234820b,sync,False,2026-08-30T22:20:29+00:00
cyclone_idai_2019,2019-03-23__api-strong__generic,machine,api-strong,api-strong/generic,2019-03-23,casualties,Casualty and affected-population figures,present,1.0,0.95,ok,,164,f2e510bb,deepseek-v4-pro,ddb699e36e520b687814f561694adfdc2055e0080875431fc427cca713f63acf,sync,False,2026-08-30T22:20:29+00:00
cyclone_idai_2019,2019-03-23__api-strong__generic,machine,api-strong,api-strong/generic,2019-03-23,coordination,Coordination arrangements,partial,0.5,0.65,ok,,119,7b320a02,deepseek-v4-pro,f73ec2d0499ed094d1a96d13f76f5c8703d82a294e4be3cae96b6a7e3835b2b3,sync,False,2026-08-30T22:20:29+00:00
cyclone_idai_2019,2019-03-23__api-strong__generic,machine,api-strong,api-strong/generic,2019-03-23,currency_and_metadata,Data currency and report metadata,partial,0.5,0.8,ok,,46,b614988c,deepseek-v4-pro,cc7085920d9e6ccbb8fd60d32e28f7b693a4347b6f91e68a5dc8d5fb58657af4,sync,False,2026-08-30T22:20:29+00:00
cyclone_idai_2019,2019-03-23__api-strong__generic,machine,api-strong,api-strong/generic,2019-03-23,damage,"Physical, economic and agricultural damage",partial,0.5,0.72,ok,,141,cb93e755,deepseek-v4-pro,ab625ccb6bdbed5bb813208064fd85079f55a3c6d2a597b7dfde862aeb4a3901,sync,False,2026-08-30T22:20:29+00:00
cyclone_idai_2019,2019-03-23__api-strong__generic,machine,api-strong,api-strong/generic,2019-03-23,displacement,Displacement and accommodation sites,partial,0.5,0.75,ok,,105,80002c19,deepseek-v4-pro,0f9df712a719436385d54fa3a120b80187ce07f6cfee3c27f4bd24e5ded3c2fe,sync,False,2026-08-30T22:20:29+00:00
cyclone_idai_2019,2019-03-23__api-strong__generic,machine,api-strong,api-strong/generic,2019-03-23,education,Education impact and response,partial,0.5,0.9,ok,,52,14c4dfdd,deepseek-v4-pro,0b2cb222313506e88cd6bdbbd532d2d1677c0d2fc68665e6871a9d29c7a10d75,sync,False,2026-08-30T22:20:29+00:00
cyclone_idai_2019,2019-03-23__api-strong__generic,machine,api-strong,api-strong/generic,2019-03-23,food,Food security and assistance reach,partial,0.5,0.85,ok,,176,081a9cb8,deepseek-v4-pro,c6b1d2eb98bfebf6449d1bab4b0a99af5985dfdd86d889fc802f51a5d9752082,sync,False,2026-08-30T22:20:29+00:00
cyclone_idai_2019,2019-03-23__api-strong__generic,machine,api-strong,api-strong/generic,2019-03-23,funding,Funding status and donor contributions,partial,0.5,0.85,ok,,127,33cbecf3,deepseek-v4-pro,d03136b1959762950adf70fdf7b39ff76ec018daefad9e66782f8ca8dbd4f13d,sync,False,2026-08-30T22:20:29+00:00
cyclone_idai_2019,2019-03-23__api-strong__generic,machine,api-strong,api-strong/generic,2019-03-23,health,"Health, disease outbreak and nutrition",partial,0.5,0.9,ok,,186,7bb37c66,deepseek-v4-pro,dcd209d903fd615567883e74cfd00c9206b3fd1de21c7a8dd6f98924044d71ac,sync,False,2026-08-30T22:20:29+00:00
cyclone_idai_2019,2019-03-23__api-strong__generic,machine,api-strong,api-strong/generic,2019-03-23,needs_gaps,Sector needs and gaps,present,1.0,0.9,ok,,195,12c97151,deepseek-v4-pro,d645043673ca7b169fac60bc7d96fc5ba25862bae0a0406f03934914cdb5c7bb,sync,False,2026-08-30T22:20:29+00:00
cyclone_idai_2019,2019-03-23__api-strong__generic,machine,api-strong,api-strong/generic,2019-03-23,response_actions,Sector response activities,present,1.0,1.0,ok,,243,41602060,deepseek-v4-pro,5bbbf61ff4810bd5383c74a3d869b1ed59879931b441d945d03494c2a5d6ec5d,sync,False,2026-08-30T22:20:29+00:00
cyclone_idai_2019,2019-03-23__api-strong__generic,machine,api-strong,api-strong/generic,2019-03-23,shelter,Shelter and non-food items,partial,0.5,0.8,ok,,182,78e5ec01,deepseek-v4-pro,9e2751b0e4c355a72517488e5879d501285206a433bfdb2e1ac1e033333b7391,sync,False,2026-08-30T22:20:29+00:00
cyclone_idai_2019,2019-03-23__api-strong__generic,machine,api-strong,api-strong/generic,2019-03-23,sourcing,Sourcing and attribution,present,1.0,1.0,ok,,166,047e28c0,deepseek-v4-pro,a6df2fefc90b6476938bddfeb7a1ac31b62e560a68ac75732b982af33b0942f6,sync,False,2026-08-30T22:20:29+00:00
cyclone_idai_2019,2019-03-23__api-strong__generic,machine,api-strong,api-strong/generic,2019-03-23,wash,WASH needs and response,partial,0.5,0.8,ok,,197,6c6aa0ea,deepseek-v4-pro,bb8216d7c17e4a234afe8babef85419d19fc5f1fe92a138c405911c6d0a320a2,sync,False,2026-08-30T22:20:29+00:00
cyclone_idai_2019,2019-03-23__api-strong__schema_guided,machine,api-strong,api-strong/schema_guided,2019-03-23,access,Access constraints,present,1.0,0.95,ok,,163,e09520ec,deepseek-v4-pro,7041abe68268cc2320b7907cb0189bb6a1bdb404a41d4e9051dbe23b63f5112f,sync,False,2026-08-30T22:20:29+00:00
cyclone_idai_2019,2019-03-23__api-strong__schema_guided,machine,api-strong,api-strong/schema_guided,2019-03-23,casualties,Casualty and affected-population figures,present,1.0,0.96,ok,,198,8561f593,deepseek-v4-pro,055f7074ceddf790f9f84d61b8e7f8ba76763e08099951e587649a02d8eaa794,sync,False,2026-08-30T22:20:29+00:00
cyclone_idai_2019,2019-03-23__api-strong__schema_guided,machine,api-strong,api-strong/schema_guided,2019-03-23,coordination,Coordination arrangements,partial,0.5,0.78,ok,,165,4250994a,deepseek-v4-pro,850e418980ecc4faecbcf887d657ffee59811aaaac570822b96dca39f8e3a0c0,sync,False,2026-08-30T22:20:29+00:00
cyclone_idai_2019,2019-03-23__api-strong__schema_guided,machine,api-strong,api-strong/schema_guided,2019-03-23,currency_and_metadata,Data currency and report metadata,partial,0.5,0.95,ok,,148,765948a0,deepseek-v4-pro,d104a01571e64d5c955babdba15f1a81305e7814174078048ecc53f2ace40a47,sync,False,2026-08-30T22:20:29+00:00
cyclone_idai_2019,2019-03-23__api-strong__schema_guided,machine,api-strong,api-strong/schema_guided,2019-03-23,damage,"Physical, economic and agricultural damage",present,1.0,0.95,ok,,152,c612fcbc,deepseek-v4-pro,c18ed908bebd3c8f5842850485a14e0c3a876e6ebe078cfd3a897ea87c97beb4,sync,False,2026-08-30T22:20:29+00:00
cyclone_idai_2019,2019-03-23__api-strong__schema_guided,machine,api-strong,api-strong/schema_guided,2019-03-23,displacement,Displacement and accommodation sites,partial,0.5,0.85,ok,,135,51977926,deepseek-v4-pro,aa79bebcbc09e92568124683b6b4aee83c1bfc40af11aea55e3a94312569d159,sync,False,2026-08-30T22:20:29+00:00
cyclone_idai_2019,2019-03-23__api-strong__schema_guided,machine,api-strong,api-strong/schema_guided,2019-03-23,education,Education impact and response,partial,0.5,0.75,ok,,68,01e004ac,deepseek-v4-pro,3e48eedcc4613aa0c2041dfc315a636c1648615540c0073bddf330ef1b30acc2,sync,False,2026-08-30T22:20:29+00:00
cyclone_idai_2019,2019-03-23__api-strong__schema_guided,machine,api-strong,api-strong/schema_guided,2019-03-23,food,Food security and assistance reach,present,1.0,0.9,ok,,234,2f5185dc,deepseek-v4-pro,8a2007bdbc00622a98093ec57f12be263b52941e80f5260ee59b11260965c144,sync,False,2026-08-30T22:20:29+00:00
cyclone_idai_2019,2019-03-23__api-strong__schema_guided,machine,api-strong,api-strong/schema_guided,2019-03-23,funding,Funding status and donor contributions,partial,0.5,0.9,ok,,253,13ae3678,deepseek-v4-pro,2128cc768076592f75cf8bc753dcfca39a4f5ee8f5ead5bcbab12e649385fbce,sync,False,2026-08-30T22:20:29+00:00
cyclone_idai_2019,2019-03-23__api-strong__schema_guided,machine,api-strong,api-strong/schema_guided,2019-03-23,health,"Health, disease outbreak and nutrition",partial,0.5,0.9,ok,,202,a7b07cbb,deepseek-v4-pro,9ef218178dd5d41bfd379b19e6966d5bbbc40f3834e1d6b6d2315cd91845a2ed,sync,False,2026-08-30T22:20:29+00:00
cyclone_idai_2019,2019-03-23__api-strong__schema_guided,machine,api-strong,api-strong/schema_guided,2019-03-23,needs_gaps,Sector needs and gaps,present,1.0,0.9,ok,,168,9bdb0953,deepseek-v4-pro,673c892f135d0ba8960b94c1c6a41d0fd93bf4b6e54fd44034a38bbf12952c72,sync,False,2026-08-30T22:20:29+00:00
cyclone_idai_2019,2019-03-23__api-strong__schema_guided,machine,api-strong,api-strong/schema_guided,2019-03-23,response_actions,Sector response activities,present,1.0,1.0,ok,,229,37201047,deepseek-v4-pro,3cab97537b7bf05b328f7b7a7b92ec34b0e6dbe8126b80d5818ccd24cece668d,sync,False,2026-08-30T22:20:29+00:00
cyclone_idai_2019,2019-03-23__api-strong__schema_guided,machine,api-strong,api-strong/schema_guided,2019-03-23,shelter,Shelter and non-food items,partial,0.5,0.82,ok,,206,71744a4d,deepseek-v4-pro,2e3bf8c742a0fd2e5455cc74e3430bb436f6e6627ce233b9966cb1755a5988de,sync,False,2026-08-30T22:20:29+00:00
cyclone_idai_2019,2019-03-23__api-strong__schema_guided,machine,api-strong,api-strong/schema_guided,2019-03-23,sourcing,Sourcing and attribution,present,1.0,0.95,ok,,90,c1a93ffd,deepseek-v4-pro,1adad304bf3604fca0eff3caf06339d732d6206fff62368ce7a8e420d6c62d40,sync,False,2026-08-30T22:20:29+00:00
cyclone_idai_2019,2019-03-23__api-strong__schema_guided,machine,api-strong,api-strong/schema_guided,2019-03-23,wash,WASH needs and response,present,1.0,0.9,ok,,260,9c1f1a68,deepseek-v4-pro,871df8c0cacae6fb641a2d752631850f73d587ae85335cb93570ca7c80c876e2,sync,False,2026-08-30T22:20:29+00:00
cyclone_idai_2019,2019-03-24__api-fast__generic,machine,api-fast,api-fast/generic,2019-03-24,access,Access constraints,present,1.0,0.9,ok,,160,b401853a,deepseek-v4-pro,42142c49999d4e132073bff912fec6ca1c5c653c25b6b6feefde8a8a6ab25a9f,sync,False,2026-08-30T22:20:29+00:00
cyclone_idai_2019,2019-03-24__api-fast__generic,machine,api-fast,api-fast/generic,2019-03-24,casualties,Casualty and affected-population figures,present,1.0,0.95,ok,,123,4834564b,deepseek-v4-pro,fbebaf4d1884dc20fdd67d5a5ca8b4bbc54621058c73e0a467c6e7fb62fe040b,sync,False,2026-08-30T22:20:29+00:00
cyclone_idai_2019,2019-03-24__api-fast__generic,machine,api-fast,api-fast/generic,2019-03-24,coordination,Coordination arrangements,absent,0.0,0.92,ok,,0,,deepseek-v4-pro,42ab4a8434394e8199e75975da4f1534a0ba19a27fa87d984e3a5e06996708e6,sync,False,2026-08-30T22:20:29+00:00
cyclone_idai_2019,2019-03-24__api-fast__generic,machine,api-fast,api-fast/generic,2019-03-24,currency_and_metadata,Data currency and report metadata,partial,0.5,0.8,ok,,64,93deeb66,deepseek-v4-pro,95d94f0e90f73c610a994d8cec3af3c0b31341978bd28ed376ae5210fb2d1a3a,sync,False,2026-08-30T22:20:29+00:00
cyclone_idai_2019,2019-03-24__api-fast__generic,machine,api-fast,api-fast/generic,2019-03-24,damage,"Physical, economic and agricultural damage",present,1.0,0.95,ok,,165,f5e1451f,deepseek-v4-pro,668624e64e07d154e21fdda44f84cd6202f23121e16cbf0088947bd75c68daf7,sync,False,2026-08-30T22:20:29+00:00
cyclone_idai_2019,2019-03-24__api-fast__generic,machine,api-fast,api-fast/generic,2019-03-24,displacement,Displacement and accommodation sites,partial,0.5,0.85,ok,,152,46706260,deepseek-v4-pro,7968e31b3aac7e585f3e12b44eefffdf2dd86302ac688c6e7bb04a0d84d41725,sync,False,2026-08-30T22:20:29+00:00
cyclone_idai_2019,2019-03-24__api-fast__generic,machine,api-fast,api-fast/generic,2019-03-24,education,Education impact and response,partial,0.5,0.9,ok,,127,f871ebb8,deepseek-v4-pro,aa2046a199bfc321d0791ab2704d65d5187fb408b060c7b9d43a78fdd46853c1,sync,False,2026-08-30T22:20:29+00:00
cyclone_idai_2019,2019-03-24__api-fast__generic,machine,api-fast,api-fast/generic,2019-03-24,food,Food security and assistance reach,partial,0.5,0.8,ok,,158,9604130a,deepseek-v4-pro,0fd576ad974e85bbe5af56d18da871d78f3c96003fd40f2371241f0cf5e18571,sync,False,2026-08-30T22:20:29+00:00
cyclone_idai_2019,2019-03-24__api-fast__generic,machine,api-fast,api-fast/generic,2019-03-24,funding,Funding status and donor contributions,partial,0.5,0.85,ok,,165,1710ced0,deepseek-v4-pro,807f3556e2326d8a783835d719bd4563db4805cce08806069330b7e2112ba1fe,sync,False,2026-08-30T22:20:29+00:00
cyclone_idai_2019,2019-03-24__api-fast__generic,machine,api-fast,api-fast/generic,2019-03-24,health,"Health, disease outbreak and nutrition",absent,0.0,0.95,ok,,0,,deepseek-v4-pro,76c3375d614146a4da829995139c68af2c10fa9e1b7322e4598c905477345496,sync,False,2026-08-30T22:20:29+00:00
cyclone_idai_2019,2019-03-24__api-fast__generic,machine,api-fast,api-fast/generic,2019-03-24,needs_gaps,Sector needs and gaps,partial,0.5,0.75,ok,,206,2f11f8e4,deepseek-v4-pro,512a090b7b3ef0d9973d998df758245d2258d5d5cc1adf5d8eb604665f44d863,sync,False,2026-08-30T22:20:29+00:00
cyclone_idai_2019,2019-03-24__api-fast__generic,machine,api-fast,api-fast/generic,2019-03-24,response_actions,Sector response activities,present,1.0,0.95,ok,,220,25566a8b,deepseek-v4-pro,194c1c21a2ecd23932a11ff637441ae5a69438e69b34f00fe0412a2794498c8c,sync,False,2026-08-30T22:20:29+00:00
cyclone_idai_2019,2019-03-24__api-fast__generic,machine,api-fast,api-fast/generic,2019-03-24,shelter,Shelter and non-food items,partial,0.5,0.8,ok,,224,0c84442b,deepseek-v4-pro,472b8ed9cc50a38dbea8dfd2e7191536eadab84830384e53e2b520c4e57bdc19,sync,False,2026-08-30T22:20:29+00:00
cyclone_idai_2019,2019-03-24__api-fast__generic,machine,api-fast,api-fast/generic,2019-03-24,sourcing,Sourcing and attribution,present,1.0,0.95,ok,,123,4834564b,deepseek-v4-pro,0c3ba698cee2e6f1076dd71b002a53c57a1237566ec19eaf4412207fc85cc564,sync,False,2026-08-30T22:20:29+00:00
cyclone_idai_2019,2019-03-24__api-fast__generic,machine,api-fast,api-fast/generic,2019-03-24,wash,WASH needs and response,partial,0.5,0.8,ok,,124,570bc511,deepseek-v4-pro,784d007d4213d0a1f5dfc8e583c39266ad9e2086b7903523baa83f160eeb56e7,sync,False,2026-08-30T22:20:29+00:00
cyclone_idai_2019,2019-03-24__api-fast__schema_guided,machine,api-fast,api-fast/schema_guided,2019-03-24,access,Access constraints,present,1.0,0.95,ok,,146,fd3ce5ef,deepseek-v4-pro,c68cb8d07f274baaa8150bc6af9cc6eb7c8cf4702dd00d65078d7e0a3647faa0,sync,False,2026-08-30T22:20:29+00:00
cyclone_idai_2019,2019-03-24__api-fast__schema_guided,machine,api-fast,api-fast/schema_guided,2019-03-24,casualties,Casualty and affected-population figures,present,1.0,0.95,ok,,248,2d749549,deepseek-v4-pro,9d6c537a23ac8c79e8120a660b7f85867574cb7303d84efdc7851bcc85adade7,sync,False,2026-08-30T22:20:29+00:00
cyclone_idai_2019,2019-03-24__api-fast__schema_guided,machine,api-fast,api-fast/schema_guided,2019-03-24,coordination,Coordination arrangements,partial,0.5,0.82,ok,,168,9ccd2294,deepseek-v4-pro,8490854b7e066f0fac26b977afba029b1fbe4930387a70f772aead34c9f81e1b,sync,False,2026-08-30T22:20:29+00:00
cyclone_idai_2019,2019-03-24__api-fast__schema_guided,machine,api-fast,api-fast/schema_guided,2019-03-24,currency_and_metadata,Data currency and report metadata,partial,0.5,0.9,ok,,135,edb18c1d,deepseek-v4-pro,bc55020405790af09540faa11311b0845e2454ee012027907abde79f99d5be7f,sync,False,2026-08-30T22:20:29+00:00
cyclone_idai_2019,2019-03-24__api-fast__schema_guided,machine,api-fast,api-fast/schema_guided,2019-03-24,damage,"Physical, economic and agricultural damage",present,1.0,0.95,ok,,149,dd087e02,deepseek-v4-pro,cc4b21ef95309a9c71742786db22655cfb3295d483ac6c2e4c7c55b313d3774d,sync,False,2026-08-30T22:20:29+00:00
cyclone_idai_2019,2019-03-24__api-fast__schema_guided,machine,api-fast,api-fast/schema_guided,2019-03-24,displacement,Displacement and accommodation sites,partial,0.5,0.85,ok,,138,1de1436e,deepseek-v4-pro,645ba3a255ad906862b060fb7683849538845a08574085f3ee4ab991cd4e5a60,sync,False,2026-08-30T22:20:29+00:00
cyclone_idai_2019,2019-03-24__api-fast__schema_guided,machine,api-fast,api-fast/schema_guided,2019-03-24,education,Education impact and response,partial,0.5,0.9,ok,,209,33f0c9a2,deepseek-v4-pro,c52ff293b195eb5da62f49e011cb2065eed509efa718c50bdfb3c90dc70deb72,sync,False,2026-08-30T22:20:29+00:00
cyclone_idai_2019,2019-03-24__api-fast__schema_guided,machine,api-fast,api-fast/schema_guided,2019-03-24,food,Food security and assistance reach,partial,0.5,0.9,ok,,265,e606afe1,deepseek-v4-pro,9cff0525dc80569b82214d5b8970d032cbb281a85b2a46b9052aeb8a222f960b,sync,False,2026-08-30T22:20:29+00:00
cyclone_idai_2019,2019-03-24__api-fast__schema_guided,machine,api-fast,api-fast/schema_guided,2019-03-24,funding,Funding status and donor contributions,partial,0.5,0.9,ok,,156,5ee59e1f,deepseek-v4-pro,47468c6cce2e41c40c4a4e30bcec7a7f07af598fe25215b258dbe62ccdfa9c86,sync,False,2026-08-30T22:20:29+00:00
cyclone_idai_2019,2019-03-24__api-fast__schema_guided,machine,api-fast,api-fast/schema_guided,2019-03-24,health,"Health, disease outbreak and nutrition",absent,0.0,0.95,ok,,0,,deepseek-v4-pro,542d1de238197027d9e6b81f4d9fd93467e36e7601ed45209b59ade120a59906,sync,False,2026-08-30T22:20:29+00:00
cyclone_idai_2019,2019-03-24__api-fast__schema_guided,machine,api-fast,api-fast/schema_guided,2019-03-24,needs_gaps,Sector needs and gaps,present,1.0,0.9,ok,,163,7160219c,deepseek-v4-pro,de4a8355bafcc8592704ecce14d532a4de9b293fe38172aab7ae10d776f2f066,sync,False,2026-08-30T22:20:29+00:00
cyclone_idai_2019,2019-03-24__api-fast__schema_guided,machine,api-fast,api-fast/schema_guided,2019-03-24,response_actions,Sector response activities,present,1.0,0.98,ok,,233,8acfdb3b,deepseek-v4-pro,187cfc3058ded95a1fe0613ffcb49d84607f76406b45dc562b6294a49171460b,sync,False,2026-08-30T22:20:29+00:00
cyclone_idai_2019,2019-03-24__api-fast__schema_guided,machine,api-fast,api-fast/schema_guided,2019-03-24,shelter,Shelter and non-food items,partial,0.5,0.9,ok,,197,b88dbac7,deepseek-v4-pro,c3abc7a5a0b66b90e483624c091144854e8abc3ad08842420e3a82cce16355f9,sync,False,2026-08-30T22:20:29+00:00
cyclone_idai_2019,2019-03-24__api-fast__schema_guided,machine,api-fast,api-fast/schema_guided,2019-03-24,sourcing,Sourcing and attribution,present,1.0,0.95,ok,,246,975df473,deepseek-v4-pro,10ca4a0358ec6169a3b5a551f1b1fc7240d18bc90b8a037722aa003298e282e3,sync,False,2026-08-30T22:20:29+00:00
cyclone_idai_2019,2019-03-24__api-fast__schema_guided,machine,api-fast,api-fast/schema_guided,2019-03-24,wash,WASH needs and response,partial,0.5,0.9,ok,,187,6d2dd146,deepseek-v4-pro,1f802b23ff2e163e5ffb609629aff68c875d2e8b81af8470f615d671ec680388,sync,False,2026-08-30T22:20:29+00:00
cyclone_idai_2019,2019-03-24__api-strong__generic,machine,api-strong,api-strong/generic,2019-03-24,access,Access constraints,present,1.0,0.85,ok,,129,b4dd3753,deepseek-v4-pro,7fac4048212b02e94b86f6a13865fc021fa55d92791ead1677d9c5ef3bac12bd,sync,False,2026-08-30T22:20:29+00:00
cyclone_idai_2019,2019-03-24__api-strong__generic,machine,api-strong,api-strong/generic,2019-03-24,casualties,Casualty and affected-population figures,present,1.0,0.95,ok,,165,6ba8ccb1,deepseek-v4-pro,617654ba7389dfe24eba00085e9a2649319a0d7369dc9dcf7f9be6895abcd9b3,sync,False,2026-08-30T22:20:29+00:00
cyclone_idai_2019,2019-03-24__api-strong__generic,machine,api-strong,api-strong/generic,2019-03-24,coordination,Coordination arrangements,absent,0.0,0.95,ok,,0,,deepseek-v4-pro,6d03bdf1450e27f041394d7426072a81380b793b28d368230940c09d20eea001,sync,False,2026-08-30T22:20:29+00:00
cyclone_idai_2019,2019-03-24__api-strong__generic,machine,api-strong,api-strong/generic,2019-03-24,currency_and_metadata,Data currency and report metadata,partial,0.5,0.9,ok,,186,549d0eda,deepseek-v4-pro,f38586a47a736f1fc7ac8816fcbb0e24b7e323679c922ecb09edea34597159ff,sync,False,2026-08-30T22:20:29+00:00
cyclone_idai_2019,2019-03-24__api-strong__generic,machine,api-strong,api-strong/generic,2019-03-24,damage,"Physical, economic and agricultural damage",present,1.0,0.9,ok,,165,885e9d0c,deepseek-v4-pro,a3fb4424541947735196787517f1495fabcb40eab971bbfc8dfd97665e7fe71c,sync,False,2026-08-30T22:20:29+00:00
cyclone_idai_2019,2019-03-24__api-strong__generic,machine,api-strong,api-strong/generic,2019-03-24,displacement,Displacement and accommodation sites,partial,0.5,0.7,ok,,151,86fed645,deepseek-v4-pro,644c404e3c92d2ada3f13224c5a50684816997e5358657e502c5dfa9521a53a3,sync,False,2026-08-30T22:20:29+00:00
cyclone_idai_2019,2019-03-24__api-strong__generic,machine,api-strong,api-strong/generic,2019-03-24,education,Education impact and response,partial,0.5,0.75,ok,,162,f1c33d1a,deepseek-v4-pro,9796e72bb807032ced14320a95d7e0b07eded6354d34d3d59ef8d32acb3685c1,sync,False,2026-08-30T22:20:29+00:00
cyclone_idai_2019,2019-03-24__api-strong__generic,machine,api-strong,api-strong/generic,2019-03-24,food,Food security and assistance reach,partial,0.5,0.8,ok,,202,f7dbe8be,deepseek-v4-pro,c804f9bcfbc87c07b1608e2b012cc302f68ce135d6a38002e6379a128083bbd6,sync,False,2026-08-30T22:20:29+00:00
cyclone_idai_2019,2019-03-24__api-strong__generic,machine,api-strong,api-strong/generic,2019-03-24,funding,Funding status and donor contributions,partial,0.5,0.9,ok,,185,de649bef,deepseek-v4-pro,5c343c51c7671f6471c60716f02649ebd0a1229b08dd1427828fe4e959c1db23,sync,False,2026-08-30T22:20:29+00:00
cyclone_idai_2019,2019-03-24__api-strong__generic,machine,api-strong,api-strong/generic,2019-03-24,health,"Health, disease outbreak and nutrition",partial,0.5,0.9,ok,,242,df1f6cf2,deepseek-v4-pro,8ae0387687762cf643879c8c2ee6a8df27b8ca172bbc779646a5547d94572759,sync,False,2026-08-30T22:20:29+00:00
cyclone_idai_2019,2019-03-24__api-strong__generic,machine,api-strong,api-strong/generic,2019-03-24,needs_gaps,Sector needs and gaps,partial,0.5,0.75,ok,,100,a769c36c,deepseek-v4-pro,247e22f1bd31bc06edd23ac8d54bc09c9c22bd625655cf76eab233ceca9fbd8a,sync,False,2026-08-30T22:20:29+00:00
cyclone_idai_2019,2019-03-24__api-strong__generic,machine,api-strong,api-strong/generic,2019-03-24,response_actions,Sector response activities,present,1.0,0.98,ok,,106,8e6a716b,deepseek-v4-pro,80294d0e8444fe63c6e808ce77d13bee3e6ae4dd1548475064517169d3d65fbd,sync,False,2026-08-30T22:20:29+00:00
cyclone_idai_2019,2019-03-24__api-strong__generic,machine,api-strong,api-strong/generic,2019-03-24,shelter,Shelter and non-food items,partial,0.5,0.9,ok,,220,0adf56d9,deepseek-v4-pro,980c3f90f6bfe4825b5892c13cb960d92569af1c3620dc14e8fdac71129913a5,sync,False,2026-08-30T22:20:29+00:00
cyclone_idai_2019,2019-03-24__api-strong__generic,machine,api-strong,api-strong/generic,2019-03-24,sourcing,Sourcing and attribution,present,1.0,0.95,ok,,123,27cd63e5,deepseek-v4-pro,5bc7303ff8dcfbfaf85c8b46e647220fbfba4948d14a6f59dd1a277d51fc59ee,sync,False,2026-08-30T22:20:29+00:00
cyclone_idai_2019,2019-03-24__api-strong__generic,machine,api-strong,api-strong/generic,2019-03-24,wash,WASH needs and response,partial,0.5,0.72,ok,,208,a624d0ed,deepseek-v4-pro,86fca2d106dabb6cbdf3e5f72d2963359574ff8362941dda02077695a32a8b37,sync,False,2026-08-30T22:20:29+00:00
cyclone_idai_2019,2019-03-24__api-strong__schema_guided,machine,api-strong,api-strong/schema_guided,2019-03-24,access,Access constraints,present,1.0,0.95,ok,,151,7e339bcd,deepseek-v4-pro,7c617359c80218670c83eba70426ecda26183abab9b9266e3978245ce677b9b9,sync,False,2026-08-30T22:20:29+00:00
cyclone_idai_2019,2019-03-24__api-strong__schema_guided,machine,api-strong,api-strong/schema_guided,2019-03-24,casualties,Casualty and affected-population figures,present,1.0,0.95,ok,,112,f0090889,deepseek-v4-pro,d13d644b957501fd4d69601cc085fbcd42c452db2e3b8cd1d4882f76577daf58,sync,False,2026-08-30T22:20:29+00:00
cyclone_idai_2019,2019-03-24__api-strong__schema_guided,machine,api-strong,api-strong/schema_guided,2019-03-24,coordination,Coordination arrangements,partial,0.5,0.7,ok,,240,bb1c11ab,deepseek-v4-pro,9916af3bd194cbc2c4f04f5b824cbeb910da7f6e92e20275ec13a0556b96e50b,sync,False,2026-08-30T22:20:29+00:00
cyclone_idai_2019,2019-03-24__api-strong__schema_guided,machine,api-strong,api-strong/schema_guided,2019-03-24,currency_and_metadata,Data currency and report metadata,partial,0.5,0.9,ok,,124,d56dfe5f,deepseek-v4-pro,7ecdd93349544067bb797831dc9dcc2e4ee010eb3b846120f44ea4cbc2f59e2d,sync,False,2026-08-30T22:20:29+00:00
cyclone_idai_2019,2019-03-24__api-strong__schema_guided,machine,api-strong,api-strong/schema_guided,2019-03-24,damage,"Physical, economic and agricultural damage",present,1.0,0.95,ok,,193,d158e604,deepseek-v4-pro,eb51c2aea8e6572567b0d54f9d37196f770a6f1ea9a17be27cb6090d0780377f,sync,False,2026-08-30T22:20:29+00:00
cyclone_idai_2019,2019-03-24__api-strong__schema_guided,machine,api-strong,api-strong/schema_guided,2019-03-24,displacement,Displacement and accommodation sites,partial,0.5,0.85,ok,,144,9f7285c4,deepseek-v4-pro,f9015fcbb024da9c1d9090d36dc664d8b6e31fb1d846b1abb04206f3573e2f2f,sync,False,2026-08-30T22:20:29+00:00
cyclone_idai_2019,2019-03-24__api-strong__schema_guided,machine,api-strong,api-strong/schema_guided,2019-03-24,education,Education impact and response,partial,0.5,0.8,ok,,174,513d1d66,deepseek-v4-pro,b0e2ad46edba720d4eb735b94b73f38a02df9eae81d631723f23663b47f336c5,sync,False,2026-08-30T22:20:29+00:00
cyclone_idai_2019,2019-03-24__api-strong__schema_guided,machine,api-strong,api-strong/schema_guided,2019-03-24,food,Food security and assistance reach,partial,0.5,0.9,ok,,146,2e5e92ab,deepseek-v4-pro,f3ba73cbb72c616c33ff672663a685a5106aad442076707d7c1bcb825f7ca040,sync,False,2026-08-30T22:20:29+00:00
cyclone_idai_2019,2019-03-24__api-strong__schema_guided,machine,api-strong,api-strong/schema_guided,2019-03-24,funding,Funding status and donor contributions,partial,0.5,0.85,ok,,217,059e3c3a,deepseek-v4-pro,0543cc118132fff70e6fc628c341c2dc75597eafd682ce5e7563f85675b9f60e,sync,False,2026-08-30T22:20:29+00:00
cyclone_idai_2019,2019-03-24__api-strong__schema_guided,machine,api-strong,api-strong/schema_guided,2019-03-24,health,"Health, disease outbreak and nutrition",partial,0.5,0.8,ok,,153,ce7f0a13,deepseek-v4-pro,67422f5245267141310aa3ee84cd6adc3d0a0be8b564b514b0a08eb393550604,sync,False,2026-08-30T22:20:29+00:00
cyclone_idai_2019,2019-03-24__api-strong__schema_guided,machine,api-strong,api-strong/schema_guided,2019-03-24,needs_gaps,Sector needs and gaps,partial,0.5,0.7,ok,,110,ce460bb5,deepseek-v4-pro,f22de93d0e36a64e595ed36cd0db61822bc8fdf4961cc682eaf47fc135a4e234,sync,False,2026-08-30T22:20:29+00:00
cyclone_idai_2019,2019-03-24__api-strong__schema_guided,machine,api-strong,api-strong/schema_guided,2019-03-24,response_actions,Sector response activities,present,1.0,0.95,ok,,112,44c3954c,deepseek-v4-pro,cab52d3fd3b042d3eeda2f1ae9c6606efe3239aea911a839531b1219438323a3,sync,False,2026-08-30T22:20:29+00:00
cyclone_idai_2019,2019-03-24__api-strong__schema_guided,machine,api-strong,api-strong/schema_guided,2019-03-24,shelter,Shelter and non-food items,partial,0.5,0.85,ok,,201,c3344f3f,deepseek-v4-pro,39dd9150947959617746171383641819addfd0e6545822b3ef7cfb9e90db2798,sync,False,2026-08-30T22:20:29+00:00
cyclone_idai_2019,2019-03-24__api-strong__schema_guided,machine,api-strong,api-strong/schema_guided,2019-03-24,sourcing,Sourcing and attribution,present,1.0,0.95,ok,,183,3cadc131,deepseek-v4-pro,854ab40dd1e1c5f105c1383145e80c4e17d859bca3bbbd370a319cc73912769e,sync,False,2026-08-30T22:20:29+00:00
cyclone_idai_2019,2019-03-24__api-strong__schema_guided,machine,api-strong,api-strong/schema_guided,2019-03-24,wash,WASH needs and response,partial,0.5,0.85,ok,,146,fcd60d4c,deepseek-v4-pro,6f76fd6100260e6f02cf6633a689a13e25bf573ef4e8233ab32fbf25dbacf391,sync,False,2026-08-30T22:20:29+00:00
cyclone_idai_2019,2019-03-25__api-fast__generic,machine,api-fast,api-fast/generic,2019-03-25,access,Access constraints,present,1.0,0.9,ok,,198,db2d19c1,deepseek-v4-pro,4f15cf67f1206330db51d2a1bc3fe6cda53bd62d386fe81649a79af4ebd05441,sync,False,2026-08-30T22:20:29+00:00
cyclone_idai_2019,2019-03-25__api-fast__generic,machine,api-fast,api-fast/generic,2019-03-25,casualties,Casualty and affected-population figures,present,1.0,0.95,ok,,200,faefef32,deepseek-v4-pro,79ae033ba872c8d2b41cfad677abf9ed0e0c339436afa940ec604f160919dbfb,sync,False,2026-08-30T22:20:29+00:00
cyclone_idai_2019,2019-03-25__api-fast__generic,machine,api-fast,api-fast/generic,2019-03-25,coordination,Coordination arrangements,partial,0.5,0.85,ok,,179,24f11697,deepseek-v4-pro,5351bc5fee988a83085667e48d5033ab561ad071475c18054f768fe2d671bf0e,sync,False,2026-08-30T22:20:29+00:00
cyclone_idai_2019,2019-03-25__api-fast__generic,machine,api-fast,api-fast/generic,2019-03-25,currency_and_metadata,Data currency and report metadata,partial,0.5,0.85,ok,,120,548ae97d,deepseek-v4-pro,4d2aefd1726055197e3d2864f60736da8a8b3456ea8b11722f16b99fcb4d59a4,sync,False,2026-08-30T22:20:29+00:00
cyclone_idai_2019,2019-03-25__api-fast__generic,machine,api-fast,api-fast/generic,2019-03-25,damage,"Physical, economic and agricultural damage",present,1.0,0.87,ok,,215,11776d29,deepseek-v4-pro,646fd29aea9c2eacde8336d3e96a0688d787ccc4399f208c943e0548920e0c3c,sync,False,2026-08-30T22:20:29+00:00
cyclone_idai_2019,2019-03-25__api-fast__generic,machine,api-fast,api-fast/generic,2019-03-25,displacement,Displacement and accommodation sites,partial,0.5,0.8,ok,,166,d2182b21,deepseek-v4-pro,b493c05438356e2a83b714284692a58e98c44e72f54f2ca40725426e6054b033,sync,False,2026-08-30T22:20:29+00:00
cyclone_idai_2019,2019-03-25__api-fast__generic,machine,api-fast,api-fast/generic,2019-03-25,education,Education impact and response,partial,0.5,0.85,ok,,164,1a7c1776,deepseek-v4-pro,a9f1d140585f659f92dbf7e5ab2b52e6b6efd457ee93d266383fac152f82d652,sync,False,2026-08-30T22:20:29+00:00
cyclone_idai_2019,2019-03-25__api-fast__generic,machine,api-fast,api-fast/generic,2019-03-25,food,Food security and assistance reach,present,1.0,0.95,ok,,149,a9c303e7,deepseek-v4-pro,44fd4a9087860216ee12cd550b0f8adda2c14abce19b83f32bf0cbcc4707195e,sync,False,2026-08-30T22:20:29+00:00
cyclone_idai_2019,2019-03-25__api-fast__generic,machine,api-fast,api-fast/generic,2019-03-25,funding,Funding status and donor contributions,present,1.0,0.85,ok,,226,ddffe528,deepseek-v4-pro,c06d28a9d8f4d655626d15d85697b37c51d1cf41aac15016e8f12d5a366aac06,sync,False,2026-08-30T22:20:29+00:00
cyclone_idai_2019,2019-03-25__api-fast__generic,machine,api-fast,api-fast/generic,2019-03-25,health,"Health, disease outbreak and nutrition",partial,0.5,0.85,ok,,121,11dca61f,deepseek-v4-pro,3ad3440c7b561d46ac530b983fd62206e1cd805baed48d6d2ac3ca3b26d52a62,sync,False,2026-08-30T22:20:29+00:00
cyclone_idai_2019,2019-03-25__api-fast__generic,machine,api-fast,api-fast/generic,2019-03-25,needs_gaps,Sector needs and gaps,partial,0.5,0.8,ok,,186,dd88b3bd,deepseek-v4-pro,2f0c47b205a1b015b9cce0d054ac912e30d3030dd873d370120f04175343b106,sync,False,2026-08-30T22:20:29+00:00
cyclone_idai_2019,2019-03-25__api-fast__generic,machine,api-fast,api-fast/generic,2019-03-25,response_actions,Sector response activities,present,1.0,0.95,ok,,177,54b7c405,deepseek-v4-pro,e1dc17d81b1dcbc8473a7507ed7a725d3bc4130510219434ef604f1fce07433e,sync,False,2026-08-30T22:20:29+00:00
cyclone_idai_2019,2019-03-25__api-fast__generic,machine,api-fast,api-fast/generic,2019-03-25,shelter,Shelter and non-food items,partial,0.5,0.75,ok,,193,8d7026a0,deepseek-v4-pro,c0e3f2c5941d2b0c6de1d3ec78d341868aa2d0ddcffa590b5a1bf4cfcfa9b47f,sync,False,2026-08-30T22:20:29+00:00
cyclone_idai_2019,2019-03-25__api-fast__generic,machine,api-fast,api-fast/generic,2019-03-25,sourcing,Sourcing and attribution,present,1.0,1.0,ok,,154,c00b046b,deepseek-v4-pro,976cb55f655cb245a5e217c4857c351b44aa1df3a39c3d29ed1b64a49b9063df,sync,False,2026-08-30T22:20:29+00:00
cyclone_idai_2019,2019-03-25__api-fast__generic,machine,api-fast,api-fast/generic,2019-03-25,wash,WASH needs and response,present,1.0,0.9,ok,,184,f72b78ac,deepseek-v4-pro,105bc60f43b1b68d3238e45ab96f4fd93fdfc656aa57ae8930305fc82be3bc91,sync,False,2026-08-30T22:20:29+00:00
cyclone_idai_2019,2019-03-25__api-fast__schema_guided,machine,api-fast,api-fast/schema_guided,2019-03-25,access,Access constraints,present,1.0,0.95,ok,,210,99ffe8ba,deepseek-v4-pro,303d0cf7ca98fcca913aafa2b24567633bbbf6b802a248355b6d1defb517f7ea,sync,False,2026-08-30T22:20:29+00:00
cyclone_idai_2019,2019-03-25__api-fast__schema_guided,machine,api-fast,api-fast/schema_guided,2019-03-25,casualties,Casualty and affected-population figures,present,1.0,0.9,ok,,160,7c27b975,deepseek-v4-pro,905c678734effe363259b5e84226da6c398185b94ba49f8cb30f4d5dc3c851df,sync,False,2026-08-30T22:20:29+00:00
cyclone_idai_2019,2019-03-25__api-fast__schema_guided,machine,api-fast,api-fast/schema_guided,2019-03-25,coordination,Coordination arrangements,partial,0.5,0.8,ok,,210,49dbf503,deepseek-v4-pro,4b60544397b8170efe94eae5d94b767ec99ca862fd5f2eb01950e62d3a7b55c9,sync,False,2026-08-30T22:20:29+00:00
cyclone_idai_2019,2019-03-25__api-fast__schema_guided,machine,api-fast,api-fast/schema_guided,2019-03-25,currency_and_metadata,Data currency and report metadata,partial,0.5,0.9,ok,,172,8c33e4cc,deepseek-v4-pro,21138200a1c03fbdce3039031ca47dfb6ed5c9796c33eeaf8d84e53a903ab308,sync,False,2026-08-30T22:20:29+00:00
cyclone_idai_2019,2019-03-25__api-fast__schema_guided,machine,api-fast,api-fast/schema_guided,2019-03-25,damage,"Physical, economic and agricultural damage",present,1.0,0.92,ok,,234,bffc1e8d,deepseek-v4-pro,340d3b0820af484515128d0b25fd8d50b01e62ea60395ab4fad507997a0b8d87,sync,False,2026-08-30T22:20:29+00:00
cyclone_idai_2019,2019-03-25__api-fast__schema_guided,machine,api-fast,api-fast/schema_guided,2019-03-25,displacement,Displacement and accommodation sites,partial,0.5,0.85,ok,,216,1c0a8f4f,deepseek-v4-pro,3b5ea71f93d99d59102a8e8565c32b97c237575bfacd974599d35416b97587bd,sync,False,2026-08-30T22:20:29+00:00
cyclone_idai_2019,2019-03-25__api-fast__schema_guided,machine,api-fast,api-fast/schema_guided,2019-03-25,education,Education impact and response,partial,0.5,0.9,ok,,79,56164592,deepseek-v4-pro,4c90e6fbc5630154a29215fc2174a16da921bd10782852705114aa0c42ab31ae,sync,False,2026-08-30T22:20:29+00:00
cyclone_idai_2019,2019-03-25__api-fast__schema_guided,machine,api-fast,api-fast/schema_guided,2019-03-25,food,Food security and assistance reach,present,1.0,0.95,ok,,231,951b226e,deepseek-v4-pro,683eedb627f28caf9a41deafffa31528d6eeaa7569d05698c0647bfddd8f9adf,sync,False,2026-08-30T22:20:29+00:00
cyclone_idai_2019,2019-03-25__api-fast__schema_guided,machine,api-fast,api-fast/schema_guided,2019-03-25,funding,Funding status and donor contributions,present,1.0,0.92,ok,,172,19c52950,deepseek-v4-pro,afd8e662e9040e821a4aa7ef3c1ff566039ca0d794826616e54fa1152aed28c5,sync,False,2026-08-30T22:20:29+00:00
cyclone_idai_2019,2019-03-25__api-fast__schema_guided,machine,api-fast,api-fast/schema_guided,2019-03-25,health,"Health, disease outbreak and nutrition",partial,0.5,0.9,ok,,141,54d51011,deepseek-v4-pro,0fbdc8e886da143be72fd6a4a4f6f3e763a64725470c8bfbb6d807f41b13c9a3,sync,False,2026-08-30T22:20:29+00:00
cyclone_idai_2019,2019-03-25__api-fast__schema_guided,machine,api-fast,api-fast/schema_guided,2019-03-25,needs_gaps,Sector needs and gaps,present,1.0,0.95,ok,,151,3a3b5bf1,deepseek-v4-pro,741c66c00ca331bf95109c7f7f0ff871bdd7caed98d20e6d78bba8a9f8c40ba4,sync,False,2026-08-30T22:20:29+00:00
cyclone_idai_2019,2019-03-25__api-fast__schema_guided,machine,api-fast,api-fast/schema_guided,2019-03-25,response_actions,Sector response activities,present,1.0,0.95,ok,,171,a8ad17cc,deepseek-v4-pro,bfd4ce94988b40b97e5a159f42f59370b210c3e19009a3a2928dedb4107840b3,sync,False,2026-08-30T22:20:29+00:00
cyclone_idai_2019,2019-03-25__api-fast__schema_guided,machine,api-fast,api-fast/schema_guided,2019-03-25,shelter,Shelter and non-food items,present,1.0,0.85,ok,,150,d5929ac8,deepseek-v4-pro,1240a596fbf31f86140e3decee75da6a54162f30e6450e19e6ddfe299de8e018,sync,False,2026-08-30T22:20:29+00:00
cyclone_idai_2019,2019-03-25__api-fast__schema_guided,machine,api-fast,api-fast/schema_guided,2019-03-25,sourcing,Sourcing and attribution,present,1.0,1.0,ok,,181,250fefee,deepseek-v4-pro,ca65d24af09859d20f594b442a6d644e994d9380780d6c2d253df889b51207af,sync,False,2026-08-30T22:20:29+00:00
cyclone_idai_2019,2019-03-25__api-fast__schema_guided,machine,api-fast,api-fast/schema_guided,2019-03-25,wash,WASH needs and response,present,1.0,0.95,ok,,175,b97d475c,deepseek-v4-pro,f9c1e72968d9f37355b6a733f4d8b35546bc4bbee4087622d7c5a0002147d1b9,sync,False,2026-08-30T22:20:29+00:00
cyclone_idai_2019,2019-03-25__api-strong__generic,machine,api-strong,api-strong/generic,2019-03-25,access,Access constraints,partial,0.5,0.8,ok,,102,0102fafd,deepseek-v4-pro,07107aa6d008b98f8107615e44f246a0c32c0d4803318ee7c2758939d3f15371,sync,False,2026-08-30T22:20:29+00:00
cyclone_idai_2019,2019-03-25__api-strong__generic,machine,api-strong,api-strong/generic,2019-03-25,casualties,Casualty and affected-population figures,present,1.0,0.9,ok,,173,e8e735b6,deepseek-v4-pro,960d9cc0d82e99022673e05d6061d108654c9217ab2ef65baecb935cb7a109f7,sync,False,2026-08-30T22:20:29+00:00
cyclone_idai_2019,2019-03-25__api-strong__generic,machine,api-strong,api-strong/generic,2019-03-25,coordination,Coordination arrangements,partial,0.5,0.55,ok,,107,ab4d286d,deepseek-v4-pro,b92c1d64778829ee54ba42d31cd7e2c37251bb0e991913d8e40bb8c839e2de35,sync,False,2026-08-30T22:20:29+00:00
cyclone_idai_2019,2019-03-25__api-strong__generic,machine,api-strong,api-strong/generic,2019-03-25,currency_and_metadata,Data currency and report metadata,partial,0.5,0.9,ok,,159,bfac2413,deepseek-v4-pro,4daa90fb293f8a628e17a9998d79cdb99fe4e157e6c2e278781a8276852ef7a8,sync,False,2026-08-30T22:20:29+00:00
cyclone_idai_2019,2019-03-25__api-strong__generic,machine,api-strong,api-strong/generic,2019-03-25,damage,"Physical, economic and agricultural damage",partial,0.5,0.82,ok,,240,90fda8ea,deepseek-v4-pro,cf729dfb9f9d4339c175e2ce808735d561462d90306d57fab7b02b7ea75637c1,sync,False,2026-08-30T22:20:29+00:00
cyclone_idai_2019,2019-03-25__api-strong__generic,machine,api-strong,api-strong/generic,2019-03-25,displacement,Displacement and accommodation sites,partial,0.5,0.8,ok,,71,faefe7b2,deepseek-v4-pro,0913d8f74f5939f51ef18e5613baed6f088bb43a79667593175a862e8ef4036e,sync,False,2026-08-30T22:20:29+00:00
cyclone_idai_2019,2019-03-25__api-strong__generic,machine,api-strong,api-strong/generic,2019-03-25,education,Education impact and response,partial,0.5,0.9,ok,,84,c97ac552,deepseek-v4-pro,1368c2a02df83b5f8f2b8858bf49d1e100826e8c2ba6950426fd481c79e9cb7f,sync,False,2026-08-30T22:20:29+00:00
cyclone_idai_2019,2019-03-25__api-strong__generic,machine,api-strong,api-strong/generic,2019-03-25,food,Food security and assistance reach,present,1.0,0.8,ok,,224,a6e0b8b3,deepseek-v4-pro,aeb99aa10bb855f388182dfe59f3f3e4f1a5f5242182ded9a8f95b7da9a94ff6,sync,False,2026-08-30T22:20:29+00:00
cyclone_idai_2019,2019-03-25__api-strong__generic,machine,api-strong,api-strong/generic,2019-03-25,funding,Funding status and donor contributions,partial,0.5,0.9,ok,,188,3e908506,deepseek-v4-pro,8477f2954a66b995c1b7433fc7d1e58f44dcad67a5a4c497f653efaa28feab25,sync,False,2026-08-30T22:20:29+00:00
cyclone_idai_2019,2019-03-25__api-strong__generic,machine,api-strong,api-strong/generic,2019-03-25,health,"Health, disease outbreak and nutrition",partial,0.5,0.88,ok,,97,970fbcce,deepseek-v4-pro,e49d211034df282927f37b6991d19a4d0e54e0435e6e5f0b8428d704c17f9b47,sync,False,2026-08-30T22:20:29+00:00
cyclone_idai_2019,2019-03-25__api-strong__generic,machine,api-strong,api-strong/generic,2019-03-25,needs_gaps,Sector needs and gaps,present,1.0,0.92,ok,,171,a6792112,deepseek-v4-pro,22b23b0e92a9aea61eadb5969c411dc6e90280e0cc0789a4127a74914836d63d,sync,False,2026-08-30T22:20:29+00:00
cyclone_idai_2019,2019-03-25__api-strong__generic,machine,api-strong,api-strong/generic,2019-03-25,response_actions,Sector response activities,present,1.0,1.0,ok,,105,5c09e6ff,deepseek-v4-pro,46f173cea12aed583014effffb8760c223b1048cd9ec1099a5f5d9907c786f7d,sync,False,2026-08-30T22:20:29+00:00
cyclone_idai_2019,2019-03-25__api-strong__generic,machine,api-strong,api-strong/generic,2019-03-25,shelter,Shelter and non-food items,partial,0.5,0.8,ok,,231,3ea7b336,deepseek-v4-pro,bbe1849be37aa592a7559e66103348288c9bb3d827e4fe5af4046d1c35c420f7,sync,False,2026-08-30T22:20:29+00:00
cyclone_idai_2019,2019-03-25__api-strong__generic,machine,api-strong,api-strong/generic,2019-03-25,sourcing,Sourcing and attribution,present,1.0,0.95,ok,,129,b7a4ff3a,deepseek-v4-pro,aa1a33c1923c2f933944a1f28cf2482155acc26b6387d526ccc2838816d23ea2,sync,False,2026-08-30T22:20:29+00:00
cyclone_idai_2019,2019-03-25__api-strong__generic,machine,api-strong,api-strong/generic,2019-03-25,wash,WASH needs and response,present,1.0,0.9,ok,,205,85b98a09,deepseek-v4-pro,a20cb2e8fd48e8155fa3dac1e1850ff3ff3a2bcbf60cb84f6f0d28a92221d353,sync,False,2026-08-30T22:20:29+00:00
cyclone_idai_2019,2019-03-25__api-strong__schema_guided,machine,api-strong,api-strong/schema_guided,2019-03-25,access,Access constraints,present,1.0,0.95,ok,,147,cf883de5,deepseek-v4-pro,e4bf9660eefb84a0d3280c95df1baae7cb1aea69f7adc00e0f392576e2c37c1d,sync,False,2026-08-30T22:20:29+00:00
cyclone_idai_2019,2019-03-25__api-strong__schema_guided,machine,api-strong,api-strong/schema_guided,2019-03-25,casualties,Casualty and affected-population figures,present,1.0,0.9,ok,,216,051ec267,deepseek-v4-pro,3ed1cb00dcc7285b3d0dcc4fe63d4236068f5b98f8d5ece3dc393ff22e59f26b,sync,False,2026-08-30T22:20:29+00:00
cyclone_idai_2019,2019-03-25__api-strong__schema_guided,machine,api-strong,api-strong/schema_guided,2019-03-25,coordination,Coordination arrangements,present,1.0,0.85,ok,,176,61248da7,deepseek-v4-pro,dba6db25dcd5a5d36a3bded968da9c6984b95e1d1e98f06bfae526a4e1688579,sync,False,2026-08-30T22:20:29+00:00
cyclone_idai_2019,2019-03-25__api-strong__schema_guided,machine,api-strong,api-strong/schema_guided,2019-03-25,currency_and_metadata,Data currency and report metadata,partial,0.5,0.9,ok,,241,ce5b14b9,deepseek-v4-pro,30971abf622d1dc16b69a3da610e11e6809e967c727234c2cf8cc11ccde52b97,sync,False,2026-08-30T22:20:29+00:00
cyclone_idai_2019,2019-03-25__api-strong__schema_guided,machine,api-strong,api-strong/schema_guided,2019-03-25,damage,"Physical, economic and agricultural damage",present,1.0,0.95,ok,,192,077047ed,deepseek-v4-pro,5fe0a6ea9a53abd0f3f60fb8b9644456e2d48ebc6342ad760c3a807ccac6b6bf,sync,False,2026-08-30T22:20:29+00:00
cyclone_idai_2019,2019-03-25__api-strong__schema_guided,machine,api-strong,api-strong/schema_guided,2019-03-25,displacement,Displacement and accommodation sites,partial,0.5,0.9,ok,,141,9026aac1,deepseek-v4-pro,36c9b220fc875b603387a63258c4da50c1868399643538fa1842fe3efa284c60,sync,False,2026-08-30T22:20:29+00:00
cyclone_idai_2019,2019-03-25__api-strong__schema_guided,machine,api-strong,api-strong/schema_guided,2019-03-25,education,Education impact and response,partial,0.5,0.92,ok,,167,9b29f14e,deepseek-v4-pro,728c1c82810b2124feb8dd283d436aa07ad91387d4c372ea5803ac4c0914a064,sync,False,2026-08-30T22:20:29+00:00
cyclone_idai_2019,2019-03-25__api-strong__schema_guided,machine,api-strong,api-strong/schema_guided,2019-03-25,food,Food security and assistance reach,present,1.0,0.9,ok,,90,fbfdf7f2,deepseek-v4-pro,3c9728b309df3a99f092aabf94a9ec257b65b022fc6bbd3c622bc61b0eb8b69a,sync,False,2026-08-30T22:20:29+00:00
cyclone_idai_2019,2019-03-25__api-strong__schema_guided,machine,api-strong,api-strong/schema_guided,2019-03-25,funding,Funding status and donor contributions,partial,0.5,0.85,ok,,193,f8ff30df,deepseek-v4-pro,09348e40c9e295663957fa349fae4e75e5a1fccb32c360002f2542c7c218e06c,sync,False,2026-08-30T22:20:29+00:00
cyclone_idai_2019,2019-03-25__api-strong__schema_guided,machine,api-strong,api-strong/schema_guided,2019-03-25,health,"Health, disease outbreak and nutrition",partial,0.5,0.85,ok,,109,f8322f1d,deepseek-v4-pro,c8793130dfe0cabb5288aad9a7f9da3a923bf6c1a878ad70e33105214e5982f3,sync,False,2026-08-30T22:20:29+00:00
cyclone_idai_2019,2019-03-25__api-strong__schema_guided,machine,api-strong,api-strong/schema_guided,2019-03-25,needs_gaps,Sector needs and gaps,present,1.0,0.9,ok,,194,6bdd3768,deepseek-v4-pro,d15ab443a471b4ed4d9e0bd83158c503eaeac4336d82a91b3f286ec2eb1278f0,sync,False,2026-08-30T22:20:29+00:00
cyclone_idai_2019,2019-03-25__api-strong__schema_guided,machine,api-strong,api-strong/schema_guided,2019-03-25,response_actions,Sector response activities,present,1.0,0.95,ok,,119,e56a1609,deepseek-v4-pro,0f748c30a0d73c694855935c3a655d4e01e5e0e6bab0582e36485d8f3de95ff2,sync,False,2026-08-30T22:20:29+00:00
cyclone_idai_2019,2019-03-25__api-strong__schema_guided,machine,api-strong,api-strong/schema_guided,2019-03-25,shelter,Shelter and non-food items,partial,0.5,0.8,ok,,158,f0e6b103,deepseek-v4-pro,4a0e7584158c5931100ee383192540b9f3083751630709b514510d6c610649bf,sync,False,2026-08-30T22:20:29+00:00
cyclone_idai_2019,2019-03-25__api-strong__schema_guided,machine,api-strong,api-strong/schema_guided,2019-03-25,sourcing,Sourcing and attribution,present,1.0,1.0,ok,,189,bbbfc048,deepseek-v4-pro,2f77422af6bff248d985602d7af84b78cb225093cd193f2aa027ebaad7b70737,sync,False,2026-08-30T22:20:29+00:00
cyclone_idai_2019,2019-03-25__api-strong__schema_guided,machine,api-strong,api-strong/schema_guided,2019-03-25,wash,WASH needs and response,present,1.0,0.95,ok,,130,067a6e58,deepseek-v4-pro,ad986483fff8c8b04b99d6cad35700c6f649c9fdfaf07450ea0a82f1ae61ea38,sync,False,2026-08-30T22:20:29+00:00
cyclone_idai_2019,2019-03-26__api-fast__generic,machine,api-fast,api-fast/generic,2019-03-26,access,Access constraints,partial,0.5,0.72,ok,,126,51682303,deepseek-v4-pro,f1f8f3f593646f295564a1d3ed78732bfc6f6182117190a819a8792af5688802,sync,False,2026-08-30T22:20:29+00:00
cyclone_idai_2019,2019-03-26__api-fast__generic,machine,api-fast,api-fast/generic,2019-03-26,casualties,Casualty and affected-population figures,present,1.0,0.9,ok,,93,da76fff4,deepseek-v4-pro,451411da1a8eef81ba782b74c4135fa527292f47dee5216531639f11fce5f67c,sync,False,2026-08-30T22:20:29+00:00
cyclone_idai_2019,2019-03-26__api-fast__generic,machine,api-fast,api-fast/generic,2019-03-26,coordination,Coordination arrangements,absent,0.0,0.92,ok,,0,,deepseek-v4-pro,34809b77bfc15a70dd9e1990139b2758d288c228aaa735865d67eead7eac7a10,sync,False,2026-08-30T22:20:29+00:00
cyclone_idai_2019,2019-03-26__api-fast__generic,machine,api-fast,api-fast/generic,2019-03-26,currency_and_metadata,Data currency and report metadata,partial,0.5,0.85,ok,,172,7f853666,deepseek-v4-pro,0def14371ba9381d27159baa3459a2b375be5ec1e5d7745ace2e258edc7ff753,sync,False,2026-08-30T22:20:29+00:00
cyclone_idai_2019,2019-03-26__api-fast__generic,machine,api-fast,api-fast/generic,2019-03-26,damage,"Physical, economic and agricultural damage",present,1.0,0.95,ok,,215,5bdcbe1f,deepseek-v4-pro,0204d5da95d95a855bcdc14ef2ee5f1f6edd549776f45bdcb6b51296e21900e6,sync,False,2026-08-30T22:20:29+00:00
cyclone_idai_2019,2019-03-26__api-fast__generic,machine,api-fast,api-fast/generic,2019-03-26,displacement,Displacement and accommodation sites,partial,0.5,0.85,ok,,199,d85d3150,deepseek-v4-pro,0b0c989aa9171bb478cc20e45d49133d8ea1ab7b6a5fb3c9a4e51ef05492c135,sync,False,2026-08-30T22:20:29+00:00
cyclone_idai_2019,2019-03-26__api-fast__generic,machine,api-fast,api-fast/generic,2019-03-26,education,Education impact and response,partial,0.5,0.75,ok,,155,dc5767ca,deepseek-v4-pro,3b63ee563aec54cc74bd03e525426cbf1820984f85895ae55d258337a6a5da66,sync,False,2026-08-30T22:20:29+00:00
cyclone_idai_2019,2019-03-26__api-fast__generic,machine,api-fast,api-fast/generic,2019-03-26,food,Food security and assistance reach,partial,0.5,0.85,ok,,181,df46d00e,deepseek-v4-pro,8950611866efc801865abc9b6a9175dbbac6bf11a6761a1b076d168513f25754,sync,False,2026-08-30T22:20:29+00:00
cyclone_idai_2019,2019-03-26__api-fast__generic,machine,api-fast,api-fast/generic,2019-03-26,funding,Funding status and donor contributions,present,1.0,0.85,ok,,188,9aeb2321,deepseek-v4-pro,31490f77ae27a5c3b918b9fe3943f92135c63384013ce6b029bc7f96d4a33178,sync,False,2026-08-30T22:20:29+00:00
cyclone_idai_2019,2019-03-26__api-fast__generic,machine,api-fast,api-fast/generic,2019-03-26,health,"Health, disease outbreak and nutrition",absent,0.0,0.95,ok,,0,,deepseek-v4-pro,598a8efedc443a0d2b6f96da6bca67115f289ee143a9f7bcb552a70c91c3c623,sync,False,2026-08-30T22:20:29+00:00
cyclone_idai_2019,2019-03-26__api-fast__generic,machine,api-fast,api-fast/generic,2019-03-26,needs_gaps,Sector needs and gaps,partial,0.5,0.7,ok,,147,3a721437,deepseek-v4-pro,dcc55e6159c8740a92ba4875d472b3c4cd7e1bc1403a3e694ff2410b816a2de0,sync,False,2026-08-30T22:20:29+00:00
cyclone_idai_2019,2019-03-26__api-fast__generic,machine,api-fast,api-fast/generic,2019-03-26,response_actions,Sector response activities,present,1.0,0.95,ok,,169,bcaf6965,deepseek-v4-pro,a6630937dbe91d467938b60f23d8c9ed22bd666cbcd7189b5128264fd57ccf51,sync,False,2026-08-30T22:20:29+00:00
cyclone_idai_2019,2019-03-26__api-fast__generic,machine,api-fast,api-fast/generic,2019-03-26,shelter,Shelter and non-food items,partial,0.5,0.75,ok,,132,0abaea6e,deepseek-v4-pro,96c7b747bc3501c7aadc172ff19ea01e1de864bd5a53b11b5fbf0bcf847c722b,sync,False,2026-08-30T22:20:29+00:00
cyclone_idai_2019,2019-03-26__api-fast__generic,machine,api-fast,api-fast/generic,2019-03-26,sourcing,Sourcing and attribution,present,1.0,0.98,ok,,93,da76fff4,deepseek-v4-pro,fadacf8239d184653a66d596df54a83fbfb58f7a553534c6cabb97c9ddf6c1f2,sync,False,2026-08-30T22:20:29+00:00
cyclone_idai_2019,2019-03-26__api-fast__generic,machine,api-fast,api-fast/generic,2019-03-26,wash,WASH needs and response,partial,0.5,0.8,ok,,154,f55b8494,deepseek-v4-pro,c6585c2fa66d429b14b402a5e5afa2e1b37fca3f60bd9ea4e0a255d29d81019b,sync,False,2026-08-30T22:20:29+00:00
cyclone_idai_2019,2019-03-26__api-strong__generic,machine,api-strong,api-strong/generic,2019-03-26,access,Access constraints,partial,0.5,0.85,ok,,81,02cbe1e1,deepseek-v4-pro,1cacf59dc064f49dd3e07aaad055bcce5f3db9a77f9f112e41df77d3f2ea26fb,sync,False,2026-08-30T22:20:29+00:00
cyclone_idai_2019,2019-03-26__api-strong__generic,machine,api-strong,api-strong/generic,2019-03-26,casualties,Casualty and affected-population figures,present,1.0,0.9,ok,,178,0631bafb,deepseek-v4-pro,2b084d9c568f0b40e41aa56bb8904f1241bc2af47d279de51913893177bb1c88,sync,False,2026-08-30T22:20:29+00:00
cyclone_idai_2019,2019-03-26__api-strong__generic,machine,api-strong,api-strong/generic,2019-03-26,coordination,Coordination arrangements,partial,0.5,0.7,ok,,116,a972dbea,deepseek-v4-pro,25e11418943d52f12a8d371954c6639cfbe2bcbd4f5dd492473df40d5817186c,sync,False,2026-08-30T22:20:29+00:00
cyclone_idai_2019,2019-03-26__api-strong__generic,machine,api-strong,api-strong/generic,2019-03-26,currency_and_metadata,Data currency and report metadata,partial,0.5,0.9,ok,,195,2e1f3e3e,deepseek-v4-pro,1ba36568b698a827ffa3968728ae7a20b8a4e5f348af0b085f0243c3186b3ba7,sync,False,2026-08-30T22:20:29+00:00
cyclone_idai_2019,2019-03-26__api-strong__generic,machine,api-strong,api-strong/generic,2019-03-26,damage,"Physical, economic and agricultural damage",present,1.0,0.85,ok,,151,8f5c3309,deepseek-v4-pro,175c855f2700a013885cb644f828e5d913cf86897fdc3a2346f00a9b4177e51e,sync,False,2026-08-30T22:20:29+00:00
cyclone_idai_2019,2019-03-26__api-strong__generic,machine,api-strong,api-strong/generic,2019-03-26,displacement,Displacement and accommodation sites,present,1.0,0.85,ok,,54,20c3fdaf,deepseek-v4-pro,77de188877ff0ae60432c731e6509cd2438eb4a0e3105fb470f696ad81f0189d,sync,False,2026-08-30T22:20:29+00:00
cyclone_idai_2019,2019-03-26__api-strong__generic,machine,api-strong,api-strong/generic,2019-03-26,education,Education impact and response,partial,0.5,0.9,ok,,177,9ec1b45e,deepseek-v4-pro,10c3c812c8f229ed3085607db9fe0185fb8949345851f0dd091292eb0d744abd,sync,False,2026-08-30T22:20:29+00:00
cyclone_idai_2019,2019-03-26__api-strong__generic,machine,api-strong,api-strong/generic,2019-03-26,food,Food security and assistance reach,partial,0.5,0.8,ok,,174,134e872f,deepseek-v4-pro,b5ada95881d191fe8616ec122f7f7906cc4262f1d26d2f5426b09b2ab2c345ee,sync,False,2026-08-30T22:20:29+00:00
cyclone_idai_2019,2019-03-26__api-strong__generic,machine,api-strong,api-strong/generic,2019-03-26,funding,Funding status and donor contributions,partial,0.5,0.92,ok,,228,9d737a23,deepseek-v4-pro,0bb44ae9e7578e0f4ecf0cefebfff4c6c1b229eea4ab043571f79a03aba40d4a,sync,False,2026-08-30T22:20:29+00:00
cyclone_idai_2019,2019-03-26__api-strong__generic,machine,api-strong,api-strong/generic,2019-03-26,health,"Health, disease outbreak and nutrition",partial,0.5,0.85,ok,,231,8992bd03,deepseek-v4-pro,c9640da025fd5489cbc0d894d552bed9876d7777e95e8dffc318fe4401b2587c,sync,False,2026-08-30T22:20:29+00:00
cyclone_idai_2019,2019-03-26__api-strong__generic,machine,api-strong,api-strong/generic,2019-03-26,needs_gaps,Sector needs and gaps,present,1.0,0.8,ok,,180,0d0bce9c,deepseek-v4-pro,298922db6f71e22f5e53f40ab3aa49a831172941e2267cc1fd5899bb3fb31120,sync,False,2026-08-30T22:20:29+00:00
cyclone_idai_2019,2019-03-26__api-strong__generic,machine,api-strong,api-strong/generic,2019-03-26,response_actions,Sector response activities,present,1.0,0.95,ok,,170,10e20f2d,deepseek-v4-pro,5be9cfbb8b0c9002bda2d7f6092d1f8bb1c0cbec52e993f46d5d87901b6728fe,sync,False,2026-08-30T22:20:29+00:00
cyclone_idai_2019,2019-03-26__api-strong__generic,machine,api-strong,api-strong/generic,2019-03-26,shelter,Shelter and non-food items,partial,0.5,0.8,ok,,157,ea5cd6d4,deepseek-v4-pro,f77a3d275413abf9ef53906c829fe7a05731b4ade656bf35ae78a8e2765c6108,sync,False,2026-08-30T22:20:29+00:00
cyclone_idai_2019,2019-03-26__api-strong__generic,machine,api-strong,api-strong/generic,2019-03-26,sourcing,Sourcing and attribution,present,1.0,0.95,ok,,180,8a1f3fa5,deepseek-v4-pro,4983612e27a192c880f78a41d71cf41edd5dd0c7db22cb8503da4f0bbd1f3c9e,sync,False,2026-08-30T22:20:29+00:00
cyclone_idai_2019,2019-03-26__api-strong__generic,machine,api-strong,api-strong/generic,2019-03-26,wash,WASH needs and response,present,1.0,0.95,ok,,199,5e056c67,deepseek-v4-pro,e914c09951dacfc0ae1c10713393d120f7269eb31d0d6889a05be369f4da40fa,sync,False,2026-08-30T22:20:29+00:00
cyclone_idai_2019,2019-03-26__api-strong__schema_guided,machine,api-strong,api-strong/schema_guided,2019-03-26,access,Access constraints,present,1.0,0.9,ok,,191,2c6988f9,deepseek-v4-pro,3534ebc822e8af39248fd7d7ecc57576b51e34ed9fdbf59159d180884647a999,sync,False,2026-08-30T22:20:29+00:00
cyclone_idai_2019,2019-03-26__api-strong__schema_guided,machine,api-strong,api-strong/schema_guided,2019-03-26,casualties,Casualty and affected-population figures,present,1.0,0.95,ok,,214,7e5fbda0,deepseek-v4-pro,34bc263da678b2d87b852fff5bcefb7f1e3d397f76ad35cfc80916076ef5d8e5,sync,False,2026-08-30T22:20:29+00:00
cyclone_idai_2019,2019-03-26__api-strong__schema_guided,machine,api-strong,api-strong/schema_guided,2019-03-26,coordination,Coordination arrangements,present,1.0,0.85,ok,,108,b12a5113,deepseek-v4-pro,4f4c0de7393c1a62fc03b27fb7b324c10e1bab42a9202556add3d7c1473bc9d2,sync,False,2026-08-30T22:20:29+00:00
cyclone_idai_2019,2019-03-26__api-strong__schema_guided,machine,api-strong,api-strong/schema_guided,2019-03-26,currency_and_metadata,Data currency and report metadata,partial,0.5,0.95,ok,,199,5e9f83f5,deepseek-v4-pro,e129f1884cefec1a0b774463c42df0f4069eb2d7c68998723cc18d000020dc54,sync,False,2026-08-30T22:20:29+00:00
cyclone_idai_2019,2019-03-26__api-strong__schema_guided,machine,api-strong,api-strong/schema_guided,2019-03-26,damage,"Physical, economic and agricultural damage",present,1.0,0.95,ok,,197,8ba49bd8,deepseek-v4-pro,b53d384a8559c098e36be5050355dbd2f01cb5f51f5eb0ec3c69c9d5b4763ae6,sync,False,2026-08-30T22:20:29+00:00
cyclone_idai_2019,2019-03-26__api-strong__schema_guided,machine,api-strong,api-strong/schema_guided,2019-03-26,displacement,Displacement and accommodation sites,present,1.0,0.9,ok,,206,bec78c8d,deepseek-v4-pro,e5a511119301516ab5035aac8f11a3b73ee4cc289f14161ea64f31997c7c50fe,sync,False,2026-08-30T22:20:29+00:00
cyclone_idai_2019,2019-03-26__api-strong__schema_guided,machine,api-strong,api-strong/schema_guided,2019-03-26,education,Education impact and response,partial,0.5,0.9,ok,,190,90a4301c,deepseek-v4-pro,8ecfedc3c4d2c98acb6f420c0e2bc50ec6c4f08b62f4f1f724672a720ed135be,sync,False,2026-08-30T22:20:29+00:00
cyclone_idai_2019,2019-03-26__api-strong__schema_guided,machine,api-strong,api-strong/schema_guided,2019-03-26,food,Food security and assistance reach,present,1.0,0.95,ok,,196,ed3a1b8c,deepseek-v4-pro,02bc667b9ba5209241fdf5b473ba63f0d934838f9d8ad4fee5ac61a4fac551dd,sync,False,2026-08-30T22:20:29+00:00
cyclone_idai_2019,2019-03-26__api-strong__schema_guided,machine,api-strong,api-strong/schema_guided,2019-03-26,funding,Funding status and donor contributions,partial,0.5,0.92,ok,,145,42066da8,deepseek-v4-pro,1c9a8486b72f5cc426822767888306d2507fa6e3e513332053a69b7103dca40e,sync,False,2026-08-30T22:20:29+00:00
cyclone_idai_2019,2019-03-26__api-strong__schema_guided,machine,api-strong,api-strong/schema_guided,2019-03-26,health,"Health, disease outbreak and nutrition",partial,0.5,0.85,ok,,150,8bf55228,deepseek-v4-pro,9feb036d820966536a123c90be8a9b1a10e19057893eff1a5f6e0ea42c032f41,sync,False,2026-08-30T22:20:29+00:00
cyclone_idai_2019,2019-03-26__api-strong__schema_guided,machine,api-strong,api-strong/schema_guided,2019-03-26,needs_gaps,Sector needs and gaps,present,1.0,0.95,ok,,262,cd40d308,deepseek-v4-pro,9db657fd74eeaa705570bcad7cf9f706bd9dd8d3bcca06785d64e46a30889d2c,sync,False,2026-08-30T22:20:29+00:00
cyclone_idai_2019,2019-03-26__api-strong__schema_guided,machine,api-strong,api-strong/schema_guided,2019-03-26,response_actions,Sector response activities,present,1.0,1.0,ok,,181,9e159308,deepseek-v4-pro,ec38e658065ddee0f106f9d74981bd20100f25597f0f6b74eee473575d3f5435,sync,False,2026-08-30T22:20:29+00:00
cyclone_idai_2019,2019-03-26__api-strong__schema_guided,machine,api-strong,api-strong/schema_guided,2019-03-26,shelter,Shelter and non-food items,partial,0.5,0.8,ok,,201,f37b0fec,deepseek-v4-pro,acad2efd5844b0548878c29aa9d42a3b55bc7a550195f230cbf86c3022c8f5ba,sync,False,2026-08-30T22:20:29+00:00
cyclone_idai_2019,2019-03-26__api-strong__schema_guided,machine,api-strong,api-strong/schema_guided,2019-03-26,sourcing,Sourcing and attribution,present,1.0,0.95,ok,,192,e35e865d,deepseek-v4-pro,b00856b85dd0b11223685679becbfbd4b11fc6b5ca5b1db4702cf4edeea1582a,sync,False,2026-08-30T22:20:29+00:00
cyclone_idai_2019,2019-03-26__api-strong__schema_guided,machine,api-strong,api-strong/schema_guided,2019-03-26,wash,WASH needs and response,present,1.0,0.95,ok,,188,f6d41755,deepseek-v4-pro,022c737325ef4e9b4936100254b545b77278d08de6ab4e897d523658a746a239,sync,False,2026-08-30T22:20:29+00:00
cyclone_idai_2019,2019-03-27__api-fast__generic,machine,api-fast,api-fast/generic,2019-03-27,access,Access constraints,present,1.0,0.95,ok,,275,a1b88262,deepseek-v4-pro,57e84d2f7b133ea56fa495f274f8ee539371da9bbc97a4c1f666fde44063aae9,sync,False,2026-08-30T22:20:29+00:00
cyclone_idai_2019,2019-03-27__api-fast__generic,machine,api-fast,api-fast/generic,2019-03-27,casualties,Casualty and affected-population figures,present,1.0,0.95,ok,,167,5541b3f0,deepseek-v4-pro,ca9f73ed60b5b9e246b621ab3b420011710973ee5d9a1f3df7230aba8f96c778,sync,False,2026-08-30T22:20:29+00:00
cyclone_idai_2019,2019-03-27__api-fast__generic,machine,api-fast,api-fast/generic,2019-03-27,coordination,Coordination arrangements,partial,0.5,0.75,ok,,165,85bfdda6,deepseek-v4-pro,67c0f7d325ed5378b9675569f8e9abd2710f0ef88180cb0aa3269d79159b8952,sync,False,2026-08-30T22:20:29+00:00
cyclone_idai_2019,2019-03-27__api-fast__generic,machine,api-fast,api-fast/generic,2019-03-27,currency_and_metadata,Data currency and report metadata,partial,0.5,0.85,ok,,134,001324e1,deepseek-v4-pro,7360f304e018c91db1d33784eb5a70039fe3e63213824d5f7347120e2a1f6d31,sync,False,2026-08-30T22:20:29+00:00
cyclone_idai_2019,2019-03-27__api-fast__generic,machine,api-fast,api-fast/generic,2019-03-27,damage,"Physical, economic and agricultural damage",present,1.0,0.9,ok,,164,542bb65b,deepseek-v4-pro,5f2ffd954eb9ff6d6a6a5f54e10cdca229c93d656a3121e19711bbd99de446d4,sync,False,2026-08-30T22:20:29+00:00
cyclone_idai_2019,2019-03-27__api-fast__generic,machine,api-fast,api-fast/generic,2019-03-27,displacement,Displacement and accommodation sites,partial,0.5,0.9,ok,,110,f54b0635,deepseek-v4-pro,2d8621a4f5562c8cf7fab2df167f70089b82084862619809e5459db8363c0b0b,sync,False,2026-08-30T22:20:29+00:00
cyclone_idai_2019,2019-03-27__api-fast__generic,machine,api-fast,api-fast/generic,2019-03-27,education,Education impact and response,partial,0.5,0.8,ok,,198,efb91237,deepseek-v4-pro,3d23fe22431b5a3f1eb1b3c175446e89cef06c8c00ff3d4070fb81edb366c5ff,sync,False,2026-08-30T22:20:29+00:00
cyclone_idai_2019,2019-03-27__api-fast__generic,machine,api-fast,api-fast/generic,2019-03-27,food,Food security and assistance reach,partial,0.5,0.85,ok,,104,a553a60c,deepseek-v4-pro,2884bc113ab38d889200e129a802f57cb92c6e65f05ee4023f49cc96cfb59e64,sync,False,2026-08-30T22:20:29+00:00
cyclone_idai_2019,2019-03-27__api-fast__generic,machine,api-fast,api-fast/generic,2019-03-27,funding,Funding status and donor contributions,partial,0.5,0.85,ok,,168,36105916,deepseek-v4-pro,d825abf6465630d12cfe06ff413cfba181a50d502fa5e246211e61f0f3ef30a8,sync,False,2026-08-30T22:20:29+00:00
cyclone_idai_2019,2019-03-27__api-fast__generic,machine,api-fast,api-fast/generic,2019-03-27,health,"Health, disease outbreak and nutrition",present,1.0,0.9,ok,,162,fd8ac4c2,deepseek-v4-pro,c0b499ba7a4c9f964625ad4a6889e629abb95dbd3f34e224dac904a46ccb6317,sync,False,2026-08-30T22:20:29+00:00
cyclone_idai_2019,2019-03-27__api-fast__generic,machine,api-fast,api-fast/generic,2019-03-27,needs_gaps,Sector needs and gaps,present,1.0,0.85,ok,,160,efff1ebb,deepseek-v4-pro,d5ee14e2a240eff859c7043d0fd29793d83413a2d25e6f110aae82f62bece5ab,sync,False,2026-08-30T22:20:29+00:00
cyclone_idai_2019,2019-03-27__api-fast__generic,machine,api-fast,api-fast/generic,2019-03-27,response_actions,Sector response activities,present,1.0,1.0,ok,,166,6966cc67,deepseek-v4-pro,da7b446b1f17d3ebfb6f7b4fecb75ec14268b6776cbadbf7c32c820176a589c8,sync,False,2026-08-30T22:20:29+00:00
cyclone_idai_2019,2019-03-27__api-fast__generic,machine,api-fast,api-fast/generic,2019-03-27,shelter,Shelter and non-food items,present,1.0,0.9,ok,,159,3c025d6b,deepseek-v4-pro,7787bc9802d2874d1c5bee2f72e635b7bf0de56fa7dfb0560b67171e83efe8e3,sync,False,2026-08-30T22:20:29+00:00
cyclone_idai_2019,2019-03-27__api-fast__generic,machine,api-fast,api-fast/generic,2019-03-27,sourcing,Sourcing and attribution,present,1.0,0.95,ok,,133,bd639658,deepseek-v4-pro,bde4606253be9440d47ac543348fcda7cd89b8d6640c7c1e1809b29dcfcc4d51,sync,False,2026-08-30T22:20:29+00:00
cyclone_idai_2019,2019-03-27__api-fast__generic,machine,api-fast,api-fast/generic,2019-03-27,wash,WASH needs and response,present,1.0,0.9,ok,,160,3ca5c851,deepseek-v4-pro,ba6465e42b2b6a2fc2dd6184fd87fdea60733c744b03fcefd3d3d2ee3538a9fd,sync,False,2026-08-30T22:20:29+00:00
cyclone_idai_2019,2019-03-27__api-fast__schema_guided,machine,api-fast,api-fast/schema_guided,2019-03-27,access,Access constraints,present,1.0,0.95,ok,,245,39b898f5,deepseek-v4-pro,6c9abcf9831ea9c3c6cdf52c99e9ebf8ff5a876bb655b933da1420b98ba1ddad,sync,False,2026-08-30T22:20:29+00:00
cyclone_idai_2019,2019-03-27__api-fast__schema_guided,machine,api-fast,api-fast/schema_guided,2019-03-27,casualties,Casualty and affected-population figures,present,1.0,0.98,ok,,243,0ea76bee,deepseek-v4-pro,4a8e97379518ed57fd65079a749fb6ad7e29b8a8c1ec1a353ecf68a9f9191b24,sync,False,2026-08-30T22:20:29+00:00
cyclone_idai_2019,2019-03-27__api-fast__schema_guided,machine,api-fast,api-fast/schema_guided,2019-03-27,coordination,Coordination arrangements,present,1.0,0.9,ok,,144,fba4d3a4,deepseek-v4-pro,0fd02fa73f8a59af92b99f2ba2520b4c9f879b85d16b82e036f9022b4063cd9e,sync,False,2026-08-30T22:20:29+00:00
cyclone_idai_2019,2019-03-27__api-fast__schema_guided,machine,api-fast,api-fast/schema_guided,2019-03-27,currency_and_metadata,Data currency and report metadata,partial,0.5,0.9,ok,,140,7d7696a9,deepseek-v4-pro,fe641f532bc201de21cc11f09a25a184e6df326f29f36e324409e0e4575792e3,sync,False,2026-08-30T22:20:29+00:00
cyclone_idai_2019,2019-03-27__api-fast__schema_guided,machine,api-fast,api-fast/schema_guided,2019-03-27,damage,"Physical, economic and agricultural damage",present,1.0,0.95,ok,,269,4387d86c,deepseek-v4-pro,3d02b1e11423fada93dd7f16f4d572f64d945295d6e2b80037186c0b89e71d8e,sync,False,2026-08-30T22:20:29+00:00
cyclone_idai_2019,2019-03-27__api-fast__schema_guided,machine,api-fast,api-fast/schema_guided,2019-03-27,displacement,Displacement and accommodation sites,partial,0.5,0.9,ok,,190,58b7b2df,deepseek-v4-pro,6ab5b7472292134929ecb4f97b2e21f5bba9a1292b202809ce186503893ecce1,sync,False,2026-08-30T22:20:29+00:00
cyclone_idai_2019,2019-03-27__api-fast__schema_guided,machine,api-fast,api-fast/schema_guided,2019-03-27,education,Education impact and response,partial,0.5,0.8,ok,,151,78a61b04,deepseek-v4-pro,9041329b3896d6b03046d2c6996b269437ccd65ab3428bcf1d6d538ba524d634,sync,False,2026-08-30T22:20:29+00:00
cyclone_idai_2019,2019-03-27__api-fast__schema_guided,machine,api-fast,api-fast/schema_guided,2019-03-27,food,Food security and assistance reach,present,1.0,0.9,ok,,223,6fc48587,deepseek-v4-pro,79d6544e1a368710a0d99f189acf7755b50b1e7c7f8996c9af1f86f6d21e0ad2,sync,False,2026-08-30T22:20:29+00:00
cyclone_idai_2019,2019-03-27__api-fast__schema_guided,machine,api-fast,api-fast/schema_guided,2019-03-27,funding,Funding status and donor contributions,partial,0.5,0.85,ok,,158,3a89d833,deepseek-v4-pro,aab14061bfda2c9a2a7f366061325984d549eb236cc19173d150ad9c0374a03b,sync,False,2026-08-30T22:20:29+00:00
cyclone_idai_2019,2019-03-27__api-fast__schema_guided,machine,api-fast,api-fast/schema_guided,2019-03-27,health,"Health, disease outbreak and nutrition",partial,0.5,0.8,ok,,173,a9410e1a,deepseek-v4-pro,6f064cfeda7c7965e69583fe0624d6ed9c88c78e8839535f7851d1e652dfdb5d,sync,False,2026-08-30T22:20:29+00:00
cyclone_idai_2019,2019-03-27__api-fast__schema_guided,machine,api-fast,api-fast/schema_guided,2019-03-27,needs_gaps,Sector needs and gaps,present,1.0,0.95,ok,,255,250429fa,deepseek-v4-pro,ad66755cf4b5320001458b5ae7f568f52c7569195f2b29b1116f456117a94838,sync,False,2026-08-30T22:20:29+00:00
cyclone_idai_2019,2019-03-27__api-fast__schema_guided,machine,api-fast,api-fast/schema_guided,2019-03-27,response_actions,Sector response activities,present,1.0,0.98,ok,,135,3e56832f,deepseek-v4-pro,e8100a25e44f5af4d469b19b7b90f1ca0569b023c694fa932f1638997576f6db,sync,False,2026-08-30T22:20:29+00:00
cyclone_idai_2019,2019-03-27__api-fast__schema_guided,machine,api-fast,api-fast/schema_guided,2019-03-27,shelter,Shelter and non-food items,present,1.0,0.95,ok,,154,17c40c90,deepseek-v4-pro,ad689e0dd52f051fc054cc67c1d9885ffce9e7bcab2c4c4101141d5b754b54ec,sync,False,2026-08-30T22:20:29+00:00
cyclone_idai_2019,2019-03-27__api-fast__schema_guided,machine,api-fast,api-fast/schema_guided,2019-03-27,sourcing,Sourcing and attribution,present,1.0,1.0,ok,,260,6e527015,deepseek-v4-pro,29e5e07f0089010cf89706ea3babed32fd4495ede2c85b9f588a2f103f798d78,sync,False,2026-08-30T22:20:29+00:00
cyclone_idai_2019,2019-03-27__api-fast__schema_guided,machine,api-fast,api-fast/schema_guided,2019-03-27,wash,WASH needs and response,present,1.0,0.97,ok,,179,deb4fa5b,deepseek-v4-pro,ca5d1c21a8230dba47a50862fe2e8d787fe6bbaf099ab61b355f8e523bb5718e,sync,False,2026-08-30T22:20:29+00:00
cyclone_idai_2019,2019-03-27__api-strong__generic,machine,api-strong,api-strong/generic,2019-03-27,access,Access constraints,present,1.0,0.95,ok,,173,72e90272,deepseek-v4-pro,5a9ceb3e986b2d159ac71035ad316ea709a6c74cfd4f5dadb43d2799092bb8cd,sync,False,2026-08-30T22:20:29+00:00
cyclone_idai_2019,2019-03-27__api-strong__generic,machine,api-strong,api-strong/generic,2019-03-27,casualties,Casualty and affected-population figures,present,1.0,0.95,ok,,166,2c96f63a,deepseek-v4-pro,a2fb0f3c9fbb7aaa8987608653726ee38bd06d86f1bb33ebf72e4be916b028aa,sync,False,2026-08-30T22:20:29+00:00
cyclone_idai_2019,2019-03-27__api-strong__generic,machine,api-strong,api-strong/generic,2019-03-27,coordination,Coordination arrangements,partial,0.5,0.75,ok,,90,d42341d9,deepseek-v4-pro,bf9a5902664e0f0ea3d1e22160e648fb5f04e24c2e727fb1975dffe79088fdf2,sync,False,2026-08-30T22:20:29+00:00
cyclone_idai_2019,2019-03-27__api-strong__generic,machine,api-strong,api-strong/generic,2019-03-27,currency_and_metadata,Data currency and report metadata,partial,0.5,0.9,ok,,100,44b03efb,deepseek-v4-pro,afe075871927d51fa6befc223315e1671e008a64feaa683927c0bdc2ed49e667,sync,False,2026-08-30T22:20:29+00:00
cyclone_idai_2019,2019-03-27__api-strong__generic,machine,api-strong,api-strong/generic,2019-03-27,damage,"Physical, economic and agricultural damage",partial,0.5,0.8,ok,,181,01b4c190,deepseek-v4-pro,0a3a656a644f332f8908d8977b140096edab56f9621195d4446d5421f32ca4d3,sync,False,2026-08-30T22:20:29+00:00
cyclone_idai_2019,2019-03-27__api-strong__generic,machine,api-strong,api-strong/generic,2019-03-27,displacement,Displacement and accommodation sites,partial,0.5,0.9,ok,,86,a167f8fe,deepseek-v4-pro,0a86004e77c17e8a53b56bb90863d2f818843803d267f7934a76734bfb396f80,sync,False,2026-08-30T22:20:29+00:00
cyclone_idai_2019,2019-03-27__api-strong__generic,machine,api-strong,api-strong/generic,2019-03-27,education,Education impact and response,partial,0.5,0.85,ok,,215,300d770a,deepseek-v4-pro,26a0715e30a6042196d78707ba0221f789616cbe4c604d7dc0c2d43cf9080ebf,sync,False,2026-08-30T22:20:29+00:00
cyclone_idai_2019,2019-03-27__api-strong__generic,machine,api-strong,api-strong/generic,2019-03-27,food,Food security and assistance reach,partial,0.5,0.9,ok,,201,8b1e43b0,deepseek-v4-pro,56f2b7923c5b0890f7b24685bb738886a53c3a393d01837f6f79d4c1ba93bff6,sync,False,2026-08-30T22:20:29+00:00
cyclone_idai_2019,2019-03-27__api-strong__generic,machine,api-strong,api-strong/generic,2019-03-27,funding,Funding status and donor contributions,partial,0.5,0.78,ok,,187,9b945c57,deepseek-v4-pro,688b4b32074e808fe1b3af928cc2f17d310471da4c53b4d1d93661fe7ba281c2,sync,False,2026-08-30T22:20:29+00:00
cyclone_idai_2019,2019-03-27__api-strong__generic,machine,api-strong,api-strong/generic,2019-03-27,health,"Health, disease outbreak and nutrition",present,1.0,0.9,ok,,145,7b34c439,deepseek-v4-pro,8b6277307e44751d504c8724d9456898b97464bcd33b243ae20e40e4f04ff530,sync,False,2026-08-30T22:20:29+00:00
cyclone_idai_2019,2019-03-27__api-strong__generic,machine,api-strong,api-strong/generic,2019-03-27,needs_gaps,Sector needs and gaps,present,1.0,0.82,ok,,160,902fcf3e,deepseek-v4-pro,f3230fa70a12770f3ca03f567002941f6ac7b596e313020e896089d6b124503f,sync,False,2026-08-30T22:20:29+00:00
cyclone_idai_2019,2019-03-27__api-strong__generic,machine,api-strong,api-strong/generic,2019-03-27,response_actions,Sector response activities,present,1.0,0.98,ok,,135,40fb9268,deepseek-v4-pro,1d41f9eb362de0836f56c70545afa303a7b6154b34e48a5fa526820ed1ba0f32,sync,False,2026-08-30T22:20:29+00:00
cyclone_idai_2019,2019-03-27__api-strong__generic,machine,api-strong,api-strong/generic,2019-03-27,shelter,Shelter and non-food items,present,1.0,0.9,ok,,135,7edecebf,deepseek-v4-pro,f8df992a53d6d578a72fc7dde968624c5e56c4637af37ef40d5cc0198227fc6c,sync,False,2026-08-30T22:20:29+00:00
cyclone_idai_2019,2019-03-27__api-strong__generic,machine,api-strong,api-strong/generic,2019-03-27,sourcing,Sourcing and attribution,present,1.0,0.95,ok,,142,cb1c14ed,deepseek-v4-pro,e172a2530d619eb7b92fa21fb870182c703d38891b353f491652c51ae0ae17a5,sync,False,2026-08-30T22:20:29+00:00
cyclone_idai_2019,2019-03-27__api-strong__generic,machine,api-strong,api-strong/generic,2019-03-27,wash,WASH needs and response,partial,0.5,0.8,ok,,163,52e7c981,deepseek-v4-pro,3c923c54c8b32d2acf11f6f60e547280178a414e86ce23738bc14f0d80cd04e9,sync,False,2026-08-30T22:20:29+00:00
cyclone_idai_2019,2019-03-27__api-strong__schema_guided,machine,api-strong,api-strong/schema_guided,2019-03-27,access,Access constraints,present,1.0,0.95,ok,,240,abef0080,deepseek-v4-pro,c660105c7ecd95fe5941dacfaa8245661c842b47f6e922c4c39da708af9cc8d1,sync,False,2026-08-30T22:20:29+00:00
cyclone_idai_2019,2019-03-27__api-strong__schema_guided,machine,api-strong,api-strong/schema_guided,2019-03-27,casualties,Casualty and affected-population figures,present,1.0,0.95,ok,,250,eb2f204e,deepseek-v4-pro,b719f473c094968c144c3f7198e686dea7a710ad6ad5e6f539a4a22d41f72d8e,sync,False,2026-08-30T22:20:29+00:00
cyclone_idai_2019,2019-03-27__api-strong__schema_guided,machine,api-strong,api-strong/schema_guided,2019-03-27,coordination,Coordination arrangements,present,1.0,0.85,ok,,261,80012c44,deepseek-v4-pro,b0fe4c51ea90df93de9cdaee91b9b0b2a91a4423d393ecaeb5b5f1c283d98ce4,sync,False,2026-08-30T22:20:29+00:00
cyclone_idai_2019,2019-03-27__api-strong__schema_guided,machine,api-strong,api-strong/schema_guided,2019-03-27,currency_and_metadata,Data currency and report metadata,partial,0.5,0.9,ok,,193,f02e7532,deepseek-v4-pro,71568022e20240bed27a4f77f70716394a86682e8c634b37a3a261972b693c0d,sync,False,2026-08-30T22:20:29+00:00
cyclone_idai_2019,2019-03-27__api-strong__schema_guided,machine,api-strong,api-strong/schema_guided,2019-03-27,damage,"Physical, economic and agricultural damage",present,1.0,0.95,ok,,190,63bc317d,deepseek-v4-pro,0074a97e6cc5a0a20c1eaa52a0f8016fe600966d6f82da9450d581cdc6a1e767,sync,False,2026-08-30T22:20:29+00:00
cyclone_idai_2019,2019-03-27__api-strong__schema_guided,machine,api-strong,api-strong/schema_guided,2019-03-27,displacement,Displacement and accommodation sites,partial,0.5,0.95,ok,,140,31978ce8,deepseek-v4-pro,dd561082cb1d7c6a1baf4d760f7ab67f0605632852586afa34b3acb55bb4a3fa,sync,False,2026-08-30T22:20:29+00:00
cyclone_idai_2019,2019-03-27__api-strong__schema_guided,machine,api-strong,api-strong/schema_guided,2019-03-27,education,Education impact and response,partial,0.5,0.9,ok,,138,ae26c1d2,deepseek-v4-pro,0e7a35062b3d09ca51de8ceb35f41f02068c5f1bf700d981cb58e4e6a857dba5,sync,False,2026-08-30T22:20:29+00:00
cyclone_idai_2019,2019-03-27__api-strong__schema_guided,machine,api-strong,api-strong/schema_guided,2019-03-27,food,Food security and assistance reach,partial,0.5,0.72,ok,,155,5528a4d4,deepseek-v4-pro,5e7322de037cb7ee7f85398c75f078b3a2876ca54ddef3580a93637beb8c6e52,sync,False,2026-08-30T22:20:29+00:00
cyclone_idai_2019,2019-03-27__api-strong__schema_guided,machine,api-strong,api-strong/schema_guided,2019-03-27,funding,Funding status and donor contributions,present,1.0,0.95,ok,,150,a49a2128,deepseek-v4-pro,b3b618457f989d53439153908a975712afdb2b9fe06218db23c7843a65ee7916,sync,False,2026-08-30T22:20:29+00:00
cyclone_idai_2019,2019-03-27__api-strong__schema_guided,machine,api-strong,api-strong/schema_guided,2019-03-27,health,"Health, disease outbreak and nutrition",present,1.0,0.88,ok,,214,ea02d670,deepseek-v4-pro,103f31bb50a373ab72c5531b084af1a79987d936381eac625c69c1d9eb8a8de5,sync,False,2026-08-30T22:20:29+00:00
cyclone_idai_2019,2019-03-27__api-strong__schema_guided,machine,api-strong,api-strong/schema_guided,2019-03-27,needs_gaps,Sector needs and gaps,present,1.0,0.85,ok,,200,63270423,deepseek-v4-pro,c434ef78e8be4342e469ab0a02e72818db247c5525fb13ed8163bba0fa1a1541,sync,False,2026-08-30T22:20:29+00:00
cyclone_idai_2019,2019-03-27__api-strong__schema_guided,machine,api-strong,api-strong/schema_guided,2019-03-27,response_actions,Sector response activities,present,1.0,0.95,ok,,208,dd9cefe5,deepseek-v4-pro,544a2ff716dd503a7f9b3d1168005f85a9c6eb3086c9c0e5eb4be57b8f481b7f,sync,False,2026-08-30T22:20:29+00:00
cyclone_idai_2019,2019-03-27__api-strong__schema_guided,machine,api-strong,api-strong/schema_guided,2019-03-27,shelter,Shelter and non-food items,present,1.0,0.95,ok,,202,e040ed1f,deepseek-v4-pro,b22622e9eb5d3f512c74f6db13c84ab8301c35cff711f8735d2f11531768c2bb,sync,False,2026-08-30T22:20:29+00:00
cyclone_idai_2019,2019-03-27__api-strong__schema_guided,machine,api-strong,api-strong/schema_guided,2019-03-27,sourcing,Sourcing and attribution,present,1.0,1.0,ok,,188,dd4d4df8,deepseek-v4-pro,ac94f709a3483e1cb3fa1c36ca91eeceab98fa819c0f08422990241dbb32d733,sync,False,2026-08-30T22:20:29+00:00
cyclone_idai_2019,2019-03-27__api-strong__schema_guided,machine,api-strong,api-strong/schema_guided,2019-03-27,wash,WASH needs and response,present,1.0,0.95,ok,,327,f5dff11c,deepseek-v4-pro,9574f3e6a7df7ad2aef2759c39ff0ff52865f94076b6bd5789c90e3dbfe4da11,sync,False,2026-08-30T22:20:29+00:00
cyclone_idai_2019,2019-03-28__api-fast__generic,machine,api-fast,api-fast/generic,2019-03-28,access,Access constraints,present,1.0,0.9,ok,,141,a066d958,deepseek-v4-pro,3f502abdcdebd75ca6757ced6a6b35a7532be820f5b6cd2b304dfa3c2a4f5852,sync,False,2026-08-30T22:20:29+00:00
cyclone_idai_2019,2019-03-28__api-fast__generic,machine,api-fast,api-fast/generic,2019-03-28,casualties,Casualty and affected-population figures,present,1.0,0.85,ok,,145,1fbc9a6b,deepseek-v4-pro,bb904fe5bb274105b617ccbd6238ce9fea485264c60b7a3559e5f802aa769fa3,sync,False,2026-08-30T22:20:29+00:00
cyclone_idai_2019,2019-03-28__api-fast__generic,machine,api-fast,api-fast/generic,2019-03-28,coordination,Coordination arrangements,partial,0.5,0.8,ok,,220,1b815d45,deepseek-v4-pro,0cf467a6cfaecd95a7b41bad8094c5cfaeecbfbaebb5661d851b996a737ac933,sync,False,2026-08-30T22:20:29+00:00
cyclone_idai_2019,2019-03-28__api-fast__generic,machine,api-fast,api-fast/generic,2019-03-28,currency_and_metadata,Data currency and report metadata,partial,0.5,0.9,ok,,136,ccf6d538,deepseek-v4-pro,4c48463451ca57b194789d47224334879a5dab0662cdc9a0b8975bda43a40ba4,sync,False,2026-08-30T22:20:29+00:00
cyclone_idai_2019,2019-03-28__api-fast__generic,machine,api-fast,api-fast/generic,2019-03-28,damage,"Physical, economic and agricultural damage",present,1.0,0.95,ok,,196,3ffb97a8,deepseek-v4-pro,567f672364c5e94062f8e2e7b5a27aef829142c2e465eb5367e8f2d4c802e273,sync,False,2026-08-30T22:20:29+00:00
cyclone_idai_2019,2019-03-28__api-fast__generic,machine,api-fast,api-fast/generic,2019-03-28,displacement,Displacement and accommodation sites,partial,0.5,0.8,ok,,175,a06655a5,deepseek-v4-pro,4bec47817a935ec881aad3dc4badcc251624cf7e4a9b0122f991e6ce2df4adcb,sync,False,2026-08-30T22:20:29+00:00
cyclone_idai_2019,2019-03-28__api-fast__generic,machine,api-fast,api-fast/generic,2019-03-28,education,Education impact and response,partial,0.5,0.75,ok,,153,c53b3051,deepseek-v4-pro,425cd72a6393cc313a4e7a4d6188b73faf68da9536db059d1bb4a3d61adb9c3a,sync,False,2026-08-30T22:20:29+00:00
cyclone_idai_2019,2019-03-28__api-fast__generic,machine,api-fast,api-fast/generic,2019-03-28,food,Food security and assistance reach,present,1.0,0.9,ok,,162,c1e849bf,deepseek-v4-pro,28c242583a257495553cd7163a71c0b5fe433b06d155b3bae2240512a1df8821,sync,False,2026-08-30T22:20:29+00:00
cyclone_idai_2019,2019-03-28__api-fast__generic,machine,api-fast,api-fast/generic,2019-03-28,funding,Funding status and donor contributions,partial,0.5,0.85,ok,,188,ae664c2e,deepseek-v4-pro,63e94e6bc9abbe1cffc3fc747d8df2d79aaf54e9a76f7940e7625b06a3490592,sync,False,2026-08-30T22:20:29+00:00
cyclone_idai_2019,2019-03-28__api-fast__generic,machine,api-fast,api-fast/generic,2019-03-28,health,"Health, disease outbreak and nutrition",partial,0.5,0.9,ok,,265,383c9a60,deepseek-v4-pro,de91a679c2ea43120101c5c88ba0fa81e45520b0646a1aa2a2f4ed9e89c53ef2,sync,False,2026-08-30T22:20:29+00:00
cyclone_idai_2019,2019-03-28__api-fast__generic,machine,api-fast,api-fast/generic,2019-03-28,needs_gaps,Sector needs and gaps,partial,0.5,0.8,ok,,175,1048c7b3,deepseek-v4-pro,ec59c183c297bfd3a5007d310f918a16529f57d2bd0b7b3b1ff50527ea9aaf24,sync,False,2026-08-30T22:20:29+00:00
cyclone_idai_2019,2019-03-28__api-fast__generic,machine,api-fast,api-fast/generic,2019-03-28,response_actions,Sector response activities,present,1.0,0.95,ok,,177,e3d10542,deepseek-v4-pro,fc192368349bf547eaf2188f56843ce72d90d59b094491017ad6c294dd1fec7c,sync,False,2026-08-30T22:20:29+00:00
cyclone_idai_2019,2019-03-28__api-fast__generic,machine,api-fast,api-fast/generic,2019-03-28,shelter,Shelter and non-food items,partial,0.5,0.8,ok,,156,e33b4342,deepseek-v4-pro,8b269f2ce0d2dd875e8c65ddd09e9928650071cd877d668669f6942c805348f9,sync,False,2026-08-30T22:20:29+00:00
cyclone_idai_2019,2019-03-28__api-fast__generic,machine,api-fast,api-fast/generic,2019-03-28,sourcing,Sourcing and attribution,present,1.0,0.95,ok,,139,a26e40dc,deepseek-v4-pro,c587baff31ccc1f3e4a3e36f7d03b521d5a815ddac592c7ef44d4560cbf380d7,sync,False,2026-08-30T22:20:29+00:00
cyclone_idai_2019,2019-03-28__api-fast__generic,machine,api-fast,api-fast/generic,2019-03-28,wash,WASH needs and response,partial,0.5,0.8,ok,,163,3e62a57f,deepseek-v4-pro,3127576931f1716cf875c0668e9a1f1261994d1c5771b61c163afcb9736cd944,sync,False,2026-08-30T22:20:29+00:00
cyclone_idai_2019,2019-03-28__api-fast__schema_guided,machine,api-fast,api-fast/schema_guided,2019-03-28,access,Access constraints,present,1.0,0.95,ok,,186,027ecce7,deepseek-v4-pro,aae33d99d390674e818b7abd3eb361ca9627d9353dd1820dea328293a6591b1d,sync,False,2026-08-30T22:20:29+00:00
cyclone_idai_2019,2019-03-28__api-fast__schema_guided,machine,api-fast,api-fast/schema_guided,2019-03-28,casualties,Casualty and affected-population figures,present,1.0,0.95,ok,,162,1a68b785,deepseek-v4-pro,3491456f1cdcd9b00b3a5f13b5305a7cb27f51509a7cfb8b5577bb74fc30a597,sync,False,2026-08-30T22:20:29+00:00
cyclone_idai_2019,2019-03-28__api-fast__schema_guided,machine,api-fast,api-fast/schema_guided,2019-03-28,coordination,Coordination arrangements,present,1.0,0.9,ok,,231,7d272da3,deepseek-v4-pro,90c22b59307a4c232c7c250d536c3c7f09c566ef639b8e33a13bddb9a51fd9a2,sync,False,2026-08-30T22:20:29+00:00
cyclone_idai_2019,2019-03-28__api-fast__schema_guided,machine,api-fast,api-fast/schema_guided,2019-03-28,currency_and_metadata,Data currency and report metadata,partial,0.5,0.9,ok,,178,e5532f85,deepseek-v4-pro,7f2e219c4a00f6cf43ef5ba4b62bf4b27a6c8b4d61fa8cb883cd324acc81f82f,sync,False,2026-08-30T22:20:29+00:00
cyclone_idai_2019,2019-03-28__api-fast__schema_guided,machine,api-fast,api-fast/schema_guided,2019-03-28,damage,"Physical, economic and agricultural damage",present,1.0,0.96,ok,,163,3135f356,deepseek-v4-pro,3de2679b350c92ce0f67e22799e23207e09a4207958b8945aad3ed54039382e2,sync,False,2026-08-30T22:20:29+00:00
cyclone_idai_2019,2019-03-28__api-fast__schema_guided,machine,api-fast,api-fast/schema_guided,2019-03-28,displacement,Displacement and accommodation sites,partial,0.5,0.82,ok,,139,427f64ab,deepseek-v4-pro,2c506e31425d6c5b3d4c6626300803d49eeefb9ccddbccf9ef0e6bd92fa42088,sync,False,2026-08-30T22:20:29+00:00
cyclone_idai_2019,2019-03-28__api-fast__schema_guided,machine,api-fast,api-fast/schema_guided,2019-03-28,education,Education impact and response,partial,0.5,0.9,ok,,269,807ab5cc,deepseek-v4-pro,93abd9df59f1019dacff7aa989fb9534cad06c4e43db20a80306f0fc6729f552,sync,False,2026-08-30T22:20:29+00:00
cyclone_idai_2019,2019-03-28__api-fast__schema_guided,machine,api-fast,api-fast/schema_guided,2019-03-28,food,Food security and assistance reach,present,1.0,0.9,ok,,174,46e08095,deepseek-v4-pro,0d15dee5f6c1ebd8f60a8553493a58b125ecdc824a1e11fd99a5aec3319b7d24,sync,False,2026-08-30T22:20:29+00:00
cyclone_idai_2019,2019-03-28__api-fast__schema_guided,machine,api-fast,api-fast/schema_guided,2019-03-28,funding,Funding status and donor contributions,partial,0.5,0.8,ok,,176,67803e99,deepseek-v4-pro,18aa78e054df8b418d77410a59439df457bc6856eba6824be04a29c6983187e9,sync,False,2026-08-30T22:20:29+00:00
cyclone_idai_2019,2019-03-28__api-fast__schema_guided,machine,api-fast,api-fast/schema_guided,2019-03-28,health,"Health, disease outbreak and nutrition",partial,0.5,0.85,ok,,165,78770479,deepseek-v4-pro,e1a9572252eac9c5d682bf1bc4dfd18daa81c06acdbd0a50d95d76944bfe9571,sync,False,2026-08-30T22:20:29+00:00
cyclone_idai_2019,2019-03-28__api-fast__schema_guided,machine,api-fast,api-fast/schema_guided,2019-03-28,needs_gaps,Sector needs and gaps,present,1.0,0.95,ok,,177,db866f3f,deepseek-v4-pro,f8692787128ce4733854e4be1d8f8ade61d6be0bc279614e7a8388eca6ca7805,sync,False,2026-08-30T22:20:29+00:00
cyclone_idai_2019,2019-03-28__api-fast__schema_guided,machine,api-fast,api-fast/schema_guided,2019-03-28,response_actions,Sector response activities,present,1.0,0.97,ok,,160,5eeecb78,deepseek-v4-pro,90ff5fe72b27ce29719c70b91b000d262c37f808167dc4e2429a62cab93e9c22,sync,False,2026-08-30T22:20:29+00:00
cyclone_idai_2019,2019-03-28__api-fast__schema_guided,machine,api-fast,api-fast/schema_guided,2019-03-28,shelter,Shelter and non-food items,partial,0.5,0.85,ok,,245,3e59bee0,deepseek-v4-pro,23d44541f5fa6727a492810f47b5221c662c868e620abf2382a882abef0ba368,sync,False,2026-08-30T22:20:29+00:00
cyclone_idai_2019,2019-03-28__api-fast__schema_guided,machine,api-fast,api-fast/schema_guided,2019-03-28,sourcing,Sourcing and attribution,present,1.0,0.95,ok,,191,51e581ca,deepseek-v4-pro,8dac3d2208251f70d766fa24081e9f4b6f418c12e4f710b4ebf0d4a2a4162e10,sync,False,2026-08-30T22:20:29+00:00
cyclone_idai_2019,2019-03-28__api-fast__schema_guided,machine,api-fast,api-fast/schema_guided,2019-03-28,wash,WASH needs and response,present,1.0,0.75,ok,,201,179a3966,deepseek-v4-pro,98add69a2d720f07bd073c55f94246b2dead3e8e46ea333128843f8009c92c9c,sync,False,2026-08-30T22:20:29+00:00
cyclone_idai_2019,2019-03-28__api-strong__generic,machine,api-strong,api-strong/generic,2019-03-28,access,Access constraints,present,1.0,0.95,ok,,165,8bea9153,deepseek-v4-pro,15e90db16add76c894dfb7afc873afc606df7786304f392678b5ecb75b3170dd,sync,False,2026-08-30T22:20:29+00:00
cyclone_idai_2019,2019-03-28__api-strong__generic,machine,api-strong,api-strong/generic,2019-03-28,casualties,Casualty and affected-population figures,present,1.0,0.95,ok,,248,c4e37105,deepseek-v4-pro,ac800fa275077a648e3482f6caea3291f9afee4e3d8ced0fefc4afb621bba38d,sync,False,2026-08-30T22:20:29+00:00
cyclone_idai_2019,2019-03-28__api-strong__generic,machine,api-strong,api-strong/generic,2019-03-28,coordination,Coordination arrangements,partial,0.5,0.6,ok,,214,dc4bb445,deepseek-v4-pro,043fc0eec9c6dec2ab3ac5499c36aa013c3491fb00f23818f783bb67fe89ad04,sync,False,2026-08-30T22:20:29+00:00
cyclone_idai_2019,2019-03-28__api-strong__generic,machine,api-strong,api-strong/generic,2019-03-28,currency_and_metadata,Data currency and report metadata,partial,0.5,0.9,ok,,205,bcff84ac,deepseek-v4-pro,982efbe1a880997dfcbd5032b6153347c7644e5ff66d110a565b59050fff52ee,sync,False,2026-08-30T22:20:29+00:00
cyclone_idai_2019,2019-03-28__api-strong__generic,machine,api-strong,api-strong/generic,2019-03-28,damage,"Physical, economic and agricultural damage",present,1.0,0.95,ok,,163,f2bfde87,deepseek-v4-pro,606e40fea4c41053c0204eeec4fc4afe4fabedc7d283c0c989094e48930cc86c,sync,False,2026-08-30T22:20:29+00:00
cyclone_idai_2019,2019-03-28__api-strong__generic,machine,api-strong,api-strong/generic,2019-03-28,displacement,Displacement and accommodation sites,partial,0.5,0.9,ok,,41,a0be2370,deepseek-v4-pro,ed4ad2e6a206872e45d62f6f51d162d0ef2ad63393db9e10d5d1033ce1c90557,sync,False,2026-08-30T22:20:29+00:00
cyclone_idai_2019,2019-03-28__api-strong__generic,machine,api-strong,api-strong/generic,2019-03-28,education,Education impact and response,partial,0.5,0.9,ok,,124,8dfdfc62,deepseek-v4-pro,e1adbe351ced4d475fdad6ddca3f2f003ad22e271a83e411afed18d18d558a66,sync,False,2026-08-30T22:20:29+00:00
cyclone_idai_2019,2019-03-28__api-strong__generic,machine,api-strong,api-strong/generic,2019-03-28,food,Food security and assistance reach,partial,0.5,0.8,ok,,175,e40aa594,deepseek-v4-pro,20da31ea7e7396123f4ba019a84a558e02127eb74068464189192ca74bd401a3,sync,False,2026-08-30T22:20:29+00:00
cyclone_idai_2019,2019-03-28__api-strong__generic,machine,api-strong,api-strong/generic,2019-03-28,funding,Funding status and donor contributions,partial,0.5,0.92,ok,,176,d1525b2b,deepseek-v4-pro,e2cf4b090164e9f03554363068057ec6a7764c66c7a4dff0c0edf92180c7c35d,sync,False,2026-08-30T22:20:29+00:00
cyclone_idai_2019,2019-03-28__api-strong__generic,machine,api-strong,api-strong/generic,2019-03-28,health,"Health, disease outbreak and nutrition",partial,0.5,0.8,ok,,246,270f6566,deepseek-v4-pro,319aedb89e88ba6a4355b0596ee39ddb38763474853bb918135056247fac2df3,sync,False,2026-08-30T22:20:29+00:00
cyclone_idai_2019,2019-03-28__api-strong__generic,machine,api-strong,api-strong/generic,2019-03-28,needs_gaps,Sector needs and gaps,present,1.0,0.8,ok,,187,c65b360e,deepseek-v4-pro,1ccdd91e40c6043578034547493e83814d81d84ceb2093880c61f13bc56b0abc,sync,False,2026-08-30T22:20:29+00:00
cyclone_idai_2019,2019-03-28__api-strong__generic,machine,api-strong,api-strong/generic,2019-03-28,response_actions,Sector response activities,present,1.0,0.95,ok,,112,4e7efc90,deepseek-v4-pro,0ab321c569abe6513748041e4f332d35ad54dd31051b4921babc308ff3106432,sync,False,2026-08-30T22:20:29+00:00
cyclone_idai_2019,2019-03-28__api-strong__generic,machine,api-strong,api-strong/generic,2019-03-28,shelter,Shelter and non-food items,partial,0.5,0.72,ok,,97,0c7db0d5,deepseek-v4-pro,968e97f2050ac627db6ae395bbf03f834a76452230933ed913b6ed3f5e615a75,sync,False,2026-08-30T22:20:29+00:00
cyclone_idai_2019,2019-03-28__api-strong__generic,machine,api-strong,api-strong/generic,2019-03-28,sourcing,Sourcing and attribution,present,1.0,0.95,ok,,170,e2a85f7b,deepseek-v4-pro,c1258d0f6a64d826656040fc747778e044ac092d37f4e49ddf04dba673ff25f0,sync,False,2026-08-30T22:20:29+00:00
cyclone_idai_2019,2019-03-28__api-strong__generic,machine,api-strong,api-strong/generic,2019-03-28,wash,WASH needs and response,present,1.0,0.9,ok,,275,77913fc3,deepseek-v4-pro,7f23275da6a9e85a35e076bb2b4d6033855c3eaf0a9f54d4d248e6c2b66cebac,sync,False,2026-08-30T22:20:29+00:00
cyclone_idai_2019,2019-03-28__api-strong__schema_guided,machine,api-strong,api-strong/schema_guided,2019-03-28,access,Access constraints,present,1.0,0.95,ok,,221,6c7cc92e,deepseek-v4-pro,cff62bf3ee3b8dea22527ee415b6589762f400396102e226770259cbfdacef4b,sync,False,2026-08-30T22:20:29+00:00
cyclone_idai_2019,2019-03-28__api-strong__schema_guided,machine,api-strong,api-strong/schema_guided,2019-03-28,casualties,Casualty and affected-population figures,present,1.0,0.9,ok,,197,db7247bc,deepseek-v4-pro,e9d9aace05f04ff0e98aa278584add6db581a3e5c203b9e85c98c3de12e08b8e,sync,False,2026-08-30T22:20:29+00:00
cyclone_idai_2019,2019-03-28__api-strong__schema_guided,machine,api-strong,api-strong/schema_guided,2019-03-28,coordination,Coordination arrangements,present,1.0,0.9,ok,,231,c3b72fcc,deepseek-v4-pro,9ca26d20b96066b4cf0a2abf51c4eb886b6e4e46a0ad5c677e21b3c61b3452f9,sync,False,2026-08-30T22:20:29+00:00
cyclone_idai_2019,2019-03-28__api-strong__schema_guided,machine,api-strong,api-strong/schema_guided,2019-03-28,currency_and_metadata,Data currency and report metadata,partial,0.5,0.9,ok,,223,7f512d57,deepseek-v4-pro,820ce550154fdfe2ec7c8521e20a4cbab0388f2eb1914a45e3259ea3d5e8cff6,sync,False,2026-08-30T22:20:29+00:00
cyclone_idai_2019,2019-03-28__api-strong__schema_guided,machine,api-strong,api-strong/schema_guided,2019-03-28,damage,"Physical, economic and agricultural damage",present,1.0,0.95,ok,,209,13694e05,deepseek-v4-pro,bf85bc09940f3dee3250f2f0836e11ee42d8f62db36cddebee46494267a3cddc,sync,False,2026-08-30T22:20:29+00:00
cyclone_idai_2019,2019-03-28__api-strong__schema_guided,machine,api-strong,api-strong/schema_guided,2019-03-28,displacement,Displacement and accommodation sites,partial,0.5,0.8,ok,,127,a61cc35f,deepseek-v4-pro,010c5725f2ac4d8b59f37aa795d91bedbf5be33d048b867b9131f2ab7a99ea90,sync,False,2026-08-30T22:20:29+00:00
cyclone_idai_2019,2019-03-28__api-strong__schema_guided,machine,api-strong,api-strong/schema_guided,2019-03-28,education,Education impact and response,partial,0.5,0.9,ok,,228,e10319c6,deepseek-v4-pro,a7a4d7c67eafcdadada062f537680c0e4f2763af417ff580aa0d87772c1d23f1,sync,False,2026-08-30T22:20:29+00:00
cyclone_idai_2019,2019-03-28__api-strong__schema_guided,machine,api-strong,api-strong/schema_guided,2019-03-28,food,Food security and assistance reach,present,1.0,0.85,ok,,189,34f6a167,deepseek-v4-pro,33d56380eabefd7c60db7b877b77089ea2200074835da3e72d6914446088f000,sync,False,2026-08-30T22:20:29+00:00
cyclone_idai_2019,2019-03-28__api-strong__schema_guided,machine,api-strong,api-strong/schema_guided,2019-03-28,funding,Funding status and donor contributions,partial,0.5,0.9,ok,,171,e0f56287,deepseek-v4-pro,41d6a3d16280ca4a6ef6c6a5ceeebcda23293b14dd7b5bbe51dd9d5c42014e9e,sync,False,2026-08-30T22:20:29+00:00
cyclone_idai_2019,2019-03-28__api-strong__schema_guided,machine,api-strong,api-strong/schema_guided,2019-03-28,health,"Health, disease outbreak and nutrition",partial,0.5,0.8,ok,,165,447c74bd,deepseek-v4-pro,c26cd2520d1faa1c8d43fddba29b1aca400c3fc5218ef4b54e0bbb78d28b493a,sync,False,2026-08-30T22:20:29+00:00
cyclone_idai_2019,2019-03-28__api-strong__schema_guided,machine,api-strong,api-strong/schema_guided,2019-03-28,needs_gaps,Sector needs and gaps,present,1.0,0.95,ok,,199,a99595a5,deepseek-v4-pro,ad67f3f6f7c60aca8702494b90a97ad2f3fa6a21e8853af41dea68bd7225f2a9,sync,False,2026-08-30T22:20:29+00:00
cyclone_idai_2019,2019-03-28__api-strong__schema_guided,machine,api-strong,api-strong/schema_guided,2019-03-28,response_actions,Sector response activities,present,1.0,1.0,ok,,206,2f6006de,deepseek-v4-pro,bbb0a809e08263748e5e47a51aa66128d628e554c01dc49844697b85e7d0a81b,sync,False,2026-08-30T22:20:29+00:00
cyclone_idai_2019,2019-03-28__api-strong__schema_guided,machine,api-strong,api-strong/schema_guided,2019-03-28,shelter,Shelter and non-food items,present,1.0,0.9,ok,,71,a3ec3452,deepseek-v4-pro,c84d364028c55d360fa8c09c97dd1e0629f3c13094664a438dcac06b7d61cd7a,sync,False,2026-08-30T22:20:29+00:00
cyclone_idai_2019,2019-03-28__api-strong__schema_guided,machine,api-strong,api-strong/schema_guided,2019-03-28,sourcing,Sourcing and attribution,present,1.0,0.98,ok,,215,2214e96b,deepseek-v4-pro,22da6978b16ac5ccca46e6c2bb1776ae4c0e8b08a77a8f3d345584a32ad898c3,sync,False,2026-08-30T22:20:29+00:00
cyclone_idai_2019,2019-03-28__api-strong__schema_guided,machine,api-strong,api-strong/schema_guided,2019-03-28,wash,WASH needs and response,present,1.0,0.9,ok,,134,7a1a2409,deepseek-v4-pro,ad5bc1f6b659e6139dfed799d53f4616743eaf82586ec16ece76fc38170dff4e,sync,False,2026-08-30T22:20:29+00:00
cyclone_idai_2019,2019-03-29__api-fast__generic,machine,api-fast,api-fast/generic,2019-03-29,access,Access constraints,present,1.0,0.9,ok,,130,e84b1b68,deepseek-v4-pro,0318c4e63adb875c13468967397cdc1eae5f3cf684443a76d108cede7ce67467,sync,False,2026-08-30T22:20:29+00:00
cyclone_idai_2019,2019-03-29__api-fast__generic,machine,api-fast,api-fast/generic,2019-03-29,casualties,Casualty and affected-population figures,present,1.0,0.9,ok,,175,70dd5ee7,deepseek-v4-pro,478818a39aa2a92b0f59a270ce4816e9592fd732e04f9f24f6a447e85082a082,sync,False,2026-08-30T22:20:29+00:00
cyclone_idai_2019,2019-03-29__api-fast__generic,machine,api-fast,api-fast/generic,2019-03-29,coordination,Coordination arrangements,partial,0.5,0.55,ok,,141,ce3efdc0,deepseek-v4-pro,69c3b9e0a3fc4990efc7b8eb700e9fdcadd86a7289dece511266b1071edb91ba,sync,False,2026-08-30T22:20:29+00:00
cyclone_idai_2019,2019-03-29__api-fast__generic,machine,api-fast,api-fast/generic,2019-03-29,currency_and_metadata,Data currency and report metadata,partial,0.5,0.8,ok,,105,d5e22802,deepseek-v4-pro,afe7dc4f0644d030ebd163ceb36ab1e089b06cf6934b55ec551576de66af1348,sync,False,2026-08-30T22:20:29+00:00
cyclone_idai_2019,2019-03-29__api-fast__generic,machine,api-fast,api-fast/generic,2019-03-29,damage,"Physical, economic and agricultural damage",partial,0.5,0.7,ok,,97,6e671a02,deepseek-v4-pro,8303f48a8045fcb4bdd9a734f0806e7a706c915c551cd7f35e8ce2f9b34d149d,sync,False,2026-08-30T22:20:29+00:00
cyclone_idai_2019,2019-03-29__api-fast__generic,machine,api-fast,api-fast/generic,2019-03-29,displacement,Displacement and accommodation sites,partial,0.5,0.72,ok,,145,a3d78b8e,deepseek-v4-pro,7cdbe4f9cab18c4cf4e945ae2bdcdbdc61eaacd2ab9381bfd98cbaf78366595a,sync,False,2026-08-30T22:20:29+00:00
cyclone_idai_2019,2019-03-29__api-fast__generic,machine,api-fast,api-fast/generic,2019-03-29,education,Education impact and response,partial,0.5,0.8,ok,,102,d40ebec3,deepseek-v4-pro,28cee87b0c1032092f6a8559a893a85d01470b072ca7846b87266cad9d4a7f11,sync,False,2026-08-30T22:20:29+00:00
cyclone_idai_2019,2019-03-29__api-fast__generic,machine,api-fast,api-fast/generic,2019-03-29,food,Food security and assistance reach,partial,0.5,0.7,ok,,84,daba323d,deepseek-v4-pro,465d3c9580464d84c41e22302cfba7653b030e0a43cc402dc3d38dc35192fa53,sync,False,2026-08-30T22:20:29+00:00
cyclone_idai_2019,2019-03-29__api-fast__generic,machine,api-fast,api-fast/generic,2019-03-29,funding,Funding status and donor contributions,partial,0.5,0.8,ok,,264,b6b561ac,deepseek-v4-pro,38c5e5af438e558da94367ceb21529bf1b00efdc65c80de4f48a04a8effe26f9,sync,False,2026-08-30T22:20:29+00:00
cyclone_idai_2019,2019-03-29__api-fast__generic,machine,api-fast,api-fast/generic,2019-03-29,health,"Health, disease outbreak and nutrition",present,1.0,0.85,ok,,193,bd1b9e5b,deepseek-v4-pro,78dde75d81e542abc92183cf2d3691c61283e25fd2dd0b95204fdd6160b476ac,sync,False,2026-08-30T22:20:29+00:00
cyclone_idai_2019,2019-03-29__api-fast__generic,machine,api-fast,api-fast/generic,2019-03-29,needs_gaps,Sector needs and gaps,present,1.0,0.82,ok,,191,d21e5cff,deepseek-v4-pro,10c8fe5b8f79271611495df5ff3a2de9930185dcd5741594c8ef18f4b9f946b7,sync,False,2026-08-30T22:20:29+00:00
cyclone_idai_2019,2019-03-29__api-fast__generic,machine,api-fast,api-fast/generic,2019-03-29,response_actions,Sector response activities,present,1.0,0.95,ok,,214,f83dcb1b,deepseek-v4-pro,57e6c47c260fe80488defb4b0bde822512eedf13cbea248c8e2357b21aad3002,sync,False,2026-08-30T22:20:29+00:00
cyclone_idai_2019,2019-03-29__api-fast__generic,machine,api-fast,api-fast/generic,2019-03-29,shelter,Shelter and non-food items,partial,0.5,0.8,ok,,153,c012cb53,deepseek-v4-pro,f34a21bc0041bf72b62ebc7facbe56cf1017b8cf6a0fa30d2959a7e5c7a49ac3,sync,False,2026-08-30T22:20:29+00:00
cyclone_idai_2019,2019-03-29__api-fast__generic,machine,api-fast,api-fast/generic,2019-03-29,sourcing,Sourcing and attribution,present,1.0,0.75,ok,,199,1081c485,deepseek-v4-pro,2753498b6feb6849132a8b08f93cc30317ba00acbbf0539d95ae459d95a5c1dd,sync,False,2026-08-30T22:20:29+00:00
cyclone_idai_2019,2019-03-29__api-fast__generic,machine,api-fast,api-fast/generic,2019-03-29,wash,WASH needs and response,partial,0.5,0.85,ok,,183,052bb762,deepseek-v4-pro,cda3b2b4a0303b3f9b31c358438f1d2db8f61292aadff1e7b6013ff2ae7098c8,sync,False,2026-08-30T22:20:29+00:00
cyclone_idai_2019,2019-03-29__api-fast__schema_guided,machine,api-fast,api-fast/schema_guided,2019-03-29,access,Access constraints,present,1.0,0.95,ok,,170,a00036a7,deepseek-v4-pro,35920709f22c9739f99bc32f0a2f9b1ebd0d3e9a81f4ae374bd39fee7f995ecd,sync,False,2026-08-30T22:20:29+00:00
cyclone_idai_2019,2019-03-29__api-fast__schema_guided,machine,api-fast,api-fast/schema_guided,2019-03-29,casualties,Casualty and affected-population figures,present,1.0,0.98,ok,,193,fe6d5647,deepseek-v4-pro,c776f28ad3dff09a24100c820f557fabf74cb875a52b390a5840fe43e1e5c04d,sync,False,2026-08-30T22:20:29+00:00
cyclone_idai_2019,2019-03-29__api-fast__schema_guided,machine,api-fast,api-fast/schema_guided,2019-03-29,coordination,Coordination arrangements,partial,0.5,0.8,ok,,235,4764954f,deepseek-v4-pro,8d0d0522e10a50aaf6ea09a7a8180248db44d5da64b108dde6f7dbe3586899d1,sync,False,2026-08-30T22:20:29+00:00
cyclone_idai_2019,2019-03-29__api-fast__schema_guided,machine,api-fast,api-fast/schema_guided,2019-03-29,currency_and_metadata,Data currency and report metadata,partial,0.5,0.95,ok,,105,61dcd602,deepseek-v4-pro,a63138114021e2cb1d16b27d58d98f39a1e79c011909514e685d703803acaae6,sync,False,2026-08-30T22:20:29+00:00
cyclone_idai_2019,2019-03-29__api-fast__schema_guided,machine,api-fast,api-fast/schema_guided,2019-03-29,damage,"Physical, economic and agricultural damage",partial,0.5,0.75,ok,,159,b142499e,deepseek-v4-pro,07cfa18d08f990d2aecf2810dc33e8bd6d644d01aa79320edc3eb9af1216e5c4,sync,False,2026-08-30T22:20:29+00:00
cyclone_idai_2019,2019-03-29__api-fast__schema_guided,machine,api-fast,api-fast/schema_guided,2019-03-29,displacement,Displacement and accommodation sites,partial,0.5,0.9,ok,,183,f29fc0b2,deepseek-v4-pro,e7154d1b44f25f59bc236c8e22732e05a0b621d6eccc5af5b3b30d93f08949d2,sync,False,2026-08-30T22:20:29+00:00
cyclone_idai_2019,2019-03-29__api-fast__schema_guided,machine,api-fast,api-fast/schema_guided,2019-03-29,education,Education impact and response,partial,0.5,0.8,ok,,244,9da49c73,deepseek-v4-pro,746a191b4177f0e8897743fcd00098eef18962216ad1cff09c5cbf4cd4376cfe,sync,False,2026-08-30T22:20:29+00:00
cyclone_idai_2019,2019-03-29__api-fast__schema_guided,machine,api-fast,api-fast/schema_guided,2019-03-29,food,Food security and assistance reach,partial,0.5,0.72,ok,,223,c8115794,deepseek-v4-pro,21ff3539f0efef42bdd674fb3162cdca073be11defb2509e710078eba2ce8009,sync,False,2026-08-30T22:20:29+00:00
cyclone_idai_2019,2019-03-29__api-fast__schema_guided,machine,api-fast,api-fast/schema_guided,2019-03-29,funding,Funding status and donor contributions,partial,0.5,0.85,ok,,214,92026ed8,deepseek-v4-pro,41e3fd637d530538defc37b4a2c4265e2e9c94ac9b762306083cf3643a1c3996,sync,False,2026-08-30T22:20:29+00:00
cyclone_idai_2019,2019-03-29__api-fast__schema_guided,machine,api-fast,api-fast/schema_guided,2019-03-29,health,"Health, disease outbreak and nutrition",present,1.0,0.85,ok,,195,8923ae5c,deepseek-v4-pro,1167426fc2f618b41c4aaca8ed519b8fe8647bff7b641de14a8dbc639868ee63,sync,False,2026-08-30T22:20:29+00:00
cyclone_idai_2019,2019-03-29__api-fast__schema_guided,machine,api-fast,api-fast/schema_guided,2019-03-29,needs_gaps,Sector needs and gaps,present,1.0,0.82,ok,,207,48834435,deepseek-v4-pro,b88ffa1c70732232061760b73cf7fc247010b29a4872cb6d7849382a3f7d6a09,sync,False,2026-08-30T22:20:29+00:00
cyclone_idai_2019,2019-03-29__api-fast__schema_guided,machine,api-fast,api-fast/schema_guided,2019-03-29,response_actions,Sector response activities,present,1.0,1.0,ok,,235,47144b42,deepseek-v4-pro,f3aecd874f2be74b1b6bf5cb8de7a61fe0e2acd6d65d5972c571069db4748b3a,sync,False,2026-08-30T22:20:29+00:00
cyclone_idai_2019,2019-03-29__api-fast__schema_guided,machine,api-fast,api-fast/schema_guided,2019-03-29,shelter,Shelter and non-food items,partial,0.5,0.9,ok,,225,2a9425ae,deepseek-v4-pro,617dced0841a622a1f6ac6130173188fd8a896c9b9d5a9e049285b0bd0a5e877,sync,False,2026-08-30T22:20:29+00:00
cyclone_idai_2019,2019-03-29__api-fast__schema_guided,machine,api-fast,api-fast/schema_guided,2019-03-29,sourcing,Sourcing and attribution,present,1.0,0.98,ok,,188,0a2dd64b,deepseek-v4-pro,17c270d9a19bbf3d9e0f529f146f62a11f506a6ec28745c5a1d46a1292aebdcf,sync,False,2026-08-30T22:20:29+00:00
cyclone_idai_2019,2019-03-29__api-fast__schema_guided,machine,api-fast,api-fast/schema_guided,2019-03-29,wash,WASH needs and response,partial,0.5,0.85,ok,,188,adfbb83d,deepseek-v4-pro,8bc93d330034887bde2ad3c049064880fdd3fff01d6cf9fd5003247a887f9e25,sync,False,2026-08-30T22:20:29+00:00
cyclone_idai_2019,2019-03-29__api-strong__generic,machine,api-strong,api-strong/generic,2019-03-29,access,Access constraints,present,1.0,0.95,ok,,222,0e8034f9,deepseek-v4-pro,5d35074356125746676d6aaf68a52a4991b2dc35329eee1d3dd2989226ed4009,sync,False,2026-08-30T22:20:29+00:00
cyclone_idai_2019,2019-03-29__api-strong__generic,machine,api-strong,api-strong/generic,2019-03-29,casualties,Casualty and affected-population figures,present,1.0,0.9,ok,,177,c62a107c,deepseek-v4-pro,8a1df7a5a78f1a5a31ac405637da6e34e872d96fd7e4be06d4ff43d48337e084,sync,False,2026-08-30T22:20:29+00:00
cyclone_idai_2019,2019-03-29__api-strong__generic,machine,api-strong,api-strong/generic,2019-03-29,coordination,Coordination arrangements,partial,0.5,0.72,ok,,150,9b56947c,deepseek-v4-pro,92beef0dba085a660ad2010e345d23eaa5f936f7b28f8ef4dd30a10f42954301,sync,False,2026-08-30T22:20:29+00:00
cyclone_idai_2019,2019-03-29__api-strong__generic,machine,api-strong,api-strong/generic,2019-03-29,currency_and_metadata,Data currency and report metadata,partial,0.5,0.85,ok,,192,f00a3986,deepseek-v4-pro,ac6d21ec2bf89e6159b924990ad8f850c19d9541367d4214fa14b8ed7f44026b,sync,False,2026-08-30T22:20:29+00:00
cyclone_idai_2019,2019-03-29__api-strong__generic,machine,api-strong,api-strong/generic,2019-03-29,damage,"Physical, economic and agricultural damage",partial,0.5,0.85,ok,,199,1a66cc62,deepseek-v4-pro,bcf9543269561b7e517b8a9c64731d7a462bc81b00083d2b3ac9f726af176bba,sync,False,2026-08-30T22:20:29+00:00
cyclone_idai_2019,2019-03-29__api-strong__generic,machine,api-strong,api-strong/generic,2019-03-29,displacement,Displacement and accommodation sites,partial,0.5,0.9,ok,,43,9add2690,deepseek-v4-pro,2b19782a79543c63f1641295bdb0e6f6adb1c801d7f239899a435b771e8f07d6,sync,False,2026-08-30T22:20:29+00:00
cyclone_idai_2019,2019-03-29__api-strong__generic,machine,api-strong,api-strong/generic,2019-03-29,education,Education impact and response,partial,0.5,0.85,ok,,119,f1b655aa,deepseek-v4-pro,b96bb97230d68b6fe45e4a08eff3b7b10d7189313033a2fa16447ae59a7fc51c,sync,False,2026-08-30T22:20:29+00:00
cyclone_idai_2019,2019-03-29__api-strong__generic,machine,api-strong,api-strong/generic,2019-03-29,food,Food security and assistance reach,partial,0.5,0.7,ok,,252,bd21fc77,deepseek-v4-pro,4742ac34965fa60ce291fd2119306add17517c504d8464629a5593705f2a423b,sync,False,2026-08-30T22:20:29+00:00
cyclone_idai_2019,2019-03-29__api-strong__generic,machine,api-strong,api-strong/generic,2019-03-29,funding,Funding status and donor contributions,partial,0.5,0.85,ok,,233,31402f05,deepseek-v4-pro,99629786ddd9d39d28dea23751a4ea7a64bcc10ed84eb6d64bad1e2a4174ca97,sync,False,2026-08-30T22:20:29+00:00
cyclone_idai_2019,2019-03-29__api-strong__generic,machine,api-strong,api-strong/generic,2019-03-29,health,"Health, disease outbreak and nutrition",partial,0.5,0.85,ok,,111,d14570c6,deepseek-v4-pro,5e3cc49a0f73260534dba3a8416aba9c347d99adaade487b307b1d68c6ab9969,sync,False,2026-08-30T22:20:29+00:00
cyclone_idai_2019,2019-03-29__api-strong__generic,machine,api-strong,api-strong/generic,2019-03-29,needs_gaps,Sector needs and gaps,partial,0.5,0.75,ok,,171,1547713b,deepseek-v4-pro,293a20f2c5076dbc865c4ed7e1c1a836bdddf0a5a02db17fc05c04424cb73ff8,sync,False,2026-08-30T22:20:29+00:00
cyclone_idai_2019,2019-03-29__api-strong__generic,machine,api-strong,api-strong/generic,2019-03-29,response_actions,Sector response activities,present,1.0,0.95,ok,,107,83102567,deepseek-v4-pro,6e24d56fe4ed2a55ffe4549b60729b11f2b6b06b2c49f2d6c4aad6e3c18e8fc4,sync,False,2026-08-30T22:20:29+00:00
cyclone_idai_2019,2019-03-29__api-strong__generic,machine,api-strong,api-strong/generic,2019-03-29,shelter,Shelter and non-food items,partial,0.5,0.85,ok,,148,b7a0af98,deepseek-v4-pro,7a8af4b58f834f213ac8a01e8323aa4ca469c556fb3dba8267149483db2cfeb0,sync,False,2026-08-30T22:20:29+00:00
cyclone_idai_2019,2019-03-29__api-strong__generic,machine,api-strong,api-strong/generic,2019-03-29,sourcing,Sourcing and attribution,present,1.0,0.95,ok,,81,a13ec82e,deepseek-v4-pro,158e00b162963e6e890de29dc535bb5d11cc5930da0b4da6dcf613de99bbfaf6,sync,False,2026-08-30T22:20:29+00:00
cyclone_idai_2019,2019-03-29__api-strong__generic,machine,api-strong,api-strong/generic,2019-03-29,wash,WASH needs and response,partial,0.5,0.85,ok,,237,bd92bd97,deepseek-v4-pro,20e49aa2ac19b8196a96b187c254e8d17faa896b2eae7ee5ad22999cfa109766,sync,False,2026-08-30T22:20:29+00:00
cyclone_idai_2019,2019-03-29__api-strong__schema_guided,machine,api-strong,api-strong/schema_guided,2019-03-29,access,Access constraints,present,1.0,0.95,ok,,222,c402842a,deepseek-v4-pro,675eb9c155c75ef391a4f88063a4891bd11856102e54a8a72e3be4b2981424fa,sync,False,2026-08-30T22:20:29+00:00
cyclone_idai_2019,2019-03-29__api-strong__schema_guided,machine,api-strong,api-strong/schema_guided,2019-03-29,casualties,Casualty and affected-population figures,present,1.0,0.95,ok,,267,8e0bf80d,deepseek-v4-pro,0ad65dd5f455a6a39b7f2874a4a8cbc65744d3555afc184e025da594c33afcfc,sync,False,2026-08-30T22:20:29+00:00
cyclone_idai_2019,2019-03-29__api-strong__schema_guided,machine,api-strong,api-strong/schema_guided,2019-03-29,coordination,Coordination arrangements,present,1.0,0.9,ok,,221,87f0ea78,deepseek-v4-pro,384f5fafddcfef847656203146e02f2bc28f559b6bbce222fa191e490807a8d1,sync,False,2026-08-30T22:20:29+00:00
cyclone_idai_2019,2019-03-29__api-strong__schema_guided,machine,api-strong,api-strong/schema_guided,2019-03-29,currency_and_metadata,Data currency and report metadata,partial,0.5,0.95,ok,,123,6da21a9e,deepseek-v4-pro,00fb7f0b71672f44a9b63c1a3b8c69d7f2ba5278d1bfe3577061df3fdd2a4c3f,sync,False,2026-08-30T22:20:29+00:00
cyclone_idai_2019,2019-03-29__api-strong__schema_guided,machine,api-strong,api-strong/schema_guided,2019-03-29,damage,"Physical, economic and agricultural damage",present,1.0,0.85,ok,,167,756829db,deepseek-v4-pro,a9c90ca93d799a0b52d2ae14d99592a7d56c5ca8884db1d9c3e1fb523d20fadc,sync,False,2026-08-30T22:20:29+00:00
cyclone_idai_2019,2019-03-29__api-strong__schema_guided,machine,api-strong,api-strong/schema_guided,2019-03-29,displacement,Displacement and accommodation sites,partial,0.5,0.9,ok,,160,7ee8b228,deepseek-v4-pro,42d9b11fb6fdeea82755a672184146a882175f5fe9e24a838f7f033bd4a7436b,sync,False,2026-08-30T22:20:29+00:00
cyclone_idai_2019,2019-03-29__api-strong__schema_guided,machine,api-strong,api-strong/schema_guided,2019-03-29,education,Education impact and response,partial,0.5,0.8,ok,,182,53b4d391,deepseek-v4-pro,713944038772edc579d12e1b98a82553b57d15e7f129d35391ffeda24f4f9956,sync,False,2026-08-30T22:20:29+00:00
cyclone_idai_2019,2019-03-29__api-strong__schema_guided,machine,api-strong,api-strong/schema_guided,2019-03-29,food,Food security and assistance reach,partial,0.5,0.85,ok,,106,4c244984,deepseek-v4-pro,d5e8117a3f49ebdd8dbea45ad064047bd5c9efd65c3328c394c050d80f4d80d5,sync,False,2026-08-30T22:20:29+00:00
cyclone_idai_2019,2019-03-29__api-strong__schema_guided,machine,api-strong,api-strong/schema_guided,2019-03-29,funding,Funding status and donor contributions,partial,0.5,0.85,ok,,214,92026ed8,deepseek-v4-pro,e077a29d1b8ee92e3b65890b8d58c71d559a7453e5e46dfc540c6a863825704a,sync,False,2026-08-30T22:20:29+00:00
cyclone_idai_2019,2019-03-29__api-strong__schema_guided,machine,api-strong,api-strong/schema_guided,2019-03-29,health,"Health, disease outbreak and nutrition",partial,0.5,0.85,ok,,126,1d250844,deepseek-v4-pro,c40a1b17a983dc0533c680f17448264575f655e0d0d735724014bd39b2b85b44,sync,False,2026-08-30T22:20:29+00:00
cyclone_idai_2019,2019-03-29__api-strong__schema_guided,machine,api-strong,api-strong/schema_guided,2019-03-29,needs_gaps,Sector needs and gaps,partial,0.5,0.9,ok,,164,32840832,deepseek-v4-pro,a3d6d9e23ce52608e9dee8bbd9b79c9e71a723e06c85b352ecb10ee3e6319b41,sync,False,2026-08-30T22:20:29+00:00
cyclone_idai_2019,2019-03-29__api-strong__schema_guided,machine,api-strong,api-strong/schema_guided,2019-03-29,response_actions,Sector response activities,present,1.0,0.95,ok,,230,f13ac5ca,deepseek-v4-pro,d28a9c9c50798c072399d631a19a072960cde15892dbcd2ac08764320f076654,sync,False,2026-08-30T22:20:29+00:00
cyclone_idai_2019,2019-03-29__api-strong__schema_guided,machine,api-strong,api-strong/schema_guided,2019-03-29,shelter,Shelter and non-food items,partial,0.5,0.75,ok,,144,11132e5a,deepseek-v4-pro,cedb485f3aea8548f88e1c4ed517fd25b061985898d1c2f63a92a0b859894c9d,sync,False,2026-08-30T22:20:29+00:00
cyclone_idai_2019,2019-03-29__api-strong__schema_guided,machine,api-strong,api-strong/schema_guided,2019-03-29,sourcing,Sourcing and attribution,present,1.0,1.0,ok,,62,1e564e5e,deepseek-v4-pro,b679dd0543060cc5d95c9229eaf04e4ae08ab01b32b1511a04d69b47d53ebf40,sync,False,2026-08-30T22:20:29+00:00
cyclone_idai_2019,2019-03-29__api-strong__schema_guided,machine,api-strong,api-strong/schema_guided,2019-03-29,wash,WASH needs and response,present,1.0,0.85,ok,,359,09af127e,deepseek-v4-pro,c0d5d0adfcabfcb17771053d2e4d2985d133b31ddce897ea6c3c75e96a40b263,sync,False,2026-08-30T22:20:29+00:00
cyclone_idai_2019,2019-03-30__api-fast__generic,machine,api-fast,api-fast/generic,2019-03-30,access,Access constraints,present,1.0,0.85,ok,,228,4c93eef5,deepseek-v4-pro,91b1076d825390ef69880319cc5b238d960c8cd528138d8b9c89463eb841e313,sync,False,2026-08-30T22:20:29+00:00
cyclone_idai_2019,2019-03-30__api-fast__generic,machine,api-fast,api-fast/generic,2019-03-30,casualties,Casualty and affected-population figures,present,1.0,0.85,ok,,132,bbb543bb,deepseek-v4-pro,5034a1550ca5c9371aa10dc1689312776bebb5e612c000f96999da0e3d5bda44,sync,False,2026-08-30T22:20:29+00:00
cyclone_idai_2019,2019-03-30__api-fast__generic,machine,api-fast,api-fast/generic,2019-03-30,coordination,Coordination arrangements,partial,0.5,0.6,ok,,87,c6bff761,deepseek-v4-pro,0ceee4dcb6ce283d85ceec0732902ea76d8aba726d550a41317f2dac85333529,sync,False,2026-08-30T22:20:29+00:00
cyclone_idai_2019,2019-03-30__api-fast__generic,machine,api-fast,api-fast/generic,2019-03-30,currency_and_metadata,Data currency and report metadata,partial,0.5,0.85,ok,,102,12b7204e,deepseek-v4-pro,1b45f0266ed283f23e910ba5d568c5c935637233aafb59bed19493945d869918,sync,False,2026-08-30T22:20:29+00:00
cyclone_idai_2019,2019-03-30__api-fast__generic,machine,api-fast,api-fast/generic,2019-03-30,damage,"Physical, economic and agricultural damage",partial,0.5,0.7,ok,,265,986aad9d,deepseek-v4-pro,fa34966a2b44e88fce92ee3577b8c99cf59d4c33d1de148bfb1becd500bdfb29,sync,False,2026-08-30T22:20:29+00:00
cyclone_idai_2019,2019-03-30__api-fast__generic,machine,api-fast,api-fast/generic,2019-03-30,displacement,Displacement and accommodation sites,partial,0.5,0.85,ok,,179,fc8b80bb,deepseek-v4-pro,a54dbf6e1799b619a8432c1a9b017929c92c9339dc4202c6dc08f2775e4556a5,sync,False,2026-08-30T22:20:29+00:00
cyclone_idai_2019,2019-03-30__api-fast__generic,machine,api-fast,api-fast/generic,2019-03-30,education,Education impact and response,partial,0.5,0.85,ok,,145,de2680ca,deepseek-v4-pro,9f438fd9ae4728045f9acc4477021afcf0a8b7a2d719784bc4161e1785566a5d,sync,False,2026-08-30T22:20:29+00:00
cyclone_idai_2019,2019-03-30__api-fast__generic,machine,api-fast,api-fast/generic,2019-03-30,food,Food security and assistance reach,present,1.0,0.9,ok,,151,2b3dfc9d,deepseek-v4-pro,d96e6b190bb8ab97363d9628d6133ac16ee377b2701c1994fd6e0053c9f3545e,sync,False,2026-08-30T22:20:29+00:00
cyclone_idai_2019,2019-03-30__api-fast__generic,machine,api-fast,api-fast/generic,2019-03-30,funding,Funding status and donor contributions,partial,0.5,0.8,ok,,141,bcdec16b,deepseek-v4-pro,0028f68ff64fbf0a2e2d6e661f5dad01764ea52e6b361f2023aa008cc4060d6f,sync,False,2026-08-30T22:20:29+00:00
cyclone_idai_2019,2019-03-30__api-fast__generic,machine,api-fast,api-fast/generic,2019-03-30,health,"Health, disease outbreak and nutrition",partial,0.5,0.85,ok,,166,84f33370,deepseek-v4-pro,bed6553668a38e835bbed2cc59076bde2c71b84f31b8054cffd4049e8044b1d1,sync,False,2026-08-30T22:20:29+00:00
cyclone_idai_2019,2019-03-30__api-fast__generic,machine,api-fast,api-fast/generic,2019-03-30,needs_gaps,Sector needs and gaps,present,1.0,0.8,ok,,170,8b46b0d2,deepseek-v4-pro,d190b63603243337ecd91563a88a1b991db54082fa3dc8cede8dd31d489eace1,sync,False,2026-08-30T22:20:29+00:00
cyclone_idai_2019,2019-03-30__api-fast__generic,machine,api-fast,api-fast/generic,2019-03-30,response_actions,Sector response activities,present,1.0,1.0,ok,,159,98ac508e,deepseek-v4-pro,a8374dc0142749548697cd2955c9983cf8843f8c17a468c32a72310c7454dfa0,sync,False,2026-08-30T22:20:29+00:00
cyclone_idai_2019,2019-03-30__api-fast__generic,machine,api-fast,api-fast/generic,2019-03-30,shelter,Shelter and non-food items,present,1.0,0.9,ok,,159,98ac508e,deepseek-v4-pro,623e9737cc474ac0f6cb2036d03f4f560681947eb00882ac23f6968d72e80022,sync,False,2026-08-30T22:20:29+00:00
cyclone_idai_2019,2019-03-30__api-fast__generic,machine,api-fast,api-fast/generic,2019-03-30,sourcing,Sourcing and attribution,present,1.0,0.9,ok,,132,bbb543bb,deepseek-v4-pro,ff263a651ac34c090f53cd32bf75ac3b0008726ff08bcfb0d455ee25645af66a,sync,False,2026-08-30T22:20:29+00:00
cyclone_idai_2019,2019-03-30__api-fast__generic,machine,api-fast,api-fast/generic,2019-03-30,wash,WASH needs and response,partial,0.5,0.85,ok,,155,7729b7da,deepseek-v4-pro,0fb035667472cc9ffa9dde80799e579b1b4b888e161992cccc7ef885106d0531,sync,False,2026-08-30T22:20:29+00:00
cyclone_idai_2019,2019-03-30__api-fast__schema_guided,machine,api-fast,api-fast/schema_guided,2019-03-30,access,Access constraints,present,1.0,0.95,ok,,151,68443cad,deepseek-v4-pro,9bc5fe1b6efb98568fced5d213d7af29694e6bcb053acf5efad71eae9178f9d2,sync,False,2026-08-30T22:20:29+00:00
cyclone_idai_2019,2019-03-30__api-fast__schema_guided,machine,api-fast,api-fast/schema_guided,2019-03-30,casualties,Casualty and affected-population figures,present,1.0,0.95,ok,,194,37356393,deepseek-v4-pro,36634dc000c6ed4860c62f8e10962d3b44d19e37524fe1614fbda85464ecfe60,sync,False,2026-08-30T22:20:29+00:00
cyclone_idai_2019,2019-03-30__api-fast__schema_guided,machine,api-fast,api-fast/schema_guided,2019-03-30,coordination,Coordination arrangements,partial,0.5,0.8,ok,,231,be7cf8d0,deepseek-v4-pro,4be5f0d10d8d0b8414ffbf786efe7ca78ea9377f9c6169b9b70a35de37dd2e3e,sync,False,2026-08-30T22:20:29+00:00
cyclone_idai_2019,2019-03-30__api-fast__schema_guided,machine,api-fast,api-fast/schema_guided,2019-03-30,currency_and_metadata,Data currency and report metadata,partial,0.5,0.9,ok,,215,638445ae,deepseek-v4-pro,cd98f8eb9b4dc8261605e49974be400e1c17dbf179a7e7506f02e43c88e857d9,sync,False,2026-08-30T22:20:29+00:00
cyclone_idai_2019,2019-03-30__api-fast__schema_guided,machine,api-fast,api-fast/schema_guided,2019-03-30,damage,"Physical, economic and agricultural damage",partial,0.5,0.8,ok,,118,aa473f83,deepseek-v4-pro,90e00f90e958ae9a72d27cf183ce7b2f200d9184ecf41edacdfd0ee13667687d,sync,False,2026-08-30T22:20:29+00:00
cyclone_idai_2019,2019-03-30__api-fast__schema_guided,machine,api-fast,api-fast/schema_guided,2019-03-30,displacement,Displacement and accommodation sites,partial,0.5,0.85,ok,,207,db3b8d94,deepseek-v4-pro,0f2d531b1489c9e218c8e9f843806cc94b01f3cc1218e84782d4303f9d871563,sync,False,2026-08-30T22:20:29+00:00
cyclone_idai_2019,2019-03-30__api-fast__schema_guided,machine,api-fast,api-fast/schema_guided,2019-03-30,education,Education impact and response,partial,0.5,0.8,ok,,208,482d120b,deepseek-v4-pro,f964a5bd82194bda119b9e79c1e1c6288ee959cce45ba6459fae273f70208237,sync,False,2026-08-30T22:20:29+00:00
cyclone_idai_2019,2019-03-30__api-fast__schema_guided,machine,api-fast,api-fast/schema_guided,2019-03-30,food,Food security and assistance reach,present,1.0,0.95,ok,,173,fc6b540c,deepseek-v4-pro,e892180ea9c36944f4b8cd482f9f86ca15f59cfed0842403ca75f87d122457d3,sync,False,2026-08-30T22:20:29+00:00
cyclone_idai_2019,2019-03-30__api-fast__schema_guided,machine,api-fast,api-fast/schema_guided,2019-03-30,funding,Funding status and donor contributions,present,1.0,0.85,ok,,183,fa4d1687,deepseek-v4-pro,deea0bf135c8042dfe8e21bf25088b53b55c1e3b2d148786bb85df1f022428b9,sync,False,2026-08-30T22:20:29+00:00
cyclone_idai_2019,2019-03-30__api-fast__schema_guided,machine,api-fast,api-fast/schema_guided,2019-03-30,health,"Health, disease outbreak and nutrition",present,1.0,0.95,ok,,186,d36ec0be,deepseek-v4-pro,4e6e2e252acf2c82f8591058e987f8b19e11284f7f1c19e517908c9d32c07ead,sync,False,2026-08-30T22:20:29+00:00
cyclone_idai_2019,2019-03-30__api-fast__schema_guided,machine,api-fast,api-fast/schema_guided,2019-03-30,needs_gaps,Sector needs and gaps,partial,0.5,0.85,ok,,184,521cd63f,deepseek-v4-pro,393b88e065086bd23f60322780925bb9225a55a238a25574281c91967fc24463,sync,False,2026-08-30T22:20:29+00:00
cyclone_idai_2019,2019-03-30__api-fast__schema_guided,machine,api-fast,api-fast/schema_guided,2019-03-30,response_actions,Sector response activities,present,1.0,1.0,ok,,169,8e6bd900,deepseek-v4-pro,5e41bcd21cf001881dfb3d4b42aa4fb91a23ddeb0a090e3589d455a6dc9de69b,sync,False,2026-08-30T22:20:29+00:00
cyclone_idai_2019,2019-03-30__api-fast__schema_guided,machine,api-fast,api-fast/schema_guided,2019-03-30,shelter,Shelter and non-food items,present,1.0,0.93,ok,,104,39e17e4b,deepseek-v4-pro,dc010a06c397c03eec0b82fed7406cb1700faff4f65f2aeab3ae272d1787b2fb,sync,False,2026-08-30T22:20:29+00:00
cyclone_idai_2019,2019-03-30__api-fast__schema_guided,machine,api-fast,api-fast/schema_guided,2019-03-30,sourcing,Sourcing and attribution,present,1.0,0.98,ok,,200,e794fb3e,deepseek-v4-pro,2e2d5a6b5a005e2350f513fee7497867ae7edca61b4ae2c398c843798f07950e,sync,False,2026-08-30T22:20:29+00:00
cyclone_idai_2019,2019-03-30__api-fast__schema_guided,machine,api-fast,api-fast/schema_guided,2019-03-30,wash,WASH needs and response,partial,0.5,0.78,ok,,149,05bcfef9,deepseek-v4-pro,ec5cbdf228395cb30aeb74f11e7fb6908ec81b07dec52d063da3cd792d78a63e,sync,False,2026-08-30T22:20:29+00:00
cyclone_idai_2019,2019-03-30__api-strong__generic,machine,api-strong,api-strong/generic,2019-03-30,access,Access constraints,present,1.0,0.9,ok,,204,b1800e84,deepseek-v4-pro,ddfc65b1ed5459e6c2fe8ce6eb8fcbca58e32567dc4a8838b4d9eaf731941390,sync,False,2026-08-30T22:20:29+00:00
cyclone_idai_2019,2019-03-30__api-strong__generic,machine,api-strong,api-strong/generic,2019-03-30,casualties,Casualty and affected-population figures,partial,0.5,0.75,ok,,110,fbcaeabc,deepseek-v4-pro,45c6b40dcc831db8e478fe8d9679c45f8c6a3cd46aff546e01444d01ad373fd4,sync,False,2026-08-30T22:20:29+00:00
cyclone_idai_2019,2019-03-30__api-strong__generic,machine,api-strong,api-strong/generic,2019-03-30,coordination,Coordination arrangements,partial,0.5,0.6,ok,,91,a6b1fffc,deepseek-v4-pro,e4f3c9ced0326b184ab9f84dcbcee0a48e07f925d4be40a219dcb57ea0ad84ec,sync,False,2026-08-30T22:20:29+00:00
cyclone_idai_2019,2019-03-30__api-strong__generic,machine,api-strong,api-strong/generic,2019-03-30,currency_and_metadata,Data currency and report metadata,partial,0.5,0.9,ok,,125,8c79ac2e,deepseek-v4-pro,e3cdd2ae81098a2cbeec82accefd2215e4a56bcc4d198a4340947fead1b0b340,sync,False,2026-08-30T22:20:29+00:00
cyclone_idai_2019,2019-03-30__api-strong__generic,machine,api-strong,api-strong/generic,2019-03-30,damage,"Physical, economic and agricultural damage",partial,0.5,0.7,ok,,242,a2be700e,deepseek-v4-pro,7662dd9020a99d15f525237b1dfc13829bd28d2a1344fb3c95c23952d2ce21d7,sync,False,2026-08-30T22:20:29+00:00
cyclone_idai_2019,2019-03-30__api-strong__generic,machine,api-strong,api-strong/generic,2019-03-30,displacement,Displacement and accommodation sites,partial,0.5,0.85,ok,,207,0ef03c76,deepseek-v4-pro,3811d65457a8f1f9692d9292bcde860fab8cf910dd4f46a17f0db9266911d065,sync,False,2026-08-30T22:20:29+00:00
cyclone_idai_2019,2019-03-30__api-strong__generic,machine,api-strong,api-strong/generic,2019-03-30,education,Education impact and response,partial,0.5,0.9,ok,,234,d169fba2,deepseek-v4-pro,b58765b28a148597d7dd5f6f35d7fe88c1dbc86c80125e4b84ca7d668974d30c,sync,False,2026-08-30T22:20:29+00:00
cyclone_idai_2019,2019-03-30__api-strong__generic,machine,api-strong,api-strong/generic,2019-03-30,food,Food security and assistance reach,present,1.0,0.82,ok,,154,94058b06,deepseek-v4-pro,fe9073727409e5e2b08a97873abefe933fd4c38cbaf675ba53583f8e1ab9a06b,sync,False,2026-08-30T22:20:29+00:00
cyclone_idai_2019,2019-03-30__api-strong__generic,machine,api-strong,api-strong/generic,2019-03-30,funding,Funding status and donor contributions,partial,0.5,0.72,ok,,158,e192025c,deepseek-v4-pro,a5c7d21ee9d20af0f5f81e72cf9c401ff862138ea675929a17a62bab157f0389,sync,False,2026-08-30T22:20:29+00:00
cyclone_idai_2019,2019-03-30__api-strong__generic,machine,api-strong,api-strong/generic,2019-03-30,health,"Health, disease outbreak and nutrition",present,1.0,0.9,ok,,157,958f97fb,deepseek-v4-pro,9b3510d86c06b6948475824eb5207d5f3d9fa29b08e8ffbff084cdbd663cd04f,sync,False,2026-08-30T22:20:29+00:00
cyclone_idai_2019,2019-03-30__api-strong__generic,machine,api-strong,api-strong/generic,2019-03-30,needs_gaps,Sector needs and gaps,partial,0.5,0.7,ok,,127,a9e5a693,deepseek-v4-pro,ab6458f54bee879dea7c5a302d01f58579ebacf0f7679f6a78bdfc699d76cf1a,sync,False,2026-08-30T22:20:29+00:00
cyclone_idai_2019,2019-03-30__api-strong__generic,machine,api-strong,api-strong/generic,2019-03-30,response_actions,Sector response activities,present,1.0,0.95,ok,,183,cdfd8011,deepseek-v4-pro,95ea948c7cabdc80a98b03bc0677db7c2b5d29d8ce2be8a2ea5db6c58392c7c4,sync,False,2026-08-30T22:20:29+00:00
cyclone_idai_2019,2019-03-30__api-strong__generic,machine,api-strong,api-strong/generic,2019-03-30,shelter,Shelter and non-food items,present,1.0,0.8,ok,,171,47528575,deepseek-v4-pro,8d7face3b308a660ffde741e91f12bc3cbc8a225444eaa3bd175a51d3968e77b,sync,False,2026-08-30T22:20:29+00:00
cyclone_idai_2019,2019-03-30__api-strong__generic,machine,api-strong,api-strong/generic,2019-03-30,sourcing,Sourcing and attribution,present,1.0,0.8,ok,,76,e7445a3e,deepseek-v4-pro,226a11794eaab135041ffe3b6210e4ead83bca0f4262aeaa40456e9d09bfcd56,sync,False,2026-08-30T22:20:29+00:00
cyclone_idai_2019,2019-03-30__api-strong__generic,machine,api-strong,api-strong/generic,2019-03-30,wash,WASH needs and response,partial,0.5,0.8,ok,,183,cdfd8011,deepseek-v4-pro,1b1c88959742a33cb1f8be862a19f7c3160c8b43cc35b11440c4cbb776fa9da8,sync,False,2026-08-30T22:20:29+00:00
cyclone_idai_2019,2019-03-30__api-strong__schema_guided,machine,api-strong,api-strong/schema_guided,2019-03-30,access,Access constraints,present,1.0,0.9,ok,,122,e53be8c0,deepseek-v4-pro,b8a0ee6e2fe6613ca06b3bcf66373b28499505b8b4fb0fafd6c5ce34c3181337,sync,False,2026-08-30T22:20:29+00:00
cyclone_idai_2019,2019-03-30__api-strong__schema_guided,machine,api-strong,api-strong/schema_guided,2019-03-30,casualties,Casualty and affected-population figures,present,1.0,0.96,ok,,227,2d6c2f94,deepseek-v4-pro,2743c82cceafc971617c5a84039c9d04f5911f2152c4a8a74e7da4df20addf5c,sync,False,2026-08-30T22:20:29+00:00
cyclone_idai_2019,2019-03-30__api-strong__schema_guided,machine,api-strong,api-strong/schema_guided,2019-03-30,coordination,Coordination arrangements,partial,0.5,0.75,ok,,213,9bb3f3ac,deepseek-v4-pro,b3063d49eca658ffc38aced7b1f82db0f0445e2883daf48b91c9dbbc694e9fec,sync,False,2026-08-30T22:20:29+00:00
cyclone_idai_2019,2019-03-30__api-strong__schema_guided,machine,api-strong,api-strong/schema_guided,2019-03-30,currency_and_metadata,Data currency and report metadata,partial,0.5,0.9,ok,,173,a2baf715,deepseek-v4-pro,2578bd2683caf92b157034a8c519a079163fc41847cc60be871d01257c57ccc0,sync,False,2026-08-30T22:20:29+00:00
cyclone_idai_2019,2019-03-30__api-strong__schema_guided,machine,api-strong,api-strong/schema_guided,2019-03-30,damage,"Physical, economic and agricultural damage",partial,0.5,0.82,ok,,187,cfbd76c8,deepseek-v4-pro,e66519e9e01f0fe5ebadac66fdebf9edd65e64816aaef3d54f4578e66f3c19fa,sync,False,2026-08-30T22:20:29+00:00
cyclone_idai_2019,2019-03-30__api-strong__schema_guided,machine,api-strong,api-strong/schema_guided,2019-03-30,displacement,Displacement and accommodation sites,partial,0.5,0.85,ok,,237,fbeb87fa,deepseek-v4-pro,df06cda6e076cae658b5dd8ff9cf7672b10af4f65a2278b055e779b15611cc77,sync,False,2026-08-30T22:20:29+00:00
cyclone_idai_2019,2019-03-30__api-strong__schema_guided,machine,api-strong,api-strong/schema_guided,2019-03-30,education,Education impact and response,partial,0.5,0.8,ok,,206,b2b422bd,deepseek-v4-pro,2fd360240a1ef5e04abedb8e7f8dc8e1ae7212bc6964d5d80a38344df8d48b9c,sync,False,2026-08-30T22:20:29+00:00
cyclone_idai_2019,2019-03-30__api-strong__schema_guided,machine,api-strong,api-strong/schema_guided,2019-03-30,food,Food security and assistance reach,present,1.0,0.95,ok,,140,f1063298,deepseek-v4-pro,eb2687f865b053d800b66f2cfff533b42685640f1eef6f8a74f2df352d139ed8,sync,False,2026-08-30T22:20:29+00:00
cyclone_idai_2019,2019-03-30__api-strong__schema_guided,machine,api-strong,api-strong/schema_guided,2019-03-30,funding,Funding status and donor contributions,partial,0.5,0.85,ok,,135,8254d2ed,deepseek-v4-pro,28d1a766d1d912641489a988dd7dfba817457a9fded24413a811516d7cd210ab,sync,False,2026-08-30T22:20:29+00:00
cyclone_idai_2019,2019-03-30__api-strong__schema_guided,machine,api-strong,api-strong/schema_guided,2019-03-30,health,"Health, disease outbreak and nutrition",present,1.0,0.9,ok,,182,9afde709,deepseek-v4-pro,06a0b3b397f25363c6e25f2b338db1035667c75f46991b8933ce938a6a7d54ac,sync,False,2026-08-30T22:20:29+00:00
cyclone_idai_2019,2019-03-30__api-strong__schema_guided,machine,api-strong,api-strong/schema_guided,2019-03-30,needs_gaps,Sector needs and gaps,partial,0.5,0.8,ok,,204,fd893209,deepseek-v4-pro,f0dd034064c21c218f184a9d07fe66b776a90a81e5d36756d83e591d0f256718,sync,False,2026-08-30T22:20:29+00:00
cyclone_idai_2019,2019-03-30__api-strong__schema_guided,machine,api-strong,api-strong/schema_guided,2019-03-30,response_actions,Sector response activities,present,1.0,0.95,ok,,238,58f0e840,deepseek-v4-pro,725c975b956de121994b2fb704a73e9eaacd5168fea1be3c49571a918b8867fb,sync,False,2026-08-30T22:20:29+00:00
cyclone_idai_2019,2019-03-30__api-strong__schema_guided,machine,api-strong,api-strong/schema_guided,2019-03-30,shelter,Shelter and non-food items,present,1.0,0.95,ok,,169,6d26efa8,deepseek-v4-pro,9837b8d6a62bc37797f49e92497384364f44fa8294b800d4f1eb378ef2b9016d,sync,False,2026-08-30T22:20:29+00:00
cyclone_idai_2019,2019-03-30__api-strong__schema_guided,machine,api-strong,api-strong/schema_guided,2019-03-30,sourcing,Sourcing and attribution,present,1.0,1.0,ok,,253,6030f604,deepseek-v4-pro,7b4d4ea65369804309c4c412626a07111b344652ca533d15bf6f448723168206,sync,False,2026-08-30T22:20:29+00:00
cyclone_idai_2019,2019-03-30__api-strong__schema_guided,machine,api-strong,api-strong/schema_guided,2019-03-30,wash,WASH needs and response,partial,0.5,0.8,ok,,308,aaaffc4f,deepseek-v4-pro,45e5d187e6013526f898379c7827a9a77ac1f8c5d177506ede45bf52c20174cf,sync,False,2026-08-30T22:20:29+00:00
cyclone_idai_2019,2019-03-31__api-fast__generic,machine,api-fast,api-fast/generic,2019-03-31,access,Access constraints,present,1.0,0.85,ok,,128,14832b77,deepseek-v4-pro,78b5da2667086f3f0651d42a4fe6e955c31261bb85f25c901fb7cc449f0b3f10,sync,False,2026-08-30T22:20:29+00:00
cyclone_idai_2019,2019-03-31__api-fast__generic,machine,api-fast,api-fast/generic,2019-03-31,casualties,Casualty and affected-population figures,present,1.0,0.85,ok,,169,58e8a06b,deepseek-v4-pro,735ee715608ec1c16a0e8e36b7f118b786d5e850878a5f74c6e0d2447af8d744,sync,False,2026-08-30T22:20:29+00:00
cyclone_idai_2019,2019-03-31__api-fast__generic,machine,api-fast,api-fast/generic,2019-03-31,coordination,Coordination arrangements,partial,0.5,0.7,ok,,185,3fd46d36,deepseek-v4-pro,a12166207ce67d41cd55f5a6cf45bc67d9fba297fcb6895ba3d9a4e6aba94199,sync,False,2026-08-30T22:20:29+00:00
cyclone_idai_2019,2019-03-31__api-fast__generic,machine,api-fast,api-fast/generic,2019-03-31,currency_and_metadata,Data currency and report metadata,partial,0.5,0.9,ok,,106,3f59d463,deepseek-v4-pro,a824736af4a7444e02d0a0f8dc4b47b9bb49674bc32faeeed05907e3954fed1d,sync,False,2026-08-30T22:20:29+00:00
cyclone_idai_2019,2019-03-31__api-fast__generic,machine,api-fast,api-fast/generic,2019-03-31,damage,"Physical, economic and agricultural damage",partial,0.5,0.7,ok,,129,5239e40b,deepseek-v4-pro,047baa14d892d38dcd5d913199e203b14070951eae8f5070ce74fdd73719c656,sync,False,2026-08-30T22:20:29+00:00
cyclone_idai_2019,2019-03-31__api-fast__generic,machine,api-fast,api-fast/generic,2019-03-31,displacement,Displacement and accommodation sites,partial,0.5,0.7,ok,,162,5113cd9d,deepseek-v4-pro,c68cfabc8d53820c6e5732aa8efb0ae8f6b18e54433cbe2f97ca02ae19154402,sync,False,2026-08-30T22:20:29+00:00
cyclone_idai_2019,2019-03-31__api-fast__generic,machine,api-fast,api-fast/generic,2019-03-31,education,Education impact and response,partial,0.5,0.9,ok,,209,83d54474,deepseek-v4-pro,710d652c5e12e809f614ce9b9715510c0cb0effff3feab44918509f12a973039,sync,False,2026-08-30T22:20:29+00:00
cyclone_idai_2019,2019-03-31__api-fast__generic,machine,api-fast,api-fast/generic,2019-03-31,food,Food security and assistance reach,partial,0.5,0.85,ok,,186,4df12bc8,deepseek-v4-pro,05befd04bdaef16115237b1f6bf2403352c26fed642a6b3247819999172383bc,sync,False,2026-08-30T22:20:29+00:00
cyclone_idai_2019,2019-03-31__api-fast__generic,machine,api-fast,api-fast/generic,2019-03-31,funding,Funding status and donor contributions,partial,0.5,0.9,ok,,150,32507795,deepseek-v4-pro,9e4f0dc52a9ac78e6502401def0173932e0e8ae962b94b384e9feda9261820f9,sync,False,2026-08-30T22:20:29+00:00
cyclone_idai_2019,2019-03-31__api-fast__generic,machine,api-fast,api-fast/generic,2019-03-31,health,"Health, disease outbreak and nutrition",present,1.0,0.9,ok,,206,b7aa5a77,deepseek-v4-pro,3c0e56ff6ed913a26edcf90065298f4ea2a84cc3da7c6c2baf58e244260b0f4f,sync,False,2026-08-30T22:20:29+00:00
cyclone_idai_2019,2019-03-31__api-fast__generic,machine,api-fast,api-fast/generic,2019-03-31,needs_gaps,Sector needs and gaps,partial,0.5,0.75,ok,,111,d9e152e4,deepseek-v4-pro,b0b5a1a0f9a071552855cce360dac82b8a05222b2faf41d24b1d94e1aa558910,sync,False,2026-08-30T22:20:29+00:00
cyclone_idai_2019,2019-03-31__api-fast__generic,machine,api-fast,api-fast/generic,2019-03-31,response_actions,Sector response activities,present,1.0,0.95,ok,,185,3fd46d36,deepseek-v4-pro,f74028d57d4945135cc9a2cf3a4874ee08921dd3b23eb1365c5875c9d74d02ad,sync,False,2026-08-30T22:20:29+00:00
cyclone_idai_2019,2019-03-31__api-fast__generic,machine,api-fast,api-fast/generic,2019-03-31,shelter,Shelter and non-food items,partial,0.5,0.85,ok,,95,bf1bc221,deepseek-v4-pro,fef911428d518d163bbc9a5e317504ce1bec734d53959c34b43ecbf682e4fd47,sync,False,2026-08-30T22:20:29+00:00
cyclone_idai_2019,2019-03-31__api-fast__generic,machine,api-fast,api-fast/generic,2019-03-31,sourcing,Sourcing and attribution,present,1.0,0.9,ok,,71,4491083c,deepseek-v4-pro,2ccfe9277784a653ed9357310d5876ef92910808c3701e3aac9aef58492200b8,sync,False,2026-08-30T22:20:29+00:00
cyclone_idai_2019,2019-03-31__api-fast__generic,machine,api-fast,api-fast/generic,2019-03-31,wash,WASH needs and response,partial,0.5,0.75,ok,,176,b9ada08e,deepseek-v4-pro,cb496afdb934658036e9a21d7bcbf88f70a7615c788fc9e17a5589f0e5bd2107,sync,False,2026-08-30T22:20:29+00:00
cyclone_idai_2019,2019-03-31__api-fast__schema_guided,machine,api-fast,api-fast/schema_guided,2019-03-31,access,Access constraints,present,1.0,0.95,ok,,230,eaa75d18,deepseek-v4-pro,3c0db79d8a4aac38864ec2e96f4f7d840c3fa364173b8dac974a5b5c4dda5dc6,sync,False,2026-08-30T22:20:29+00:00
cyclone_idai_2019,2019-03-31__api-fast__schema_guided,machine,api-fast,api-fast/schema_guided,2019-03-31,casualties,Casualty and affected-population figures,present,1.0,0.9,ok,,168,638c03e3,deepseek-v4-pro,130e3387b55f678abe1613de9df75111c9153382f5f618676019e617234ab91a,sync,False,2026-08-30T22:20:29+00:00
cyclone_idai_2019,2019-03-31__api-fast__schema_guided,machine,api-fast,api-fast/schema_guided,2019-03-31,coordination,Coordination arrangements,partial,0.5,0.7,ok,,174,bf8f64a7,deepseek-v4-pro,0e43cbd81f3a21403dcc5d9e17780e50f3f5c476684b47aecd7d207ac973af17,sync,False,2026-08-30T22:20:29+00:00
cyclone_idai_2019,2019-03-31__api-fast__schema_guided,machine,api-fast,api-fast/schema_guided,2019-03-31,currency_and_metadata,Data currency and report metadata,partial,0.5,0.95,ok,,342,e0f033e9,deepseek-v4-pro,2269179d20a3d84428633734a80dc1e0c00e8a281bb9affaff0c1a3b343a893c,sync,False,2026-08-30T22:20:29+00:00
cyclone_idai_2019,2019-03-31__api-fast__schema_guided,machine,api-fast,api-fast/schema_guided,2019-03-31,damage,"Physical, economic and agricultural damage",partial,0.5,0.85,ok,,198,ccde91a1,deepseek-v4-pro,ceac3f94fe8ab8f2816b2ea257ce5617c8685c5d77484f991b264e25ba15687d,sync,False,2026-08-30T22:20:29+00:00
cyclone_idai_2019,2019-03-31__api-fast__schema_guided,machine,api-fast,api-fast/schema_guided,2019-03-31,displacement,Displacement and accommodation sites,partial,0.5,0.85,ok,,93,84d3923c,deepseek-v4-pro,b0a139c04e88b0d74d8772ff7ca90265a1572125cc29567a056c29f232304b81,sync,False,2026-08-30T22:20:29+00:00
cyclone_idai_2019,2019-03-31__api-fast__schema_guided,machine,api-fast,api-fast/schema_guided,2019-03-31,education,Education impact and response,present,1.0,0.8,ok,,195,0b7a5b38,deepseek-v4-pro,615b1e73263e4bdcd246a4662c4aa7f1042a9dda691dbc21a74d3cfbdcaf7ce6,sync,False,2026-08-30T22:20:29+00:00
cyclone_idai_2019,2019-03-31__api-fast__schema_guided,machine,api-fast,api-fast/schema_guided,2019-03-31,food,Food security and assistance reach,present,1.0,0.85,ok,,156,6e928f2a,deepseek-v4-pro,7b15e7f9918491ed1f2d384ef5229b735af03695e80cc6eaeb8889a28dbec51b,sync,False,2026-08-30T22:20:29+00:00
cyclone_idai_2019,2019-03-31__api-fast__schema_guided,machine,api-fast,api-fast/schema_guided,2019-03-31,funding,Funding status and donor contributions,partial,0.5,0.85,ok,,158,b2820f26,deepseek-v4-pro,1490f81ff09ec525457057c9f406c5fb51e20ab68c1d239701e56a2458c9bf09,sync,False,2026-08-30T22:20:29+00:00
cyclone_idai_2019,2019-03-31__api-fast__schema_guided,machine,api-fast,api-fast/schema_guided,2019-03-31,health,"Health, disease outbreak and nutrition",present,1.0,0.88,ok,,328,86497066,deepseek-v4-pro,23110309430223f0bd9b47ad4eb41cc9eac9ffe65dafda488017f9291861968f,sync,False,2026-08-30T22:20:29+00:00
cyclone_idai_2019,2019-03-31__api-fast__schema_guided,machine,api-fast,api-fast/schema_guided,2019-03-31,needs_gaps,Sector needs and gaps,present,1.0,0.9,ok,,153,8f594141,deepseek-v4-pro,d397dac3703f9fdd02b638203e74a85a9502e466ccd491d29d77860177e9a5e6,sync,False,2026-08-30T22:20:29+00:00
cyclone_idai_2019,2019-03-31__api-fast__schema_guided,machine,api-fast,api-fast/schema_guided,2019-03-31,response_actions,Sector response activities,present,1.0,1.0,ok,,105,0aa1624e,deepseek-v4-pro,238266fa12e432740b8d07a0f8168f8d3911d7ce300a800167d012e91c70dcd0,sync,False,2026-08-30T22:20:29+00:00
cyclone_idai_2019,2019-03-31__api-fast__schema_guided,machine,api-fast,api-fast/schema_guided,2019-03-31,shelter,Shelter and non-food items,partial,0.5,0.9,ok,,172,0810a126,deepseek-v4-pro,0ac705b1e97332fb37d5550acac0b554094660f11920e2f8f8910ef8a4f0a8bd,sync,False,2026-08-30T22:20:29+00:00
cyclone_idai_2019,2019-03-31__api-fast__schema_guided,machine,api-fast,api-fast/schema_guided,2019-03-31,sourcing,Sourcing and attribution,present,1.0,0.95,ok,,288,c13f23a4,deepseek-v4-pro,32f5951272c79f7835ab9515c2c918f62075f1c863dca755f2a0d024aa6627cf,sync,False,2026-08-30T22:20:29+00:00
cyclone_idai_2019,2019-03-31__api-fast__schema_guided,machine,api-fast,api-fast/schema_guided,2019-03-31,wash,WASH needs and response,partial,0.5,0.9,ok,,243,8baf0743,deepseek-v4-pro,dbcb15ad58cf848ffcdb11721e9f1741ae06a156ce1d7981ad16ed60247cd0a4,sync,False,2026-08-30T22:20:29+00:00
cyclone_idai_2019,2019-03-31__api-strong__generic,machine,api-strong,api-strong/generic,2019-03-31,access,Access constraints,present,1.0,0.95,ok,,262,7c7d0ee9,deepseek-v4-pro,5f1b5f4dbe3c4fd6d05fab0f1aaccd0004c27bc7530910fe31d6fdb724628f68,sync,False,2026-08-30T22:20:29+00:00
cyclone_idai_2019,2019-03-31__api-strong__generic,machine,api-strong,api-strong/generic,2019-03-31,casualties,Casualty and affected-population figures,partial,0.5,0.75,ok,,149,a6f8395a,deepseek-v4-pro,6a979e262cc5a8e19cc0776159713b23928061103175701de4e324519b152db8,sync,False,2026-08-30T22:20:29+00:00
cyclone_idai_2019,2019-03-31__api-strong__generic,machine,api-strong,api-strong/generic,2019-03-31,coordination,Coordination arrangements,partial,0.5,0.7,ok,,162,f5e6ac61,deepseek-v4-pro,6cb61cd69b4611437cc732cc1435c05b1058732ab660602031512133fbfbee86,sync,False,2026-08-30T22:20:29+00:00
cyclone_idai_2019,2019-03-31__api-strong__generic,machine,api-strong,api-strong/generic,2019-03-31,currency_and_metadata,Data currency and report metadata,partial,0.5,0.9,ok,,61,b0e040df,deepseek-v4-pro,58fd88b587caa92eca53b831cf67d1ed711ad420b0bfcd5e710ca70dff0fe0f9,sync,False,2026-08-30T22:20:29+00:00
cyclone_idai_2019,2019-03-31__api-strong__generic,machine,api-strong,api-strong/generic,2019-03-31,damage,"Physical, economic and agricultural damage",partial,0.5,0.75,ok,,156,d89f70ee,deepseek-v4-pro,63a464f7ab33c969b80ffc3fd671cdb547392c4781e33a848eca303b9e5a1c10,sync,False,2026-08-30T22:20:29+00:00
cyclone_idai_2019,2019-03-31__api-strong__generic,machine,api-strong,api-strong/generic,2019-03-31,displacement,Displacement and accommodation sites,partial,0.5,0.85,ok,,204,ac36bff4,deepseek-v4-pro,7eff692a972690d3dff72bff53a06978f211a5bd48d84e46804e9487a469f8fb,sync,False,2026-08-30T22:20:29+00:00
cyclone_idai_2019,2019-03-31__api-strong__generic,machine,api-strong,api-strong/generic,2019-03-31,education,Education impact and response,partial,0.5,0.8,ok,,184,a5815ee5,deepseek-v4-pro,221b91b389c6d035495351c84837b446e380cbab7cb99a39acf0264675b40a96,sync,False,2026-08-30T22:20:29+00:00
cyclone_idai_2019,2019-03-31__api-strong__generic,machine,api-strong,api-strong/generic,2019-03-31,food,Food security and assistance reach,partial,0.5,0.8,ok,,400,429f1fff,deepseek-v4-pro,2f01b7cb79ec6a1ab3b69f5d3cc740aa3fc8ab2f98dc46aeeba7ce5e0ffb9000,sync,False,2026-08-30T22:20:29+00:00
cyclone_idai_2019,2019-03-31__api-strong__generic,machine,api-strong,api-strong/generic,2019-03-31,funding,Funding status and donor contributions,partial,0.5,0.9,ok,,145,3063cc24,deepseek-v4-pro,0847a4d6971334108a46f4086086e9124ad22c5f1f70c97647be9cbc88a05c8b,sync,False,2026-08-30T22:20:29+00:00
cyclone_idai_2019,2019-03-31__api-strong__generic,machine,api-strong,api-strong/generic,2019-03-31,health,"Health, disease outbreak and nutrition",present,1.0,0.9,ok,,143,ee8d4770,deepseek-v4-pro,424e7e5bda0053a6dbe94502f9bfd29de0103d24422bf06c087a8eff4ef8aed1,sync,False,2026-08-30T22:20:29+00:00
cyclone_idai_2019,2019-03-31__api-strong__generic,machine,api-strong,api-strong/generic,2019-03-31,needs_gaps,Sector needs and gaps,partial,0.5,0.85,ok,,191,28280986,deepseek-v4-pro,aedef2b02802b8ef32b71ced14991d7c183122c6afab93442b5e2031c1d6b3ff,sync,False,2026-08-30T22:20:29+00:00
cyclone_idai_2019,2019-03-31__api-strong__generic,machine,api-strong,api-strong/generic,2019-03-31,response_actions,Sector response activities,present,1.0,0.95,ok,,116,5b09bae9,deepseek-v4-pro,cd3afdd0a4dbf5ff78f64ef7794dbb0ce57b716202f26cc32f5b7f267cfb8d9d,sync,False,2026-08-30T22:20:29+00:00
cyclone_idai_2019,2019-03-31__api-strong__generic,machine,api-strong,api-strong/generic,2019-03-31,shelter,Shelter and non-food items,partial,0.5,0.9,ok,,183,bf971e7e,deepseek-v4-pro,b62315416edfb926e7c979a2924d6cae39162a4e1ef4313fb7e29b42b6a3574a,sync,False,2026-08-30T22:20:29+00:00
cyclone_idai_2019,2019-03-31__api-strong__generic,machine,api-strong,api-strong/generic,2019-03-31,sourcing,Sourcing and attribution,present,1.0,0.98,ok,,71,4491083c,deepseek-v4-pro,9d7c89a6b2602ace53ecfa1a00bfe625052e80cb50b2008dbbc3b19ff7b43089,sync,False,2026-08-30T22:20:29+00:00
cyclone_idai_2019,2019-03-31__api-strong__generic,machine,api-strong,api-strong/generic,2019-03-31,wash,WASH needs and response,partial,0.5,0.75,ok,,167,1d4ff47e,deepseek-v4-pro,f8a34055696433216593011600b1e154c47297a7687c4d28e5c3f87b5275f863,sync,False,2026-08-30T22:20:29+00:00
cyclone_idai_2019,2019-03-31__api-strong__schema_guided,machine,api-strong,api-strong/schema_guided,2019-03-31,access,Access constraints,present,1.0,0.95,ok,,331,0422d421,deepseek-v4-pro,e361666161294ef2153d20245184e33c42bfdc9869d4281ae8f931fabbae14bf,sync,False,2026-08-30T22:20:29+00:00
cyclone_idai_2019,2019-03-31__api-strong__schema_guided,machine,api-strong,api-strong/schema_guided,2019-03-31,casualties,Casualty and affected-population figures,partial,0.5,0.75,ok,,215,a9980428,deepseek-v4-pro,d09697dd27f7c5f130841026880322d8e58c61887c8e59ec3ff4fbddb062b3bb,sync,False,2026-08-30T22:20:29+00:00
cyclone_idai_2019,2019-03-31__api-strong__schema_guided,machine,api-strong,api-strong/schema_guided,2019-03-31,coordination,Coordination arrangements,partial,0.5,0.85,ok,,195,9a523bff,deepseek-v4-pro,8f7a4c025b19d0fb1944e657538592dd442e67379300db6417880319d1732e31,sync,False,2026-08-30T22:20:29+00:00
cyclone_idai_2019,2019-03-31__api-strong__schema_guided,machine,api-strong,api-strong/schema_guided,2019-03-31,currency_and_metadata,Data currency and report metadata,partial,0.5,0.88,ok,,199,0de48a62,deepseek-v4-pro,9f292b088a4858c3ed6e1550eb24004ca947e9f030682ff5c075a11d90936d07,sync,False,2026-08-30T22:20:29+00:00
cyclone_idai_2019,2019-03-31__api-strong__schema_guided,machine,api-strong,api-strong/schema_guided,2019-03-31,damage,"Physical, economic and agricultural damage",partial,0.5,0.8,ok,,144,314815d0,deepseek-v4-pro,479746d91efc525049c89ff6dad6e25417cab3103c90a3cb0cd246742b21ca1b,sync,False,2026-08-30T22:20:29+00:00
cyclone_idai_2019,2019-03-31__api-strong__schema_guided,machine,api-strong,api-strong/schema_guided,2019-03-31,displacement,Displacement and accommodation sites,partial,0.5,0.9,ok,,165,fe9ed708,deepseek-v4-pro,75e9d591ae98516c62f06f3e0d0dfbc4d076629b0a00adfc232455a4142e9524,sync,False,2026-08-30T22:20:29+00:00
cyclone_idai_2019,2019-03-31__api-strong__schema_guided,machine,api-strong,api-strong/schema_guided,2019-03-31,education,Education impact and response,partial,0.5,0.8,ok,,200,38ddc7c7,deepseek-v4-pro,542ef5caf727be2a785142976af45e220d583e913192bb079cb6f2787931f0ac,sync,False,2026-08-30T22:20:29+00:00
cyclone_idai_2019,2019-03-31__api-strong__schema_guided,machine,api-strong,api-strong/schema_guided,2019-03-31,food,Food security and assistance reach,partial,0.5,0.85,ok,,236,bd75ac59,deepseek-v4-pro,dd8d75cb0cbc4a3708cdb6b8200be190b5f2c4a48324391c8fc2e29a3a63526c,sync,False,2026-08-30T22:20:29+00:00
cyclone_idai_2019,2019-03-31__api-strong__schema_guided,machine,api-strong,api-strong/schema_guided,2019-03-31,funding,Funding status and donor contributions,partial,0.5,0.9,ok,,142,65ab9021,deepseek-v4-pro,fd0f9b8b295546b6473c5bc36ca0d815ed7a1d6549af7ad997bd403205d50348,sync,False,2026-08-30T22:20:29+00:00
cyclone_idai_2019,2019-03-31__api-strong__schema_guided,machine,api-strong,api-strong/schema_guided,2019-03-31,health,"Health, disease outbreak and nutrition",partial,0.5,0.9,ok,,169,7cd8f9f5,deepseek-v4-pro,87f8bf1e79058922836363233e46d2c46605866ef06306851109f55b769ddaac,sync,False,2026-08-30T22:20:29+00:00
cyclone_idai_2019,2019-03-31__api-strong__schema_guided,machine,api-strong,api-strong/schema_guided,2019-03-31,needs_gaps,Sector needs and gaps,present,1.0,0.9,ok,,153,c6691cf3,deepseek-v4-pro,475e1033c52d3770e781632ad1fbf0606e8d551cf84552657452c66b9babee88,sync,False,2026-08-30T22:20:29+00:00
cyclone_idai_2019,2019-03-31__api-strong__schema_guided,machine,api-strong,api-strong/schema_guided,2019-03-31,response_actions,Sector response activities,present,1.0,1.0,ok,,173,34c63826,deepseek-v4-pro,5f3dc36bc8adf83b2e556c2e962fd656ab61190f99032b92e79008ddfa224492,sync,False,2026-08-30T22:20:29+00:00
cyclone_idai_2019,2019-03-31__api-strong__schema_guided,machine,api-strong,api-strong/schema_guided,2019-03-31,shelter,Shelter and non-food items,partial,0.5,0.9,ok,,170,f4d055a0,deepseek-v4-pro,84709df41667639ac0286f4243e70c07b9544939810d3a1ff9cff82932d9f5ba,sync,False,2026-08-30T22:20:29+00:00
cyclone_idai_2019,2019-03-31__api-strong__schema_guided,machine,api-strong,api-strong/schema_guided,2019-03-31,sourcing,Sourcing and attribution,present,1.0,0.85,ok,,217,2f0cc807,deepseek-v4-pro,6f424e53e252554ba093e894c29a5f5d2825a0846a7c09cf020b5bddfb2a02e7,sync,False,2026-08-30T22:20:29+00:00
cyclone_idai_2019,2019-03-31__api-strong__schema_guided,machine,api-strong,api-strong/schema_guided,2019-03-31,wash,WASH needs and response,partial,0.5,0.92,ok,,267,79e948ff,deepseek-v4-pro,bcf2ce2659480c41e4b2516f4bbbc63ff59921e08dd996ee1c588653e4d9cd93,sync,False,2026-08-30T22:20:29+00:00
cyclone_idai_2019,2019-04-01__api-fast__generic,machine,api-fast,api-fast/generic,2019-04-01,access,Access constraints,present,1.0,0.95,ok,,135,e2cdcc32,deepseek-v4-pro,814db0be63b09802e58054fd20ddee9d5f7030dc3b714f67b7d7a7404d2ccb0c,sync,False,2026-08-30T22:20:29+00:00
cyclone_idai_2019,2019-04-01__api-fast__generic,machine,api-fast,api-fast/generic,2019-04-01,casualties,Casualty and affected-population figures,partial,0.5,0.85,ok,,128,4722dcfa,deepseek-v4-pro,b8ab9539962af3aeaa89218b8a0da71ab536e7b2f07f9e46e3942d4f4168b803,sync,False,2026-08-30T22:20:29+00:00
cyclone_idai_2019,2019-04-01__api-fast__generic,machine,api-fast,api-fast/generic,2019-04-01,coordination,Coordination arrangements,partial,0.5,0.7,ok,,159,ebb6a131,deepseek-v4-pro,2bfea67f5f531eaf268c36450f969512caa41925cd5981e2ba4d685d4ce80c14,sync,False,2026-08-30T22:20:29+00:00
cyclone_idai_2019,2019-04-01__api-fast__generic,machine,api-fast,api-fast/generic,2019-04-01,currency_and_metadata,Data currency and report metadata,partial,0.5,0.9,ok,,136,c1df2e17,deepseek-v4-pro,a5f73464a7e1127ac1b9328fd9afe30adf606e844ce9f690122dfe9177b240f9,sync,False,2026-08-30T22:20:29+00:00
cyclone_idai_2019,2019-04-01__api-fast__generic,machine,api-fast,api-fast/generic,2019-04-01,damage,"Physical, economic and agricultural damage",partial,0.5,0.8,ok,,234,17beeeda,deepseek-v4-pro,425d440637cff255e971c7a0ffda5b72819c28c82cfcd9169b0f9a25136f3dd3,sync,False,2026-08-30T22:20:29+00:00
cyclone_idai_2019,2019-04-01__api-fast__generic,machine,api-fast,api-fast/generic,2019-04-01,displacement,Displacement and accommodation sites,partial,0.5,0.95,ok,,68,80637cd4,deepseek-v4-pro,359163839b26bfeceac919c7be55194b122ad1f0e0d7f58efcdc4ee7f97b3dae,sync,False,2026-08-30T22:20:29+00:00
cyclone_idai_2019,2019-04-01__api-fast__generic,machine,api-fast,api-fast/generic,2019-04-01,education,Education impact and response,partial,0.5,0.9,ok,,149,5154e7de,deepseek-v4-pro,a25ad83019d2cdffa09ffc8b5b7c61b5911aab1c5dd2be5163b523a84aa99697,sync,False,2026-08-30T22:20:29+00:00
cyclone_idai_2019,2019-04-01__api-fast__generic,machine,api-fast,api-fast/generic,2019-04-01,food,Food security and assistance reach,partial,0.5,0.8,ok,,116,e2db3014,deepseek-v4-pro,8636da3c6aed9c248e5e6a3adc20734bf08cfa58b2fdbe55294ba574984d7d5c,sync,False,2026-08-30T22:20:29+00:00
cyclone_idai_2019,2019-04-01__api-fast__generic,machine,api-fast,api-fast/generic,2019-04-01,funding,Funding status and donor contributions,partial,0.5,0.9,ok,,177,4d60bacd,deepseek-v4-pro,e52ae8e0023752127b3e955247641ff17d6a298c6e4d28263cfc906c6c6bed1c,sync,False,2026-08-30T22:20:29+00:00
cyclone_idai_2019,2019-04-01__api-fast__generic,machine,api-fast,api-fast/generic,2019-04-01,health,"Health, disease outbreak and nutrition",partial,0.5,0.85,ok,,189,fe9cc482,deepseek-v4-pro,9402cef89ea34d0ceea1d9f4f78a9359dba0cbd4b479029aa5958bd1c2fe63b7,sync,False,2026-08-30T22:20:29+00:00
cyclone_idai_2019,2019-04-01__api-fast__generic,machine,api-fast,api-fast/generic,2019-04-01,needs_gaps,Sector needs and gaps,present,1.0,0.9,ok,,138,0532e407,deepseek-v4-pro,16b8837e9c5e14f6c772b0b54c36818919cf6280f1a2aa613069d19688b5e67b,sync,False,2026-08-30T22:20:29+00:00
cyclone_idai_2019,2019-04-01__api-fast__generic,machine,api-fast,api-fast/generic,2019-04-01,response_actions,Sector response activities,present,1.0,0.95,ok,,176,93197172,deepseek-v4-pro,c8f9ca6fcfd65890cda42a24b1bffea41fba3e97acce61b4246c02f9beb3c25c,sync,False,2026-08-30T22:20:29+00:00
cyclone_idai_2019,2019-04-01__api-fast__generic,machine,api-fast,api-fast/generic,2019-04-01,shelter,Shelter and non-food items,present,1.0,0.85,ok,,126,7a01f8b7,deepseek-v4-pro,ebd2128e2813580945b0ec2eeeacff50a8bc5df1c14090bad52c0b9a7c8a8d7d,sync,False,2026-08-30T22:20:29+00:00
cyclone_idai_2019,2019-04-01__api-fast__generic,machine,api-fast,api-fast/generic,2019-04-01,sourcing,Sourcing and attribution,present,1.0,0.9,ok,,170,b4ded0a1,deepseek-v4-pro,a99eb4ef8b04d4fe360f42e1585a3e418fe9a621778741879d758c7ce009bc5f,sync,False,2026-08-30T22:20:29+00:00
cyclone_idai_2019,2019-04-01__api-fast__generic,machine,api-fast,api-fast/generic,2019-04-01,wash,WASH needs and response,present,1.0,0.85,ok,,164,03ad06a8,deepseek-v4-pro,4687d58d917ad8498f3d3595e738e9c5999cd1a986505612cb82c839ae993eb9,sync,False,2026-08-30T22:20:29+00:00
cyclone_idai_2019,2019-04-01__api-fast__schema_guided,machine,api-fast,api-fast/schema_guided,2019-04-01,access,Access constraints,present,1.0,0.95,ok,,219,2e7eab8a,deepseek-v4-pro,edf9d320506c56a37abd2e43843b7a9e2ac767a10636da8dd665d78e906d6fad,sync,False,2026-08-30T22:20:29+00:00
cyclone_idai_2019,2019-04-01__api-fast__schema_guided,machine,api-fast,api-fast/schema_guided,2019-04-01,casualties,Casualty and affected-population figures,partial,0.5,0.85,ok,,184,8944257f,deepseek-v4-pro,54608915fe4f24c5a6d5328f5719d93b9014f9345309a008434fb6747ca4feaf,sync,False,2026-08-30T22:20:29+00:00
cyclone_idai_2019,2019-04-01__api-fast__schema_guided,machine,api-fast,api-fast/schema_guided,2019-04-01,coordination,Coordination arrangements,present,1.0,0.85,ok,,223,3cf462f1,deepseek-v4-pro,129129f243a8339fa55deb4fc175258961d816acffe7c3fe5c583780f14042bb,sync,False,2026-08-30T22:20:29+00:00
cyclone_idai_2019,2019-04-01__api-fast__schema_guided,machine,api-fast,api-fast/schema_guided,2019-04-01,currency_and_metadata,Data currency and report metadata,absent,0.0,1.0,ok,,0,,deepseek-v4-pro,4318d020aef3d8907675d7265c26cb6e1a3673c8303cda7bf2e056af85116307,sync,False,2026-08-30T22:20:29+00:00
cyclone_idai_2019,2019-04-01__api-fast__schema_guided,machine,api-fast,api-fast/schema_guided,2019-04-01,damage,"Physical, economic and agricultural damage",partial,0.5,0.9,ok,,87,f6cdfb99,deepseek-v4-pro,62c0a8cfb25d25b2304b7e133214d93324d0da1345faf32975e234906d89d3f9,sync,False,2026-08-30T22:20:29+00:00
cyclone_idai_2019,2019-04-01__api-fast__schema_guided,machine,api-fast,api-fast/schema_guided,2019-04-01,displacement,Displacement and accommodation sites,partial,0.5,0.8,ok,,173,a2bfa749,deepseek-v4-pro,3894d96a6a8470e860c33ee30a74bf7c0c952648b47abf7bec71d7feb8f16914,sync,False,2026-08-30T22:20:29+00:00
cyclone_idai_2019,2019-04-01__api-fast__schema_guided,machine,api-fast,api-fast/schema_guided,2019-04-01,education,Education impact and response,partial,0.5,0.9,ok,,207,efe39590,deepseek-v4-pro,c9a6d270199873b9bb6c0716dfce63e55b0184abe57b9088249769eb813ee291,sync,False,2026-08-30T22:20:29+00:00
cyclone_idai_2019,2019-04-01__api-fast__schema_guided,machine,api-fast,api-fast/schema_guided,2019-04-01,food,Food security and assistance reach,present,1.0,0.9,ok,,160,1e8c3772,deepseek-v4-pro,17b93722395b50734d255102a06dfcc2d8278eda9ea2f829155dd4431bf0fb66,sync,False,2026-08-30T22:20:29+00:00
cyclone_idai_2019,2019-04-01__api-fast__schema_guided,machine,api-fast,api-fast/schema_guided,2019-04-01,funding,Funding status and donor contributions,partial,0.5,0.85,ok,,195,e3fa1f55,deepseek-v4-pro,9f4da869101939b2c898c43c40841605e5a367563b18bdce03544d461d49b5c1,sync,False,2026-08-30T22:20:29+00:00
cyclone_idai_2019,2019-04-01__api-fast__schema_guided,machine,api-fast,api-fast/schema_guided,2019-04-01,health,"Health, disease outbreak and nutrition",present,1.0,0.85,ok,,165,e224eac8,deepseek-v4-pro,f0735a67d20b08e47decd4272bafb6b89e1f042b538c5fac39b27145e924d7a5,sync,False,2026-08-30T22:20:29+00:00
cyclone_idai_2019,2019-04-01__api-fast__schema_guided,machine,api-fast,api-fast/schema_guided,2019-04-01,needs_gaps,Sector needs and gaps,present,1.0,0.85,ok,,136,789a45cc,deepseek-v4-pro,b520ecab11b4bad9bc0f009260a4bee1e3e7387a79bcf12a8c4f6817416d9f27,sync,False,2026-08-30T22:20:29+00:00
cyclone_idai_2019,2019-04-01__api-fast__schema_guided,machine,api-fast,api-fast/schema_guided,2019-04-01,response_actions,Sector response activities,present,1.0,0.95,ok,,161,fc59f3a8,deepseek-v4-pro,d0262d9ab6e9236f979c717dd7ea180a59cdf049bc59388ca28eb0dd603a5a8a,sync,False,2026-08-30T22:20:29+00:00
cyclone_idai_2019,2019-04-01__api-fast__schema_guided,machine,api-fast,api-fast/schema_guided,2019-04-01,shelter,Shelter and non-food items,present,1.0,0.95,ok,,157,35efff04,deepseek-v4-pro,995689c7aaea7ccc2308b9fa4692909472ac4c1315d01b51550c9db5f99faedf,sync,False,2026-08-30T22:20:29+00:00
cyclone_idai_2019,2019-04-01__api-fast__schema_guided,machine,api-fast,api-fast/schema_guided,2019-04-01,sourcing,Sourcing and attribution,present,1.0,0.95,ok,,264,a79eeabd,deepseek-v4-pro,a6a4971a4d50fb28d81a94c05e53908530359e52dea0e2578124a7cc00d10f15,sync,False,2026-08-30T22:20:29+00:00
cyclone_idai_2019,2019-04-01__api-fast__schema_guided,machine,api-fast,api-fast/schema_guided,2019-04-01,wash,WASH needs and response,present,1.0,0.9,ok,,188,b69c89e7,deepseek-v4-pro,9827f2161e966dc01de2f118efd4b25e888724111658d19f44506527c0b84971,sync,False,2026-08-30T22:20:29+00:00
cyclone_idai_2019,2019-04-01__api-strong__generic,machine,api-strong,api-strong/generic,2019-04-01,access,Access constraints,present,1.0,0.92,ok,,190,021c6975,deepseek-v4-pro,d623ed82850a0c716120eee560f18ed9e9d3ddcfb0c7dd32ae8d7d164afa611e,sync,False,2026-08-30T22:20:29+00:00
cyclone_idai_2019,2019-04-01__api-strong__generic,machine,api-strong,api-strong/generic,2019-04-01,casualties,Casualty and affected-population figures,partial,0.5,0.9,ok,,192,04bf10a4,deepseek-v4-pro,7cb72167713438682a1b905f4229f985c93bf785edaf307cc8f2410767afc8e7,sync,False,2026-08-30T22:20:29+00:00
cyclone_idai_2019,2019-04-01__api-strong__generic,machine,api-strong,api-strong/generic,2019-04-01,coordination,Coordination arrangements,partial,0.5,0.7,ok,,157,a515f871,deepseek-v4-pro,87d3c48e388d21b808b7fc79ea5f01e0065a7ea51bcce0f9cb22c84775062214,sync,False,2026-08-30T22:20:29+00:00
cyclone_idai_2019,2019-04-01__api-strong__generic,machine,api-strong,api-strong/generic,2019-04-01,currency_and_metadata,Data currency and report metadata,partial,0.5,0.85,ok,,125,a1ad5d02,deepseek-v4-pro,0eeb2441bb70c5e6f23731ff77463fe39300a7e8fa81b9381ffc1450a23f430b,sync,False,2026-08-30T22:20:29+00:00
cyclone_idai_2019,2019-04-01__api-strong__generic,machine,api-strong,api-strong/generic,2019-04-01,damage,"Physical, economic and agricultural damage",partial,0.5,0.75,ok,,174,911e74a9,deepseek-v4-pro,7a63bd8888a469fc04ef92ee4ba914a1d19643cf8f5c941ef8a03b8b12412451,sync,False,2026-08-30T22:20:29+00:00
cyclone_idai_2019,2019-04-01__api-strong__generic,machine,api-strong,api-strong/generic,2019-04-01,displacement,Displacement and accommodation sites,partial,0.5,0.75,ok,,127,22485c85,deepseek-v4-pro,79f041b09c019cbb99b1872e84b5055e2a2330a3c373a30c050ab62ae2e042bf,sync,False,2026-08-30T22:20:29+00:00
cyclone_idai_2019,2019-04-01__api-strong__generic,machine,api-strong,api-strong/generic,2019-04-01,education,Education impact and response,partial,0.5,0.85,ok,,162,ebab742d,deepseek-v4-pro,a053558e7108d5ef3474c4bfff2a9f8e27b19f5d3168ca23eb1c3075bd0d8ecf,sync,False,2026-08-30T22:20:29+00:00
cyclone_idai_2019,2019-04-01__api-strong__generic,machine,api-strong,api-strong/generic,2019-04-01,food,Food security and assistance reach,present,1.0,0.8,ok,,114,1b7aadc7,deepseek-v4-pro,f7a52f35d03780516f389031b71ae6451a05fa39cd48020709572a658fa64391,sync,False,2026-08-30T22:20:29+00:00
cyclone_idai_2019,2019-04-01__api-strong__generic,machine,api-strong,api-strong/generic,2019-04-01,funding,Funding status and donor contributions,partial,0.5,0.8,ok,,200,810ef01f,deepseek-v4-pro,a86e67700db83d6cd1e2d8fccfba29a51d7cf7ad25788620bc4bde9a2c657fc7,sync,False,2026-08-30T22:20:29+00:00
cyclone_idai_2019,2019-04-01__api-strong__generic,machine,api-strong,api-strong/generic,2019-04-01,health,"Health, disease outbreak and nutrition",present,1.0,0.9,ok,,197,cc02a81f,deepseek-v4-pro,2c0e70239870ea362834afe7dc5a0762c40a1bfa5e733c785a8393be2bbec920,sync,False,2026-08-30T22:20:29+00:00
cyclone_idai_2019,2019-04-01__api-strong__generic,machine,api-strong,api-strong/generic,2019-04-01,needs_gaps,Sector needs and gaps,partial,0.5,0.7,ok,,145,a5c1c8b7,deepseek-v4-pro,cfb8417b5b6bbda67e729fbbddf6e6d522fe90b74335fd2e5e5badc387b09776,sync,False,2026-08-30T22:20:29+00:00
cyclone_idai_2019,2019-04-01__api-strong__generic,machine,api-strong,api-strong/generic,2019-04-01,response_actions,Sector response activities,present,1.0,1.0,ok,,287,cd7b9289,deepseek-v4-pro,266f182908ef32af40ca55b7b83a826d3b2bc196355ddebece566c0dd498a822,sync,False,2026-08-30T22:20:29+00:00
cyclone_idai_2019,2019-04-01__api-strong__generic,machine,api-strong,api-strong/generic,2019-04-01,shelter,Shelter and non-food items,present,1.0,0.8,ok,,117,cfe35899,deepseek-v4-pro,97f19b6a5969874d64cb5a711b879b4f0d284f594ff72590ab6b354388c8ee1e,sync,False,2026-08-30T22:20:29+00:00
cyclone_idai_2019,2019-04-01__api-strong__generic,machine,api-strong,api-strong/generic,2019-04-01,sourcing,Sourcing and attribution,partial,0.5,0.75,ok,,117,d8903408,deepseek-v4-pro,8a5d03b34eecdb04f19dca089551713cae1a854a34ce7b733fff6d9a4f751104,sync,False,2026-08-30T22:20:29+00:00
cyclone_idai_2019,2019-04-01__api-strong__generic,machine,api-strong,api-strong/generic,2019-04-01,wash,WASH needs and response,present,1.0,0.9,ok,,159,0c7363ab,deepseek-v4-pro,88434d8376df3d37544e1da57ca8d755e0e5d2a47c705919116c0c222299b723,sync,False,2026-08-30T22:20:29+00:00
cyclone_idai_2019,2019-04-01__api-strong__schema_guided,machine,api-strong,api-strong/schema_guided,2019-04-01,access,Access constraints,present,1.0,0.95,ok,,148,51a1e6b1,deepseek-v4-pro,f1b8a838b8249e1a8b3117121c76191d606a3c93cda43ceddb97ea75f478a4d5,sync,False,2026-08-30T22:20:29+00:00
cyclone_idai_2019,2019-04-01__api-strong__schema_guided,machine,api-strong,api-strong/schema_guided,2019-04-01,casualties,Casualty and affected-population figures,partial,0.5,0.85,ok,,242,85f8c6f4,deepseek-v4-pro,5da86055405a479b05fea0ce977fde4ad4cca1cacfbb93b93c1981571f6afe40,sync,False,2026-08-30T22:20:29+00:00
cyclone_idai_2019,2019-04-01__api-strong__schema_guided,machine,api-strong,api-strong/schema_guided,2019-04-01,coordination,Coordination arrangements,partial,0.5,0.7,ok,,243,fa1d8590,deepseek-v4-pro,6c8fdc29f1fb9ff89c572c6597c9d238ad4f4c37a00eb47fac8badd4b6d9481b,sync,False,2026-08-30T22:20:29+00:00
cyclone_idai_2019,2019-04-01__api-strong__schema_guided,machine,api-strong,api-strong/schema_guided,2019-04-01,currency_and_metadata,Data currency and report metadata,partial,0.5,0.9,ok,,173,91346802,deepseek-v4-pro,a193ff99bbec1f863d5531a5530d6a7f83f6470a6cbe4c8e0209a1a1601ba5eb,sync,False,2026-08-30T22:20:29+00:00
cyclone_idai_2019,2019-04-01__api-strong__schema_guided,machine,api-strong,api-strong/schema_guided,2019-04-01,damage,"Physical, economic and agricultural damage",partial,0.5,0.8,ok,,179,ce61fc36,deepseek-v4-pro,d9d8cd1b8534a96ff2f8faf3c4bae23ecadc0024d8fd6ef307cb45ce5074c5e1,sync,False,2026-08-30T22:20:29+00:00
cyclone_idai_2019,2019-04-01__api-strong__schema_guided,machine,api-strong,api-strong/schema_guided,2019-04-01,displacement,Displacement and accommodation sites,partial,0.5,0.82,ok,,227,bdabbe73,deepseek-v4-pro,f7b1d0554e319f3f28b913b199c938e40f39146958874ccac0ca7843908775cc,sync,False,2026-08-30T22:20:29+00:00
cyclone_idai_2019,2019-04-01__api-strong__schema_guided,machine,api-strong,api-strong/schema_guided,2019-04-01,education,Education impact and response,partial,0.5,0.8,ok,,176,0a8b2416,deepseek-v4-pro,b2abe9c2d0b25af77291bf7fb10b7b16fad67a6df6e86a237072791de9a52b74,sync,False,2026-08-30T22:20:29+00:00
cyclone_idai_2019,2019-04-01__api-strong__schema_guided,machine,api-strong,api-strong/schema_guided,2019-04-01,food,Food security and assistance reach,partial,0.5,0.8,ok,,216,8c5fb83f,deepseek-v4-pro,7b1b67e6b1ae551860e7f55e1315cb4eeef0b42ce3498a2fd27026e7f7fd9bdd,sync,False,2026-08-30T22:20:29+00:00
cyclone_idai_2019,2019-04-01__api-strong__schema_guided,machine,api-strong,api-strong/schema_guided,2019-04-01,funding,Funding status and donor contributions,partial,0.5,0.9,ok,,164,cb205ec5,deepseek-v4-pro,78f9136745afc2714df572a48067ee0b88cbb040f1f41f0a41a66a4fd08b3744,sync,False,2026-08-30T22:20:29+00:00
cyclone_idai_2019,2019-04-01__api-strong__schema_guided,machine,api-strong,api-strong/schema_guided,2019-04-01,health,"Health, disease outbreak and nutrition",present,1.0,0.9,ok,,171,a696791f,deepseek-v4-pro,4de9dcff40299b5045b8ed63c98214ec75654b04f2c7ed167873c892184e69cd,sync,False,2026-08-30T22:20:29+00:00
cyclone_idai_2019,2019-04-01__api-strong__schema_guided,machine,api-strong,api-strong/schema_guided,2019-04-01,needs_gaps,Sector needs and gaps,present,1.0,0.85,ok,,144,3975b5a7,deepseek-v4-pro,fdd78498bd256bc0806b6b5a30bc9313736789991470afd4fae60547f19e22c5,sync,False,2026-08-30T22:20:29+00:00
cyclone_idai_2019,2019-04-01__api-strong__schema_guided,machine,api-strong,api-strong/schema_guided,2019-04-01,response_actions,Sector response activities,present,1.0,1.0,ok,,91,0ca489b8,deepseek-v4-pro,77084a81add052d5adddeb069cf94a04754ae19fb0c25c5942d2205744022302,sync,False,2026-08-30T22:20:29+00:00
cyclone_idai_2019,2019-04-01__api-strong__schema_guided,machine,api-strong,api-strong/schema_guided,2019-04-01,shelter,Shelter and non-food items,present,1.0,0.9,ok,,129,c353159d,deepseek-v4-pro,b04e47f4d220d4cebd2e60d49fbc0bac268742c687c2b42a4ea25334e72fb779,sync,False,2026-08-30T22:20:29+00:00
cyclone_idai_2019,2019-04-01__api-strong__schema_guided,machine,api-strong,api-strong/schema_guided,2019-04-01,sourcing,Sourcing and attribution,partial,0.5,0.75,ok,,214,e7fa4108,deepseek-v4-pro,e7e68da6a853102ac41b6f5494cbaad5339494d87da01646790e3b447a444ce2,sync,False,2026-08-30T22:20:29+00:00
cyclone_idai_2019,2019-04-01__api-strong__schema_guided,machine,api-strong,api-strong/schema_guided,2019-04-01,wash,WASH needs and response,present,1.0,0.9,ok,,185,9c76c802,deepseek-v4-pro,e359f60e7653461111f85c83fa73881a8acef5aa4baeaa206fe0559a53ca7680,sync,False,2026-08-30T22:20:29+00:00
cyclone_idai_2019,2019-04-02__api-fast__generic,machine,api-fast,api-fast/generic,2019-04-02,access,Access constraints,present,1.0,0.95,ok,,144,e0d6368e,deepseek-v4-pro,51eb578495ad6fc61588d66eb91920bf4bde08d9186e364286d7fc7b0cfd6c85,sync,False,2026-08-30T22:20:29+00:00
cyclone_idai_2019,2019-04-02__api-fast__generic,machine,api-fast,api-fast/generic,2019-04-02,casualties,Casualty and affected-population figures,present,1.0,0.9,ok,,220,896dadaf,deepseek-v4-pro,0c2bf1c1b140bde19c986efa9af09f1b3ec7fa3d565882187461e72b88243fce,sync,False,2026-08-30T22:20:29+00:00
cyclone_idai_2019,2019-04-02__api-fast__generic,machine,api-fast,api-fast/generic,2019-04-02,coordination,Coordination arrangements,partial,0.5,0.75,ok,,221,36cc707c,deepseek-v4-pro,f88eaccd38a0409af503b9666d8ad8ffa770e05033e6a766c73b42399b7d06f6,sync,False,2026-08-30T22:20:29+00:00
cyclone_idai_2019,2019-04-02__api-fast__generic,machine,api-fast,api-fast/generic,2019-04-02,currency_and_metadata,Data currency and report metadata,partial,0.5,0.8,ok,,47,744261f6,deepseek-v4-pro,31afb4a4cb01333de5dadcb4538fc2d8e6877c19679e05ef17655cfdd19981fd,sync,False,2026-08-30T22:20:29+00:00
cyclone_idai_2019,2019-04-02__api-fast__generic,machine,api-fast,api-fast/generic,2019-04-02,damage,"Physical, economic and agricultural damage",partial,0.5,0.9,ok,,144,e0d6368e,deepseek-v4-pro,4c2a10a75e602d53496d4accf7f05a88bbe169b8877aef321d8f49862ad61cbe,sync,False,2026-08-30T22:20:29+00:00
cyclone_idai_2019,2019-04-02__api-fast__generic,machine,api-fast,api-fast/generic,2019-04-02,displacement,Displacement and accommodation sites,partial,0.5,0.9,ok,,169,1e7909da,deepseek-v4-pro,ba916e09df04f8e716e63bc01946673a2ceb5d2715fe28acdc96c34d3abbe7a2,sync,False,2026-08-30T22:20:29+00:00
cyclone_idai_2019,2019-04-02__api-fast__generic,machine,api-fast,api-fast/generic,2019-04-02,education,Education impact and response,partial,0.5,0.8,ok,,118,80b2a968,deepseek-v4-pro,c548e9511d945572b959eda2b434fdc74acb5f73cd8fa78b1789bcb6d7cba57c,sync,False,2026-08-30T22:20:29+00:00
cyclone_idai_2019,2019-04-02__api-fast__generic,machine,api-fast,api-fast/generic,2019-04-02,food,Food security and assistance reach,present,1.0,0.9,ok,,137,71d0aef3,deepseek-v4-pro,48d26c6864bcc8bd55da9f2148040b6849cedf500d77de8c001dd2ec461d1544,sync,False,2026-08-30T22:20:29+00:00
cyclone_idai_2019,2019-04-02__api-fast__generic,machine,api-fast,api-fast/generic,2019-04-02,funding,Funding status and donor contributions,partial,0.5,0.9,ok,,83,fd89dc91,deepseek-v4-pro,9f04a26eb6515a4aa647d095412333eb6fca5330471dc5ff6b33b2dbbdecf140,sync,False,2026-08-30T22:20:29+00:00
cyclone_idai_2019,2019-04-02__api-fast__generic,machine,api-fast,api-fast/generic,2019-04-02,health,"Health, disease outbreak and nutrition",present,1.0,0.98,ok,,190,a4f18d29,deepseek-v4-pro,b4e6374f8d48c925379a920859807813db19c5ba8e9e2ca70d658dba8b3c1896,sync,False,2026-08-30T22:20:29+00:00
cyclone_idai_2019,2019-04-02__api-fast__generic,machine,api-fast,api-fast/generic,2019-04-02,needs_gaps,Sector needs and gaps,present,1.0,0.85,ok,,106,8a3d8a88,deepseek-v4-pro,fdccc0161e0ef923ef413b22a8a506a94c6248a2bd13d7219cc643d4a6391407,sync,False,2026-08-30T22:20:29+00:00
cyclone_idai_2019,2019-04-02__api-fast__generic,machine,api-fast,api-fast/generic,2019-04-02,response_actions,Sector response activities,present,1.0,0.95,ok,,137,71d0aef3,deepseek-v4-pro,719293c89d767713f0d6a0822b06a742c4f329a9b3c2be68d9cf10d07605d675,sync,False,2026-08-30T22:20:29+00:00
cyclone_idai_2019,2019-04-02__api-fast__generic,machine,api-fast,api-fast/generic,2019-04-02,shelter,Shelter and non-food items,partial,0.5,0.9,ok,,229,0dd236fb,deepseek-v4-pro,5487e715ce7b602a72e5951f58c53b4ed21965bf4e8cf2a3dfc877078f0e3465,sync,False,2026-08-30T22:20:29+00:00
cyclone_idai_2019,2019-04-02__api-fast__generic,machine,api-fast,api-fast/generic,2019-04-02,sourcing,Sourcing and attribution,present,1.0,0.9,ok,,190,a4f18d29,deepseek-v4-pro,02bff20a885b1a8552eb0a78c972b3b42622d17f0bd8b6fe3d9810e015f69efa,sync,False,2026-08-30T22:20:29+00:00
cyclone_idai_2019,2019-04-02__api-fast__generic,machine,api-fast,api-fast/generic,2019-04-02,wash,WASH needs and response,partial,0.5,0.9,ok,,236,de1147df,deepseek-v4-pro,22ba759ed536f8d120a9ccf290e0898995e0c4f485e0d00aa4dd1e73a32204a0,sync,False,2026-08-30T22:20:29+00:00
cyclone_idai_2019,2019-04-02__api-fast__schema_guided,machine,api-fast,api-fast/schema_guided,2019-04-02,access,Access constraints,present,1.0,0.95,ok,,126,ea758ac2,deepseek-v4-pro,9d4e8cd54e698ff0357b33d12411a4013b7906c0d8d92d44baa41e2e835d969d,sync,False,2026-08-30T22:20:29+00:00
cyclone_idai_2019,2019-04-02__api-fast__schema_guided,machine,api-fast,api-fast/schema_guided,2019-04-02,casualties,Casualty and affected-population figures,partial,0.5,0.85,ok,,303,cabf1fcf,deepseek-v4-pro,ccbcf12d5c620335b887ada755a4112f15f00246a1fe1a6c8b81ce9658443adb,sync,False,2026-08-30T22:20:29+00:00
cyclone_idai_2019,2019-04-02__api-fast__schema_guided,machine,api-fast,api-fast/schema_guided,2019-04-02,coordination,Coordination arrangements,present,1.0,0.8,ok,,197,a4c9e590,deepseek-v4-pro,396a0e78492f525fe7b2e0dbae0919ee1a65dd2380c385b2a4ecb15dc3dc7d3f,sync,False,2026-08-30T22:20:29+00:00
cyclone_idai_2019,2019-04-02__api-fast__schema_guided,machine,api-fast,api-fast/schema_guided,2019-04-02,currency_and_metadata,Data currency and report metadata,absent,0.0,1.0,ok,,0,,deepseek-v4-pro,5a1c226fe8aa5ed946902e0712e44a36087b6e401900942e80d71f5daaeb4d7f,sync,False,2026-08-30T22:20:29+00:00
cyclone_idai_2019,2019-04-02__api-fast__schema_guided,machine,api-fast,api-fast/schema_guided,2019-04-02,damage,"Physical, economic and agricultural damage",partial,0.5,0.8,ok,,171,964eb474,deepseek-v4-pro,412d78da0415b0d1acdd0c4870d17e82a55190dfe9f6390ebc14673301b34ed2,sync,False,2026-08-30T22:20:29+00:00
cyclone_idai_2019,2019-04-02__api-fast__schema_guided,machine,api-fast,api-fast/schema_guided,2019-04-02,displacement,Displacement and accommodation sites,partial,0.5,0.7,ok,,229,34d18410,deepseek-v4-pro,193f6e44f5a012acce01237a69e576d910b584798ff0e50b50a6e8cd80c963d4,sync,False,2026-08-30T22:20:29+00:00
cyclone_idai_2019,2019-04-02__api-fast__schema_guided,machine,api-fast,api-fast/schema_guided,2019-04-02,education,Education impact and response,partial,0.5,0.85,ok,,217,c19ad8de,deepseek-v4-pro,9efe11a43bdbf61e94320237336ce300ca3d1948d0687309ceee0d04059a04e8,sync,False,2026-08-30T22:20:29+00:00
cyclone_idai_2019,2019-04-02__api-fast__schema_guided,machine,api-fast,api-fast/schema_guided,2019-04-02,food,Food security and assistance reach,present,1.0,0.95,ok,,138,4adfb35c,deepseek-v4-pro,cbf9e55b8c5d1218d3b69722dbc2d1fc3e78aa8028c3e13880dfd0e3ec864543,sync,False,2026-08-30T22:20:29+00:00
cyclone_idai_2019,2019-04-02__api-fast__schema_guided,machine,api-fast,api-fast/schema_guided,2019-04-02,funding,Funding status and donor contributions,partial,0.5,0.9,ok,,162,089151b4,deepseek-v4-pro,3957ca2d8725cea3fe8dda2494592dbda30ced59b5254f9332d62d840e282180,sync,False,2026-08-30T22:20:29+00:00
cyclone_idai_2019,2019-04-02__api-fast__schema_guided,machine,api-fast,api-fast/schema_guided,2019-04-02,health,"Health, disease outbreak and nutrition",present,1.0,0.95,ok,,119,043a7e2d,deepseek-v4-pro,29e1af673a9d8852dfb5324b9ef6b3ca003949e06ebaeaba92d9258b4c9fbe41,sync,False,2026-08-30T22:20:29+00:00
cyclone_idai_2019,2019-04-02__api-fast__schema_guided,machine,api-fast,api-fast/schema_guided,2019-04-02,needs_gaps,Sector needs and gaps,partial,0.5,0.8,ok,,280,3ae65142,deepseek-v4-pro,137b8bf952fc1b760af2a0ece9838c49bc20094f3729c2bc7803c1884f5e4dc8,sync,False,2026-08-30T22:20:29+00:00
cyclone_idai_2019,2019-04-02__api-fast__schema_guided,machine,api-fast,api-fast/schema_guided,2019-04-02,response_actions,Sector response activities,present,1.0,0.95,ok,,126,2528040a,deepseek-v4-pro,7d4156bbec12caf5fb4f3e029cce75a4046bc8d84892c99e8efd823c76017f4e,sync,False,2026-08-30T22:20:29+00:00
cyclone_idai_2019,2019-04-02__api-fast__schema_guided,machine,api-fast,api-fast/schema_guided,2019-04-02,shelter,Shelter and non-food items,partial,0.5,0.85,ok,,170,6f8da87c,deepseek-v4-pro,26f9259a9442ae18cd64a8dd376fcac617070689952dd109934d6e9cb3f96070,sync,False,2026-08-30T22:20:29+00:00
cyclone_idai_2019,2019-04-02__api-fast__schema_guided,machine,api-fast,api-fast/schema_guided,2019-04-02,sourcing,Sourcing and attribution,present,1.0,0.95,ok,,126,85d54d18,deepseek-v4-pro,1a8de2c7fb5eacf647e2199decdc38a49cad40c860ec750e6c7e606d8dc159ee,sync,False,2026-08-30T22:20:29+00:00
cyclone_idai_2019,2019-04-02__api-fast__schema_guided,machine,api-fast,api-fast/schema_guided,2019-04-02,wash,WASH needs and response,partial,0.5,0.85,ok,,135,a61496db,deepseek-v4-pro,29151163284cd39d36d7c75d8073fb6295bb32342a379d0905f50e5b56979d17,sync,False,2026-08-30T22:20:29+00:00
cyclone_idai_2019,2019-04-02__api-strong__generic,machine,api-strong,api-strong/generic,2019-04-02,access,Access constraints,present,1.0,0.9,ok,,156,8080d40f,deepseek-v4-pro,47518102baffbb381be4c2fd02e50f0aafbd06525db08bde5d79c6752aec5ec9,sync,False,2026-08-30T22:20:29+00:00
cyclone_idai_2019,2019-04-02__api-strong__generic,machine,api-strong,api-strong/generic,2019-04-02,casualties,Casualty and affected-population figures,partial,0.5,0.9,ok,,194,68f8446d,deepseek-v4-pro,0f6794f6d2a0426e8866a75a5d2ec9bcb3715cccdcb191a0f9b7a4a93ba3be0f,sync,False,2026-08-30T22:20:29+00:00
cyclone_idai_2019,2019-04-02__api-strong__generic,machine,api-strong,api-strong/generic,2019-04-02,coordination,Coordination arrangements,partial,0.5,0.75,ok,,86,045a2091,deepseek-v4-pro,23b2e54c546c8d0a8508da0c6fc13b79ef9c40b73130cbddba9ce4144256de0c,sync,False,2026-08-30T22:20:29+00:00
cyclone_idai_2019,2019-04-02__api-strong__generic,machine,api-strong,api-strong/generic,2019-04-02,currency_and_metadata,Data currency and report metadata,partial,0.5,0.85,ok,,59,44022b1a,deepseek-v4-pro,564e0ae49fc9cc03a56e9ddbd39eedae011fc12ef1e5f3aeb4568c06475be6df,sync,False,2026-08-30T22:20:29+00:00
cyclone_idai_2019,2019-04-02__api-strong__generic,machine,api-strong,api-strong/generic,2019-04-02,damage,"Physical, economic and agricultural damage",partial,0.5,0.85,ok,,156,8080d40f,deepseek-v4-pro,4fb04b14df6bdf0148613bec03b6a0f67752ba41537ccdcec24d601e383d6695,sync,False,2026-08-30T22:20:29+00:00
cyclone_idai_2019,2019-04-02__api-strong__generic,machine,api-strong,api-strong/generic,2019-04-02,displacement,Displacement and accommodation sites,partial,0.5,0.7,ok,,127,9db3a8b1,deepseek-v4-pro,08733ef7d52c13db8ac8ccb8fac15bee71742aac3977d6064f5513e186a25300,sync,False,2026-08-30T22:20:29+00:00
cyclone_idai_2019,2019-04-02__api-strong__generic,machine,api-strong,api-strong/generic,2019-04-02,education,Education impact and response,partial,0.5,0.8,ok,,247,83f702a2,deepseek-v4-pro,55e88331db8a1cc52f0b7455fb50b8b1c2fe327df2863336553397291694140f,sync,False,2026-08-30T22:20:29+00:00
cyclone_idai_2019,2019-04-02__api-strong__generic,machine,api-strong,api-strong/generic,2019-04-02,food,Food security and assistance reach,present,1.0,0.95,ok,,137,22bfe68e,deepseek-v4-pro,892888cce0f98524e2c1dcee1d6492eb72992f00c6041f627bded656ab27642c,sync,False,2026-08-30T22:20:29+00:00
cyclone_idai_2019,2019-04-02__api-strong__generic,machine,api-strong,api-strong/generic,2019-04-02,funding,Funding status and donor contributions,partial,0.5,0.8,ok,,113,02c05769,deepseek-v4-pro,d42da2b679850bf77ed3ba7cdbe6b260d6b5af2aa6f5989faf5c07c11ac1a653,sync,False,2026-08-30T22:20:29+00:00
cyclone_idai_2019,2019-04-02__api-strong__generic,machine,api-strong,api-strong/generic,2019-04-02,health,"Health, disease outbreak and nutrition",present,1.0,0.95,ok,,181,3814d06d,deepseek-v4-pro,88dc6a4fa20536ab9ed8eef2dcc9cfe3d8825f6a5b11c6463d95a17d7ef36217,sync,False,2026-08-30T22:20:29+00:00
cyclone_idai_2019,2019-04-02__api-strong__generic,machine,api-strong,api-strong/generic,2019-04-02,needs_gaps,Sector needs and gaps,present,1.0,0.85,ok,,215,e52a5514,deepseek-v4-pro,ef767df5fa134d14c7295096de71718a1948200ecc30bfa1c3c97b2a2cb1bc69,sync,False,2026-08-30T22:20:29+00:00
cyclone_idai_2019,2019-04-02__api-strong__generic,machine,api-strong,api-strong/generic,2019-04-02,response_actions,Sector response activities,present,1.0,0.95,ok,,137,22bfe68e,deepseek-v4-pro,eace219cfb10426bc61b13cbad4b4ee129cc97f349d3a0ecb5e5cd86cd28b0eb,sync,False,2026-08-30T22:20:29+00:00
cyclone_idai_2019,2019-04-02__api-strong__generic,machine,api-strong,api-strong/generic,2019-04-02,shelter,Shelter and non-food items,partial,0.5,0.85,ok,,154,3c7fc949,deepseek-v4-pro,41a76ee93eb740b6e810e585064bdbe760065ce2bfe8fca8eb0b586a3e903293,sync,False,2026-08-30T22:20:29+00:00
cyclone_idai_2019,2019-04-02__api-strong__generic,machine,api-strong,api-strong/generic,2019-04-02,sourcing,Sourcing and attribution,present,1.0,0.95,ok,,110,201dd245,deepseek-v4-pro,46a6b4eeaf2784abca183ba7f0fef9b42dba25b61e7b556a6aa436d02dd30fc7,sync,False,2026-08-30T22:20:29+00:00
cyclone_idai_2019,2019-04-02__api-strong__generic,machine,api-strong,api-strong/generic,2019-04-02,wash,WASH needs and response,partial,0.5,0.85,ok,,206,ea0daade,deepseek-v4-pro,1d40762de01c4f97530af3176f56aa4001c648721eb8c6d93d27427656d5b6f6,sync,False,2026-08-30T22:20:29+00:00
cyclone_idai_2019,2019-04-02__api-strong__schema_guided,machine,api-strong,api-strong/schema_guided,2019-04-02,access,Access constraints,present,1.0,0.95,ok,,209,743f3dec,deepseek-v4-pro,731a58ed818c7fa8e622c1cdfc9806f0666ac2a30f5decbef1ae5130548ba29b,sync,False,2026-08-30T22:20:29+00:00
cyclone_idai_2019,2019-04-02__api-strong__schema_guided,machine,api-strong,api-strong/schema_guided,2019-04-02,casualties,Casualty and affected-population figures,partial,0.5,0.8,ok,,293,67a15efe,deepseek-v4-pro,b27af15c09e6e8a0b2ab40fb28780ec161cff23c8bcf2a7862d7452cf82dc5ae,sync,False,2026-08-30T22:20:29+00:00
cyclone_idai_2019,2019-04-02__api-strong__schema_guided,machine,api-strong,api-strong/schema_guided,2019-04-02,coordination,Coordination arrangements,partial,0.5,0.8,ok,,299,0ced77f5,deepseek-v4-pro,675e337dfa9d98020738514f5d212c975f059052fc200e3f0a91d8b6df11683f,sync,False,2026-08-30T22:20:29+00:00
cyclone_idai_2019,2019-04-02__api-strong__schema_guided,machine,api-strong,api-strong/schema_guided,2019-04-02,currency_and_metadata,Data currency and report metadata,absent,0.0,1.0,ok,,0,,deepseek-v4-pro,6fbeb5e186161d9d3b69c2120127bcaf83f8295cd5b076514ba512bdcc51258a,sync,False,2026-08-30T22:20:29+00:00
cyclone_idai_2019,2019-04-02__api-strong__schema_guided,machine,api-strong,api-strong/schema_guided,2019-04-02,damage,"Physical, economic and agricultural damage",partial,0.5,0.9,ok,,302,29b26779,deepseek-v4-pro,aa926ddd6b7f400779d30850862992016d052525dd9ae44b71c17fe19ceae3e2,sync,False,2026-08-30T22:20:29+00:00
cyclone_idai_2019,2019-04-02__api-strong__schema_guided,machine,api-strong,api-strong/schema_guided,2019-04-02,displacement,Displacement and accommodation sites,partial,0.5,0.85,ok,,168,11858042,deepseek-v4-pro,931243060976cba754cf2f52af5bb2c135ac2ad48bf1c994dcd5eb8868a4fb97,sync,False,2026-08-30T22:20:29+00:00
cyclone_idai_2019,2019-04-02__api-strong__schema_guided,machine,api-strong,api-strong/schema_guided,2019-04-02,education,Education impact and response,partial,0.5,0.82,ok,,207,dce2d964,deepseek-v4-pro,d89d8cf3effca5ffb113912e22e202c92cf44c14f52be106c34bc9ee72d67068,sync,False,2026-08-30T22:20:29+00:00
cyclone_idai_2019,2019-04-02__api-strong__schema_guided,machine,api-strong,api-strong/schema_guided,2019-04-02,food,Food security and assistance reach,present,1.0,0.9,ok,,164,fec65f4b,deepseek-v4-pro,8b267e1731760a52671139d3c1df51469dc8621310acebd2ab828d79630810dd,sync,False,2026-08-30T22:20:29+00:00
cyclone_idai_2019,2019-04-02__api-strong__schema_guided,machine,api-strong,api-strong/schema_guided,2019-04-02,funding,Funding status and donor contributions,partial,0.5,0.75,ok,,227,3845c8d0,deepseek-v4-pro,16f30d58f8a1a8433af5f2ef6f6a3e5a51c8a8948fbde0c94f908f992145106b,sync,False,2026-08-30T22:20:29+00:00
cyclone_idai_2019,2019-04-02__api-strong__schema_guided,machine,api-strong,api-strong/schema_guided,2019-04-02,health,"Health, disease outbreak and nutrition",present,1.0,0.95,ok,,108,4911732f,deepseek-v4-pro,2092202e06497d8a8b247c624207a1cce6c93668ad1f5de48fafd76955d5f4be,sync,False,2026-08-30T22:20:29+00:00
cyclone_idai_2019,2019-04-02__api-strong__schema_guided,machine,api-strong,api-strong/schema_guided,2019-04-02,needs_gaps,Sector needs and gaps,present,1.0,0.85,ok,,162,e0dbb067,deepseek-v4-pro,8006bae228265b1efba7fe9c84abfb7cad20853fdedc2eeba79f5f75893f8781,sync,False,2026-08-30T22:20:29+00:00
cyclone_idai_2019,2019-04-02__api-strong__schema_guided,machine,api-strong,api-strong/schema_guided,2019-04-02,response_actions,Sector response activities,present,1.0,1.0,ok,,116,2c36275a,deepseek-v4-pro,6f2475398612178d78d38aed79e67a49f3f5e09fbd675f41b0b6f4f82d65f4c4,sync,False,2026-08-30T22:20:29+00:00
cyclone_idai_2019,2019-04-02__api-strong__schema_guided,machine,api-strong,api-strong/schema_guided,2019-04-02,shelter,Shelter and non-food items,partial,0.5,0.8,ok,,197,62cef17b,deepseek-v4-pro,5c8a2f0f6a37de1962b2be7a6cf80fc0f7741c002adf947aeabd77973ae2235e,sync,False,2026-08-30T22:20:29+00:00
cyclone_idai_2019,2019-04-02__api-strong__schema_guided,machine,api-strong,api-strong/schema_guided,2019-04-02,sourcing,Sourcing and attribution,present,1.0,1.0,ok,,223,af892a8b,deepseek-v4-pro,18879b0b5ef7a9e95499c5d46e0bc192b3f1941aa0c9de7f6f334b8dd24a8612,sync,False,2026-08-30T22:20:29+00:00
cyclone_idai_2019,2019-04-02__api-strong__schema_guided,machine,api-strong,api-strong/schema_guided,2019-04-02,wash,WASH needs and response,partial,0.5,0.85,ok,,148,933e93fb,deepseek-v4-pro,4897d50a8de926292564ecb5f8c410379634d71d0b5ffd8a0c7d9fb59772e4bc,sync,False,2026-08-30T22:20:29+00:00
cyclone_idai_2019,2019-04-03__api-fast__generic,machine,api-fast,api-fast/generic,2019-04-03,access,Access constraints,present,1.0,0.9,ok,,178,72111f48,deepseek-v4-pro,75d009da8ab928d21b073d42c272289e092d0a6c3352d33c2e97299a9da85b8e,sync,False,2026-08-30T22:20:29+00:00
cyclone_idai_2019,2019-04-03__api-fast__generic,machine,api-fast,api-fast/generic,2019-04-03,casualties,Casualty and affected-population figures,present,1.0,0.8,ok,,187,c770b48c,deepseek-v4-pro,c460c289b0d9f8e40df449c9c57bb7a9c70df55ced7b433e12e1a988e7e81eff,sync,False,2026-08-30T22:20:29+00:00
cyclone_idai_2019,2019-04-03__api-fast__generic,machine,api-fast,api-fast/generic,2019-04-03,coordination,Coordination arrangements,partial,0.5,0.8,ok,,161,3b042ffd,deepseek-v4-pro,09a00682ce3a03c87655efd6511eb243ab15939d85f7ddcfbc6c559e95bcacf6,sync,False,2026-08-30T22:20:29+00:00
cyclone_idai_2019,2019-04-03__api-fast__generic,machine,api-fast,api-fast/generic,2019-04-03,currency_and_metadata,Data currency and report metadata,partial,0.5,0.8,ok,,50,1bf3db08,deepseek-v4-pro,2584076e438f72f2fe0e79c40effef392710dcd150cfd89bc05f7ccb980acfaa,sync,False,2026-08-30T22:20:29+00:00
cyclone_idai_2019,2019-04-03__api-fast__generic,machine,api-fast,api-fast/generic,2019-04-03,damage,"Physical, economic and agricultural damage",present,1.0,0.9,ok,,119,21b8a4a1,deepseek-v4-pro,e8a1bf2d1356f42355403f3096856f5cfa3290e8f55f1511ffffe88c7a7a856e,sync,False,2026-08-30T22:20:29+00:00
cyclone_idai_2019,2019-04-03__api-fast__generic,machine,api-fast,api-fast/generic,2019-04-03,displacement,Displacement and accommodation sites,present,1.0,0.95,ok,,103,0bfc0901,deepseek-v4-pro,11ac9cde6aa4bf7832c5607e7143e890ceb9d2f1ea49c7fbb8722248bbff075d,sync,False,2026-08-30T22:20:29+00:00
cyclone_idai_2019,2019-04-03__api-fast__generic,machine,api-fast,api-fast/generic,2019-04-03,education,Education impact and response,partial,0.5,0.9,ok,,171,6965875a,deepseek-v4-pro,561d111cbd077be19299b0733569176b95f886f18aae3f0adf7fef2fed9051bb,sync,False,2026-08-30T22:20:29+00:00
cyclone_idai_2019,2019-04-03__api-fast__generic,machine,api-fast,api-fast/generic,2019-04-03,food,Food security and assistance reach,present,1.0,0.96,ok,,148,114b54fb,deepseek-v4-pro,5d74bae36cd320f82eac408465d5ac10c04093d3a95e8cbd69b448864b1badf4,sync,False,2026-08-30T22:20:29+00:00
cyclone_idai_2019,2019-04-03__api-fast__generic,machine,api-fast,api-fast/generic,2019-04-03,funding,Funding status and donor contributions,partial,0.5,0.75,ok,,222,99a1ee16,deepseek-v4-pro,518e7a6336b1e9697265ba11bb15ff6b0afd78d62967edc7215029f076ef9baf,sync,False,2026-08-30T22:20:29+00:00
cyclone_idai_2019,2019-04-03__api-fast__generic,machine,api-fast,api-fast/generic,2019-04-03,health,"Health, disease outbreak and nutrition",present,1.0,0.85,ok,,144,10f11a0b,deepseek-v4-pro,5f56669d8813280f0778d2b0f0b75e948131d203620c67fa794f79114d197316,sync,False,2026-08-30T22:20:29+00:00
cyclone_idai_2019,2019-04-03__api-fast__generic,machine,api-fast,api-fast/generic,2019-04-03,needs_gaps,Sector needs and gaps,partial,0.5,0.78,ok,,208,1d7f5390,deepseek-v4-pro,529c7eb6a2b95db8667a927327625ebc297e6ac7a0657b416b2313a45b2e7cc3,sync,False,2026-08-30T22:20:29+00:00
cyclone_idai_2019,2019-04-03__api-fast__generic,machine,api-fast,api-fast/generic,2019-04-03,response_actions,Sector response activities,present,1.0,0.97,ok,,162,ab470886,deepseek-v4-pro,89924fb0fbe4b098ac0880a34da3970325be2ea025b0d970f44ea77f7b0076e9,sync,False,2026-08-30T22:20:29+00:00
cyclone_idai_2019,2019-04-03__api-fast__generic,machine,api-fast,api-fast/generic,2019-04-03,shelter,Shelter and non-food items,partial,0.5,0.82,ok,,156,f7ee4afe,deepseek-v4-pro,a62955f50b3a025321e01191e7d8ad0446f60baf7233b9fe89109f64bceb818d,sync,False,2026-08-30T22:20:29+00:00
cyclone_idai_2019,2019-04-03__api-fast__generic,machine,api-fast,api-fast/generic,2019-04-03,sourcing,Sourcing and attribution,present,1.0,0.95,ok,,80,e222d291,deepseek-v4-pro,0a0e6ff8a9da5814f8068b4dbc2558643a2b3e716fda13cc29e9acb4ab109653,sync,False,2026-08-30T22:20:29+00:00
cyclone_idai_2019,2019-04-03__api-fast__generic,machine,api-fast,api-fast/generic,2019-04-03,wash,WASH needs and response,present,1.0,0.8,ok,,170,8abe6032,deepseek-v4-pro,ca1dd989d095e1838028a9a5d42b1104ecd07bc2ccc9c8dcc6f060082c9a1948,sync,False,2026-08-30T22:20:29+00:00
cyclone_idai_2019,2019-04-03__api-fast__schema_guided,machine,api-fast,api-fast/schema_guided,2019-04-03,access,Access constraints,present,1.0,0.95,ok,,233,9dd42384,deepseek-v4-pro,56b964265dfeb3ed22788ac2c879b6c935c518a02a0dc8b33ed5f1afe036425c,sync,False,2026-08-30T22:20:29+00:00
cyclone_idai_2019,2019-04-03__api-fast__schema_guided,machine,api-fast,api-fast/schema_guided,2019-04-03,casualties,Casualty and affected-population figures,partial,0.5,0.85,ok,,138,5ce305d1,deepseek-v4-pro,92a585265e7adcb16d42d411f77bcefcac1653fcc3764ea9c7b89ca0ca6aca35,sync,False,2026-08-30T22:20:29+00:00
cyclone_idai_2019,2019-04-03__api-fast__schema_guided,machine,api-fast,api-fast/schema_guided,2019-04-03,coordination,Coordination arrangements,present,1.0,0.85,ok,,305,143dc8e9,deepseek-v4-pro,5d252151152bb5700ccb62eef54ac34cea09add598bebd30287badffbbbee546,sync,False,2026-08-30T22:20:29+00:00
cyclone_idai_2019,2019-04-03__api-fast__schema_guided,machine,api-fast,api-fast/schema_guided,2019-04-03,currency_and_metadata,Data currency and report metadata,partial,0.5,0.9,ok,,171,ef225358,deepseek-v4-pro,1d2b5deb08ab4a233769486ab6d5108b0a381db3c779c2147f151b5b0dd2c611,sync,False,2026-08-30T22:20:29+00:00
cyclone_idai_2019,2019-04-03__api-fast__schema_guided,machine,api-fast,api-fast/schema_guided,2019-04-03,damage,"Physical, economic and agricultural damage",present,1.0,0.95,ok,,195,bd70a281,deepseek-v4-pro,c0ec427d6fa4320d670fe258a3135b2c132ed23178ee30920fd910f05bc13033,sync,False,2026-08-30T22:20:29+00:00
cyclone_idai_2019,2019-04-03__api-fast__schema_guided,machine,api-fast,api-fast/schema_guided,2019-04-03,displacement,Displacement and accommodation sites,present,1.0,0.95,ok,,241,318bba98,deepseek-v4-pro,7a991472db1a31cb919eb2d64be7c86199136f225a5c263a0afbb19cd3d4a59c,sync,False,2026-08-30T22:20:29+00:00
cyclone_idai_2019,2019-04-03__api-fast__schema_guided,machine,api-fast,api-fast/schema_guided,2019-04-03,education,Education impact and response,partial,0.5,0.9,ok,,253,9639c396,deepseek-v4-pro,a6906f558fa83e2e42147267a6ea877e19dd6deb36e8b0845f3570658c2022a8,sync,False,2026-08-30T22:20:29+00:00
cyclone_idai_2019,2019-04-03__api-fast__schema_guided,machine,api-fast,api-fast/schema_guided,2019-04-03,food,Food security and assistance reach,present,1.0,0.95,ok,,145,873a123b,deepseek-v4-pro,e1a44632ca4a05722cd73183e26ad2f0f0bc17a64b47b08740de75d7c75f7a4d,sync,False,2026-08-30T22:20:29+00:00
cyclone_idai_2019,2019-04-03__api-fast__schema_guided,machine,api-fast,api-fast/schema_guided,2019-04-03,funding,Funding status and donor contributions,partial,0.5,0.9,ok,,214,32e1039a,deepseek-v4-pro,452ec0cffac36f85189467ba365d9a1ca5fc933ff7067e95df94af688e234cca,sync,False,2026-08-30T22:20:29+00:00
cyclone_idai_2019,2019-04-03__api-fast__schema_guided,machine,api-fast,api-fast/schema_guided,2019-04-03,health,"Health, disease outbreak and nutrition",partial,0.5,0.85,ok,,129,1401313b,deepseek-v4-pro,d62b5f6852c9e02f07168c485d5531b9159b3dee171d3c7fc629866577c72371,sync,False,2026-08-30T22:20:29+00:00
cyclone_idai_2019,2019-04-03__api-fast__schema_guided,machine,api-fast,api-fast/schema_guided,2019-04-03,needs_gaps,Sector needs and gaps,partial,0.5,0.8,ok,,110,2fc23579,deepseek-v4-pro,38394ebaa8373e9487b3b48b94dd8db9b60ea41769f0fc72e194d37565bd0818,sync,False,2026-08-30T22:20:29+00:00
cyclone_idai_2019,2019-04-03__api-fast__schema_guided,machine,api-fast,api-fast/schema_guided,2019-04-03,response_actions,Sector response activities,present,1.0,0.96,ok,,207,70fc8931,deepseek-v4-pro,4b606620669856a8bee2482a870a64e595fc548b093aefa7219d7f7f9fb79167,sync,False,2026-08-30T22:20:29+00:00
cyclone_idai_2019,2019-04-03__api-fast__schema_guided,machine,api-fast,api-fast/schema_guided,2019-04-03,shelter,Shelter and non-food items,present,1.0,0.8,ok,,217,a00fd4f7,deepseek-v4-pro,21e7cb614a1bf5d3d61accdf22b459311879e3f8c5500a3af31284512599b2d2,sync,False,2026-08-30T22:20:29+00:00
cyclone_idai_2019,2019-04-03__api-fast__schema_guided,machine,api-fast,api-fast/schema_guided,2019-04-03,sourcing,Sourcing and attribution,present,1.0,0.95,ok,,176,a867b966,deepseek-v4-pro,b7b774f92321027564da56b365f0c151979cfa0c2b81eca5f3ab6ba2abc5963f,sync,False,2026-08-30T22:20:29+00:00
cyclone_idai_2019,2019-04-03__api-fast__schema_guided,machine,api-fast,api-fast/schema_guided,2019-04-03,wash,WASH needs and response,present,1.0,0.9,ok,,211,3008ce6e,deepseek-v4-pro,e54a134a68541f68067f10e696dc554509e8b8fbca004d1a8038aecf1379d51f,sync,False,2026-08-30T22:20:29+00:00
cyclone_idai_2019,2019-04-03__api-strong__generic,machine,api-strong,api-strong/generic,2019-04-03,access,Access constraints,present,1.0,0.9,ok,,309,0c3002ce,deepseek-v4-pro,a6f91d56fb7702bd6e8eef47ef15caab4693eeca4759f113404bd8cb2aac13a8,sync,False,2026-08-30T22:20:29+00:00
cyclone_idai_2019,2019-04-03__api-strong__generic,machine,api-strong,api-strong/generic,2019-04-03,casualties,Casualty and affected-population figures,present,1.0,0.9,ok,,184,f6c56f94,deepseek-v4-pro,df254d2c14cb2e94edcab794f0b6258118ab59929ee6337d7129139a5a1b0a42,sync,False,2026-08-30T22:20:29+00:00
cyclone_idai_2019,2019-04-03__api-strong__generic,machine,api-strong,api-strong/generic,2019-04-03,coordination,Coordination arrangements,partial,0.5,0.75,ok,,246,1fe2bcdb,deepseek-v4-pro,7e81ad727e6604c49c5f739341de6a011e4283166fd4dbff9866482a14e8c1b1,sync,False,2026-08-30T22:20:29+00:00
cyclone_idai_2019,2019-04-03__api-strong__generic,machine,api-strong,api-strong/generic,2019-04-03,currency_and_metadata,Data currency and report metadata,partial,0.5,0.85,ok,,112,5acb5240,deepseek-v4-pro,4ecd4d37bd6e8398e07870ee6104e1e53078f2eb1f9567e30936e25a6ffb1d65,sync,False,2026-08-30T22:20:29+00:00
cyclone_idai_2019,2019-04-03__api-strong__generic,machine,api-strong,api-strong/generic,2019-04-03,damage,"Physical, economic and agricultural damage",present,1.0,0.95,ok,,172,29f5cd1a,deepseek-v4-pro,8505c94c1d6ef8932f3376e0cabca5b1f5904f5f5d0999da788bb49866ee4d21,sync,False,2026-08-30T22:20:29+00:00
cyclone_idai_2019,2019-04-03__api-strong__generic,machine,api-strong,api-strong/generic,2019-04-03,displacement,Displacement and accommodation sites,present,1.0,1.0,ok,,185,186bcd5e,deepseek-v4-pro,8ea283205b62486d14416f71374b28a44d5a1c8746f09321f3bbdc5ec683e5be,sync,False,2026-08-30T22:20:29+00:00
cyclone_idai_2019,2019-04-03__api-strong__generic,machine,api-strong,api-strong/generic,2019-04-03,education,Education impact and response,partial,0.5,0.9,ok,,190,b47f95d9,deepseek-v4-pro,490073a2e31e0380175b9358c00f1aea41746daf776ec77004294fbe00e9fa0a,sync,False,2026-08-30T22:20:29+00:00
cyclone_idai_2019,2019-04-03__api-strong__generic,machine,api-strong,api-strong/generic,2019-04-03,food,Food security and assistance reach,present,1.0,0.95,ok,,188,a428725b,deepseek-v4-pro,e631275e64dcbc090d291c2fd91ee520241f8a884c3235ca18db980d879b1069,sync,False,2026-08-30T22:20:29+00:00
cyclone_idai_2019,2019-04-03__api-strong__generic,machine,api-strong,api-strong/generic,2019-04-03,funding,Funding status and donor contributions,partial,0.5,0.9,ok,,215,5523e88c,deepseek-v4-pro,242badc1bd3082eec63f7590f4f4de11b684bb9d1203d1a8b08eac87e6fa4649,sync,False,2026-08-30T22:20:29+00:00
cyclone_idai_2019,2019-04-03__api-strong__generic,machine,api-strong,api-strong/generic,2019-04-03,health,"Health, disease outbreak and nutrition",present,1.0,0.9,ok,,199,ecde8dea,deepseek-v4-pro,befaeba086c354fbc5c5f2219a9d9c38c85a75ef13765acff24b030415126fe1,sync,False,2026-08-30T22:20:29+00:00
cyclone_idai_2019,2019-04-03__api-strong__generic,machine,api-strong,api-strong/generic,2019-04-03,needs_gaps,Sector needs and gaps,partial,0.5,0.85,ok,,231,046aa4ed,deepseek-v4-pro,13fbc0b2a2a0e5802849cc65caa4a6f94ef7f250698c99f1de050b1cda1cb717,sync,False,2026-08-30T22:20:29+00:00
cyclone_idai_2019,2019-04-03__api-strong__generic,machine,api-strong,api-strong/generic,2019-04-03,response_actions,Sector response activities,present,1.0,0.98,ok,,181,3ab0e667,deepseek-v4-pro,292dab2f285d3cfad3b55bc7727a8aabdb8e0e4de5011683dac6cf80584ca4f7,sync,False,2026-08-30T22:20:29+00:00
cyclone_idai_2019,2019-04-03__api-strong__generic,machine,api-strong,api-strong/generic,2019-04-03,shelter,Shelter and non-food items,partial,0.5,0.8,ok,,150,3a476e7e,deepseek-v4-pro,02f59a40ea0e8c29dd617b7fbfc0a975f47f9df8f0dea3cfccd87e386c4c6877,sync,False,2026-08-30T22:20:29+00:00
cyclone_idai_2019,2019-04-03__api-strong__generic,machine,api-strong,api-strong/generic,2019-04-03,sourcing,Sourcing and attribution,partial,0.5,0.75,ok,,100,54339d56,deepseek-v4-pro,6e0bc78681feb313d37cffb7224afc0dcba1e02b4e4edcf1497bcfb96428545e,sync,False,2026-08-30T22:20:29+00:00
cyclone_idai_2019,2019-04-03__api-strong__generic,machine,api-strong,api-strong/generic,2019-04-03,wash,WASH needs and response,partial,0.5,0.8,ok,,131,de03ea66,deepseek-v4-pro,86981af0483951bd5d6190274d3f0019fb20c53dd08f47b2d8a335c2db013261,sync,False,2026-08-30T22:20:29+00:00
cyclone_idai_2019,2019-04-03__api-strong__schema_guided,machine,api-strong,api-strong/schema_guided,2019-04-03,access,Access constraints,present,1.0,0.95,ok,,188,e734e696,deepseek-v4-pro,3033ca6ee8e6151e80aa8d4d72deeb55660f5a118017dda5f0ec89e8ec224fa9,sync,False,2026-08-30T22:20:29+00:00
cyclone_idai_2019,2019-04-03__api-strong__schema_guided,machine,api-strong,api-strong/schema_guided,2019-04-03,casualties,Casualty and affected-population figures,present,1.0,0.95,ok,,159,c73e1547,deepseek-v4-pro,393113bb4021f300b9e4f0dda484eab2ff5a7eb583dc9ecc3ad601e1820ce123,sync,False,2026-08-30T22:20:29+00:00
cyclone_idai_2019,2019-04-03__api-strong__schema_guided,machine,api-strong,api-strong/schema_guided,2019-04-03,coordination,Coordination arrangements,present,1.0,0.8,ok,,188,ffe2fa25,deepseek-v4-pro,908a8c5cb94791004147acbb94c9b5f1ce3032cd49953248f8eb81eb17d9534c,sync,False,2026-08-30T22:20:29+00:00
cyclone_idai_2019,2019-04-03__api-strong__schema_guided,machine,api-strong,api-strong/schema_guided,2019-04-03,currency_and_metadata,Data currency and report metadata,partial,0.5,0.95,ok,,163,2d0f467c,deepseek-v4-pro,1980b5b30a10b17aa271992132be3cdc4f390e0e7367a3f897b6d932b6309135,sync,False,2026-08-30T22:20:29+00:00
cyclone_idai_2019,2019-04-03__api-strong__schema_guided,machine,api-strong,api-strong/schema_guided,2019-04-03,damage,"Physical, economic and agricultural damage",present,1.0,0.95,ok,,162,e89e6a19,deepseek-v4-pro,834d2123e2512533dc8fb04a275482f7c96ad0ded1239e311ba811c7755a3298,sync,False,2026-08-30T22:20:29+00:00
cyclone_idai_2019,2019-04-03__api-strong__schema_guided,machine,api-strong,api-strong/schema_guided,2019-04-03,displacement,Displacement and accommodation sites,present,1.0,0.9,ok,,237,44664ba5,deepseek-v4-pro,e947aed7049f4bad1a6a276786d441ddf6135643bfd55b7ac81fa16b9177b63f,sync,False,2026-08-30T22:20:29+00:00
cyclone_idai_2019,2019-04-03__api-strong__schema_guided,machine,api-strong,api-strong/schema_guided,2019-04-03,education,Education impact and response,partial,0.5,0.9,ok,,195,1a570309,deepseek-v4-pro,39a5b8f775018db9fbded55f120b6a9577f0fc7142d899e6eff19ff8533588f8,sync,False,2026-08-30T22:20:29+00:00
cyclone_idai_2019,2019-04-03__api-strong__schema_guided,machine,api-strong,api-strong/schema_guided,2019-04-03,food,Food security and assistance reach,present,1.0,0.95,ok,,212,645112cc,deepseek-v4-pro,8e0fff257500e4dfaf54e1fd1dd347d1ffbac4d3b65aca0b9f66c5f2f9ca0b2c,sync,False,2026-08-30T22:20:29+00:00
cyclone_idai_2019,2019-04-03__api-strong__schema_guided,machine,api-strong,api-strong/schema_guided,2019-04-03,funding,Funding status and donor contributions,partial,0.5,0.9,ok,,224,90a4a08d,deepseek-v4-pro,6b0e856b1c1d8ead8b4f6b7864647496e85175afe24a113ca39df41b576aa7d3,sync,False,2026-08-30T22:20:29+00:00
cyclone_idai_2019,2019-04-03__api-strong__schema_guided,machine,api-strong,api-strong/schema_guided,2019-04-03,health,"Health, disease outbreak and nutrition",partial,0.5,0.88,ok,,168,02ff6c15,deepseek-v4-pro,4914dce52928d2fb44238d9704fb50cf09c597627a4fad6e49eee353389b280b,sync,False,2026-08-30T22:20:29+00:00
cyclone_idai_2019,2019-04-03__api-strong__schema_guided,machine,api-strong,api-strong/schema_guided,2019-04-03,needs_gaps,Sector needs and gaps,present,1.0,0.9,ok,,200,f139da9b,deepseek-v4-pro,3678140698f5ae64cad7631dd3b7222ad2aa16fff49d8951e4db7e59bfd463fa,sync,False,2026-08-30T22:20:29+00:00
cyclone_idai_2019,2019-04-03__api-strong__schema_guided,machine,api-strong,api-strong/schema_guided,2019-04-03,response_actions,Sector response activities,present,1.0,0.95,ok,,204,08454806,deepseek-v4-pro,61c6404741fa3d6fb72d4d0e493435019dd406114381aed1dfe94ef1d51ab3a5,sync,False,2026-08-30T22:20:29+00:00
cyclone_idai_2019,2019-04-03__api-strong__schema_guided,machine,api-strong,api-strong/schema_guided,2019-04-03,shelter,Shelter and non-food items,present,1.0,0.9,ok,,208,88b9ff1a,deepseek-v4-pro,1d18025ad347eb2233a0499481f398b92d53acdc65843d453b44ac8f238beda1,sync,False,2026-08-30T22:20:29+00:00
cyclone_idai_2019,2019-04-03__api-strong__schema_guided,machine,api-strong,api-strong/schema_guided,2019-04-03,sourcing,Sourcing and attribution,present,1.0,0.95,ok,,179,29333379,deepseek-v4-pro,8e250b3f4d0f2f84189904b457feb4aad6daa8c6a9dfb91cdc7c212fe211761d,sync,False,2026-08-30T22:20:29+00:00
cyclone_idai_2019,2019-04-03__api-strong__schema_guided,machine,api-strong,api-strong/schema_guided,2019-04-03,wash,WASH needs and response,present,1.0,0.95,ok,,171,5aa74f36,deepseek-v4-pro,50b2e74b59e8ccf637424e76e22141c21d115f2df8df586de392909bf98f89eb,sync,False,2026-08-30T22:20:29+00:00
cyclone_idai_2019,2019-04-09__api-fast__generic,machine,api-fast,api-fast/generic,2019-04-09,access,Access constraints,partial,0.5,0.7,ok,,171,6c8e0ffc,deepseek-v4-pro,b4703e86f6250f439393f2dca9a5c15b42e8307897b02df7a17bfab52501f2cb,sync,False,2026-08-30T22:20:29+00:00
cyclone_idai_2019,2019-04-09__api-fast__generic,machine,api-fast,api-fast/generic,2019-04-09,casualties,Casualty and affected-population figures,present,1.0,0.85,ok,,120,f297e2d1,deepseek-v4-pro,7a7dd97178a7752e13aa151c5c44cdd8042dd4497d6f3402eacf84cbbaa2eef5,sync,False,2026-08-30T22:20:29+00:00
cyclone_idai_2019,2019-04-09__api-fast__generic,machine,api-fast,api-fast/generic,2019-04-09,coordination,Coordination arrangements,absent,0.0,0.9,ok,,0,,deepseek-v4-pro,a19220405777f7a2fae21f617b53e133f8f3232723108fef8eea94c5b42a1784,sync,False,2026-08-30T22:20:29+00:00
cyclone_idai_2019,2019-04-09__api-fast__generic,machine,api-fast,api-fast/generic,2019-04-09,currency_and_metadata,Data currency and report metadata,partial,0.5,0.9,ok,,151,90036488,deepseek-v4-pro,14cbf820246a99b71394f8ad27f8f0e5a19c2c94fdb26fe5706bec03caf3b426,sync,False,2026-08-30T22:20:29+00:00
cyclone_idai_2019,2019-04-09__api-fast__generic,machine,api-fast,api-fast/generic,2019-04-09,damage,"Physical, economic and agricultural damage",partial,0.5,0.85,ok,,47,f40b6f69,deepseek-v4-pro,10a83774e0a7445826aac0483c2abfbe25a466712dad9eacfacf3840f69ac155,sync,False,2026-08-30T22:20:29+00:00
cyclone_idai_2019,2019-04-09__api-fast__generic,machine,api-fast,api-fast/generic,2019-04-09,displacement,Displacement and accommodation sites,partial,0.5,0.8,ok,,226,b516baf6,deepseek-v4-pro,a0492b9c5b356a765b2cb217323729cef4a1a63ad45807d1b1094edf1937450a,sync,False,2026-08-30T22:20:29+00:00
cyclone_idai_2019,2019-04-09__api-fast__generic,machine,api-fast,api-fast/generic,2019-04-09,education,Education impact and response,partial,0.5,0.8,ok,,128,db245cb0,deepseek-v4-pro,0ccd646bdcb6895e0b2459f8037230c424dd74c1d61c95ef25a5288d6aa02fea,sync,False,2026-08-30T22:20:29+00:00
cyclone_idai_2019,2019-04-09__api-fast__generic,machine,api-fast,api-fast/generic,2019-04-09,food,Food security and assistance reach,present,1.0,0.95,ok,,193,b589f1fb,deepseek-v4-pro,03ab6b3479691c588736c9730776740b70eafee15dea3a79984247a292556a24,sync,False,2026-08-30T22:20:29+00:00
cyclone_idai_2019,2019-04-09__api-fast__generic,machine,api-fast,api-fast/generic,2019-04-09,funding,Funding status and donor contributions,partial,0.5,0.8,ok,,263,3e8d9495,deepseek-v4-pro,6f80990f46b239e38766743c1e8225fde2650d6be70b58e00f76efd00857d537,sync,False,2026-08-30T22:20:29+00:00
cyclone_idai_2019,2019-04-09__api-fast__generic,machine,api-fast,api-fast/generic,2019-04-09,health,"Health, disease outbreak and nutrition",partial,0.5,0.72,ok,,200,b819baa3,deepseek-v4-pro,b6f885a5a486475e1b71b90746f2ee9746583990d1af08b4560d22e6a8cfcc16,sync,False,2026-08-30T22:20:29+00:00
cyclone_idai_2019,2019-04-09__api-fast__generic,machine,api-fast,api-fast/generic,2019-04-09,needs_gaps,Sector needs and gaps,partial,0.5,0.8,ok,,144,24b5c9fa,deepseek-v4-pro,ca3f162a8db32759becb69ce0eb41f06f321adb6c49d3062be77c4c36e9c5571,sync,False,2026-08-30T22:20:29+00:00
cyclone_idai_2019,2019-04-09__api-fast__generic,machine,api-fast,api-fast/generic,2019-04-09,response_actions,Sector response activities,present,1.0,0.98,ok,,184,e1b1091d,deepseek-v4-pro,b578e8073cefaf83bee79cdc6e996c344350a3d7c8ca41eb0aacb682254c91ad,sync,False,2026-08-30T22:20:29+00:00
cyclone_idai_2019,2019-04-09__api-fast__generic,machine,api-fast,api-fast/generic,2019-04-09,shelter,Shelter and non-food items,present,1.0,0.85,ok,,117,26c5b62e,deepseek-v4-pro,1c7a6c88015c7afdc17dcfa893d1a346ec8cf2917263dca91354e4ee69c02c60,sync,False,2026-08-30T22:20:29+00:00
cyclone_idai_2019,2019-04-09__api-fast__generic,machine,api-fast,api-fast/generic,2019-04-09,sourcing,Sourcing and attribution,present,1.0,0.95,ok,,171,4403d95d,deepseek-v4-pro,d895a67972616f4a2ecd1a622602ab99b9777959ffbf69695334bf585a9b4412,sync,False,2026-08-30T22:20:29+00:00
cyclone_idai_2019,2019-04-09__api-fast__generic,machine,api-fast,api-fast/generic,2019-04-09,wash,WASH needs and response,partial,0.5,0.9,ok,,153,d4cc06d3,deepseek-v4-pro,9b87ba3ee861ae9b19616035ead6c1b6a95de135120b4a1cf9a0f9a180abe9f9,sync,False,2026-08-30T22:20:29+00:00
cyclone_idai_2019,2019-04-09__api-fast__schema_guided,machine,api-fast,api-fast/schema_guided,2019-04-09,access,Access constraints,partial,0.5,0.85,ok,,183,142cc3a5,deepseek-v4-pro,cd480e2392efff4ef310cddf7edfab0ef63a6c4c6817cb5ab024648f49ee7bf6,sync,False,2026-08-30T22:20:29+00:00
cyclone_idai_2019,2019-04-09__api-fast__schema_guided,machine,api-fast,api-fast/schema_guided,2019-04-09,casualties,Casualty and affected-population figures,present,1.0,0.95,ok,,133,3d6ae4eb,deepseek-v4-pro,b7d6f8c6731f3c227fd1e716b968c25bfca11e31c1135b0d97cad9196dde84ff,sync,False,2026-08-30T22:20:29+00:00
cyclone_idai_2019,2019-04-09__api-fast__schema_guided,machine,api-fast,api-fast/schema_guided,2019-04-09,coordination,Coordination arrangements,partial,0.5,0.8,ok,,236,748b9275,deepseek-v4-pro,d3fd3a0326ea8acabacbd45cec7020fdcd5a73b4589bc4b63dee57e05d8db8bd,sync,False,2026-08-30T22:20:29+00:00
cyclone_idai_2019,2019-04-09__api-fast__schema_guided,machine,api-fast,api-fast/schema_guided,2019-04-09,currency_and_metadata,Data currency and report metadata,partial,0.5,0.9,ok,,250,8f769f19,deepseek-v4-pro,ea1acbe26a8d188219bbc19db03935cbb14bebf8b559f1a68dd8962edcbfca99,sync,False,2026-08-30T22:20:29+00:00
cyclone_idai_2019,2019-04-09__api-fast__schema_guided,machine,api-fast,api-fast/schema_guided,2019-04-09,damage,"Physical, economic and agricultural damage",partial,0.5,0.8,ok,,162,43c2e77e,deepseek-v4-pro,dd3969b6f50943b2ca6691fd2a84d44ed433d0d6210f6b545f34d011fb57a760,sync,False,2026-08-30T22:20:29+00:00
cyclone_idai_2019,2019-04-09__api-fast__schema_guided,machine,api-fast,api-fast/schema_guided,2019-04-09,displacement,Displacement and accommodation sites,partial,0.5,0.9,ok,,177,6e490d2d,deepseek-v4-pro,e69c1b4fff85a49170d1cb41b0bb355d83cc3f51a1faf9b5e59a135b2018675e,sync,False,2026-08-30T22:20:29+00:00
cyclone_idai_2019,2019-04-09__api-fast__schema_guided,machine,api-fast,api-fast/schema_guided,2019-04-09,education,Education impact and response,partial,0.5,0.85,ok,,214,34cb9c22,deepseek-v4-pro,bedbf9c5d3a58a6c7a66cf56f68272d7f3132d44f5b51b6d028e06712b7f4568,sync,False,2026-08-30T22:20:29+00:00
cyclone_idai_2019,2019-04-09__api-fast__schema_guided,machine,api-fast,api-fast/schema_guided,2019-04-09,food,Food security and assistance reach,present,1.0,0.95,ok,,163,ba0f8cc4,deepseek-v4-pro,6f97601d69266839536ad71bd24d90053ed561da8f9e225bc758b525106c2309,sync,False,2026-08-30T22:20:29+00:00
cyclone_idai_2019,2019-04-09__api-fast__schema_guided,machine,api-fast,api-fast/schema_guided,2019-04-09,funding,Funding status and donor contributions,partial,0.5,0.9,ok,,242,1e7920bc,deepseek-v4-pro,8dfd5fe51fcc87530f01a687ab6ee6558bbfac48ab82e9192af5e2d2b552aca3,sync,False,2026-08-30T22:20:29+00:00
cyclone_idai_2019,2019-04-09__api-fast__schema_guided,machine,api-fast,api-fast/schema_guided,2019-04-09,health,"Health, disease outbreak and nutrition",partial,0.5,0.82,ok,,165,8711cc41,deepseek-v4-pro,acfb8cccfd8e16eb7a5d89fc7d444d1640fa9dad6580e182c909fc75bf29436b,sync,False,2026-08-30T22:20:29+00:00
cyclone_idai_2019,2019-04-09__api-fast__schema_guided,machine,api-fast,api-fast/schema_guided,2019-04-09,needs_gaps,Sector needs and gaps,present,1.0,0.9,ok,,183,b982b27f,deepseek-v4-pro,c102f84202e215f5e1d2f7db931bcd2ece0d4e41104fb9b3f4af8837115624ef,sync,False,2026-08-30T22:20:29+00:00
cyclone_idai_2019,2019-04-09__api-fast__schema_guided,machine,api-fast,api-fast/schema_guided,2019-04-09,response_actions,Sector response activities,present,1.0,0.97,ok,,164,a57d3c29,deepseek-v4-pro,7e94970227271d303bdb2a047b460c6b8d37feaa10b26ad92a2c72706d19d240,sync,False,2026-08-30T22:20:29+00:00
cyclone_idai_2019,2019-04-09__api-fast__schema_guided,machine,api-fast,api-fast/schema_guided,2019-04-09,shelter,Shelter and non-food items,present,1.0,0.92,ok,,201,80db3a28,deepseek-v4-pro,76f0893501f9148a6a5a3fcd0bc9076ec7a1a2a73fef04c623ed4cd13076db00,sync,False,2026-08-30T22:20:29+00:00
cyclone_idai_2019,2019-04-09__api-fast__schema_guided,machine,api-fast,api-fast/schema_guided,2019-04-09,sourcing,Sourcing and attribution,present,1.0,1.0,ok,,363,12f32849,deepseek-v4-pro,90f612cbd1bdbb516fc8a9b95766c91defd897a8ee652652c68be563541834cf,sync,False,2026-08-30T22:20:29+00:00
cyclone_idai_2019,2019-04-09__api-fast__schema_guided,machine,api-fast,api-fast/schema_guided,2019-04-09,wash,WASH needs and response,present,1.0,0.85,ok,,167,fec8d35a,deepseek-v4-pro,420686ecd154da2610b31d45391d72a5de99aef5d3b64591db752efb072bcc59,sync,False,2026-08-30T22:20:29+00:00
cyclone_idai_2019,2019-04-09__api-strong__generic,machine,api-strong,api-strong/generic,2019-04-09,access,Access constraints,partial,0.5,0.75,ok,,146,3eb7db59,deepseek-v4-pro,65ed736f8e0c106410a729cd509177d8947a3bc84be039cc68938b7d0782240b,sync,False,2026-08-30T22:20:29+00:00
cyclone_idai_2019,2019-04-09__api-strong__generic,machine,api-strong,api-strong/generic,2019-04-09,casualties,Casualty and affected-population figures,present,1.0,0.9,ok,,153,ce3e9ba5,deepseek-v4-pro,7d5696cee2a78f747f4d8349c67d908f2550822a01ac50024cdf87741a9e3a96,sync,False,2026-08-30T22:20:29+00:00
cyclone_idai_2019,2019-04-09__api-strong__generic,machine,api-strong,api-strong/generic,2019-04-09,coordination,Coordination arrangements,partial,0.5,0.8,ok,,55,5bc07040,deepseek-v4-pro,d00aaec2822334a40ac0c64debc4bb347d1805446dd72ca14e96edfe53245b02,sync,False,2026-08-30T22:20:29+00:00
cyclone_idai_2019,2019-04-09__api-strong__generic,machine,api-strong,api-strong/generic,2019-04-09,currency_and_metadata,Data currency and report metadata,partial,0.5,0.9,ok,,93,842e66ae,deepseek-v4-pro,3370b2865cda4b0174527a98e8a87abd7d8aacce80c18f7879b0a2013f9747f7,sync,False,2026-08-30T22:20:29+00:00
cyclone_idai_2019,2019-04-09__api-strong__generic,machine,api-strong,api-strong/generic,2019-04-09,damage,"Physical, economic and agricultural damage",partial,0.5,0.85,ok,,55,efa00ccb,deepseek-v4-pro,bd7386f9583971f30154a33a29a1c6c0e3ea81494ca45467246ff48f20575765,sync,False,2026-08-30T22:20:29+00:00
cyclone_idai_2019,2019-04-09__api-strong__generic,machine,api-strong,api-strong/generic,2019-04-09,displacement,Displacement and accommodation sites,partial,0.5,0.85,ok,,187,759e2a9d,deepseek-v4-pro,38cab36542e87409bf3be0f9a136a42672aa59067fd92a32c035e46f58830a6f,sync,False,2026-08-30T22:20:29+00:00
cyclone_idai_2019,2019-04-09__api-strong__generic,machine,api-strong,api-strong/generic,2019-04-09,education,Education impact and response,partial,0.5,0.9,ok,,120,cb4a5a95,deepseek-v4-pro,9e0c77ad9df1cb429be0732ee5aa9b6307d94ccb9b4025b88fdfa58c05318f24,sync,False,2026-08-30T22:20:29+00:00
cyclone_idai_2019,2019-04-09__api-strong__generic,machine,api-strong,api-strong/generic,2019-04-09,food,Food security and assistance reach,present,1.0,0.95,ok,,165,daa815af,deepseek-v4-pro,c3de1a4f998fee78e01122eeabd82530a2e73aa5cec92cfc3c82c524b9791df4,sync,False,2026-08-30T22:20:29+00:00
cyclone_idai_2019,2019-04-09__api-strong__generic,machine,api-strong,api-strong/generic,2019-04-09,funding,Funding status and donor contributions,partial,0.5,0.8,ok,,217,c53d0943,deepseek-v4-pro,833930239b0a0f354765cc9316d223db3b38f403115869d8733137189e2febe8,sync,False,2026-08-30T22:20:29+00:00
cyclone_idai_2019,2019-04-09__api-strong__generic,machine,api-strong,api-strong/generic,2019-04-09,health,"Health, disease outbreak and nutrition",partial,0.5,0.8,ok,,172,84527b48,deepseek-v4-pro,7eed6ce0a9ee1eb4ab27ae4606dad27a25c7e79cb81f0ebc622d9b8be10b19a9,sync,False,2026-08-30T22:20:29+00:00
cyclone_idai_2019,2019-04-09__api-strong__generic,machine,api-strong,api-strong/generic,2019-04-09,needs_gaps,Sector needs and gaps,partial,0.5,0.65,ok,,185,d7705c14,deepseek-v4-pro,fb19a1ddc774b5a5a2966d15a4bd3600d7116f2ef31c470ca4951952b46a7d9c,sync,False,2026-08-30T22:20:29+00:00
cyclone_idai_2019,2019-04-09__api-strong__generic,machine,api-strong,api-strong/generic,2019-04-09,response_actions,Sector response activities,present,1.0,0.95,ok,,165,daa815af,deepseek-v4-pro,c9cec33828496a50a1d4fdf0b9816701fce05113b6e47e6e49986ec8aeaff3a5,sync,False,2026-08-30T22:20:29+00:00
cyclone_idai_2019,2019-04-09__api-strong__generic,machine,api-strong,api-strong/generic,2019-04-09,shelter,Shelter and non-food items,present,1.0,0.85,ok,,216,20ce4767,deepseek-v4-pro,cc5abc64c8f87120277693801bdfa0bc373d622423a2cba32cbc1f5aca10d259,sync,False,2026-08-30T22:20:29+00:00
cyclone_idai_2019,2019-04-09__api-strong__generic,machine,api-strong,api-strong/generic,2019-04-09,sourcing,Sourcing and attribution,present,1.0,0.95,ok,,171,ff5dec81,deepseek-v4-pro,4820c69058eb6e0bb4f8b4c8fba4493f33d1de6b36411b0001a15e7f66912452,sync,False,2026-08-30T22:20:29+00:00
cyclone_idai_2019,2019-04-09__api-strong__generic,machine,api-strong,api-strong/generic,2019-04-09,wash,WASH needs and response,partial,0.5,0.85,ok,,211,166c89ee,deepseek-v4-pro,a55f773a711ead33257a0401e6f01d75b040e2232112664233fdf45f6b97576f,sync,False,2026-08-30T22:20:29+00:00
cyclone_idai_2019,2019-04-09__api-strong__schema_guided,machine,api-strong,api-strong/schema_guided,2019-04-09,access,Access constraints,present,1.0,0.85,ok,,210,ea0cc9b2,deepseek-v4-pro,49173eac1ba66eb36ad9530287219b7fcbc076f531ed24ec412e60fab01622e1,sync,False,2026-08-30T22:20:29+00:00
cyclone_idai_2019,2019-04-09__api-strong__schema_guided,machine,api-strong,api-strong/schema_guided,2019-04-09,casualties,Casualty and affected-population figures,present,1.0,0.9,ok,,170,59c33386,deepseek-v4-pro,a33c0484bc69c4a887ee47b5a800ed86505d41274b54a2a8641aacf14d44959d,sync,False,2026-08-30T22:20:29+00:00
cyclone_idai_2019,2019-04-09__api-strong__schema_guided,machine,api-strong,api-strong/schema_guided,2019-04-09,coordination,Coordination arrangements,partial,0.5,0.8,ok,,296,c48df867,deepseek-v4-pro,30b0e4c419484bf691323a204e6ee57e1391930de15f590273ddc67ee991ce1c,sync,False,2026-08-30T22:20:29+00:00
cyclone_idai_2019,2019-04-09__api-strong__schema_guided,machine,api-strong,api-strong/schema_guided,2019-04-09,currency_and_metadata,Data currency and report metadata,partial,0.5,0.9,ok,,178,95da1369,deepseek-v4-pro,2c0f70f03e4019d277f59b681deb53feef9836b4068aa9ccd5fa9b15ef7e1946,sync,False,2026-08-30T22:20:29+00:00
cyclone_idai_2019,2019-04-09__api-strong__schema_guided,machine,api-strong,api-strong/schema_guided,2019-04-09,damage,"Physical, economic and agricultural damage",present,1.0,0.9,ok,,59,9e06fa83,deepseek-v4-pro,382cc54748e8fd464482fe502187de14a53f6ec317d0232cacefbc8784f21032,sync,False,2026-08-30T22:20:29+00:00
cyclone_idai_2019,2019-04-09__api-strong__schema_guided,machine,api-strong,api-strong/schema_guided,2019-04-09,displacement,Displacement and accommodation sites,partial,0.5,0.9,ok,,184,febc4c9f,deepseek-v4-pro,0016e26d6e422638c806762317956684d9af139493ae2990d4919fa9f3110e01,sync,False,2026-08-30T22:20:29+00:00
cyclone_idai_2019,2019-04-09__api-strong__schema_guided,machine,api-strong,api-strong/schema_guided,2019-04-09,education,Education impact and response,partial,0.5,0.9,ok,,172,51026278,deepseek-v4-pro,bdefcb4c624d07058f3221dc0c3d7f2d70e4a1aae7d529454d08b811330b4868,sync,False,2026-08-30T22:20:29+00:00
cyclone_idai_2019,2019-04-09__api-strong__schema_guided,machine,api-strong,api-strong/schema_guided,2019-04-09,food,Food security and assistance reach,present,1.0,0.95,ok,,162,03c49923,deepseek-v4-pro,93ff2fb9abea2440f5abd7092e4b182653949150e6507280e9b1863d5a6ebd2a,sync,False,2026-08-30T22:20:29+00:00
cyclone_idai_2019,2019-04-09__api-strong__schema_guided,machine,api-strong,api-strong/schema_guided,2019-04-09,funding,Funding status and donor contributions,partial,0.5,0.9,ok,,263,22575a96,deepseek-v4-pro,9fc21097e407cf5ea969d53fd97567b4262d8d139c9d4e3fc60ef7e494107432,sync,False,2026-08-30T22:20:29+00:00
cyclone_idai_2019,2019-04-09__api-strong__schema_guided,machine,api-strong,api-strong/schema_guided,2019-04-09,health,"Health, disease outbreak and nutrition",partial,0.5,0.75,ok,,123,a90dec32,deepseek-v4-pro,1fa836fca4812647ebf985b96cc10b5cb6e686bce23eba455593fae993826cd2,sync,False,2026-08-30T22:20:29+00:00
cyclone_idai_2019,2019-04-09__api-strong__schema_guided,machine,api-strong,api-strong/schema_guided,2019-04-09,needs_gaps,Sector needs and gaps,present,1.0,0.9,ok,,233,a48c3fae,deepseek-v4-pro,fd78658e2d5fab06a66a426517447b3020fefbc58625c633651d70cadb788776,sync,False,2026-08-30T22:20:29+00:00
cyclone_idai_2019,2019-04-09__api-strong__schema_guided,machine,api-strong,api-strong/schema_guided,2019-04-09,response_actions,Sector response activities,present,1.0,0.97,ok,,209,7e89254c,deepseek-v4-pro,b53b195e4ea1fa553c52b8298a8086f55bd48bc9c1894059cf868437c82b80be,sync,False,2026-08-30T22:20:29+00:00
cyclone_idai_2019,2019-04-09__api-strong__schema_guided,machine,api-strong,api-strong/schema_guided,2019-04-09,shelter,Shelter and non-food items,present,1.0,0.85,ok,,192,7f51bc3b,deepseek-v4-pro,2bfe5ca383fc74ba7f0e9b077312cb1d98182aa344e21ee55ae560cd9573d093,sync,False,2026-08-30T22:20:29+00:00
cyclone_idai_2019,2019-04-09__api-strong__schema_guided,machine,api-strong,api-strong/schema_guided,2019-04-09,sourcing,Sourcing and attribution,present,1.0,0.95,ok,,270,d86b3988,deepseek-v4-pro,d3a01c9e61ecbba7fc7e686a6d2846f36ea4b29630105dfd2f4c3c3a79b3c3a8,sync,False,2026-08-30T22:20:29+00:00
cyclone_idai_2019,2019-04-09__api-strong__schema_guided,machine,api-strong,api-strong/schema_guided,2019-04-09,wash,WASH needs and response,present,1.0,0.85,ok,,211,85d58ae9,deepseek-v4-pro,5fe816fe729a356337aeb0bdbbad57ce06c814ca62a01c4cb9d3eefc1dc6f721,sync,False,2026-08-30T22:20:29+00:00
cyclone_idai_2019,2019-04-10__api-fast__generic,machine,api-fast,api-fast/generic,2019-04-10,access,Access constraints,partial,0.5,0.7,ok,,61,c3588c89,deepseek-v4-pro,3b822777191febb50844f1ecee2467ed1d7dda49d35001f351bc55d572d6e9ea,sync,False,2026-08-30T22:20:29+00:00
cyclone_idai_2019,2019-04-10__api-fast__generic,machine,api-fast,api-fast/generic,2019-04-10,casualties,Casualty and affected-population figures,partial,0.5,0.8,ok,,178,35d82934,deepseek-v4-pro,110dedd01360d6feabb4c4b0095516c25c6a52c895e83924b27b8d376c4a5c2a,sync,False,2026-08-30T22:20:29+00:00
cyclone_idai_2019,2019-04-10__api-fast__generic,machine,api-fast,api-fast/generic,2019-04-10,coordination,Coordination arrangements,partial,0.5,0.75,ok,,75,d7844438,deepseek-v4-pro,03e44e3bd791a5923b6568485eedc908c893e04138741d8e82fbf36ba033f813,sync,False,2026-08-30T22:20:29+00:00
cyclone_idai_2019,2019-04-10__api-fast__generic,machine,api-fast,api-fast/generic,2019-04-10,currency_and_metadata,Data currency and report metadata,partial,0.5,0.85,ok,,103,e1a16b16,deepseek-v4-pro,f1842caf415da2c0b16df9458d6a8cc3967042369aa1d1179caf79174ced2204,sync,False,2026-08-30T22:20:29+00:00
cyclone_idai_2019,2019-04-10__api-fast__generic,machine,api-fast,api-fast/generic,2019-04-10,damage,"Physical, economic and agricultural damage",partial,0.5,0.75,ok,,95,0d4cd4ed,deepseek-v4-pro,0e96698a1096a029307e5e6a6d87fc920574d13c1bcec936957d578c28dc1127,sync,False,2026-08-30T22:20:29+00:00
cyclone_idai_2019,2019-04-10__api-fast__generic,machine,api-fast,api-fast/generic,2019-04-10,displacement,Displacement and accommodation sites,partial,0.5,0.9,ok,,98,e33bffb2,deepseek-v4-pro,e8035f5e62958775200c99860cec1cd2ef60c1faa84bf6efbeb597d08d187f31,sync,False,2026-08-30T22:20:29+00:00
cyclone_idai_2019,2019-04-10__api-fast__generic,machine,api-fast,api-fast/generic,2019-04-10,education,Education impact and response,partial,0.5,0.9,ok,,122,34290c77,deepseek-v4-pro,8f649513e21697a94cea534b2a1f32e0f9ca1fbae96f3878eabeba510005ddbd,sync,False,2026-08-30T22:20:29+00:00
cyclone_idai_2019,2019-04-10__api-fast__generic,machine,api-fast,api-fast/generic,2019-04-10,food,Food security and assistance reach,present,1.0,0.8,ok,,139,835e2c77,deepseek-v4-pro,0ffd9d594d86c03b6bfe337173d4a5f531a47c19d49445e8ef8a74d26c174a38,sync,False,2026-08-30T22:20:29+00:00
cyclone_idai_2019,2019-04-10__api-fast__generic,machine,api-fast,api-fast/generic,2019-04-10,funding,Funding status and donor contributions,partial,0.5,0.8,ok,,202,8e5d0043,deepseek-v4-pro,0f9e42ffbfb417c0f03d2586fa735a72c4d8c23ea721abe383dba26dd6159d58,sync,False,2026-08-30T22:20:29+00:00
cyclone_idai_2019,2019-04-10__api-fast__generic,machine,api-fast,api-fast/generic,2019-04-10,health,"Health, disease outbreak and nutrition",partial,0.5,0.9,ok,,157,c07861c6,deepseek-v4-pro,8cb4bdd653a53606e1aedf0e1ae33775b98bbc89d3c55d2351decf8feb7a4a8f,sync,False,2026-08-30T22:20:29+00:00
cyclone_idai_2019,2019-04-10__api-fast__generic,machine,api-fast,api-fast/generic,2019-04-10,needs_gaps,Sector needs and gaps,present,1.0,0.7,ok,,131,c4f88cad,deepseek-v4-pro,40e186d550c6e5b0d7212d374d60778fbd4bd6875a6311f3f7051daa4e2136ce,sync,False,2026-08-30T22:20:29+00:00
cyclone_idai_2019,2019-04-10__api-fast__generic,machine,api-fast,api-fast/generic,2019-04-10,response_actions,Sector response activities,present,1.0,0.97,ok,,99,10bdaec8,deepseek-v4-pro,673325c7e10813f7f2c879ae1152869b255e44f1a26188d988a83424bee8ae36,sync,False,2026-08-30T22:20:29+00:00
cyclone_idai_2019,2019-04-10__api-fast__generic,machine,api-fast,api-fast/generic,2019-04-10,shelter,Shelter and non-food items,partial,0.5,0.75,ok,,156,3175f04a,deepseek-v4-pro,30daa7de3e5163592eb38bb8879e4d32869f2e3e0cda09bc8f98f07dc17f453b,sync,False,2026-08-30T22:20:29+00:00
cyclone_idai_2019,2019-04-10__api-fast__generic,machine,api-fast,api-fast/generic,2019-04-10,sourcing,Sourcing and attribution,partial,0.5,0.8,ok,,167,877c5fc9,deepseek-v4-pro,04809c90489106141a5c93218ba289ddf948186e689c6e783a64359831dcc180,sync,False,2026-08-30T22:20:29+00:00
cyclone_idai_2019,2019-04-10__api-fast__generic,machine,api-fast,api-fast/generic,2019-04-10,wash,WASH needs and response,partial,0.5,0.8,ok,,206,e95d3e27,deepseek-v4-pro,c6772958d1bdf3ce71a2e1cc378190328641b598aa6710849675a8af1df4c1ba,sync,False,2026-08-30T22:20:29+00:00
cyclone_idai_2019,2019-04-10__api-fast__schema_guided,machine,api-fast,api-fast/schema_guided,2019-04-10,access,Access constraints,partial,0.5,0.7,ok,,146,d8b8bf97,deepseek-v4-pro,75e51261f1fc0f40b3d3c6baa5e1f1cef69c932a4a4439714df25b7f023bd274,sync,False,2026-08-30T22:20:29+00:00
cyclone_idai_2019,2019-04-10__api-fast__schema_guided,machine,api-fast,api-fast/schema_guided,2019-04-10,casualties,Casualty and affected-population figures,partial,0.5,0.9,ok,,102,fcbf80f3,deepseek-v4-pro,e06a79dd0457b29591da615ea55965d5f691322e0415dee8ec755fb29de44570,sync,False,2026-08-30T22:20:29+00:00
cyclone_idai_2019,2019-04-10__api-fast__schema_guided,machine,api-fast,api-fast/schema_guided,2019-04-10,coordination,Coordination arrangements,present,1.0,0.9,ok,,140,09bdfe88,deepseek-v4-pro,a80be3471224ad5750e15f3e39ff53c2b2c7dc26f0786e0e84d88c65c94d5604,sync,False,2026-08-30T22:20:29+00:00
cyclone_idai_2019,2019-04-10__api-fast__schema_guided,machine,api-fast,api-fast/schema_guided,2019-04-10,currency_and_metadata,Data currency and report metadata,partial,0.5,0.9,ok,,214,207f3726,deepseek-v4-pro,ce60e78a4019581fcc869855368abb74a44d95665605a6e860fe1484c7734f9f,sync,False,2026-08-30T22:20:29+00:00
cyclone_idai_2019,2019-04-10__api-fast__schema_guided,machine,api-fast,api-fast/schema_guided,2019-04-10,damage,"Physical, economic and agricultural damage",partial,0.5,0.8,ok,,95,034b2b33,deepseek-v4-pro,3cef0e05fd6cec5449fa6765686236a5ffd92f6dfd797a11fd6eff923c0e2c0c,sync,False,2026-08-30T22:20:29+00:00
cyclone_idai_2019,2019-04-10__api-fast__schema_guided,machine,api-fast,api-fast/schema_guided,2019-04-10,displacement,Displacement and accommodation sites,partial,0.5,0.85,ok,,117,ad9d5daf,deepseek-v4-pro,0ed1d5cc9e33efe1c9a7edbb7a78e24bfb7c00af3ea41103b52afe70c22f7fa9,sync,False,2026-08-30T22:20:29+00:00
cyclone_idai_2019,2019-04-10__api-fast__schema_guided,machine,api-fast,api-fast/schema_guided,2019-04-10,education,Education impact and response,partial,0.5,0.9,ok,,181,2fd35e11,deepseek-v4-pro,bb02cc4e231296c936f066770bf9a4821ad2abad954c4c1ce6f43f689ff1956e,sync,False,2026-08-30T22:20:29+00:00
cyclone_idai_2019,2019-04-10__api-fast__schema_guided,machine,api-fast,api-fast/schema_guided,2019-04-10,food,Food security and assistance reach,present,1.0,0.9,ok,,100,faa176ea,deepseek-v4-pro,8583d86d1e8104394f01ac7cb99f242d5fcc691717abeb5192e7afd885d00792,sync,False,2026-08-30T22:20:29+00:00
cyclone_idai_2019,2019-04-10__api-fast__schema_guided,machine,api-fast,api-fast/schema_guided,2019-04-10,funding,Funding status and donor contributions,partial,0.5,0.9,ok,,238,d1e49065,deepseek-v4-pro,65e4fe83e2e5afd02a56ef7ed53d2f15f045a04d1d470925b3de65a3546c5d06,sync,False,2026-08-30T22:20:29+00:00
cyclone_idai_2019,2019-04-10__api-fast__schema_guided,machine,api-fast,api-fast/schema_guided,2019-04-10,health,"Health, disease outbreak and nutrition",partial,0.5,0.9,ok,,241,5020f434,deepseek-v4-pro,2309d8689457fb492cca277db2773a99be0ec228bf3fad8203d601faf8a31b19,sync,False,2026-08-30T22:20:29+00:00
cyclone_idai_2019,2019-04-10__api-fast__schema_guided,machine,api-fast,api-fast/schema_guided,2019-04-10,needs_gaps,Sector needs and gaps,partial,0.5,0.8,ok,,196,c8101be7,deepseek-v4-pro,30686d3f5d6e577d7752cb45de304c2b5db574fc96c1a2172bf4dbb8e554412f,sync,False,2026-08-30T22:20:29+00:00
cyclone_idai_2019,2019-04-10__api-fast__schema_guided,machine,api-fast,api-fast/schema_guided,2019-04-10,response_actions,Sector response activities,present,1.0,0.95,ok,,170,3ed7a900,deepseek-v4-pro,77fa31f21d7c05802e1127335d54a602c5a8de08e36c8213c1a245a015a95abc,sync,False,2026-08-30T22:20:29+00:00
cyclone_idai_2019,2019-04-10__api-fast__schema_guided,machine,api-fast,api-fast/schema_guided,2019-04-10,shelter,Shelter and non-food items,present,1.0,0.9,ok,,188,b9295e11,deepseek-v4-pro,2b1ec15d845586c14aa792ee99d3a243645b2ed20de18e2c1d83de92ddc703f6,sync,False,2026-08-30T22:20:29+00:00
cyclone_idai_2019,2019-04-10__api-fast__schema_guided,machine,api-fast,api-fast/schema_guided,2019-04-10,sourcing,Sourcing and attribution,present,1.0,0.95,ok,,189,7bbd92b9,deepseek-v4-pro,8919a935f38958549413abf1a4e1061f722383f0b8b744de1a7a2361a67d3149,sync,False,2026-08-30T22:20:29+00:00
cyclone_idai_2019,2019-04-10__api-fast__schema_guided,machine,api-fast,api-fast/schema_guided,2019-04-10,wash,WASH needs and response,partial,0.5,0.9,ok,,240,6f637dc4,deepseek-v4-pro,e5149cd7cdd6c82674100cf6c52e72f500cafd6a0cbe554b3dd5a8d5d7dd6b63,sync,False,2026-08-30T22:20:29+00:00
cyclone_idai_2019,2019-04-10__api-strong__generic,machine,api-strong,api-strong/generic,2019-04-10,access,Access constraints,partial,0.5,0.8,ok,,112,a2ce7352,deepseek-v4-pro,05826c63703424312d1ce5f5594c0d87515b6eb5a38eb62df905948559d276ba,sync,False,2026-08-30T22:20:29+00:00
cyclone_idai_2019,2019-04-10__api-strong__generic,machine,api-strong,api-strong/generic,2019-04-10,casualties,Casualty and affected-population figures,present,1.0,0.82,ok,,141,a4fb249e,deepseek-v4-pro,38ff14c11307e4dff8fbee2297860930b7beee92076b93904351b6b1210862f1,sync,False,2026-08-30T22:20:29+00:00
cyclone_idai_2019,2019-04-10__api-strong__generic,machine,api-strong,api-strong/generic,2019-04-10,coordination,Coordination arrangements,partial,0.5,0.7,ok,,211,6e6f4a91,deepseek-v4-pro,74d8f8751d78c1abad502446bca8c0e6ac5a5bf8b58f211ecf416c356cae450f,sync,False,2026-08-30T22:20:29+00:00
cyclone_idai_2019,2019-04-10__api-strong__generic,machine,api-strong,api-strong/generic,2019-04-10,currency_and_metadata,Data currency and report metadata,partial,0.5,0.9,ok,,101,e4016def,deepseek-v4-pro,4c3b8471acdaa617e2a4cd1f1f4afc5f2fcda566dc250324a413ef0a3924ae50,sync,False,2026-08-30T22:20:29+00:00
cyclone_idai_2019,2019-04-10__api-strong__generic,machine,api-strong,api-strong/generic,2019-04-10,damage,"Physical, economic and agricultural damage",partial,0.5,0.75,ok,,82,42ffc61a,deepseek-v4-pro,23b885d9754bedb6df9b253db61bfc6082c49425feb631cf82e0269480e920f3,sync,False,2026-08-30T22:20:29+00:00
cyclone_idai_2019,2019-04-10__api-strong__generic,machine,api-strong,api-strong/generic,2019-04-10,displacement,Displacement and accommodation sites,partial,0.5,0.8,ok,,94,287da158,deepseek-v4-pro,79003cd4ac4658e15561ca6a0f3d15867e2fe74894413417415679047d508071,sync,False,2026-08-30T22:20:29+00:00
cyclone_idai_2019,2019-04-10__api-strong__generic,machine,api-strong,api-strong/generic,2019-04-10,education,Education impact and response,partial,0.5,0.85,ok,,224,eea3e142,deepseek-v4-pro,e08fd340788c0695b8c58ad4683538837fa45dd60710461ce19dd0ff0ee06dce,sync,False,2026-08-30T22:20:29+00:00
cyclone_idai_2019,2019-04-10__api-strong__generic,machine,api-strong,api-strong/generic,2019-04-10,food,Food security and assistance reach,present,1.0,0.85,ok,,93,caa45f6e,deepseek-v4-pro,e0be5929ab0c58396d3b2f1f33100c9a2a8ab4b15e31e94a344a469d697466c4,sync,False,2026-08-30T22:20:29+00:00
cyclone_idai_2019,2019-04-10__api-strong__generic,machine,api-strong,api-strong/generic,2019-04-10,funding,Funding status and donor contributions,partial,0.5,0.85,ok,,199,843513a9,deepseek-v4-pro,35381aeeb443e9d754794fc6f5bacfafd34b2da9e06a88822e20bca3a444df55,sync,False,2026-08-30T22:20:29+00:00
cyclone_idai_2019,2019-04-10__api-strong__generic,machine,api-strong,api-strong/generic,2019-04-10,health,"Health, disease outbreak and nutrition",present,1.0,0.85,ok,,80,6c85cf52,deepseek-v4-pro,29fa8364e84147cdd3bf4cb8765fbde8b5bcb0555e1ec6d3c3f048033bcfbbf2,sync,False,2026-08-30T22:20:29+00:00
cyclone_idai_2019,2019-04-10__api-strong__generic,machine,api-strong,api-strong/generic,2019-04-10,needs_gaps,Sector needs and gaps,partial,0.5,0.75,ok,,177,99b3d779,deepseek-v4-pro,d4e21c47eb19cb043c614753c0ae62fa066c963544eebfb6de4a193ab22134c9,sync,False,2026-08-30T22:20:29+00:00
cyclone_idai_2019,2019-04-10__api-strong__generic,machine,api-strong,api-strong/generic,2019-04-10,response_actions,Sector response activities,present,1.0,0.95,ok,,203,b45642de,deepseek-v4-pro,ff41401f7e909b3adb7797eb791a551d910034a66a66dd101b38ea45b925ec9a,sync,False,2026-08-30T22:20:29+00:00
cyclone_idai_2019,2019-04-10__api-strong__generic,machine,api-strong,api-strong/generic,2019-04-10,shelter,Shelter and non-food items,present,1.0,0.9,ok,,197,6f6bd9da,deepseek-v4-pro,1a43190281daeed551d445d755868767cc7c0a7800a5fd31943ecd4e6698cceb,sync,False,2026-08-30T22:20:29+00:00
cyclone_idai_2019,2019-04-10__api-strong__generic,machine,api-strong,api-strong/generic,2019-04-10,sourcing,Sourcing and attribution,partial,0.5,0.8,ok,,146,f29a7794,deepseek-v4-pro,ef889a4c2f96277c42c0c8858bdbb1d72706cd46b555877738c27e8265bd6a12,sync,False,2026-08-30T22:20:29+00:00
cyclone_idai_2019,2019-04-10__api-strong__generic,machine,api-strong,api-strong/generic,2019-04-10,wash,WASH needs and response,partial,0.5,0.85,ok,,121,ddd402f4,deepseek-v4-pro,fb09eb940d0962d0aae0405eb5122782d49d0cee5be04ba85b3ea3329becb7d3,sync,False,2026-08-30T22:20:29+00:00
cyclone_idai_2019,2019-04-10__api-strong__schema_guided,machine,api-strong,api-strong/schema_guided,2019-04-10,access,Access constraints,partial,0.5,0.85,ok,,168,918bad4e,deepseek-v4-pro,03708353a21ab8b6cddc2555169587464818213901a5c82a35a32b4b00798ff1,sync,False,2026-08-30T22:20:29+00:00
cyclone_idai_2019,2019-04-10__api-strong__schema_guided,machine,api-strong,api-strong/schema_guided,2019-04-10,casualties,Casualty and affected-population figures,present,1.0,0.9,ok,,197,1a6bd145,deepseek-v4-pro,f9b422045d934e1f9f7cdd22dae1cb6e3d47ef60bc3913842142f3c3cb150fe3,sync,False,2026-08-30T22:20:29+00:00
cyclone_idai_2019,2019-04-10__api-strong__schema_guided,machine,api-strong,api-strong/schema_guided,2019-04-10,coordination,Coordination arrangements,present,1.0,0.82,ok,,195,67d64a4c,deepseek-v4-pro,15b86be3841ddca618b24c8bf5fa76c1bfdf73b5de5c30cd33ae8a2647364516,sync,False,2026-08-30T22:20:29+00:00
cyclone_idai_2019,2019-04-10__api-strong__schema_guided,machine,api-strong,api-strong/schema_guided,2019-04-10,currency_and_metadata,Data currency and report metadata,partial,0.5,0.92,ok,,192,b68eac15,deepseek-v4-pro,3c531e408bb2a4b977affe5ddbc6236ee010980e27c7f93cd9af53872acba18e,sync,False,2026-08-30T22:20:29+00:00
cyclone_idai_2019,2019-04-10__api-strong__schema_guided,machine,api-strong,api-strong/schema_guided,2019-04-10,damage,"Physical, economic and agricultural damage",partial,0.5,0.8,ok,,162,5a6347b0,deepseek-v4-pro,b015eec604544c52de8cef1665b273b883d6153ae045e1cc68fab3349e30c72d,sync,False,2026-08-30T22:20:29+00:00
cyclone_idai_2019,2019-04-10__api-strong__schema_guided,machine,api-strong,api-strong/schema_guided,2019-04-10,displacement,Displacement and accommodation sites,partial,0.5,0.85,ok,,329,8015cf8e,deepseek-v4-pro,a374cbdc3bb46b5b9c3bae22a21c87be6a072e0cdcc625b2950ce8b6c7658b13,sync,False,2026-08-30T22:20:29+00:00
cyclone_idai_2019,2019-04-10__api-strong__schema_guided,machine,api-strong,api-strong/schema_guided,2019-04-10,education,Education impact and response,partial,0.5,0.9,ok,,160,ff44b140,deepseek-v4-pro,cc47bb92504cfc4dadfb870d2747acaba9e782632f46123d453b7d1211988bd0,sync,False,2026-08-30T22:20:29+00:00
cyclone_idai_2019,2019-04-10__api-strong__schema_guided,machine,api-strong,api-strong/schema_guided,2019-04-10,food,Food security and assistance reach,present,1.0,0.85,ok,,146,c4ecfefc,deepseek-v4-pro,b2b22950783d482cc4cc728f43ce4ca6ae752cb69a2c66e84cc9749af7c60437,sync,False,2026-08-30T22:20:29+00:00
cyclone_idai_2019,2019-04-10__api-strong__schema_guided,machine,api-strong,api-strong/schema_guided,2019-04-10,funding,Funding status and donor contributions,partial,0.5,0.72,ok,,196,1a9d2d88,deepseek-v4-pro,6c3c316c3f917cda731b5103c8e91e9fc147b1d60edc25d53b1c642bcc388d35,sync,False,2026-08-30T22:20:29+00:00
cyclone_idai_2019,2019-04-10__api-strong__schema_guided,machine,api-strong,api-strong/schema_guided,2019-04-10,health,"Health, disease outbreak and nutrition",present,1.0,0.9,ok,,109,665d929d,deepseek-v4-pro,5678b539d951b4e3f5b9a19c2c99082e440d952c061f69bb6c539d7900800b4f,sync,False,2026-08-30T22:20:29+00:00
cyclone_idai_2019,2019-04-10__api-strong__schema_guided,machine,api-strong,api-strong/schema_guided,2019-04-10,needs_gaps,Sector needs and gaps,partial,0.5,0.7,ok,,167,28f3640d,deepseek-v4-pro,c78edd39f817640ee33e27891c896116db0eb4398acda348cb5bf91583e968d3,sync,False,2026-08-30T22:20:29+00:00
cyclone_idai_2019,2019-04-10__api-strong__schema_guided,machine,api-strong,api-strong/schema_guided,2019-04-10,response_actions,Sector response activities,present,1.0,0.95,ok,,163,dd011abe,deepseek-v4-pro,f5b4158bbcdf9cb4c07ccc91b6b38c87b2b9a17ffa4bbff6ed98438b30fdba34,sync,False,2026-08-30T22:20:29+00:00
cyclone_idai_2019,2019-04-10__api-strong__schema_guided,machine,api-strong,api-strong/schema_guided,2019-04-10,shelter,Shelter and non-food items,present,1.0,0.9,ok,,218,c80d47bd,deepseek-v4-pro,8d40dbfb0c11e068438ac6f9d316c5d6f426e1f0d1d6af9557420ef726a66ac7,sync,False,2026-08-30T22:20:29+00:00
cyclone_idai_2019,2019-04-10__api-strong__schema_guided,machine,api-strong,api-strong/schema_guided,2019-04-10,sourcing,Sourcing and attribution,present,1.0,0.95,ok,,113,d6d6bb50,deepseek-v4-pro,31d74cdff253d5e268784c129e36da15cff8b9be583a7b4db9ea657a7982ade3,sync,False,2026-08-30T22:20:29+00:00
cyclone_idai_2019,2019-04-10__api-strong__schema_guided,machine,api-strong,api-strong/schema_guided,2019-04-10,wash,WASH needs and response,partial,0.5,0.9,ok,,226,d54b001c,deepseek-v4-pro,e5ab4d7b9e295e4ac3d71086db2bf6df67bebe434ba93afe40fc7f88abd16f17,sync,False,2026-08-30T22:20:29+00:00
cyclone_idai_2019,2019-04-11__api-fast__generic,machine,api-fast,api-fast/generic,2019-04-11,access,Access constraints,partial,0.5,0.8,ok,,203,1cbd83f6,deepseek-v4-pro,8bd5c978e1a9c25beea3442b370eb687b82846625c3868e6a4003659c5b82086,sync,False,2026-08-30T22:20:29+00:00
cyclone_idai_2019,2019-04-11__api-fast__generic,machine,api-fast,api-fast/generic,2019-04-11,casualties,Casualty and affected-population figures,absent,0.0,0.95,ok,,0,,deepseek-v4-pro,f913d6119e6ebbaee4d21233a19450ebce87426e86d073bf65f50febe49008d3,sync,False,2026-08-30T22:20:29+00:00
cyclone_idai_2019,2019-04-11__api-fast__generic,machine,api-fast,api-fast/generic,2019-04-11,coordination,Coordination arrangements,present,1.0,0.9,ok,,163,4dd43162,deepseek-v4-pro,d952ea97737644b3de52257c61230025af3fd8e564e59e9ccfc07dad4a94ceb7,sync,False,2026-08-30T22:20:29+00:00
cyclone_idai_2019,2019-04-11__api-fast__generic,machine,api-fast,api-fast/generic,2019-04-11,currency_and_metadata,Data currency and report metadata,partial,0.5,0.8,ok,,106,57afa853,deepseek-v4-pro,625c2ef8bd219ac0e4a7248c2b313d473d813192f40b9f57e300b3a87bf59dff,sync,False,2026-08-30T22:20:29+00:00
cyclone_idai_2019,2019-04-11__api-fast__generic,machine,api-fast,api-fast/generic,2019-04-11,damage,"Physical, economic and agricultural damage",partial,0.5,0.85,ok,,101,45dbe99e,deepseek-v4-pro,7d9edb95ff5f902ae05a10900175f57822a4b420b692405f096ca1b2c5921e2f,sync,False,2026-08-30T22:20:29+00:00
cyclone_idai_2019,2019-04-11__api-fast__generic,machine,api-fast,api-fast/generic,2019-04-11,displacement,Displacement and accommodation sites,partial,0.5,0.8,ok,,126,43bb7471,deepseek-v4-pro,2d6390cad2d23bb65d4c2cbb8d82a302ccc5e21b260a7d440b5503b8ffd2b802,sync,False,2026-08-30T22:20:29+00:00
cyclone_idai_2019,2019-04-11__api-fast__generic,machine,api-fast,api-fast/generic,2019-04-11,education,Education impact and response,partial,0.5,0.9,ok,,180,7a5935ae,deepseek-v4-pro,362f73bd922a17a23ef174789844b6b07d38b57aa01e8549993babb9b7e7ea9b,sync,False,2026-08-30T22:20:29+00:00
cyclone_idai_2019,2019-04-11__api-fast__generic,machine,api-fast,api-fast/generic,2019-04-11,food,Food security and assistance reach,partial,0.5,0.9,ok,,166,ee85b91d,deepseek-v4-pro,fb8741183bc1d17c2c6aa66696db434e877bc0fe976e329bc734b2e2f6ccc185,sync,False,2026-08-30T22:20:29+00:00
cyclone_idai_2019,2019-04-11__api-fast__generic,machine,api-fast,api-fast/generic,2019-04-11,funding,Funding status and donor contributions,partial,0.5,0.9,ok,,209,10823271,deepseek-v4-pro,ed47db2c90c492ea141dfc661a1f96abe684dd255458eb3b3d62d122f2fc015e,sync,False,2026-08-30T22:20:29+00:00
cyclone_idai_2019,2019-04-11__api-fast__generic,machine,api-fast,api-fast/generic,2019-04-11,health,"Health, disease outbreak and nutrition",present,1.0,0.9,ok,,184,7453c1bd,deepseek-v4-pro,8ff379c3a0acafb0b57556c8b7d587be8d1d442cf9b89dc27b631367434b2711,sync,False,2026-08-30T22:20:29+00:00
cyclone_idai_2019,2019-04-11__api-fast__generic,machine,api-fast,api-fast/generic,2019-04-11,needs_gaps,Sector needs and gaps,absent,0.0,0.9,ok,,0,,deepseek-v4-pro,45535798908757869fa1fe11677ef36f3ab97ef1a825a5fb21bb41dc068da297,sync,False,2026-08-30T22:20:29+00:00
cyclone_idai_2019,2019-04-11__api-fast__generic,machine,api-fast,api-fast/generic,2019-04-11,response_actions,Sector response activities,present,1.0,0.95,ok,,176,8864889b,deepseek-v4-pro,083cef8ff27ad300a98432c7faf08567359fad303125596ffcf0f577fae13989,sync,False,2026-08-30T22:20:29+00:00
cyclone_idai_2019,2019-04-11__api-fast__generic,machine,api-fast,api-fast/generic,2019-04-11,shelter,Shelter and non-food items,partial,0.5,0.75,ok,,246,17381661,deepseek-v4-pro,12769db3f0b69c378c48deccda957d1f1da4d5b22dfadd18c3d2270c17252986,sync,False,2026-08-30T22:20:29+00:00
cyclone_idai_2019,2019-04-11__api-fast__generic,machine,api-fast,api-fast/generic,2019-04-11,sourcing,Sourcing and attribution,partial,0.5,0.8,ok,,53,87bddc52,deepseek-v4-pro,6e540e7726d3a3b94c0be93d9e105b14dc748e01a1ed7932633b6809a89ba6ae,sync,False,2026-08-30T22:20:29+00:00
cyclone_idai_2019,2019-04-11__api-fast__generic,machine,api-fast,api-fast/generic,2019-04-11,wash,WASH needs and response,partial,0.5,0.7,ok,,155,9d1dc3c3,deepseek-v4-pro,09cd3c2f85690ff8effabb67968fdda5d198f7b1fb5b744be405365bd94c10da,sync,False,2026-08-30T22:20:29+00:00
cyclone_idai_2019,2019-04-11__api-fast__schema_guided,machine,api-fast,api-fast/schema_guided,2019-04-11,access,Access constraints,present,1.0,0.9,ok,,225,f1b882cb,deepseek-v4-pro,2ef9deee444f52f54f3c9107dfe17f0cbc33685ca50d10a851b059ef81bb4845,sync,False,2026-08-30T22:20:29+00:00
cyclone_idai_2019,2019-04-11__api-fast__schema_guided,machine,api-fast,api-fast/schema_guided,2019-04-11,casualties,Casualty and affected-population figures,partial,0.5,0.88,ok,,221,00968f37,deepseek-v4-pro,ef5681b817ac5ceede35bb2e6a3f3e3a415040dd19606e25d75270fd056feefa,sync,False,2026-08-30T22:20:29+00:00
cyclone_idai_2019,2019-04-11__api-fast__schema_guided,machine,api-fast,api-fast/schema_guided,2019-04-11,coordination,Coordination arrangements,present,1.0,0.9,ok,,234,de5a1612,deepseek-v4-pro,8a43752df3e3bbae071dca39840fae8ebfcec87ecc5f4d9d1e502cdb392b6c7a,sync,False,2026-08-30T22:20:29+00:00
cyclone_idai_2019,2019-04-11__api-fast__schema_guided,machine,api-fast,api-fast/schema_guided,2019-04-11,currency_and_metadata,Data currency and report metadata,partial,0.5,0.85,ok,,156,b422b1da,deepseek-v4-pro,574e2032a500f3f71b49eb8d0903761a097478fdae9b7ccbc354153517af530d,sync,False,2026-08-30T22:20:29+00:00
cyclone_idai_2019,2019-04-11__api-fast__schema_guided,machine,api-fast,api-fast/schema_guided,2019-04-11,damage,"Physical, economic and agricultural damage",partial,0.5,0.9,ok,,156,e45d6a38,deepseek-v4-pro,c2acd752a3fe83b9dbfa495b200bb0e0db2e5d899908837cb75aaa75a504d2b8,sync,False,2026-08-30T22:20:29+00:00
cyclone_idai_2019,2019-04-11__api-fast__schema_guided,machine,api-fast,api-fast/schema_guided,2019-04-11,displacement,Displacement and accommodation sites,partial,0.5,0.9,ok,,191,1769670c,deepseek-v4-pro,f2acc5e633bcdfcf077cd311d820c1cba629ac3c0096b7d81ca6307f61b5cb45,sync,False,2026-08-30T22:20:29+00:00
cyclone_idai_2019,2019-04-11__api-fast__schema_guided,machine,api-fast,api-fast/schema_guided,2019-04-11,education,Education impact and response,partial,0.5,0.75,ok,,174,29e08f68,deepseek-v4-pro,eedbf1ae3d010b101af025ce86ed6f31cdc8d4f6915585a03f0a8d0061007506,sync,False,2026-08-30T22:20:29+00:00
cyclone_idai_2019,2019-04-11__api-fast__schema_guided,machine,api-fast,api-fast/schema_guided,2019-04-11,food,Food security and assistance reach,partial,0.5,0.8,ok,,160,65c309b4,deepseek-v4-pro,987efb139d2db544b7e516d20fc3c1c56d9dc38810ab900010e4dba921b53b2d,sync,False,2026-08-30T22:20:29+00:00
cyclone_idai_2019,2019-04-11__api-fast__schema_guided,machine,api-fast,api-fast/schema_guided,2019-04-11,funding,Funding status and donor contributions,partial,0.5,0.85,ok,,190,a7e386bb,deepseek-v4-pro,a5c42cc59c7704e3eb9ab2ef63455dd60ddb011993fb9ae21412703eaf87b54d,sync,False,2026-08-30T22:20:29+00:00
cyclone_idai_2019,2019-04-11__api-fast__schema_guided,machine,api-fast,api-fast/schema_guided,2019-04-11,health,"Health, disease outbreak and nutrition",present,1.0,0.95,ok,,153,42d1b9e7,deepseek-v4-pro,aee815df6223fb5c596fd8ce9b6020bb00fbb899d16f8849c9fdd10be81ece50,sync,False,2026-08-30T22:20:29+00:00
cyclone_idai_2019,2019-04-11__api-fast__schema_guided,machine,api-fast,api-fast/schema_guided,2019-04-11,needs_gaps,Sector needs and gaps,partial,0.5,0.8,ok,,229,9410e74f,deepseek-v4-pro,65fbcd54399a101c4f9164afebc54757816376d22fb89cf013722e3f8f7d6608,sync,False,2026-08-30T22:20:29+00:00
cyclone_idai_2019,2019-04-11__api-fast__schema_guided,machine,api-fast,api-fast/schema_guided,2019-04-11,response_actions,Sector response activities,present,1.0,0.95,ok,,235,65bfc95b,deepseek-v4-pro,01a7884602d5722f405075edb0bd0dac83ea202b29edbca9f59d4288e6e8954a,sync,False,2026-08-30T22:20:29+00:00
cyclone_idai_2019,2019-04-11__api-fast__schema_guided,machine,api-fast,api-fast/schema_guided,2019-04-11,shelter,Shelter and non-food items,present,1.0,0.9,ok,,163,f1e47a80,deepseek-v4-pro,c427ddf48dd3e90c7822ef6877c826d93f751ac55ba715705a5c541378d784e6,sync,False,2026-08-30T22:20:29+00:00
cyclone_idai_2019,2019-04-11__api-fast__schema_guided,machine,api-fast,api-fast/schema_guided,2019-04-11,sourcing,Sourcing and attribution,present,1.0,0.95,ok,,181,e7b9d18e,deepseek-v4-pro,9bb0ae612169920db9fd3ed26906a70889d5dd7f7c76cb47529379abb29b04f2,sync,False,2026-08-30T22:20:29+00:00
cyclone_idai_2019,2019-04-11__api-fast__schema_guided,machine,api-fast,api-fast/schema_guided,2019-04-11,wash,WASH needs and response,partial,0.5,0.92,ok,,205,3887f341,deepseek-v4-pro,ea2ebd944a3ad1629e6ccbeed47630a14d230bff79bebb3a12ef7b85a75e568c,sync,False,2026-08-30T22:20:29+00:00
cyclone_idai_2019,2019-04-11__api-strong__generic,machine,api-strong,api-strong/generic,2019-04-11,access,Access constraints,partial,0.5,0.8,ok,,170,9602022d,deepseek-v4-pro,2b1f15e974defb7ea9c0aa80add97505d9fa07ce993e384c6245bb73afe94848,sync,False,2026-08-30T22:20:29+00:00
cyclone_idai_2019,2019-04-11__api-strong__generic,machine,api-strong,api-strong/generic,2019-04-11,casualties,Casualty and affected-population figures,absent,0.0,0.95,ok,,0,,deepseek-v4-pro,cd00a940c5039d677b1e9d9666a072b5a9ccbbcc21e18dfc2e63f626e251094a,sync,False,2026-08-30T22:20:29+00:00
cyclone_idai_2019,2019-04-11__api-strong__generic,machine,api-strong,api-strong/generic,2019-04-11,coordination,Coordination arrangements,present,1.0,0.9,ok,,115,28ada6a6,deepseek-v4-pro,f2e49900c3cf21324b4fc91c770d3fc2bccf6c7c1342b32d68cbef231232781f,sync,False,2026-08-30T22:20:29+00:00
cyclone_idai_2019,2019-04-11__api-strong__generic,machine,api-strong,api-strong/generic,2019-04-11,currency_and_metadata,Data currency and report metadata,partial,0.5,0.9,ok,,161,78040180,deepseek-v4-pro,d5bb9bb6aa2a1c6f1a17be0376580fdf646be9d9364766d3b3338c4c11cee20b,sync,False,2026-08-30T22:20:29+00:00
cyclone_idai_2019,2019-04-11__api-strong__generic,machine,api-strong,api-strong/generic,2019-04-11,damage,"Physical, economic and agricultural damage",partial,0.5,0.7,ok,,59,d0b3c5eb,deepseek-v4-pro,6f1454f9fb2c9ccc1949353ade9097ee54fa47d32f97466e22db83bee2b67601,sync,False,2026-08-30T22:20:29+00:00
cyclone_idai_2019,2019-04-11__api-strong__generic,machine,api-strong,api-strong/generic,2019-04-11,displacement,Displacement and accommodation sites,partial,0.5,0.7,ok,,177,465ddaa8,deepseek-v4-pro,09eb7f2be1efb13e53981e41d5db17711e9f51ae12fdb19b34d21fe514e49801,sync,False,2026-08-30T22:20:29+00:00
cyclone_idai_2019,2019-04-11__api-strong__generic,machine,api-strong,api-strong/generic,2019-04-11,education,Education impact and response,partial,0.5,0.8,ok,,253,6455faac,deepseek-v4-pro,f3a353011fd38e2c888f3f3efd645e484fc181d9a28fc54f539a303975653471,sync,False,2026-08-30T22:20:29+00:00
cyclone_idai_2019,2019-04-11__api-strong__generic,machine,api-strong,api-strong/generic,2019-04-11,food,Food security and assistance reach,partial,0.5,0.8,ok,,200,c93e4742,deepseek-v4-pro,d93b0e49a808d78cd18d1382f27c6120af216bf2e69ac080f37c872f221a6257,sync,False,2026-08-30T22:20:29+00:00
cyclone_idai_2019,2019-04-11__api-strong__generic,machine,api-strong,api-strong/generic,2019-04-11,funding,Funding status and donor contributions,partial,0.5,0.85,ok,,203,21db080f,deepseek-v4-pro,13f219ff7e43253ca43595741ddf91864f62439f8f124c4c8c776ffebb00f801,sync,False,2026-08-30T22:20:29+00:00
cyclone_idai_2019,2019-04-11__api-strong__generic,machine,api-strong,api-strong/generic,2019-04-11,health,"Health, disease outbreak and nutrition",present,1.0,0.9,ok,,148,bf73d0af,deepseek-v4-pro,a6b080dfa436f490fd87edde70f207c886a07afd07930b99da46c9b90999193c,sync,False,2026-08-30T22:20:29+00:00
cyclone_idai_2019,2019-04-11__api-strong__generic,machine,api-strong,api-strong/generic,2019-04-11,needs_gaps,Sector needs and gaps,partial,0.5,0.8,ok,,178,debcf45d,deepseek-v4-pro,c2fcdd6a1883c952c5f50e84d4702a164a9bacbaa51563094eb316b19e73edfe,sync,False,2026-08-30T22:20:29+00:00
cyclone_idai_2019,2019-04-11__api-strong__generic,machine,api-strong,api-strong/generic,2019-04-11,response_actions,Sector response activities,present,1.0,0.98,ok,,197,f319222e,deepseek-v4-pro,c3aa5b8c167692ab11330c89316bcaa4d7c1c0691ec2d09b1524859624ccf04f,sync,False,2026-08-30T22:20:29+00:00
cyclone_idai_2019,2019-04-11__api-strong__generic,machine,api-strong,api-strong/generic,2019-04-11,shelter,Shelter and non-food items,present,1.0,0.85,ok,,154,14db3708,deepseek-v4-pro,e657fdd80217423324aa4ba194b7cf17b37a3a838830c00730342e07147fc9ca,sync,False,2026-08-30T22:20:29+00:00
cyclone_idai_2019,2019-04-11__api-strong__generic,machine,api-strong,api-strong/generic,2019-04-11,sourcing,Sourcing and attribution,present,1.0,0.95,ok,,152,aed24c34,deepseek-v4-pro,62f7a14436bf3c79dc758dc67f71c8006cb8e75476403f7e00a2759ac2d06b1b,sync,False,2026-08-30T22:20:29+00:00
cyclone_idai_2019,2019-04-11__api-strong__generic,machine,api-strong,api-strong/generic,2019-04-11,wash,WASH needs and response,partial,0.5,0.7,ok,,188,3135f97d,deepseek-v4-pro,4e2857169d4235ad28730743e6fc325808c3bd47cb45675453221c982ffe6cbb,sync,False,2026-08-30T22:20:29+00:00
cyclone_idai_2019,2019-04-11__api-strong__schema_guided,machine,api-strong,api-strong/schema_guided,2019-04-11,access,Access constraints,partial,0.5,0.85,ok,,181,005805db,deepseek-v4-pro,677acf4ed6d0d4246d077572ad240bd9f37f1c9bff873c55cdcaaea3e1155e81,sync,False,2026-08-30T22:20:29+00:00
cyclone_idai_2019,2019-04-11__api-strong__schema_guided,machine,api-strong,api-strong/schema_guided,2019-04-11,casualties,Casualty and affected-population figures,partial,0.5,0.9,ok,,214,1fa8698b,deepseek-v4-pro,d5230e0273b6f0320fe5478b02b7d7607ee3066774ecca86834a0311fd323410,sync,False,2026-08-30T22:20:29+00:00
cyclone_idai_2019,2019-04-11__api-strong__schema_guided,machine,api-strong,api-strong/schema_guided,2019-04-11,coordination,Coordination arrangements,present,1.0,0.95,ok,,159,5e944152,deepseek-v4-pro,aed8c4ae05c17aa5777f4932d87e4a5755744eb6686d5c5476464fa23a0ec252,sync,False,2026-08-30T22:20:29+00:00
cyclone_idai_2019,2019-04-11__api-strong__schema_guided,machine,api-strong,api-strong/schema_guided,2019-04-11,currency_and_metadata,Data currency and report metadata,partial,0.5,0.9,ok,,218,47227dd3,deepseek-v4-pro,af82336bdb12d0526ec7ad72105a5a6997b54e4304f167e1ffe1a33da55132d0,sync,False,2026-08-30T22:20:29+00:00
cyclone_idai_2019,2019-04-11__api-strong__schema_guided,machine,api-strong,api-strong/schema_guided,2019-04-11,damage,"Physical, economic and agricultural damage",partial,0.5,0.85,ok,,144,86b9ad53,deepseek-v4-pro,fa2afb73f5643997c4560ba3c4891e247d43202e84009d8c260ee2e88f175392,sync,False,2026-08-30T22:20:29+00:00
cyclone_idai_2019,2019-04-11__api-strong__schema_guided,machine,api-strong,api-strong/schema_guided,2019-04-11,displacement,Displacement and accommodation sites,partial,0.5,0.85,ok,,194,f88c20de,deepseek-v4-pro,eeabc708273d71f02b5a7f5d89cafbcd157cffe0aae2b016be38a3c1e90763af,sync,False,2026-08-30T22:20:29+00:00
cyclone_idai_2019,2019-04-11__api-strong__schema_guided,machine,api-strong,api-strong/schema_guided,2019-04-11,education,Education impact and response,partial,0.5,0.75,ok,,166,84f4bc8f,deepseek-v4-pro,b1fbbad2b686959cb3f0b1229649c922d60eb85476a04fcafb2fcf528afa3fd5,sync,False,2026-08-30T22:20:29+00:00
cyclone_idai_2019,2019-04-11__api-strong__schema_guided,machine,api-strong,api-strong/schema_guided,2019-04-11,food,Food security and assistance reach,present,1.0,0.72,ok,,98,ac8085df,deepseek-v4-pro,6b1648a8ff7f016ef6f9e3241997812aef9b648d74e0370ca8fe05e252be52af,sync,False,2026-08-30T22:20:29+00:00
cyclone_idai_2019,2019-04-11__api-strong__schema_guided,machine,api-strong,api-strong/schema_guided,2019-04-11,funding,Funding status and donor contributions,partial,0.5,0.85,ok,,127,32bd9a20,deepseek-v4-pro,1bb2722203fb04d699f97373d74a6cae28f514e812927eeb332ffa5f5b6f3582,sync,False,2026-08-30T22:20:29+00:00
cyclone_idai_2019,2019-04-11__api-strong__schema_guided,machine,api-strong,api-strong/schema_guided,2019-04-11,health,"Health, disease outbreak and nutrition",present,1.0,1.0,ok,,200,13249cac,deepseek-v4-pro,fd50222ebd3e5419c96b36865339abaeac866e3abe697d83d8b316817329a68a,sync,False,2026-08-30T22:20:29+00:00
cyclone_idai_2019,2019-04-11__api-strong__schema_guided,machine,api-strong,api-strong/schema_guided,2019-04-11,needs_gaps,Sector needs and gaps,partial,0.5,0.85,ok,,174,258c0877,deepseek-v4-pro,fd15d500bb8bb401ecefb1e4032b24b7f18c4d920f4b4258ed861fa5cc94321a,sync,False,2026-08-30T22:20:29+00:00
cyclone_idai_2019,2019-04-11__api-strong__schema_guided,machine,api-strong,api-strong/schema_guided,2019-04-11,response_actions,Sector response activities,present,1.0,0.98,ok,,259,407cdbb1,deepseek-v4-pro,0fba978b0bc6b7c260569e89c0c7030a526153e3b8f306630aa85c7dc2053a29,sync,False,2026-08-30T22:20:29+00:00
cyclone_idai_2019,2019-04-11__api-strong__schema_guided,machine,api-strong,api-strong/schema_guided,2019-04-11,shelter,Shelter and non-food items,present,1.0,0.75,ok,,171,601805ac,deepseek-v4-pro,7e357e4719fb30119ff1f2ac72c0d362f831ca62101135aa52ddfe1437828b49,sync,False,2026-08-30T22:20:29+00:00
cyclone_idai_2019,2019-04-11__api-strong__schema_guided,machine,api-strong,api-strong/schema_guided,2019-04-11,sourcing,Sourcing and attribution,present,1.0,0.95,ok,,188,b6670d99,deepseek-v4-pro,2202ee02a1fc81c375fe8e14856d454a766f45fc610c9386672ae2e25ba082a5,sync,False,2026-08-30T22:20:29+00:00
cyclone_idai_2019,2019-04-11__api-strong__schema_guided,machine,api-strong,api-strong/schema_guided,2019-04-11,wash,WASH needs and response,partial,0.5,0.85,ok,,170,b3fdf6b7,deepseek-v4-pro,f69f948295c3d78eaafe2aff6bd9556ec660364d67f97291765e84284e2f1cd8,sync,False,2026-08-30T22:20:29+00:00
cyclone_idai_2019,2019-04-12__api-fast__schema_guided,machine,api-fast,api-fast/schema_guided,2019-04-12,access,Access constraints,present,1.0,0.85,ok,,179,5d7e2434,deepseek-v4-pro,6ad1e82d634e12e1a17976c88b6224ff299cf2565658bd264be64c419dfb0ee1,sync,False,2026-08-30T22:20:29+00:00
cyclone_idai_2019,2019-04-12__api-fast__schema_guided,machine,api-fast,api-fast/schema_guided,2019-04-12,casualties,Casualty and affected-population figures,partial,0.5,0.9,ok,,199,a6a2b3c5,deepseek-v4-pro,aee297548bbdd7a4a69f544ddedfc67abb546412e8afbcdab52d3f85a1998904,sync,False,2026-08-30T22:20:29+00:00
cyclone_idai_2019,2019-04-12__api-fast__schema_guided,machine,api-fast,api-fast/schema_guided,2019-04-12,coordination,Coordination arrangements,partial,0.5,0.7,ok,,143,1200b100,deepseek-v4-pro,606204a67e4d8541b9d5a32885e904b26b7d77cab110cddc604361e040bca83a,sync,False,2026-08-30T22:20:29+00:00
cyclone_idai_2019,2019-04-12__api-fast__schema_guided,machine,api-fast,api-fast/schema_guided,2019-04-12,currency_and_metadata,Data currency and report metadata,partial,0.5,0.9,ok,,205,5bd35045,deepseek-v4-pro,9568ccf045c980807ab85b5e41ec3603b7b42616137fd9bfa80df6860c3bac89,sync,False,2026-08-30T22:20:29+00:00
cyclone_idai_2019,2019-04-12__api-fast__schema_guided,machine,api-fast,api-fast/schema_guided,2019-04-12,damage,"Physical, economic and agricultural damage",partial,0.5,0.7,ok,,127,7b87a8f4,deepseek-v4-pro,0c78dfc57d9b38ff199704a808b39cb7caa50c7bcb4bb741e89c593e2e4d7cea,sync,False,2026-08-30T22:20:29+00:00
cyclone_idai_2019,2019-04-12__api-fast__schema_guided,machine,api-fast,api-fast/schema_guided,2019-04-12,displacement,Displacement and accommodation sites,partial,0.5,0.9,ok,,165,20744933,deepseek-v4-pro,6b6db2458bf32e469ec9faa369020aac04e024ea4a3e8bfd7076ae047b450cf1,sync,False,2026-08-30T22:20:29+00:00
cyclone_idai_2019,2019-04-12__api-fast__schema_guided,machine,api-fast,api-fast/schema_guided,2019-04-12,education,Education impact and response,partial,0.5,0.95,ok,,129,62bbea89,deepseek-v4-pro,22c54c141a487974e672a3fea5656e9844efaf9b823cfc1c07b51fae3535c498,sync,False,2026-08-30T22:20:29+00:00
cyclone_idai_2019,2019-04-12__api-fast__schema_guided,machine,api-fast,api-fast/schema_guided,2019-04-12,food,Food security and assistance reach,present,1.0,0.97,ok,,203,44259adf,deepseek-v4-pro,b040942308bb3cdcf8aae8aee9deba85ce32aeda542a40f22c25569735094f67,sync,False,2026-08-30T22:20:29+00:00
cyclone_idai_2019,2019-04-12__api-fast__schema_guided,machine,api-fast,api-fast/schema_guided,2019-04-12,funding,Funding status and donor contributions,partial,0.5,0.9,ok,,165,4c9490dc,deepseek-v4-pro,7ac2ce2a65eb169bd18a0d22b410376c5b013d85cb95d20da440440372a52c76,sync,False,2026-08-30T22:20:29+00:00
cyclone_idai_2019,2019-04-12__api-fast__schema_guided,machine,api-fast,api-fast/schema_guided,2019-04-12,health,"Health, disease outbreak and nutrition",partial,0.5,0.9,ok,,136,0abb6aef,deepseek-v4-pro,c9e927a6d7a0c5f6a92cfd03896e2f850f862b46789f56325ad6cc8b0dbd2429,sync,False,2026-08-30T22:20:29+00:00
cyclone_idai_2019,2019-04-12__api-fast__schema_guided,machine,api-fast,api-fast/schema_guided,2019-04-12,needs_gaps,Sector needs and gaps,partial,0.5,0.8,ok,,200,2dfb9082,deepseek-v4-pro,f67838eb7559f79db4fc58f0f75b22b39bf011d9bfdc380c25eaf2e22c433584,sync,False,2026-08-30T22:20:29+00:00
cyclone_idai_2019,2019-04-12__api-fast__schema_guided,machine,api-fast,api-fast/schema_guided,2019-04-12,response_actions,Sector response activities,present,1.0,1.0,ok,,147,bc3fe2cb,deepseek-v4-pro,784ba0be83a22e11bd856ee0a9d5f2d1aa6500b2cea30c9dc6b2b0d81795fa26,sync,False,2026-08-30T22:20:29+00:00
cyclone_idai_2019,2019-04-12__api-fast__schema_guided,machine,api-fast,api-fast/schema_guided,2019-04-12,shelter,Shelter and non-food items,present,1.0,0.85,ok,,177,4af8ce32,deepseek-v4-pro,3c570035d2da77e0ebdb1eaec962cd5a69f10db9d8e38329d884b80225996e6f,sync,False,2026-08-30T22:20:29+00:00
cyclone_idai_2019,2019-04-12__api-fast__schema_guided,machine,api-fast,api-fast/schema_guided,2019-04-12,sourcing,Sourcing and attribution,present,1.0,0.95,ok,,235,1eaa23ac,deepseek-v4-pro,73bf698ccdfc29d9e1034626d531ab35b841027d1b67573adbb69fa0fc1a7b5a,sync,False,2026-08-30T22:20:29+00:00
cyclone_idai_2019,2019-04-12__api-fast__schema_guided,machine,api-fast,api-fast/schema_guided,2019-04-12,wash,WASH needs and response,partial,0.5,0.8,ok,,166,4fb402d7,deepseek-v4-pro,22bc3ad5ede8cd4f8f341c7d14ac5ccedc0dbe949d3d16b126710e6a0996741e,sync,False,2026-08-30T22:20:29+00:00
cyclone_idai_2019,2019-04-12__api-strong__generic,machine,api-strong,api-strong/generic,2019-04-12,access,Access constraints,present,1.0,0.9,ok,,95,5c69d9ce,deepseek-v4-pro,9e037436d2125b3ea005561183ac6e65934ae771eaaef392f48a8c21e706d242,sync,False,2026-08-30T22:20:29+00:00
cyclone_idai_2019,2019-04-12__api-strong__generic,machine,api-strong,api-strong/generic,2019-04-12,casualties,Casualty and affected-population figures,present,1.0,0.85,ok,,126,bec4bf82,deepseek-v4-pro,ebffaa68dc790d46363dce8d40fd32694b7aead776358aca7d3fb739cf976043,sync,False,2026-08-30T22:20:29+00:00
cyclone_idai_2019,2019-04-12__api-strong__generic,machine,api-strong,api-strong/generic,2019-04-12,coordination,Coordination arrangements,partial,0.5,0.75,ok,,192,81e5a853,deepseek-v4-pro,af12492414203aa21e07a667251ab121da1c7ac28d84035e72fbbd91c8af6757,sync,False,2026-08-30T22:20:29+00:00
cyclone_idai_2019,2019-04-12__api-strong__generic,machine,api-strong,api-strong/generic,2019-04-12,currency_and_metadata,Data currency and report metadata,partial,0.5,0.9,ok,,112,4c2becd2,deepseek-v4-pro,7b8035e638a6f263b792bcfb31e3f85e6981a4f2f299b50a134dc978f53aea85,sync,False,2026-08-30T22:20:29+00:00
cyclone_idai_2019,2019-04-12__api-strong__generic,machine,api-strong,api-strong/generic,2019-04-12,damage,"Physical, economic and agricultural damage",partial,0.5,0.85,ok,,105,35975e59,deepseek-v4-pro,06fb09fbd66880ac101d82823f32c8220a7c41f6c1dcf11f65d65703349be5c4,sync,False,2026-08-30T22:20:29+00:00
cyclone_idai_2019,2019-04-12__api-strong__generic,machine,api-strong,api-strong/generic,2019-04-12,displacement,Displacement and accommodation sites,partial,0.5,0.9,ok,,126,bec4bf82,deepseek-v4-pro,c0cb11669ca681331f6ff4ed034a206ab9e67afb7f95a7dab57364a5f9e023f1,sync,False,2026-08-30T22:20:29+00:00
cyclone_idai_2019,2019-04-12__api-strong__generic,machine,api-strong,api-strong/generic,2019-04-12,education,Education impact and response,partial,0.5,0.8,ok,,192,b470f152,deepseek-v4-pro,85e4dfe8e7ebbf536ee5546338ad599d28a096b636bafba839a0e256794378e6,sync,False,2026-08-30T22:20:29+00:00
cyclone_idai_2019,2019-04-12__api-strong__generic,machine,api-strong,api-strong/generic,2019-04-12,food,Food security and assistance reach,present,1.0,0.95,ok,,144,1156a674,deepseek-v4-pro,dcf6d7ff914b381844f7532feb941da3f122e4e970cad0453e1ace5ddac8057d,sync,False,2026-08-30T22:20:29+00:00
cyclone_idai_2019,2019-04-12__api-strong__generic,machine,api-strong,api-strong/generic,2019-04-12,funding,Funding status and donor contributions,partial,0.5,0.75,ok,,147,abf37e6b,deepseek-v4-pro,6958f74629b27b7acc8f0aa3a78efcb6aa1c852dc1f73a7e2c4d21b828c7963e,sync,False,2026-08-30T22:20:29+00:00
cyclone_idai_2019,2019-04-12__api-strong__generic,machine,api-strong,api-strong/generic,2019-04-12,health,"Health, disease outbreak and nutrition",partial,0.5,0.8,ok,,240,3df782d6,deepseek-v4-pro,92b24c15628be6bd9866a040ccebbc49f962bcc5846f5b34737e74be36f19bc3,sync,False,2026-08-30T22:20:29+00:00
cyclone_idai_2019,2019-04-12__api-strong__generic,machine,api-strong,api-strong/generic,2019-04-12,needs_gaps,Sector needs and gaps,partial,0.5,0.85,ok,,82,104c4fb1,deepseek-v4-pro,26f4a1e09c3e442096a6d1de008b7659115a71e85a155cd1a73ee899c98d90d0,sync,False,2026-08-30T22:20:29+00:00
cyclone_idai_2019,2019-04-12__api-strong__generic,machine,api-strong,api-strong/generic,2019-04-12,response_actions,Sector response activities,present,1.0,0.98,ok,,223,1b2e59e9,deepseek-v4-pro,c9ee2f074f7c8270800331283a8ceeb34b8ee4f06c424cd6e98383fef2877f9d,sync,False,2026-08-30T22:20:29+00:00
cyclone_idai_2019,2019-04-12__api-strong__generic,machine,api-strong,api-strong/generic,2019-04-12,shelter,Shelter and non-food items,present,1.0,0.85,ok,,160,dddbeeb8,deepseek-v4-pro,60df9ac747b57e240b9421f873957873c3687b0998c7705bb38ef9ad9897472b,sync,False,2026-08-30T22:20:29+00:00
cyclone_idai_2019,2019-04-12__api-strong__generic,machine,api-strong,api-strong/generic,2019-04-12,sourcing,Sourcing and attribution,present,1.0,0.95,ok,,146,a050ca32,deepseek-v4-pro,857a52a445095899f581d19f7943f50ac6ead5ebbea3f94e95dda955dfbc7248,sync,False,2026-08-30T22:20:29+00:00
cyclone_idai_2019,2019-04-12__api-strong__generic,machine,api-strong,api-strong/generic,2019-04-12,wash,WASH needs and response,partial,0.5,0.85,ok,,181,d819419f,deepseek-v4-pro,1662f36a97b2fd961a0908497782f81024472c2df1c5d176957d459898da0001,sync,False,2026-08-30T22:20:29+00:00
cyclone_idai_2019,2019-04-12__api-strong__schema_guided,machine,api-strong,api-strong/schema_guided,2019-04-12,access,Access constraints,present,1.0,0.9,ok,,243,c7b73364,deepseek-v4-pro,973397bee5cab09180224ce14af12bf2f71466f6592d974774e3125478cd9411,sync,False,2026-08-30T22:20:29+00:00
cyclone_idai_2019,2019-04-12__api-strong__schema_guided,machine,api-strong,api-strong/schema_guided,2019-04-12,casualties,Casualty and affected-population figures,present,1.0,0.85,ok,,178,231b2afe,deepseek-v4-pro,bc2e48d10bb57bca447afc62407c82f5f6f4125b0bc7a5a3c0dae5fe36865b00,sync,False,2026-08-30T22:20:29+00:00
cyclone_idai_2019,2019-04-12__api-strong__schema_guided,machine,api-strong,api-strong/schema_guided,2019-04-12,coordination,Coordination arrangements,present,1.0,0.85,ok,,199,e54b7bba,deepseek-v4-pro,c6255ed9411761b2fb28d0135f03019b2fa16ee7314fc43050c67c2e42f748dc,sync,False,2026-08-30T22:20:29+00:00
cyclone_idai_2019,2019-04-12__api-strong__schema_guided,machine,api-strong,api-strong/schema_guided,2019-04-12,currency_and_metadata,Data currency and report metadata,partial,0.5,0.9,ok,,172,b2bfc7d2,deepseek-v4-pro,b05934d1fec8339e820e0751d879e15d38c20334b2a2fa8d01ff0d9ceb14d687,sync,False,2026-08-30T22:20:29+00:00
cyclone_idai_2019,2019-04-12__api-strong__schema_guided,machine,api-strong,api-strong/schema_guided,2019-04-12,damage,"Physical, economic and agricultural damage",partial,0.5,0.9,ok,,191,9061c41a,deepseek-v4-pro,249e754007a7776bd76ab1324411d2b9f6ade599f15d037c1e6e1788d97ed76b,sync,False,2026-08-30T22:20:29+00:00
cyclone_idai_2019,2019-04-12__api-strong__schema_guided,machine,api-strong,api-strong/schema_guided,2019-04-12,displacement,Displacement and accommodation sites,partial,0.5,0.9,ok,,212,2ecedd52,deepseek-v4-pro,805eae4513c4e78de94e99a6704fadfeb587d25047ae09a063b5e8dbb2ad4a64,sync,False,2026-08-30T22:20:29+00:00
cyclone_idai_2019,2019-04-12__api-strong__schema_guided,machine,api-strong,api-strong/schema_guided,2019-04-12,education,Education impact and response,partial,0.5,0.95,ok,,92,28c4db15,deepseek-v4-pro,87e5ac3b46bd48b439ba9223e94639abaad742828b96968df67945b4058fc4e5,sync,False,2026-08-30T22:20:29+00:00
cyclone_idai_2019,2019-04-12__api-strong__schema_guided,machine,api-strong,api-strong/schema_guided,2019-04-12,food,Food security and assistance reach,present,1.0,0.95,ok,,144,1156a674,deepseek-v4-pro,e6ceaf6af05be8a3cdc18b8195c0d38d3ffed12dfe3231e05fc3c53c18ea4630,sync,False,2026-08-30T22:20:29+00:00
cyclone_idai_2019,2019-04-12__api-strong__schema_guided,machine,api-strong,api-strong/schema_guided,2019-04-12,funding,Funding status and donor contributions,partial,0.5,0.9,ok,,198,501d63d0,deepseek-v4-pro,3c2ccd198847a8fd161ffcd485b1d1ae43b868593087182f8730cd7eb11a08d2,sync,False,2026-08-30T22:20:29+00:00
cyclone_idai_2019,2019-04-12__api-strong__schema_guided,machine,api-strong,api-strong/schema_guided,2019-04-12,health,"Health, disease outbreak and nutrition",partial,0.5,0.9,ok,,107,46b240d8,deepseek-v4-pro,15a23a5be31be4705c638dc0fdcb8fba1ec5eb58c5c8f2c853d2606c4012a63e,sync,False,2026-08-30T22:20:29+00:00
cyclone_idai_2019,2019-04-12__api-strong__schema_guided,machine,api-strong,api-strong/schema_guided,2019-04-12,needs_gaps,Sector needs and gaps,partial,0.5,0.7,ok,,189,4a5e511c,deepseek-v4-pro,fbdccb35271b6346cec86023fd4b6dedfd856b670c4fb31db5d59cbf2489db70,sync,False,2026-08-30T22:20:29+00:00
cyclone_idai_2019,2019-04-12__api-strong__schema_guided,machine,api-strong,api-strong/schema_guided,2019-04-12,response_actions,Sector response activities,present,1.0,1.0,ok,,140,73d1f897,deepseek-v4-pro,f74f8b25a9ee7e32419c9f749366ab0bd53dd1a39fb34cdb27539977f1b971e8,sync,False,2026-08-30T22:20:29+00:00
cyclone_idai_2019,2019-04-12__api-strong__schema_guided,machine,api-strong,api-strong/schema_guided,2019-04-12,shelter,Shelter and non-food items,present,1.0,0.92,ok,,162,bf03a0b4,deepseek-v4-pro,1a4ae4b8bf3b83b577fdfe55de893f01c03bdb178b48bd3e9d71152e36648b4b,sync,False,2026-08-30T22:20:29+00:00
cyclone_idai_2019,2019-04-12__api-strong__schema_guided,machine,api-strong,api-strong/schema_guided,2019-04-12,sourcing,Sourcing and attribution,present,1.0,0.8,ok,,253,6903bd82,deepseek-v4-pro,830f5e071ed06fce73e5b14512f6e8cb09f1e6dba20727fe3fcb3417d8a5b61f,sync,False,2026-08-30T22:20:29+00:00
cyclone_idai_2019,2019-04-12__api-strong__schema_guided,machine,api-strong,api-strong/schema_guided,2019-04-12,wash,WASH needs and response,present,1.0,0.8,ok,,217,cf32585a,deepseek-v4-pro,2478f900feba4f9d1a84d96293751329095dcc2f12e91bb1ac078b4386a2c0d4,sync,False,2026-08-30T22:20:29+00:00
cyclone_idai_2019,2019-04-14__api-fast__generic,machine,api-fast,api-fast/generic,2019-04-14,access,Access constraints,absent,0.0,0.95,ok,,0,,deepseek-v4-pro,00b5f3a06da9af77457847de61036c95856d52d6b3a3677de3ded0881be34fd7,sync,False,2026-08-30T22:20:29+00:00
cyclone_idai_2019,2019-04-14__api-fast__generic,machine,api-fast,api-fast/generic,2019-04-14,casualties,Casualty and affected-population figures,partial,0.5,0.8,ok,,103,4bd5f51a,deepseek-v4-pro,1d6b0022ee1dd7f8cc1c9af4ff93edc76c5c4c04744f1a9dd38af72bfb8cbc90,sync,False,2026-08-30T22:20:29+00:00
cyclone_idai_2019,2019-04-14__api-fast__generic,machine,api-fast,api-fast/generic,2019-04-14,coordination,Coordination arrangements,partial,0.5,0.72,ok,,188,95c49365,deepseek-v4-pro,938454aa458e3bdc4a9ff81d7113ea162fa338e06a4ceb9a9ecf20a9fb97efda,sync,False,2026-08-30T22:20:29+00:00
cyclone_idai_2019,2019-04-14__api-fast__generic,machine,api-fast,api-fast/generic,2019-04-14,currency_and_metadata,Data currency and report metadata,partial,0.5,0.85,ok,,127,a92aacc3,deepseek-v4-pro,9bbedf4396bcdfe6288438381d512cb1b240595f7898fc46008aa32c0bc3b606,sync,False,2026-08-30T22:20:29+00:00
cyclone_idai_2019,2019-04-14__api-fast__generic,machine,api-fast,api-fast/generic,2019-04-14,damage,"Physical, economic and agricultural damage",present,1.0,0.9,ok,,180,0539c816,deepseek-v4-pro,4841ddf8b044844157a52ee4f204a304e0e04433a1e72289fe9f60f1da1fab95,sync,False,2026-08-30T22:20:29+00:00
cyclone_idai_2019,2019-04-14__api-fast__generic,machine,api-fast,api-fast/generic,2019-04-14,displacement,Displacement and accommodation sites,partial,0.5,0.85,ok,,81,4a337591,deepseek-v4-pro,b1eb181fccd2d2f7e479056190b466b261e65d1cd17942c462dd274af6309c90,sync,False,2026-08-30T22:20:29+00:00
cyclone_idai_2019,2019-04-14__api-fast__generic,machine,api-fast,api-fast/generic,2019-04-14,education,Education impact and response,absent,0.0,0.95,ok,,0,,deepseek-v4-pro,044c02295f594ce3ea3d3637fae763c9f12f3966380809e8efa2cb15de98f19e,sync,False,2026-08-30T22:20:29+00:00
cyclone_idai_2019,2019-04-14__api-fast__generic,machine,api-fast,api-fast/generic,2019-04-14,food,Food security and assistance reach,present,1.0,0.9,ok,,113,30d5da7c,deepseek-v4-pro,e25ee4403f481a69be0320468f895cc91397356c613f1ba22be52f11b127976b,sync,False,2026-08-30T22:20:29+00:00
cyclone_idai_2019,2019-04-14__api-fast__generic,machine,api-fast,api-fast/generic,2019-04-14,funding,Funding status and donor contributions,partial,0.5,0.85,ok,,172,fdffcabe,deepseek-v4-pro,7267c9b3a3ecbf5337dee83000ebbe6891de46cf8e8ac44e2fed62207dd90eca,sync,False,2026-08-30T22:20:29+00:00
cyclone_idai_2019,2019-04-14__api-fast__generic,machine,api-fast,api-fast/generic,2019-04-14,health,"Health, disease outbreak and nutrition",absent,0.0,0.95,ok,,0,,deepseek-v4-pro,b40cef6b2de5f6b855892301e55512adc1addf2d995418a56ea0d18803d9f38f,sync,False,2026-08-30T22:20:29+00:00
cyclone_idai_2019,2019-04-14__api-fast__generic,machine,api-fast,api-fast/generic,2019-04-14,needs_gaps,Sector needs and gaps,partial,0.5,0.75,ok,,255,337abd5a,deepseek-v4-pro,a2423701163051853a94760a1852f6a609277caf717e9c83865470bef16aac95,sync,False,2026-08-30T22:20:29+00:00
cyclone_idai_2019,2019-04-14__api-fast__generic,machine,api-fast,api-fast/generic,2019-04-14,response_actions,Sector response activities,present,1.0,0.95,ok,,113,30d5da7c,deepseek-v4-pro,c4365a31b1e05628377071593b5078f84ce4e8b29dd02a82c6c3761df2e3d851,sync,False,2026-08-30T22:20:29+00:00
cyclone_idai_2019,2019-04-14__api-fast__generic,machine,api-fast,api-fast/generic,2019-04-14,shelter,Shelter and non-food items,partial,0.5,0.9,ok,,97,57afe3a0,deepseek-v4-pro,bc4a29c8da2d942576fa878e9abd2cdae2b788b77a20cb33b88fb919fe377ebf,sync,False,2026-08-30T22:20:29+00:00
cyclone_idai_2019,2019-04-14__api-fast__generic,machine,api-fast,api-fast/generic,2019-04-14,sourcing,Sourcing and attribution,present,1.0,0.9,ok,,227,c1d60c54,deepseek-v4-pro,758b35f539f011431c048d3b31afcc31e049a90f96313bc634ca25c3e39c678a,sync,False,2026-08-30T22:20:29+00:00
cyclone_idai_2019,2019-04-14__api-fast__generic,machine,api-fast,api-fast/generic,2019-04-14,wash,WASH needs and response,partial,0.5,0.85,ok,,239,ddf00c06,deepseek-v4-pro,3fa3e51bc47da4fdd3ced5764d00fb1e68d8e3a6f5bf5870d8cc21b403df6fc6,sync,False,2026-08-30T22:20:29+00:00
cyclone_idai_2019,2019-04-14__api-fast__schema_guided,machine,api-fast,api-fast/schema_guided,2019-04-14,access,Access constraints,partial,0.5,0.7,ok,,127,d563147a,deepseek-v4-pro,cea3e317b5e5ed7812b6e9444d22c4c426fc222d7e7356901af393f889b20c38,sync,False,2026-08-30T22:20:29+00:00
cyclone_idai_2019,2019-04-14__api-fast__schema_guided,machine,api-fast,api-fast/schema_guided,2019-04-14,casualties,Casualty and affected-population figures,partial,0.5,0.85,ok,,148,d3b17268,deepseek-v4-pro,f916c7ddc4a31fee4801f55b9bd29d0525b73d784625c205632c5b5b40467d8e,sync,False,2026-08-30T22:20:29+00:00
cyclone_idai_2019,2019-04-14__api-fast__schema_guided,machine,api-fast,api-fast/schema_guided,2019-04-14,coordination,Coordination arrangements,present,1.0,0.8,ok,,178,79d01395,deepseek-v4-pro,1dec681ebf576698b8d3e16a6bf3f7b1e9f76bb7f1fe53b5eaf2ff18222f1686,sync,False,2026-08-30T22:20:29+00:00
cyclone_idai_2019,2019-04-14__api-fast__schema_guided,machine,api-fast,api-fast/schema_guided,2019-04-14,currency_and_metadata,Data currency and report metadata,partial,0.5,0.9,ok,,88,ec613924,deepseek-v4-pro,a3c5ed86c74cd0a649fcec379827706703996e4353865ca1facf2a34ff4c552f,sync,False,2026-08-30T22:20:29+00:00
cyclone_idai_2019,2019-04-14__api-fast__schema_guided,machine,api-fast,api-fast/schema_guided,2019-04-14,damage,"Physical, economic and agricultural damage",present,1.0,0.9,ok,,146,14d349e2,deepseek-v4-pro,c025e8bcfe45924bbfa57844173e8b6e32d95ac6f049a6270fbc6f35ebd6c10a,sync,False,2026-08-30T22:20:29+00:00
cyclone_idai_2019,2019-04-14__api-fast__schema_guided,machine,api-fast,api-fast/schema_guided,2019-04-14,displacement,Displacement and accommodation sites,partial,0.5,0.9,ok,,208,30aec6d3,deepseek-v4-pro,7583fa3e2662911b0a47cbb91713eff39e91aa607a78c3b7df351af972974abd,sync,False,2026-08-30T22:20:29+00:00
cyclone_idai_2019,2019-04-14__api-fast__schema_guided,machine,api-fast,api-fast/schema_guided,2019-04-14,education,Education impact and response,absent,0.0,1.0,ok,,0,,deepseek-v4-pro,f3673834689b070f894e4db838b08cc1880dac8bbe391f3ebb3c725bdb6a36f3,sync,False,2026-08-30T22:20:29+00:00
cyclone_idai_2019,2019-04-14__api-fast__schema_guided,machine,api-fast,api-fast/schema_guided,2019-04-14,food,Food security and assistance reach,present,1.0,0.85,ok,,90,fbe9c565,deepseek-v4-pro,dcb558c205502b956706fff1381c3f34cd6992832f4f60794c2077f6cc644762,sync,False,2026-08-30T22:20:29+00:00
cyclone_idai_2019,2019-04-14__api-fast__schema_guided,machine,api-fast,api-fast/schema_guided,2019-04-14,funding,Funding status and donor contributions,partial,0.5,0.8,ok,,179,d3d0ef79,deepseek-v4-pro,7048c505d74d6524ba2c341951c04b19c51b33214d56697a92c3b0efa1fc142a,sync,False,2026-08-30T22:20:29+00:00
cyclone_idai_2019,2019-04-14__api-fast__schema_guided,machine,api-fast,api-fast/schema_guided,2019-04-14,health,"Health, disease outbreak and nutrition",absent,0.0,0.95,ok,,0,,deepseek-v4-pro,177f4b2761e858d5a157684d7def234149a8d7456b82a01c7a6f842ba05eeb6c,sync,False,2026-08-30T22:20:29+00:00
cyclone_idai_2019,2019-04-14__api-fast__schema_guided,machine,api-fast,api-fast/schema_guided,2019-04-14,needs_gaps,Sector needs and gaps,partial,0.5,0.7,ok,,175,59fbc5df,deepseek-v4-pro,4ce27b02ed2c156e28229d80f993f17f0fe83fa332baef67e94063b78aa95846,sync,False,2026-08-30T22:20:29+00:00
cyclone_idai_2019,2019-04-14__api-fast__schema_guided,machine,api-fast,api-fast/schema_guided,2019-04-14,response_actions,Sector response activities,present,1.0,0.95,ok,,136,e21d8275,deepseek-v4-pro,a65ce40ee6d72daf9b86f587850268e33d902d4bf848347d7713f824291d7475,sync,False,2026-08-30T22:20:29+00:00
cyclone_idai_2019,2019-04-14__api-fast__schema_guided,machine,api-fast,api-fast/schema_guided,2019-04-14,shelter,Shelter and non-food items,partial,0.5,0.85,ok,,149,83b4faf7,deepseek-v4-pro,21fd0c91df2e11e918b6c5cd795f9704c8b97b256b2e0d63aa5642882d9a8926,sync,False,2026-08-30T22:20:29+00:00
cyclone_idai_2019,2019-04-14__api-fast__schema_guided,machine,api-fast,api-fast/schema_guided,2019-04-14,sourcing,Sourcing and attribution,present,1.0,0.95,ok,,203,9b17b6ca,deepseek-v4-pro,a20069e82eb8d4f9b63f3ef403328d7228cf7302193b429b309b9d1763cc2273,sync,False,2026-08-30T22:20:29+00:00
cyclone_idai_2019,2019-04-14__api-fast__schema_guided,machine,api-fast,api-fast/schema_guided,2019-04-14,wash,WASH needs and response,partial,0.5,0.8,ok,,224,41de2606,deepseek-v4-pro,7d25d4d3e44ecdf3e2eb0355dbadcb3736ded08af0b7772de1efbf5ab6f838a9,sync,False,2026-08-30T22:20:29+00:00
cyclone_idai_2019,2019-04-14__api-strong__generic,machine,api-strong,api-strong/generic,2019-04-14,access,Access constraints,absent,0.0,0.95,ok,,0,,deepseek-v4-pro,03416b89448efd6d800cadc37b1af3719d1cd757f002815e6e69e0ec244b7768,sync,False,2026-08-30T22:20:29+00:00
cyclone_idai_2019,2019-04-14__api-strong__generic,machine,api-strong,api-strong/generic,2019-04-14,casualties,Casualty and affected-population figures,partial,0.5,0.75,ok,,227,8e80b9a0,deepseek-v4-pro,6e5cb5b0d8c97e0741863642b3d3f458418d36cf2780947bc464615d9c34fe10,sync,False,2026-08-30T22:20:29+00:00
cyclone_idai_2019,2019-04-14__api-strong__generic,machine,api-strong,api-strong/generic,2019-04-14,coordination,Coordination arrangements,partial,0.5,0.7,ok,,194,2e82b3e6,deepseek-v4-pro,2443721c5957e720d65018631197af4055793779b4db774089d76c944edd4107,sync,False,2026-08-30T22:20:29+00:00
cyclone_idai_2019,2019-04-14__api-strong__generic,machine,api-strong,api-strong/generic,2019-04-14,currency_and_metadata,Data currency and report metadata,partial,0.5,0.85,ok,,98,15ac45ae,deepseek-v4-pro,a19c21fa506991855102cd628ca6731342892c3898bcaab72006942bfff3b89c,sync,False,2026-08-30T22:20:29+00:00
cyclone_idai_2019,2019-04-14__api-strong__generic,machine,api-strong,api-strong/generic,2019-04-14,damage,"Physical, economic and agricultural damage",present,1.0,0.9,ok,,127,5cbe5ee2,deepseek-v4-pro,a46f281ae46973a4b08b51b49da3eb849e2c129be2bba2a345b0a51dfa369fbc,sync,False,2026-08-30T22:20:29+00:00
cyclone_idai_2019,2019-04-14__api-strong__generic,machine,api-strong,api-strong/generic,2019-04-14,displacement,Displacement and accommodation sites,partial,0.5,0.8,ok,,75,b070868c,deepseek-v4-pro,c5bc30ce376488778d91704243cee75526312483e9e711f051dea937f206ffee,sync,False,2026-08-30T22:20:29+00:00
cyclone_idai_2019,2019-04-14__api-strong__generic,machine,api-strong,api-strong/generic,2019-04-14,education,Education impact and response,absent,0.0,0.95,ok,,0,,deepseek-v4-pro,82a44276bab77218a9e8606a2ebd68002618c1367588ae02638818ac67b1a1d9,sync,False,2026-08-30T22:20:29+00:00
cyclone_idai_2019,2019-04-14__api-strong__generic,machine,api-strong,api-strong/generic,2019-04-14,food,Food security and assistance reach,present,1.0,0.9,ok,,110,38e28dc4,deepseek-v4-pro,40d9739c705a33b0a16c979cf3ab24282c66884ab0f8192e3bc5bc93f33dec1c,sync,False,2026-08-30T22:20:29+00:00
cyclone_idai_2019,2019-04-14__api-strong__generic,machine,api-strong,api-strong/generic,2019-04-14,funding,Funding status and donor contributions,partial,0.5,0.8,ok,,232,d76a1cbc,deepseek-v4-pro,126e26706db91fff91babe7d962d981971c911e340525d59824f609bc6d8eb21,sync,False,2026-08-30T22:20:29+00:00
cyclone_idai_2019,2019-04-14__api-strong__generic,machine,api-strong,api-strong/generic,2019-04-14,health,"Health, disease outbreak and nutrition",partial,0.5,0.72,ok,,197,f6c7b2f5,deepseek-v4-pro,e1e8adf71a75c15a4f6629a3822b8ffca25944fd122420a1fa086a716b966415,sync,False,2026-08-30T22:20:29+00:00
cyclone_idai_2019,2019-04-14__api-strong__generic,machine,api-strong,api-strong/generic,2019-04-14,needs_gaps,Sector needs and gaps,partial,0.5,0.85,ok,,138,a3a83cb1,deepseek-v4-pro,aa80d7296b68b793acf1415c7d462048385ef221b8d2133f99ed86e2892dfcd8,sync,False,2026-08-30T22:20:29+00:00
cyclone_idai_2019,2019-04-14__api-strong__generic,machine,api-strong,api-strong/generic,2019-04-14,response_actions,Sector response activities,present,1.0,0.95,ok,,210,746a8b32,deepseek-v4-pro,ad60b3019df2b72e656e34cfb2e10bfdcc1bb594bb015d34cf5662414a68df8f,sync,False,2026-08-30T22:20:29+00:00
cyclone_idai_2019,2019-04-14__api-strong__generic,machine,api-strong,api-strong/generic,2019-04-14,shelter,Shelter and non-food items,partial,0.5,0.9,ok,,160,7f285c33,deepseek-v4-pro,391ba928f03b1894b9cd591e7bfe4898f9bd9f835945e2ab19d648ce560c3147,sync,False,2026-08-30T22:20:29+00:00
cyclone_idai_2019,2019-04-14__api-strong__generic,machine,api-strong,api-strong/generic,2019-04-14,sourcing,Sourcing and attribution,present,1.0,0.97,ok,,144,2354e28e,deepseek-v4-pro,ac550268974fe80267c4882ed041bbccf988c2af6b1e0fd074e1ab71a06e76fb,sync,False,2026-08-30T22:20:29+00:00
cyclone_idai_2019,2019-04-14__api-strong__generic,machine,api-strong,api-strong/generic,2019-04-14,wash,WASH needs and response,partial,0.5,0.9,ok,,197,e3a033b7,deepseek-v4-pro,c6f1de7de2e4de5f1c4ee576599921c3462fe70e81019c9f7d49fbffd1285874,sync,False,2026-08-30T22:20:29+00:00
cyclone_idai_2019,2019-04-14__api-strong__schema_guided,machine,api-strong,api-strong/schema_guided,2019-04-14,access,Access constraints,partial,0.5,0.75,ok,,185,578630cb,deepseek-v4-pro,1b0f9a7f6a5ccbfbff2b7b0f37fde0b99c057c91a08dd4afe4aea5e308263a30,sync,False,2026-08-30T22:20:29+00:00
cyclone_idai_2019,2019-04-14__api-strong__schema_guided,machine,api-strong,api-strong/schema_guided,2019-04-14,casualties,Casualty and affected-population figures,present,1.0,0.85,ok,,218,315c3ee6,deepseek-v4-pro,a5b5177aec88fcf8ef53bd63d2bda37064446c0c25dcc2e17a9ff9479d90c9c7,sync,False,2026-08-30T22:20:29+00:00
cyclone_idai_2019,2019-04-14__api-strong__schema_guided,machine,api-strong,api-strong/schema_guided,2019-04-14,coordination,Coordination arrangements,partial,0.5,0.78,ok,,272,286d4c8b,deepseek-v4-pro,849ff114ba37b789b742b4f89906650755246d07f8c4e4765a2ae08e0cadca57,sync,False,2026-08-30T22:20:29+00:00
cyclone_idai_2019,2019-04-14__api-strong__schema_guided,machine,api-strong,api-strong/schema_guided,2019-04-14,currency_and_metadata,Data currency and report metadata,partial,0.5,0.9,ok,,179,e21be50b,deepseek-v4-pro,aa84f65ef22d4dbe1695ed2faf4a85d7f4a09cfddfbafe1678b647b217aa1361,sync,False,2026-08-30T22:20:29+00:00
cyclone_idai_2019,2019-04-14__api-strong__schema_guided,machine,api-strong,api-strong/schema_guided,2019-04-14,damage,"Physical, economic and agricultural damage",present,1.0,0.9,ok,,132,be893c79,deepseek-v4-pro,4baba87b2cdbd6cdc2522306f801ff70f4291afb8e4b66639eab2fcccf88a297,sync,False,2026-08-30T22:20:29+00:00
cyclone_idai_2019,2019-04-14__api-strong__schema_guided,machine,api-strong,api-strong/schema_guided,2019-04-14,displacement,Displacement and accommodation sites,partial,0.5,0.9,ok,,139,0255592c,deepseek-v4-pro,7c9b9dc35e3dc9b82fb38977707268155abc0f126eb01bec707d441a984187a9,sync,False,2026-08-30T22:20:29+00:00
cyclone_idai_2019,2019-04-14__api-strong__schema_guided,machine,api-strong,api-strong/schema_guided,2019-04-14,education,Education impact and response,absent,0.0,1.0,ok,,0,,deepseek-v4-pro,475f78f11b9a406c346a736feb0988495beadaaa5ef091202625e941cd59310a,sync,False,2026-08-30T22:20:29+00:00
cyclone_idai_2019,2019-04-14__api-strong__schema_guided,machine,api-strong,api-strong/schema_guided,2019-04-14,food,Food security and assistance reach,present,1.0,0.9,ok,,107,cb823cd6,deepseek-v4-pro,d2b2c7494ef8e5124110e723a6bed108fa378c803be2a24fd553d737f93ea0a4,sync,False,2026-08-30T22:20:29+00:00
cyclone_idai_2019,2019-04-14__api-strong__schema_guided,machine,api-strong,api-strong/schema_guided,2019-04-14,funding,Funding status and donor contributions,partial,0.5,0.9,ok,,253,2ed967f8,deepseek-v4-pro,451dfe4143d0ebdb5e7579eb3db157fc16e4e240cf97bf98eaac2a01330e413d,sync,False,2026-08-30T22:20:29+00:00
cyclone_idai_2019,2019-04-14__api-strong__schema_guided,machine,api-strong,api-strong/schema_guided,2019-04-14,health,"Health, disease outbreak and nutrition",absent,0.0,0.95,ok,,0,,deepseek-v4-pro,ed71b8f47cdb53938e13a4bd21a0b205ade8f11419aaac4ff8800b2c0bbf0298,sync,False,2026-08-30T22:20:29+00:00
cyclone_idai_2019,2019-04-14__api-strong__schema_guided,machine,api-strong,api-strong/schema_guided,2019-04-14,needs_gaps,Sector needs and gaps,present,1.0,0.85,ok,,124,c252db96,deepseek-v4-pro,3aabc07d0744d1cb0cedd7e3445c269b93f33c4fe796baaca0477ba636925536,sync,False,2026-08-30T22:20:29+00:00
cyclone_idai_2019,2019-04-14__api-strong__schema_guided,machine,api-strong,api-strong/schema_guided,2019-04-14,response_actions,Sector response activities,present,1.0,0.95,ok,,143,bd916caa,deepseek-v4-pro,ee191584245577fff3beb9f1f80e82cff2e9c73222d1f1c9da0cbe3cf9cf4cbf,sync,False,2026-08-30T22:20:29+00:00
cyclone_idai_2019,2019-04-14__api-strong__schema_guided,machine,api-strong,api-strong/schema_guided,2019-04-14,shelter,Shelter and non-food items,partial,0.5,0.9,ok,,188,4268c987,deepseek-v4-pro,9586f74c34cc89513c3014b20fbbae56905cc00045ffc491fb33a0bf06283837,sync,False,2026-08-30T22:20:29+00:00
cyclone_idai_2019,2019-04-14__api-strong__schema_guided,machine,api-strong,api-strong/schema_guided,2019-04-14,sourcing,Sourcing and attribution,present,1.0,0.98,ok,,169,bf564454,deepseek-v4-pro,feecc86c909cb92f34ba627c73c923081ded8c4062f393ac1be2194525e36c41,sync,False,2026-08-30T22:20:29+00:00
cyclone_idai_2019,2019-04-14__api-strong__schema_guided,machine,api-strong,api-strong/schema_guided,2019-04-14,wash,WASH needs and response,partial,0.5,0.8,ok,,349,addd0991,deepseek-v4-pro,d6ab3566073a0a1545a53127b28c2ad33242d9ad0e19badb38526ed005109f19,sync,False,2026-08-30T22:20:29+00:00
cyclone_idai_2019,2019-04-15__api-fast__generic,machine,api-fast,api-fast/generic,2019-04-15,access,Access constraints,absent,0.0,0.95,ok,,0,,deepseek-v4-pro,b728cf2bc64ab518567c33f21bd60971d7e327edca528eecd682cbe9a337a773,sync,False,2026-08-30T22:20:29+00:00
cyclone_idai_2019,2019-04-15__api-fast__generic,machine,api-fast,api-fast/generic,2019-04-15,casualties,Casualty and affected-population figures,partial,0.5,0.8,ok,,190,cc6ae603,deepseek-v4-pro,30c775a9f00c798efecca3cd81ad75d49b9379ef26468b3dd0ab7c880ed269f3,sync,False,2026-08-30T22:20:29+00:00
cyclone_idai_2019,2019-04-15__api-fast__generic,machine,api-fast,api-fast/generic,2019-04-15,coordination,Coordination arrangements,partial,0.5,0.8,ok,,126,c3d76b56,deepseek-v4-pro,f4af9e09643a490a49528a327640c215ceca21f05891c19bad13f68f0383ba4e,sync,False,2026-08-30T22:20:29+00:00
cyclone_idai_2019,2019-04-15__api-fast__generic,machine,api-fast,api-fast/generic,2019-04-15,currency_and_metadata,Data currency and report metadata,partial,0.5,0.85,ok,,78,b6c9462a,deepseek-v4-pro,00eecb3835efaf851a6c9f18ddf94212a8faa1a9f95fbb74a541cfe663863cde,sync,False,2026-08-30T22:20:29+00:00
cyclone_idai_2019,2019-04-15__api-fast__generic,machine,api-fast,api-fast/generic,2019-04-15,damage,"Physical, economic and agricultural damage",partial,0.5,0.7,ok,,141,835cf3bb,deepseek-v4-pro,b294b3f758f4f9f517ac0b857b9d31ea23f456209d2792196277d73b4093dab5,sync,False,2026-08-30T22:20:29+00:00
cyclone_idai_2019,2019-04-15__api-fast__generic,machine,api-fast,api-fast/generic,2019-04-15,displacement,Displacement and accommodation sites,partial,0.5,0.8,ok,,202,28d557a4,deepseek-v4-pro,df44cb7930804c6787320361ef177721c630f67760e32e6b7ae142678347e477,sync,False,2026-08-30T22:20:29+00:00
cyclone_idai_2019,2019-04-15__api-fast__generic,machine,api-fast,api-fast/generic,2019-04-15,education,Education impact and response,partial,0.5,0.75,ok,,105,ae461256,deepseek-v4-pro,9230269e9e148ed42fe1b652f1647dd3e861b738be6bda9e26ec3844133bf054,sync,False,2026-08-30T22:20:29+00:00
cyclone_idai_2019,2019-04-15__api-fast__generic,machine,api-fast,api-fast/generic,2019-04-15,food,Food security and assistance reach,present,1.0,0.95,ok,,181,969fa11c,deepseek-v4-pro,d94be958bba006cbd1b3e0319d937e1e2cc5210f0386ea6274787961a93f8409,sync,False,2026-08-30T22:20:29+00:00
cyclone_idai_2019,2019-04-15__api-fast__generic,machine,api-fast,api-fast/generic,2019-04-15,funding,Funding status and donor contributions,present,1.0,0.85,ok,,168,e21673ad,deepseek-v4-pro,53d4bcafd92317592c6f7c46f75e9dc2f17106b688e0502185ea623474e227e2,sync,False,2026-08-30T22:20:29+00:00
cyclone_idai_2019,2019-04-15__api-fast__generic,machine,api-fast,api-fast/generic,2019-04-15,health,"Health, disease outbreak and nutrition",partial,0.5,0.8,ok,,143,57f2fd71,deepseek-v4-pro,3bcaf661a8de0596e2c31f5b129f3a64df136c177e96a6dfefa34561bb419e13,sync,False,2026-08-30T22:20:29+00:00
cyclone_idai_2019,2019-04-15__api-fast__generic,machine,api-fast,api-fast/generic,2019-04-15,needs_gaps,Sector needs and gaps,partial,0.5,0.75,ok,,213,21c1fb63,deepseek-v4-pro,3760e703d428d38e6aa0389c2c436ba7fd1128bfb00c915e7cdd0d604727acc4,sync,False,2026-08-30T22:20:29+00:00
cyclone_idai_2019,2019-04-15__api-fast__generic,machine,api-fast,api-fast/generic,2019-04-15,response_actions,Sector response activities,present,1.0,0.95,ok,,198,06e3c8ef,deepseek-v4-pro,dfa4390d88f9982499b4a01018f9502c0a6a70502d42ab533ff9f2df4f7a2d5f,sync,False,2026-08-30T22:20:29+00:00
cyclone_idai_2019,2019-04-15__api-fast__generic,machine,api-fast,api-fast/generic,2019-04-15,shelter,Shelter and non-food items,present,1.0,0.85,ok,,215,5256adf4,deepseek-v4-pro,75d14d6f934ed94b5f82d73a764a91e3711f26173c10d587561b7b11a0b4ef9a,sync,False,2026-08-30T22:20:29+00:00
cyclone_idai_2019,2019-04-15__api-fast__generic,machine,api-fast,api-fast/generic,2019-04-15,sourcing,Sourcing and attribution,present,1.0,0.95,ok,,243,25f33677,deepseek-v4-pro,3c13211ad94759a7756f605fbe39de31560c306544351ffb13bb2203f9fe7187,sync,False,2026-08-30T22:20:29+00:00
cyclone_idai_2019,2019-04-15__api-fast__generic,machine,api-fast,api-fast/generic,2019-04-15,wash,WASH needs and response,present,1.0,0.85,ok,,170,92b4a970,deepseek-v4-pro,0ccbad909abc909d2f707825b1087102410ae9a41a6c4514d2fbd3bcf5645208,sync,False,2026-08-30T22:20:29+00:00
cyclone_idai_2019,2019-04-15__api-fast__schema_guided,machine,api-fast,api-fast/schema_guided,2019-04-15,access,Access constraints,partial,0.5,0.85,ok,,160,503b9c84,deepseek-v4-pro,23671a98588ebcb29993aafe2aa2cc8bffbf08e3e9de830bd9673953d1136bc5,sync,False,2026-08-30T22:20:29+00:00
cyclone_idai_2019,2019-04-15__api-fast__schema_guided,machine,api-fast,api-fast/schema_guided,2019-04-15,casualties,Casualty and affected-population figures,present,1.0,0.85,ok,,183,4bb1efff,deepseek-v4-pro,6bef04df7ea1e75ec07ba0eb3a8aaab5e061191ac20c69ef40701feb06e62ea9,sync,False,2026-08-30T22:20:29+00:00
cyclone_idai_2019,2019-04-15__api-fast__schema_guided,machine,api-fast,api-fast/schema_guided,2019-04-15,coordination,Coordination arrangements,partial,0.5,0.8,ok,,304,257a4cdb,deepseek-v4-pro,738dbc71e47e6d2931bf0268973707681efca749e8d605a37f774262cb25387f,sync,False,2026-08-30T22:20:29+00:00
cyclone_idai_2019,2019-04-15__api-fast__schema_guided,machine,api-fast,api-fast/schema_guided,2019-04-15,currency_and_metadata,Data currency and report metadata,partial,0.5,0.95,ok,,262,948e6874,deepseek-v4-pro,0a5facde8923dcc44b231e386f8c2ce1627ffd1252f89dd62813983cfaeba1cc,sync,False,2026-08-30T22:20:29+00:00
cyclone_idai_2019,2019-04-15__api-fast__schema_guided,machine,api-fast,api-fast/schema_guided,2019-04-15,damage,"Physical, economic and agricultural damage",partial,0.5,0.85,ok,,181,4e0be222,deepseek-v4-pro,43dbb146622c61ce69ff4aa4c0b43cd055c6623602f908cb7c6eb4fc6ca20757,sync,False,2026-08-30T22:20:29+00:00
cyclone_idai_2019,2019-04-15__api-fast__schema_guided,machine,api-fast,api-fast/schema_guided,2019-04-15,displacement,Displacement and accommodation sites,partial,0.5,0.9,ok,,182,10b53c1a,deepseek-v4-pro,6db96827f7ecbf1c2858d0b42b8a20b4df1dd3eb77fda66ca36b0b5d7da96831,sync,False,2026-08-30T22:20:29+00:00
cyclone_idai_2019,2019-04-15__api-fast__schema_guided,machine,api-fast,api-fast/schema_guided,2019-04-15,education,Education impact and response,partial,0.5,0.8,ok,,206,64247e9b,deepseek-v4-pro,21b9c7c87475e645eed60abb7418832944817fa73cf0a0daea131f94d99af199,sync,False,2026-08-30T22:20:29+00:00
cyclone_idai_2019,2019-04-15__api-fast__schema_guided,machine,api-fast,api-fast/schema_guided,2019-04-15,food,Food security and assistance reach,present,1.0,0.95,ok,,220,f9d1fe48,deepseek-v4-pro,423adb0e8114b5cd19981d8feae6c4840ea855fa3d15ddb7af79e59c2b7668aa,sync,False,2026-08-30T22:20:29+00:00
cyclone_idai_2019,2019-04-15__api-fast__schema_guided,machine,api-fast,api-fast/schema_guided,2019-04-15,funding,Funding status and donor contributions,present,1.0,0.9,ok,,189,e2d6bfcd,deepseek-v4-pro,043e478246792a1b0caf7d9fe752ddbd4f47ba86476d9ac2891b40b85629c496,sync,False,2026-08-30T22:20:29+00:00
cyclone_idai_2019,2019-04-15__api-fast__schema_guided,machine,api-fast,api-fast/schema_guided,2019-04-15,health,"Health, disease outbreak and nutrition",partial,0.5,0.9,ok,,135,c3b21cf4,deepseek-v4-pro,298c21f34dcf1725c57ac0bc7760c1bf8b5455e000efa203f2f683f0512e2bd4,sync,False,2026-08-30T22:20:29+00:00
cyclone_idai_2019,2019-04-15__api-fast__schema_guided,machine,api-fast,api-fast/schema_guided,2019-04-15,needs_gaps,Sector needs and gaps,partial,0.5,0.8,ok,,286,69860d48,deepseek-v4-pro,6351153d7546f08d15debf68809a36beb2b39762209614bb0ca13520639dfeaf,sync,False,2026-08-30T22:20:29+00:00
cyclone_idai_2019,2019-04-15__api-fast__schema_guided,machine,api-fast,api-fast/schema_guided,2019-04-15,response_actions,Sector response activities,present,1.0,0.95,ok,,191,67297cd6,deepseek-v4-pro,7596b5b82c4572dbd03669d46e2d42da5140fd34dfa34cc3c84d75e03027f149,sync,False,2026-08-30T22:20:29+00:00
cyclone_idai_2019,2019-04-15__api-fast__schema_guided,machine,api-fast,api-fast/schema_guided,2019-04-15,shelter,Shelter and non-food items,present,1.0,0.85,ok,,199,f03aa564,deepseek-v4-pro,115771bbd9d1175e2a6623f356aa9a176e547928712f569a96f379c42b3a1867,sync,False,2026-08-30T22:20:29+00:00
cyclone_idai_2019,2019-04-15__api-fast__schema_guided,machine,api-fast,api-fast/schema_guided,2019-04-15,sourcing,Sourcing and attribution,present,1.0,1.0,ok,,319,9cfa0159,deepseek-v4-pro,582bdca0a97bca51443366de95755643925a8d7abfccbad477d3d3e66530f2f9,sync,False,2026-08-30T22:20:29+00:00
cyclone_idai_2019,2019-04-15__api-fast__schema_guided,machine,api-fast,api-fast/schema_guided,2019-04-15,wash,WASH needs and response,present,1.0,0.88,ok,,166,d439ac0e,deepseek-v4-pro,2bf6f17d80bd197b805c987ef6533141381e797486e83de508a584dfad4bdadf,sync,False,2026-08-30T22:20:29+00:00
cyclone_idai_2019,2019-04-15__api-strong__generic,machine,api-strong,api-strong/generic,2019-04-15,access,Access constraints,partial,0.5,0.9,ok,,115,65902bb3,deepseek-v4-pro,ba2fa6207838d57b284154399f2f9b5087964469cfe3506f62027c9996b27eaf,sync,False,2026-08-30T22:20:29+00:00
cyclone_idai_2019,2019-04-15__api-strong__generic,machine,api-strong,api-strong/generic,2019-04-15,casualties,Casualty and affected-population figures,partial,0.5,0.8,ok,,135,7e579cd9,deepseek-v4-pro,576f8cf60c356ccfaacba69069587410f1f1695b2e780948a16079ff3a0042ae,sync,False,2026-08-30T22:20:29+00:00
cyclone_idai_2019,2019-04-15__api-strong__generic,machine,api-strong,api-strong/generic,2019-04-15,coordination,Coordination arrangements,absent,0.0,0.97,ok,,0,,deepseek-v4-pro,9382d1726b1683dea40b62d8323a9d557396611f90119da3072aa2e285c0abfa,sync,False,2026-08-30T22:20:29+00:00
cyclone_idai_2019,2019-04-15__api-strong__generic,machine,api-strong,api-strong/generic,2019-04-15,currency_and_metadata,Data currency and report metadata,partial,0.5,0.85,ok,,144,493b1dd4,deepseek-v4-pro,618a95038eb922a1371b577801bf915e33529754604fa576d029493033f32f3b,sync,False,2026-08-30T22:20:29+00:00
cyclone_idai_2019,2019-04-15__api-strong__generic,machine,api-strong,api-strong/generic,2019-04-15,damage,"Physical, economic and agricultural damage",partial,0.5,0.85,ok,,45,264d25e9,deepseek-v4-pro,22c309ac5369cfa410f91b595e2fc35faa58871c4e6ec745d853f85773dc4fce,sync,False,2026-08-30T22:20:29+00:00
cyclone_idai_2019,2019-04-15__api-strong__generic,machine,api-strong,api-strong/generic,2019-04-15,displacement,Displacement and accommodation sites,partial,0.5,0.9,ok,,62,86a55a0a,deepseek-v4-pro,52f6800ea2127c9f298504a7fc589c43fb65a5adb44c1411c45f96e551de359d,sync,False,2026-08-30T22:20:29+00:00
cyclone_idai_2019,2019-04-15__api-strong__generic,machine,api-strong,api-strong/generic,2019-04-15,education,Education impact and response,partial,0.5,0.7,ok,,240,5c5fdc15,deepseek-v4-pro,a48096e956cf0469ced55e88049deecc70206601294f819a2c8711dd15d0de1c,sync,False,2026-08-30T22:20:29+00:00
cyclone_idai_2019,2019-04-15__api-strong__generic,machine,api-strong,api-strong/generic,2019-04-15,food,Food security and assistance reach,present,1.0,0.95,ok,,127,0c3f550e,deepseek-v4-pro,5c473f134f432d723d623c1567fdc4ebc2a2005c277d5cbd867e82695b9ee350,sync,False,2026-08-30T22:20:29+00:00
cyclone_idai_2019,2019-04-15__api-strong__generic,machine,api-strong,api-strong/generic,2019-04-15,funding,Funding status and donor contributions,present,1.0,0.9,ok,,137,0abcfa33,deepseek-v4-pro,a1ca10ead5ea959ac11b254c8b5743c0e6adfe4309ecce4826b08900606b8dae,sync,False,2026-08-30T22:20:29+00:00
cyclone_idai_2019,2019-04-15__api-strong__generic,machine,api-strong,api-strong/generic,2019-04-15,health,"Health, disease outbreak and nutrition",partial,0.5,0.9,ok,,250,1d35ab93,deepseek-v4-pro,e42ec77b0530f22921f22111cc35a951c590269f5a810bc8c0e334cd79674d51,sync,False,2026-08-30T22:20:29+00:00
cyclone_idai_2019,2019-04-15__api-strong__generic,machine,api-strong,api-strong/generic,2019-04-15,needs_gaps,Sector needs and gaps,present,1.0,0.85,ok,,168,6ee16d42,deepseek-v4-pro,b2a773590752fef68efc129c78401303b8420f93d172f99b61c0dbaf95804aac,sync,False,2026-08-30T22:20:29+00:00
cyclone_idai_2019,2019-04-15__api-strong__generic,machine,api-strong,api-strong/generic,2019-04-15,response_actions,Sector response activities,present,1.0,0.95,ok,,127,0c3f550e,deepseek-v4-pro,620e820c71634cbaf79d283786e57d8545041641015d7402ed49dc8997f445e4,sync,False,2026-08-30T22:20:29+00:00
cyclone_idai_2019,2019-04-15__api-strong__generic,machine,api-strong,api-strong/generic,2019-04-15,shelter,Shelter and non-food items,present,1.0,0.8,ok,,92,e23a4afd,deepseek-v4-pro,914ac64ffde133ccc8517361f46b0e18d402e6e6dc127f5c7a2fc8ba4030e222,sync,False,2026-08-30T22:20:29+00:00
cyclone_idai_2019,2019-04-15__api-strong__generic,machine,api-strong,api-strong/generic,2019-04-15,sourcing,Sourcing and attribution,present,1.0,0.9,ok,,99,9809a34d,deepseek-v4-pro,202f6d89ddb53fe3734e9c5f020de449483be6e4007b996d43072965cbe7abea,sync,False,2026-08-30T22:20:29+00:00
cyclone_idai_2019,2019-04-15__api-strong__generic,machine,api-strong,api-strong/generic,2019-04-15,wash,WASH needs and response,partial,0.5,0.82,ok,,177,b32152f5,deepseek-v4-pro,3819f9ced76090c0dd8cfc6a649c724470e5640fa374f86a03deb13eced79b01,sync,False,2026-08-30T22:20:29+00:00
cyclone_idai_2019,2019-04-15__api-strong__schema_guided,machine,api-strong,api-strong/schema_guided,2019-04-15,access,Access constraints,partial,0.5,0.75,ok,,189,224e8275,deepseek-v4-pro,789c9e3700e3d199949f7ec918d6a0fc988eb2155453cc581b86b308a073cd5a,sync,False,2026-08-30T22:20:29+00:00
cyclone_idai_2019,2019-04-15__api-strong__schema_guided,machine,api-strong,api-strong/schema_guided,2019-04-15,casualties,Casualty and affected-population figures,present,1.0,0.9,ok,,135,102926c1,deepseek-v4-pro,f59df49dec8e967a046d525bd924fa68388223d7c0501db75e6a7ecef3dd6378,sync,False,2026-08-30T22:20:29+00:00
cyclone_idai_2019,2019-04-15__api-strong__schema_guided,machine,api-strong,api-strong/schema_guided,2019-04-15,coordination,Coordination arrangements,partial,0.5,0.72,ok,,298,a7773207,deepseek-v4-pro,60148bde0eb4fe29e43c468d39f2a114ccc0be10cbc4cc7edadfa74a7f2f89a7,sync,False,2026-08-30T22:20:29+00:00
cyclone_idai_2019,2019-04-15__api-strong__schema_guided,machine,api-strong,api-strong/schema_guided,2019-04-15,currency_and_metadata,Data currency and report metadata,partial,0.5,0.9,ok,,140,6b3c4841,deepseek-v4-pro,27efd25b738f1c1087fdc54d48c1b41017dc7cca75734608def1579a5cfc3985,sync,False,2026-08-30T22:20:29+00:00
cyclone_idai_2019,2019-04-15__api-strong__schema_guided,machine,api-strong,api-strong/schema_guided,2019-04-15,damage,"Physical, economic and agricultural damage",partial,0.5,0.8,ok,,127,69c590df,deepseek-v4-pro,9ebb3684652e6938899b88aec8aacc17b8034b1f4233c91e3bf4c65263ce9b56,sync,False,2026-08-30T22:20:29+00:00
cyclone_idai_2019,2019-04-15__api-strong__schema_guided,machine,api-strong,api-strong/schema_guided,2019-04-15,displacement,Displacement and accommodation sites,partial,0.5,0.9,ok,,147,d3feda14,deepseek-v4-pro,ca45faac74dae8904ecbdf311b602cb1f73d48711a5e66886aa4a02f212d82f1,sync,False,2026-08-30T22:20:29+00:00
cyclone_idai_2019,2019-04-15__api-strong__schema_guided,machine,api-strong,api-strong/schema_guided,2019-04-15,education,Education impact and response,partial,0.5,0.8,ok,,205,703c0a0d,deepseek-v4-pro,fdf82d499170409b68d452a80d26b08cb9c4bcfe788f0767d95e2ef2e726ab91,sync,False,2026-08-30T22:20:29+00:00
cyclone_idai_2019,2019-04-15__api-strong__schema_guided,machine,api-strong,api-strong/schema_guided,2019-04-15,food,Food security and assistance reach,present,1.0,0.95,ok,,203,3c29ea61,deepseek-v4-pro,8aa92761f62fd42eec290abdf109bad6ba19cbcaf7093f112394052f3fd72e7e,sync,False,2026-08-30T22:20:29+00:00
cyclone_idai_2019,2019-04-15__api-strong__schema_guided,machine,api-strong,api-strong/schema_guided,2019-04-15,funding,Funding status and donor contributions,present,1.0,0.85,ok,,250,fc75aac4,deepseek-v4-pro,a1f818190e50ea69aaf4455a6ed1813df659c235bd4c7c8134944875a1f711b4,sync,False,2026-08-30T22:20:29+00:00
cyclone_idai_2019,2019-04-15__api-strong__schema_guided,machine,api-strong,api-strong/schema_guided,2019-04-15,health,"Health, disease outbreak and nutrition",partial,0.5,0.9,ok,,194,a9211f4e,deepseek-v4-pro,6969171a4266390b986af55c2e086013942a9f1c310862ef9327d5af254470a1,sync,False,2026-08-30T22:20:29+00:00
cyclone_idai_2019,2019-04-15__api-strong__schema_guided,machine,api-strong,api-strong/schema_guided,2019-04-15,needs_gaps,Sector needs and gaps,present,1.0,0.9,ok,,216,1d6fdcf4,deepseek-v4-pro,30a2db559584601594b821947348f24d51e3ac2a1817553e4f655c76ed2d47cf,sync,False,2026-08-30T22:20:29+00:00
cyclone_idai_2019,2019-04-15__api-strong__schema_guided,machine,api-strong,api-strong/schema_guided,2019-04-15,response_actions,Sector response activities,present,1.0,1.0,ok,,146,65a08e95,deepseek-v4-pro,a4493d1dea425e9893f90bf27f7c8a892ed3d5911e59755bcd6d30e0929be8bf,sync,False,2026-08-30T22:20:29+00:00
cyclone_idai_2019,2019-04-15__api-strong__schema_guided,machine,api-strong,api-strong/schema_guided,2019-04-15,shelter,Shelter and non-food items,present,1.0,0.9,ok,,259,d426f72f,deepseek-v4-pro,dcce2b76c02d44962e7053b7dd8f8cb66c904568d3c86707cfb4e311fcd5684c,sync,False,2026-08-30T22:20:29+00:00
cyclone_idai_2019,2019-04-15__api-strong__schema_guided,machine,api-strong,api-strong/schema_guided,2019-04-15,sourcing,Sourcing and attribution,present,1.0,1.0,ok,,168,ac0e0dc4,deepseek-v4-pro,8bf437ec403c6815d4cfdf0884c903ae5e292274a6ef79d756198a42ed0896fd,sync,False,2026-08-30T22:20:29+00:00
cyclone_idai_2019,2019-04-15__api-strong__schema_guided,machine,api-strong,api-strong/schema_guided,2019-04-15,wash,WASH needs and response,present,1.0,0.9,ok,,223,c056440f,deepseek-v4-pro,732a2920831f46f97b367028eb47c875447ce9aced897af9c4b24da5c45b1393,sync,False,2026-08-30T22:20:29+00:00
