event,sitrep_id,kind,model,arm,date,slot_id,slot_name,verdict,score,confidence,status,note,evidence_chars,evidence_sha8,judge_model,request_hash,mode,cached,judged_at
cyclone-idai-2019,manual-cyclone-idai-2019-sa-cyclone-and-flooding-snapshot-11032019-pdf,human,,human,2019-03-11,currency_and_metadata,Data currency and report metadata,present,1.0,1.0,ok,,105,0945a320,qwen/qwen3.8-flash,47972065445914867058e7c231c2223ba4438c1190280a3cfe05fb441049f5e3,cache,True,2026-08-31T01:12:33+00:00
cyclone-idai-2019,manual-cyclone-idai-2019-sa-cyclone-and-flooding-snapshot-11032019-pdf,human,,human,2019-03-11,sourcing,Sourcing and attribution,present,1.0,1.0,ok,,117,012b31a1,qwen/qwen3.8-flash,3cfbee5d76cfc5733b2b2e4fae1ded0cbaba0e962ebac80053ef2c3b178f1a4d,cache,True,2026-08-31T01:12:33+00:00
cyclone-idai-2019,manual-cyclone-idai-2019-sa-cyclone-and-flooding-snapshot-11032019-pdf,human,,human,2019-03-11,casualties,Casualty and affected-population figures,present,1.0,1.0,ok,,172,200b4a77,qwen/qwen3.8-flash,1e84a739e42fe3d5dc4911b7777048dc48bbdd3480ab127dfaeaaec4201a8cc0,cache,True,2026-08-31T01:12:33+00:00
cyclone-idai-2019,manual-cyclone-idai-2019-sa-cyclone-and-flooding-snapshot-11032019-pdf,human,,human,2019-03-11,displacement,Displacement and accommodation sites,,,,invalid,unparsable JSON (empty output),0,,qwen/qwen3.8-flash,a2abe51868abe9236e9417e90b47c390f2357ab3e258f125bcd17fb8a3735fb5,cache,True,2026-08-31T01:12:33+00:00
cyclone-idai-2019,manual-cyclone-idai-2019-sa-cyclone-and-flooding-snapshot-11032019-pdf,human,,human,2019-03-11,health,"Health, disease outbreak and nutrition",absent,0.0,1.0,ok,,0,,qwen/qwen3.8-flash,66897bc92553462ff6328133c7aa27df3670213dc937492c62eec197f35f1818,cache,True,2026-08-31T01:12:33+00:00
cyclone-idai-2019,manual-cyclone-idai-2019-sa-cyclone-and-flooding-snapshot-11032019-pdf,human,,human,2019-03-11,damage,"Physical, economic and agricultural damage",present,1.0,1.0,ok,,172,3714da79,qwen/qwen3.8-flash,be9873359c57d8ca5050af86e291f825c22566e490167c0819b9413e6b6391a3,cache,True,2026-08-31T01:12:33+00:00
cyclone-idai-2019,manual-cyclone-idai-2019-sa-cyclone-and-flooding-snapshot-11032019-pdf,human,,human,2019-03-11,funding,Funding status and donor contributions,absent,0.0,1.0,ok,,0,,qwen/qwen3.8-flash,1dec438d3cb22fdbfb6d9d3e940172fc3151812c3d172a4c42ad8cac94836d27,cache,True,2026-08-31T01:12:33+00:00
cyclone-idai-2019,manual-cyclone-idai-2019-sa-cyclone-and-flooding-snapshot-11032019-pdf,human,,human,2019-03-11,education,Education impact and response,present,1.0,1.0,ok,,165,bc4db1bc,qwen/qwen3.8-flash,a7cdd77c85aa44e5ad70e9b7c2b5177fdcfb088e582e9bc08fe40879d173ba97,cache,True,2026-08-31T01:12:33+00:00
cyclone-idai-2019,manual-cyclone-idai-2019-sa-cyclone-and-flooding-snapshot-11032019-pdf,human,,human,2019-03-11,wash,WASH needs and response,partial,0.5,0.95,ok,,105,3d3eb4c9,qwen/qwen3.8-flash,4e15e5365bd4e58508fd7bcd539da7c46742b5ac2a87fe1b9901290f8d897798,cache,True,2026-08-31T01:12:33+00:00
cyclone-idai-2019,manual-cyclone-idai-2019-sa-cyclone-and-flooding-snapshot-11032019-pdf,human,,human,2019-03-11,food,Food security and assistance reach,partial,0.5,0.9,ok,,102,c6859b46,qwen/qwen3.8-flash,24a1ec21b0323f4b4af21d2717b0a111b1d0e42694601fe974bffc2207ccd770,cache,True,2026-08-31T01:12:33+00:00
cyclone-idai-2019,manual-cyclone-idai-2019-sa-cyclone-and-flooding-snapshot-11032019-pdf,human,,human,2019-03-11,access,Access constraints,partial,0.5,0.95,ok,,152,e73bbecd,qwen/qwen3.8-flash,e052b6f58272753b8be93700a4626ed9d3b073e08836a82490c7d35be9321a5f,sync,False,2026-08-31T01:12:33+00:00
cyclone-idai-2019,manual-cyclone-idai-2019-sa-cyclone-and-flooding-snapshot-11032019-pdf,human,,human,2019-03-11,coordination,Coordination arrangements,present,1.0,0.95,ok,,153,4954c234,qwen/qwen3.8-flash,b09c42ab949d32e93be2620cc5b2c30cb66dd5c380dc417401f5b4cee384293c,sync,False,2026-08-31T01:12:33+00:00
cyclone-idai-2019,manual-cyclone-idai-2019-sa-cyclone-and-flooding-snapshot-11032019-pdf,human,,human,2019-03-11,needs_gaps,Sector needs and gaps,partial,0.5,0.95,ok,,152,e73bbecd,qwen/qwen3.8-flash,9eaaac11fdd511317c0bc0d2e25f3e57e07002d2c33d636782aa7d2a846928d5,sync,False,2026-08-31T01:12:33+00:00
cyclone-idai-2019,manual-cyclone-idai-2019-sa-cyclone-and-flooding-snapshot-11032019-pdf,human,,human,2019-03-11,response_actions,Sector response activities,partial,0.5,0.95,ok,,179,ad8e57e6,qwen/qwen3.8-flash,bea782b92108df9882101f3c0967d7b9180a30a3c561048af7503ffd26f341f8,sync,False,2026-08-31T01:12:33+00:00
cyclone-idai-2019,manual-cyclone-idai-2019-sa-cyclone-and-flooding-snapshot-11032019-pdf,human,,human,2019-03-11,shelter,Shelter and non-food items,partial,0.5,0.95,ok,,152,e73bbecd,qwen/qwen3.8-flash,4ee53a74a3320185368631955642e01e6bcdb7363c4783496f55123f037de231,sync,False,2026-08-31T01:12:33+00:00
cyclone-idai-2019,manual-cyclone-idai-2019-sa-cyclone-and-flooding-snapshot-12032019-pdf,human,,human,2019-03-12,currency_and_metadata,Data currency and report metadata,present,1.0,1.0,ok,,107,1120ac44,qwen/qwen3.8-flash,442ea05db7e1d7ef04d59d2d3baee9b804f35284c7b9294b507584c704db9649,sync,False,2026-08-31T01:12:33+00:00
cyclone-idai-2019,manual-cyclone-idai-2019-sa-cyclone-and-flooding-snapshot-12032019-pdf,human,,human,2019-03-12,sourcing,Sourcing and attribution,present,1.0,1.0,ok,,192,2ae4aafc,qwen/qwen3.8-flash,919811a3539ec3bbce8819f21f75f8fe57c8963a1922ad35406d1896179da6df,sync,False,2026-08-31T01:12:33+00:00
cyclone-idai-2019,manual-cyclone-idai-2019-sa-cyclone-and-flooding-snapshot-12032019-pdf,human,,human,2019-03-12,casualties,Casualty and affected-population figures,present,1.0,1.0,ok,,137,27a27e40,qwen/qwen3.8-flash,89a934b5da37735533cfe98a03918f68d2dae731efef04170631b80f1e4ee983,sync,False,2026-08-31T01:12:33+00:00
cyclone-idai-2019,manual-cyclone-idai-2019-sa-cyclone-and-flooding-snapshot-12032019-pdf,human,,human,2019-03-12,displacement,Displacement and accommodation sites,present,1.0,0.95,ok,,144,fcd30332,qwen/qwen3.8-flash,84b9283de66785ca6ecc54f81241221d4535b7ee6f953cb56a244afd965dbc4d,sync,False,2026-08-31T01:12:33+00:00
cyclone-idai-2019,manual-cyclone-idai-2019-sa-cyclone-and-flooding-snapshot-12032019-pdf,human,,human,2019-03-12,health,"Health, disease outbreak and nutrition",absent,0.0,0.9,ok,,0,,qwen/qwen3.8-flash,0fef7ace89e0fe5ddd8faf73a9af9d17ce046d66eab76c636fd76ddbe8d31457,sync,False,2026-08-31T01:12:33+00:00
cyclone-idai-2019,manual-cyclone-idai-2019-sa-cyclone-and-flooding-snapshot-12032019-pdf,human,,human,2019-03-12,damage,"Physical, economic and agricultural damage",present,1.0,1.0,ok,,160,98de5933,qwen/qwen3.8-flash,86251190622dce9b77ce02106a6bdd273db1fbededd83fcd403adfe919758a3a,sync,False,2026-08-31T01:12:33+00:00
cyclone-idai-2019,manual-cyclone-idai-2019-sa-cyclone-and-flooding-snapshot-12032019-pdf,human,,human,2019-03-12,funding,Funding status and donor contributions,present,1.0,1.0,ok,,175,fe23f8d7,qwen/qwen3.8-flash,2da97e871778dffe853d2f2f94c0316a9a59e396fc925cb418f845616f034812,sync,False,2026-08-31T01:12:33+00:00
cyclone-idai-2019,manual-cyclone-idai-2019-sa-cyclone-and-flooding-snapshot-12032019-pdf,human,,human,2019-03-12,education,Education impact and response,partial,0.5,1.0,ok,,22,5a543e7f,qwen/qwen3.8-flash,d0cc536c0f8bfc77e1052cb02e3b5f06c5c6f34438eb46273d8b341b78d89fc8,sync,False,2026-08-31T01:12:33+00:00
cyclone-idai-2019,manual-cyclone-idai-2019-sa-cyclone-and-flooding-snapshot-12032019-pdf,human,,human,2019-03-12,wash,WASH needs and response,partial,0.5,0.95,ok,,101,0b45e167,qwen/qwen3.8-flash,cd7cd230b18e55b9b4fff2422744c1a288ba26cab1fb9918bfdee55f0e162bd0,sync,False,2026-08-31T01:12:33+00:00
cyclone-idai-2019,manual-cyclone-idai-2019-sa-cyclone-and-flooding-snapshot-12032019-pdf,human,,human,2019-03-12,food,Food security and assistance reach,partial,0.5,1.0,ok,,206,09486f59,qwen/qwen3.8-flash,b3a880985b7378ad28d20d334e4677b8337edf14ceb254f9f6a4bbd2edbf2d81,sync,False,2026-08-31T01:12:33+00:00
cyclone-idai-2019,manual-cyclone-idai-2019-sa-cyclone-and-flooding-snapshot-12032019-pdf,human,,human,2019-03-12,access,Access constraints,,,,invalid,unparsable JSON (empty output),0,,qwen/qwen3.8-flash,45a9e61fcf682abd3a9c178674b1e152fb04b9419fa909ee15492c4674abdbfa,sync,False,2026-08-31T01:12:33+00:00
cyclone-idai-2019,manual-cyclone-idai-2019-sa-cyclone-and-flooding-snapshot-12032019-pdf,human,,human,2019-03-12,coordination,Coordination arrangements,partial,0.5,0.95,ok,,141,30e1c3db,qwen/qwen3.8-flash,56d335605d0dcd96353313c0fe731c9c769315d652f2af130b437fb180295e11,sync,False,2026-08-31T01:12:33+00:00
cyclone-idai-2019,manual-cyclone-idai-2019-sa-cyclone-and-flooding-snapshot-12032019-pdf,human,,human,2019-03-12,needs_gaps,Sector needs and gaps,partial,0.5,0.95,ok,,101,0b45e167,qwen/qwen3.8-flash,6be52dc6cd66d9287b36b8bb0c0b5f60eb2a40c681e80e06da1293823b6dc80d,sync,False,2026-08-31T01:12:33+00:00
cyclone-idai-2019,manual-cyclone-idai-2019-sa-cyclone-and-flooding-snapshot-12032019-pdf,human,,human,2019-03-12,response_actions,Sector response activities,present,1.0,0.95,ok,,176,be6637df,qwen/qwen3.8-flash,0e63725d88830a31cee16a8bbd5c161501e89753ab53f738f42a412e8cb5dde6,sync,False,2026-08-31T01:12:33+00:00
cyclone-idai-2019,manual-cyclone-idai-2019-sa-cyclone-and-flooding-snapshot-12032019-pdf,human,,human,2019-03-12,shelter,Shelter and non-food items,partial,0.5,0.95,ok,,112,7aca836e,qwen/qwen3.8-flash,0bff97e0250730066cff2667d5a5a5cce06cacce16d41f5b654b98e58b5bc83d,sync,False,2026-08-31T01:12:33+00:00
cyclone-idai-2019,manual-cyclone-idai-2019-mdrmz014do-pdf,human,,human,2019-03-14,currency_and_metadata,Data currency and report metadata,,,,invalid,unparsable JSON (empty output),0,,qwen/qwen3.8-flash,d3d76dda5027360d479529706eec2c5c892c6f0cb13fa51bcc3a9c3341e35eea,sync,False,2026-08-31T01:12:33+00:00
cyclone-idai-2019,manual-cyclone-idai-2019-mdrmz014do-pdf,human,,human,2019-03-14,sourcing,Sourcing and attribution,present,1.0,1.0,ok,,107,711d495d,qwen/qwen3.8-flash,ddb5a72d5225cc4ad02f0c31ca85a9ede2e10b0eae4535ad62297b6a2872cca7,sync,False,2026-08-31T01:12:33+00:00
cyclone-idai-2019,manual-cyclone-idai-2019-mdrmz014do-pdf,human,,human,2019-03-14,casualties,Casualty and affected-population figures,present,1.0,1.0,ok,,159,20d1bf4c,qwen/qwen3.8-flash,a425043ba4c046eb382f782e1e576bf48ef235f0591c3e6c48823a9ab782f78c,sync,False,2026-08-31T01:12:33+00:00
cyclone-idai-2019,manual-cyclone-idai-2019-mdrmz014do-pdf,human,,human,2019-03-14,displacement,Displacement and accommodation sites,present,1.0,1.0,ok,,147,3c672846,qwen/qwen3.8-flash,de2fa41c00267a298e2c6a3420791af972b74fc214c715336981d451be8efe7b,sync,False,2026-08-31T01:12:33+00:00
cyclone-idai-2019,manual-cyclone-idai-2019-mdrmz014do-pdf,human,,human,2019-03-14,health,"Health, disease outbreak and nutrition",absent,0.0,1.0,ok,,0,,qwen/qwen3.8-flash,ccb7de31580aa98f975c416cbe1319a9d45e9f96200269e7d29e342425c3f803,sync,False,2026-08-31T01:12:33+00:00
cyclone-idai-2019,manual-cyclone-idai-2019-mdrmz014do-pdf,human,,human,2019-03-14,damage,"Physical, economic and agricultural damage",,,,invalid,unparsable JSON (empty output),0,,qwen/qwen3.8-flash,181031c08495199365004b319dfbfc2dde3cc46a7513e6fabdc985b7a504e9b6,sync,False,2026-08-31T01:12:33+00:00
cyclone-idai-2019,manual-cyclone-idai-2019-mdrmz014do-pdf,human,,human,2019-03-14,funding,Funding status and donor contributions,,,,invalid,unparsable JSON (empty output),0,,qwen/qwen3.8-flash,80c2ba4f5bb266d908b05bf2ea24fc3755dbc1330a2fab71faf87e27cf48cd8e,sync,False,2026-08-31T01:12:33+00:00
cyclone-idai-2019,manual-cyclone-idai-2019-mdrmz014do-pdf,human,,human,2019-03-14,education,Education impact and response,absent,0.0,1.0,ok,,0,,qwen/qwen3.8-flash,a65ef63cbc03e1519a6694c610df062fa8863a101552b1d0299fcddb33ebf52e,sync,False,2026-08-31T01:12:33+00:00
cyclone-idai-2019,manual-cyclone-idai-2019-mdrmz014do-pdf,human,,human,2019-03-14,wash,WASH needs and response,,,,invalid,unparsable JSON (empty output),0,,qwen/qwen3.8-flash,c6634d7ecddc17ba633ed8a479e77cd4a029873a839e7089f1d57c9e050c13d1,sync,False,2026-08-31T01:12:33+00:00
cyclone-idai-2019,manual-cyclone-idai-2019-mdrmz014do-pdf,human,,human,2019-03-14,food,Food security and assistance reach,partial,0.5,0.95,ok,,174,66ae4cb5,qwen/qwen3.8-flash,67761ac04c278323d71c8bbe839dc38c399762b41ed83c36e6c360e234474b21,sync,False,2026-08-31T01:12:33+00:00
cyclone-idai-2019,manual-cyclone-idai-2019-mdrmz014do-pdf,human,,human,2019-03-14,access,Access constraints,partial,0.5,0.95,ok,,88,e99779d7,qwen/qwen3.8-flash,2a4dbf3ef6743db73e585f4da5557b3d233d7a39cfc5b8f99facd59876b95896,sync,False,2026-08-31T01:12:33+00:00
cyclone-idai-2019,manual-cyclone-idai-2019-mdrmz014do-pdf,human,,human,2019-03-14,coordination,Coordination arrangements,present,1.0,0.95,ok,,201,3ddbeb5a,qwen/qwen3.8-flash,2109f2a9b8883e77f1f2fc35b3c0b9c7dbc85288d9c29d553ab7c079f7907791,sync,False,2026-08-31T01:12:33+00:00
cyclone-idai-2019,manual-cyclone-idai-2019-mdrmz014do-pdf,human,,human,2019-03-14,needs_gaps,Sector needs and gaps,present,1.0,0.95,ok,,262,3f67eb97,qwen/qwen3.8-flash,6607d8a58ef53ac7e32d145021e59b14c9c6c12fce1a28a51b65a69baeaf4858,sync,False,2026-08-31T01:12:33+00:00
cyclone-idai-2019,manual-cyclone-idai-2019-mdrmz014do-pdf,human,,human,2019-03-14,response_actions,Sector response activities,present,1.0,0.95,ok,,182,5cd283b6,qwen/qwen3.8-flash,da0325ae9f06a8fad66adfcb319a7de47745fa635f7d525e62499196afbb5adc,sync,False,2026-08-31T01:12:33+00:00
cyclone-idai-2019,manual-cyclone-idai-2019-mdrmz014do-pdf,human,,human,2019-03-14,shelter,Shelter and non-food items,present,1.0,1.0,ok,,115,56a95db7,qwen/qwen3.8-flash,f0d58c7d8a32c3647d748784df11ce0a4f7629b5d39bcf997143d7da2d29c123,sync,False,2026-08-31T01:12:33+00:00
cyclone-idai-2019,manual-cyclone-idai-2019-mozambique-tropical-cyclones-idai-and-kenneth-emergency-appeal,human,,human,2019-03-14,currency_and_metadata,Data currency and report metadata,present,1.0,1.0,ok,,168,c5419f22,qwen/qwen3.8-flash,93212495bd37b8e2360a91880ae4422853e29e88ad031c069ac376c8004e7a3c,sync,False,2026-08-31T01:12:33+00:00
cyclone-idai-2019,manual-cyclone-idai-2019-mozambique-tropical-cyclones-idai-and-kenneth-emergency-appeal,human,,human,2019-03-14,sourcing,Sourcing and attribution,present,1.0,1.0,ok,,195,68419025,qwen/qwen3.8-flash,f4a629c44daa27d5ee7ef60250ad8eb247d149acd8a6120b3af52dc5f7718840,sync,False,2026-08-31T01:12:33+00:00
cyclone-idai-2019,manual-cyclone-idai-2019-mozambique-tropical-cyclones-idai-and-kenneth-emergency-appeal,human,,human,2019-03-14,casualties,Casualty and affected-population figures,present,1.0,0.95,ok,,120,d79efe49,qwen/qwen3.8-flash,03c8490ac134f9ab0a68027e0708f987c25b0273484f5be3b6506eb53db41a40,sync,False,2026-08-31T01:12:33+00:00
cyclone-idai-2019,manual-cyclone-idai-2019-mozambique-tropical-cyclones-idai-and-kenneth-emergency-appeal,human,,human,2019-03-14,displacement,Displacement and accommodation sites,present,1.0,1.0,ok,,211,5ca3a417,qwen/qwen3.8-flash,3c942a9b8d8a47e53298358d482aa1f90ff52d36b7a0f05e4b30a97a2c4e3771,sync,False,2026-08-31T01:12:33+00:00
cyclone-idai-2019,manual-cyclone-idai-2019-mozambique-tropical-cyclones-idai-and-kenneth-emergency-appeal,human,,human,2019-03-14,health,"Health, disease outbreak and nutrition",present,1.0,1.0,ok,,158,6cafb9f9,qwen/qwen3.8-flash,2cd183be66d750dce8f0940c336539b0dced12ca152451826f9338111bc26d60,sync,False,2026-08-31T01:12:33+00:00
cyclone-idai-2019,manual-cyclone-idai-2019-mozambique-tropical-cyclones-idai-and-kenneth-emergency-appeal,human,,human,2019-03-14,damage,"Physical, economic and agricultural damage",present,1.0,0.95,ok,,224,94e0642f,qwen/qwen3.8-flash,cbd590d7d81f68748544a18d2952c4ed7c6d496356f6e5b9854efb54f4e7ec06,sync,False,2026-08-31T01:12:33+00:00
cyclone-idai-2019,manual-cyclone-idai-2019-mozambique-tropical-cyclones-idai-and-kenneth-emergency-appeal,human,,human,2019-03-14,funding,Funding status and donor contributions,present,1.0,1.0,ok,,160,45c71949,qwen/qwen3.8-flash,ba222d91032ef91e26fcbefc8ff343043d44ecedc43ebd39b77e9881c62ecce7,sync,False,2026-08-31T01:12:33+00:00
cyclone-idai-2019,manual-cyclone-idai-2019-mozambique-tropical-cyclones-idai-and-kenneth-emergency-appeal,human,,human,2019-03-14,education,Education impact and response,absent,0.0,1.0,ok,,0,,qwen/qwen3.8-flash,155c9fb5622f6a102435063f596d225d6a3d181c2430a4431ed2858cf03725f3,sync,False,2026-08-31T01:12:33+00:00
cyclone-idai-2019,manual-cyclone-idai-2019-mozambique-tropical-cyclones-idai-and-kenneth-emergency-appeal,human,,human,2019-03-14,wash,WASH needs and response,present,1.0,1.0,ok,,186,e9406ce0,qwen/qwen3.8-flash,e7a4ffcc4e54406d717f87f4f764815252e21531f629cfc57a259f7643c68165,sync,False,2026-08-31T01:12:33+00:00
cyclone-idai-2019,manual-cyclone-idai-2019-mozambique-tropical-cyclones-idai-and-kenneth-emergency-appeal,human,,human,2019-03-14,food,Food security and assistance reach,partial,0.5,0.95,ok,,159,4dd1f797,qwen/qwen3.8-flash,08f0339a52446522a8e37d12e0b40b0192300febb08b8b87170777b82f6287b1,sync,False,2026-08-31T01:12:33+00:00
cyclone-idai-2019,manual-cyclone-idai-2019-mozambique-tropical-cyclones-idai-and-kenneth-emergency-appeal,human,,human,2019-03-14,access,Access constraints,partial,0.5,0.95,ok,,109,e5d3a303,qwen/qwen3.8-flash,724e8f7f6fcb121641a3652ebad02164bb33eb89a8cea45de498f5eadd0bdd7a,sync,False,2026-08-31T01:12:33+00:00
cyclone-idai-2019,manual-cyclone-idai-2019-mozambique-tropical-cyclones-idai-and-kenneth-emergency-appeal,human,,human,2019-03-14,coordination,Coordination arrangements,present,1.0,0.95,ok,,191,53c5fdb7,qwen/qwen3.8-flash,fea6fab28c7335bdc5d79df5baef85ee7a69449df8f4ca62efb5ec3b90c7f59e,sync,False,2026-08-31T01:12:33+00:00
cyclone-idai-2019,manual-cyclone-idai-2019-mozambique-tropical-cyclones-idai-and-kenneth-emergency-appeal,human,,human,2019-03-14,needs_gaps,Sector needs and gaps,,,,invalid,unparsable JSON (empty output),0,,qwen/qwen3.8-flash,23577fce70efd0c7967a1509b270bfd8383e128004d0e7c1e2b2bb3dde867db5,sync,False,2026-08-31T01:12:33+00:00
cyclone-idai-2019,manual-cyclone-idai-2019-mozambique-tropical-cyclones-idai-and-kenneth-emergency-appeal,human,,human,2019-03-14,response_actions,Sector response activities,present,1.0,1.0,ok,,201,86fd9ae2,qwen/qwen3.8-flash,3ace272b60642e5718b7eada7f7b313df44028ddfc764aeafd0c3e3783d8d6cf,sync,False,2026-08-31T01:12:33+00:00
cyclone-idai-2019,manual-cyclone-idai-2019-mozambique-tropical-cyclones-idai-and-kenneth-emergency-appeal,human,,human,2019-03-14,shelter,Shelter and non-food items,present,1.0,0.95,ok,,215,da754ad5,qwen/qwen3.8-flash,38b1d96f43b5dc93a7ccd604bd54582ead3a4092f97b49e4b9e76ab620d979f3,sync,False,2026-08-31T01:12:33+00:00
cyclone-idai-2019,manual-cyclone-idai-2019-rosea-20190315-mozambique-cycloneidai-flashupdate-1-pdf,human,,human,2019-03-15,currency_and_metadata,Data currency and report metadata,present,1.0,1.0,ok,,57,16fbc22d,qwen/qwen3.8-flash,0c42dc86b66db3f07bd1554fbec3f0cc23b3c4cd9b02243f3fb4685f4eb0c45d,sync,False,2026-08-31T01:12:33+00:00
cyclone-idai-2019,manual-cyclone-idai-2019-rosea-20190315-mozambique-cycloneidai-flashupdate-1-pdf,human,,human,2019-03-15,sourcing,Sourcing and attribution,partial,0.5,0.95,ok,,134,0e964e1b,qwen/qwen3.8-flash,d4a6b21b3d3cf81b814f198d73ee2bb6a3a0060cd757b5843e561ac526d0e642,sync,False,2026-08-31T01:12:33+00:00
cyclone-idai-2019,manual-cyclone-idai-2019-rosea-20190315-mozambique-cycloneidai-flashupdate-1-pdf,human,,human,2019-03-15,casualties,Casualty and affected-population figures,,,,invalid,unparsable JSON (empty output),0,,qwen/qwen3.8-flash,29fa0ec44719fc0e789fa6a740f8fe3316ba590a38be5b872815c5d7af7b3cbd,sync,False,2026-08-31T01:12:33+00:00
cyclone-idai-2019,manual-cyclone-idai-2019-rosea-20190315-mozambique-cycloneidai-flashupdate-1-pdf,human,,human,2019-03-15,displacement,Displacement and accommodation sites,partial,0.5,0.9,ok,,21,90e64222,qwen/qwen3.8-flash,07b0246c26f13203e6ec5d947a9f4a0411d61ba3e2c18280b64638b8e3697503,sync,False,2026-08-31T01:12:33+00:00
cyclone-idai-2019,manual-cyclone-idai-2019-rosea-20190315-mozambique-cycloneidai-flashupdate-1-pdf,human,,human,2019-03-15,health,"Health, disease outbreak and nutrition",absent,0.0,1.0,ok,,0,,qwen/qwen3.8-flash,5a81af097d85a3068fcb7a04ac5bd41f8ae049ff9f70ae8ace7f845c3652e5b8,sync,False,2026-08-31T01:12:33+00:00
cyclone-idai-2019,manual-cyclone-idai-2019-rosea-20190315-mozambique-cycloneidai-flashupdate-1-pdf,human,,human,2019-03-15,damage,"Physical, economic and agricultural damage",partial,0.5,0.95,ok,,176,e6591984,qwen/qwen3.8-flash,98e9b15ad47186667ef11a440551b402b74bf1f3bb0e9518b31bde88bf4fb664,sync,False,2026-08-31T01:12:33+00:00
cyclone-idai-2019,manual-cyclone-idai-2019-rosea-20190315-mozambique-cycloneidai-flashupdate-1-pdf,human,,human,2019-03-15,funding,Funding status and donor contributions,partial,0.5,1.0,ok,,135,ebd60dba,qwen/qwen3.8-flash,6aa3771b49a73317cc505b353af97c96887a1881344981d2a6a1469e9ec5ec7c,sync,False,2026-08-31T01:12:33+00:00
cyclone-idai-2019,manual-cyclone-idai-2019-rosea-20190315-mozambique-cycloneidai-flashupdate-1-pdf,human,,human,2019-03-15,education,Education impact and response,absent,0.0,1.0,ok,,0,,qwen/qwen3.8-flash,b5dee4a956e7ec8b6e03597972422eb51566d1340bd237c7248ac42bdda65708,sync,False,2026-08-31T01:12:33+00:00
cyclone-idai-2019,manual-cyclone-idai-2019-rosea-20190315-mozambique-cycloneidai-flashupdate-1-pdf,human,,human,2019-03-15,wash,WASH needs and response,partial,0.5,0.95,ok,,151,99533698,qwen/qwen3.8-flash,694095665cf2505162630bcc954e4988f40dccc68de6949a723b07685f97181f,sync,False,2026-08-31T01:12:33+00:00
cyclone-idai-2019,manual-cyclone-idai-2019-rosea-20190315-mozambique-cycloneidai-flashupdate-1-pdf,human,,human,2019-03-15,food,Food security and assistance reach,partial,0.5,0.95,ok,,135,ebd60dba,qwen/qwen3.8-flash,440968219f3f614f6ac88b4aa52862354df0706a8f968f43cd27526e2c117cde,sync,False,2026-08-31T01:12:33+00:00
cyclone-idai-2019,manual-cyclone-idai-2019-rosea-20190315-mozambique-cycloneidai-flashupdate-1-pdf,human,,human,2019-03-15,access,Access constraints,present,1.0,1.0,ok,,157,75dbbb5c,qwen/qwen3.8-flash,89d5262f5ed214f31e7ae94ff25ff43cd0a374ad94911c05b3655689494012c5,sync,False,2026-08-31T01:12:33+00:00
cyclone-idai-2019,manual-cyclone-idai-2019-rosea-20190315-mozambique-cycloneidai-flashupdate-1-pdf,human,,human,2019-03-15,coordination,Coordination arrangements,present,1.0,0.95,ok,,138,871f163f,qwen/qwen3.8-flash,fccb57634c169be00d21a881d9c393d253d77d5458a77165aa134653d8579734,sync,False,2026-08-31T01:12:33+00:00
cyclone-idai-2019,manual-cyclone-idai-2019-rosea-20190315-mozambique-cycloneidai-flashupdate-1-pdf,human,,human,2019-03-15,needs_gaps,Sector needs and gaps,,,,invalid,unparsable JSON (Unterminated string starting at at pos 35),0,,qwen/qwen3.8-flash,58f56505d10bd629b3da2d39210bd3dbe503d8e5f7e7b78189989600876f4382,sync,False,2026-08-31T01:12:33+00:00
cyclone-idai-2019,manual-cyclone-idai-2019-rosea-20190315-mozambique-cycloneidai-flashupdate-1-pdf,human,,human,2019-03-15,response_actions,Sector response activities,present,1.0,0.95,ok,,164,8e1744e5,qwen/qwen3.8-flash,c4ce515ed8a6e19d7de0e9fe79b8c56c7707cb5aa71f68d92bc77ce01da74556,sync,False,2026-08-31T01:12:33+00:00
cyclone-idai-2019,manual-cyclone-idai-2019-rosea-20190315-mozambique-cycloneidai-flashupdate-1-pdf,human,,human,2019-03-15,shelter,Shelter and non-food items,partial,0.5,0.95,ok,,148,197aac39,qwen/qwen3.8-flash,4707c43555935f443773cadff7f7e219657946b1f7f11f4added0dbd4816273a,sync,False,2026-08-31T01:12:33+00:00
cyclone-idai-2019,manual-cyclone-idai-2019-rosea-20190316-tc-idai-flash-update2-pdf,human,,human,2019-03-16,currency_and_metadata,Data currency and report metadata,present,1.0,1.0,ok,,124,730c055e,qwen/qwen3.8-flash,45ab89eefb95e3f5fce1a745b48bc26b4b7722159beb51a68869a0b593a64d95,sync,False,2026-08-31T01:12:33+00:00
cyclone-idai-2019,manual-cyclone-idai-2019-rosea-20190316-tc-idai-flash-update2-pdf,human,,human,2019-03-16,sourcing,Sourcing and attribution,present,1.0,1.0,ok,,157,3ec9116e,qwen/qwen3.8-flash,b5d2334bedca77f1dd7aadaca587424388c0c7653ce233d5c15adb70d5568878,sync,False,2026-08-31T01:12:33+00:00
cyclone-idai-2019,manual-cyclone-idai-2019-rosea-20190316-tc-idai-flash-update2-pdf,human,,human,2019-03-16,casualties,Casualty and affected-population figures,present,1.0,1.0,ok,,157,3ec9116e,qwen/qwen3.8-flash,5b24e5bc1991629ae28c8709b6277b848069104a5125d3f6531fabd3588a42b3,sync,False,2026-08-31T01:12:33+00:00
cyclone-idai-2019,manual-cyclone-idai-2019-rosea-20190316-tc-idai-flash-update2-pdf,human,,human,2019-03-16,displacement,Displacement and accommodation sites,present,1.0,1.0,ok,,140,b77678ea,qwen/qwen3.8-flash,68db9b0eec6602e513148bdb520d2b18d4bffdad27e15b52dae6313b70093a5c,sync,False,2026-08-31T01:12:33+00:00
cyclone-idai-2019,manual-cyclone-idai-2019-rosea-20190316-tc-idai-flash-update2-pdf,human,,human,2019-03-16,health,"Health, disease outbreak and nutrition",absent,0.0,0.98,ok,,0,,qwen/qwen3.8-flash,5dcff6a32a0b39752a1a78eb0c62451928349c5a479ccf46dcb8ab99d962c0d7,sync,False,2026-08-31T01:12:33+00:00
cyclone-idai-2019,manual-cyclone-idai-2019-rosea-20190316-tc-idai-flash-update2-pdf,human,,human,2019-03-16,damage,"Physical, economic and agricultural damage",present,1.0,1.0,ok,,155,87d2cc4a,qwen/qwen3.8-flash,1b5d57a9c62f556b5b2343b09fa45c34acf0b649a9a3c12b54d18db7d27ffd54,sync,False,2026-08-31T01:12:33+00:00
cyclone-idai-2019,manual-cyclone-idai-2019-rosea-20190316-tc-idai-flash-update2-pdf,human,,human,2019-03-16,funding,Funding status and donor contributions,absent,0.0,1.0,ok,,0,,qwen/qwen3.8-flash,2d983cd71a2ae6ee239d2217a5332b89a09378034f5de6b07fd874421e51af08,sync,False,2026-08-31T01:12:33+00:00
cyclone-idai-2019,manual-cyclone-idai-2019-rosea-20190316-tc-idai-flash-update2-pdf,human,,human,2019-03-16,education,Education impact and response,present,1.0,0.95,ok,,173,cbfb1e1e,qwen/qwen3.8-flash,586f35bf4e3a0ce835b8cdaf4dcc98eb841c3fedf715be354b093ce80cdc9c32,sync,False,2026-08-31T01:12:33+00:00
cyclone-idai-2019,manual-cyclone-idai-2019-rosea-20190316-tc-idai-flash-update2-pdf,human,,human,2019-03-16,wash,WASH needs and response,absent,0.0,1.0,ok,,0,,qwen/qwen3.8-flash,7097a9689e792ff3740bff7ddc7262b7507db505301dd9bf3831d0f21b261508,sync,False,2026-08-31T01:12:33+00:00
cyclone-idai-2019,manual-cyclone-idai-2019-rosea-20190316-tc-idai-flash-update2-pdf,human,,human,2019-03-16,food,Food security and assistance reach,absent,0.0,1.0,ok,,0,,qwen/qwen3.8-flash,503aca6a1497a81a99b4ad66d9582f22ad55529758d619fe75234fefc2afdf8c,sync,False,2026-08-31T01:12:33+00:00
cyclone-idai-2019,manual-cyclone-idai-2019-rosea-20190316-tc-idai-flash-update2-pdf,human,,human,2019-03-16,access,Access constraints,present,1.0,0.9,ok,,160,33d4638c,qwen/qwen3.8-flash,02c05236a163d5770fac692e3b409e4c2176800090658be071e0bc0ddd536f06,sync,False,2026-08-31T01:12:33+00:00
cyclone-idai-2019,manual-cyclone-idai-2019-rosea-20190316-tc-idai-flash-update2-pdf,human,,human,2019-03-16,coordination,Coordination arrangements,present,1.0,0.95,ok,,117,3198fc91,qwen/qwen3.8-flash,6c090f350c687f621b6cf40ad3eef7d5c90927d9afd9c0ad44a81a23492e229b,sync,False,2026-08-31T01:12:33+00:00
cyclone-idai-2019,manual-cyclone-idai-2019-rosea-20190316-tc-idai-flash-update2-pdf,human,,human,2019-03-16,needs_gaps,Sector needs and gaps,absent,0.0,0.95,ok,,0,,qwen/qwen3.8-flash,2481f3dbc411d5bb395bfa570de195b8a0be114fd15a3a112ac493a2315178ed,sync,False,2026-08-31T01:12:33+00:00
cyclone-idai-2019,manual-cyclone-idai-2019-rosea-20190316-tc-idai-flash-update2-pdf,human,,human,2019-03-16,response_actions,Sector response activities,present,1.0,1.0,ok,,174,70c8430f,qwen/qwen3.8-flash,aa0f37c8ba88353f1611cf337dee0abcce6c91c6d2628a0174ef9713e6540fde,sync,False,2026-08-31T01:12:33+00:00
cyclone-idai-2019,manual-cyclone-idai-2019-rosea-20190316-tc-idai-flash-update2-pdf,human,,human,2019-03-16,shelter,Shelter and non-food items,partial,0.5,0.95,ok,,109,d535e232,qwen/qwen3.8-flash,3e355d4b6634c9e706d329368c98a5c43d91187cb257afd8907679f8b11a75a3,sync,False,2026-08-31T01:12:33+00:00
cyclone-idai-2019,manual-cyclone-idai-2019-rosea-20190317-mozambique-cyclone-idai-flash-update-3-1-pdf,human,,human,2019-03-17,currency_and_metadata,Data currency and report metadata,present,1.0,1.0,ok,,104,49593ccb,qwen/qwen3.8-flash,782a5b4522f051f3a35d4ae94d3108354e5b30fd7664e888557c3750a48a50c7,sync,False,2026-08-31T01:12:33+00:00
cyclone-idai-2019,manual-cyclone-idai-2019-rosea-20190317-mozambique-cyclone-idai-flash-update-3-1-pdf,human,,human,2019-03-17,sourcing,Sourcing and attribution,present,1.0,1.0,ok,,101,db80423c,qwen/qwen3.8-flash,11911346b94a5ff5b9dd8829a309c599dada54bd690e951f218bb0707ae2809f,sync,False,2026-08-31T01:12:33+00:00
cyclone-idai-2019,manual-cyclone-idai-2019-rosea-20190317-mozambique-cyclone-idai-flash-update-3-1-pdf,human,,human,2019-03-17,casualties,Casualty and affected-population figures,present,1.0,0.95,ok,,101,db80423c,qwen/qwen3.8-flash,fde0e96c5d0cdf7125ac2c991dd5ea418dc7f89bb994b89c8c00a98bc99fc328,sync,False,2026-08-31T01:12:33+00:00
cyclone-idai-2019,manual-cyclone-idai-2019-rosea-20190317-mozambique-cyclone-idai-flash-update-3-1-pdf,human,,human,2019-03-17,displacement,Displacement and accommodation sites,partial,0.5,0.9,ok,,108,51902ac1,qwen/qwen3.8-flash,ef33eb9bd55a7fd23ea388e298f3f6a8a2a136e8ff82fadb5fb4b4c63b094e60,sync,False,2026-08-31T01:12:33+00:00
cyclone-idai-2019,manual-cyclone-idai-2019-rosea-20190317-mozambique-cyclone-idai-flash-update-3-1-pdf,human,,human,2019-03-17,health,"Health, disease outbreak and nutrition",partial,0.5,0.9,ok,,122,48416193,qwen/qwen3.8-flash,882798970b592b88ddab39d82eeeb11957d49bdad9825919d7e49cbaccde4bda,sync,False,2026-08-31T01:12:33+00:00
cyclone-idai-2019,manual-cyclone-idai-2019-rosea-20190317-mozambique-cyclone-idai-flash-update-3-1-pdf,human,,human,2019-03-17,damage,"Physical, economic and agricultural damage",partial,0.5,1.0,ok,,160,0ce6cfb4,qwen/qwen3.8-flash,2189dea057f53b012c02efb27f85ef52db092b692d57367a63f289c5c5dfe868,sync,False,2026-08-31T01:12:33+00:00
cyclone-idai-2019,manual-cyclone-idai-2019-rosea-20190317-mozambique-cyclone-idai-flash-update-3-1-pdf,human,,human,2019-03-17,funding,Funding status and donor contributions,absent,0.0,1.0,ok,,0,,qwen/qwen3.8-flash,21c5abe0133657cda67d09c44d5fb4f00bc44a78b7a480ed68bf19c8806e6cd4,sync,False,2026-08-31T01:12:33+00:00
cyclone-idai-2019,manual-cyclone-idai-2019-rosea-20190317-mozambique-cyclone-idai-flash-update-3-1-pdf,human,,human,2019-03-17,education,Education impact and response,partial,0.5,0.95,ok,,155,238e05ef,qwen/qwen3.8-flash,94eefa1cf662a749b9ffe8797815a8738917836d0086530ce645b5528e6b3716,sync,False,2026-08-31T01:12:33+00:00
cyclone-idai-2019,manual-cyclone-idai-2019-rosea-20190317-mozambique-cyclone-idai-flash-update-3-1-pdf,human,,human,2019-03-17,wash,WASH needs and response,partial,0.5,0.9,ok,,84,71774bba,qwen/qwen3.8-flash,b7d8175472bbe23433b2ed02237ba362606f3765200e493651315e29e830fa3e,sync,False,2026-08-31T01:12:33+00:00
cyclone-idai-2019,manual-cyclone-idai-2019-rosea-20190317-mozambique-cyclone-idai-flash-update-3-1-pdf,human,,human,2019-03-17,food,Food security and assistance reach,present,1.0,1.0,ok,,158,47a1f796,qwen/qwen3.8-flash,5616774dafb247eab00e726530156b107bfdae5c31f5d2bafab219b234cdfedc,sync,False,2026-08-31T01:12:33+00:00
cyclone-idai-2019,manual-cyclone-idai-2019-rosea-20190317-mozambique-cyclone-idai-flash-update-3-1-pdf,human,,human,2019-03-17,access,Access constraints,present,1.0,0.95,ok,,191,9e0da911,qwen/qwen3.8-flash,aa98c51c42dee03686ccd10b16d9df19b3f1bb2f5b6a05a7de707a9fa7cecfe5,sync,False,2026-08-31T01:12:33+00:00
cyclone-idai-2019,manual-cyclone-idai-2019-rosea-20190317-mozambique-cyclone-idai-flash-update-3-1-pdf,human,,human,2019-03-17,coordination,Coordination arrangements,present,1.0,1.0,ok,,230,7939d8fb,qwen/qwen3.8-flash,a3d38a9fa53511da148e91a5b1691acec84b820ad7c5f04a919369b0759f55f3,sync,False,2026-08-31T01:12:33+00:00
cyclone-idai-2019,manual-cyclone-idai-2019-rosea-20190317-mozambique-cyclone-idai-flash-update-3-1-pdf,human,,human,2019-03-17,needs_gaps,Sector needs and gaps,,,,invalid,unparsable JSON (empty output),0,,qwen/qwen3.8-flash,83aa2bd60a566369d04c995b1c42b7a1159288e6fd788394e04fa74408655349,sync,False,2026-08-31T01:12:33+00:00
cyclone-idai-2019,manual-cyclone-idai-2019-rosea-20190317-mozambique-cyclone-idai-flash-update-3-1-pdf,human,,human,2019-03-17,response_actions,Sector response activities,present,1.0,1.0,ok,,209,d4f6a1b1,qwen/qwen3.8-flash,c8e1c49ddfbabe01a3489b49f0b7ff3e7f67bf84ebedd98e6a5c1ec051d32e5d,sync,False,2026-08-31T01:12:33+00:00
cyclone-idai-2019,manual-cyclone-idai-2019-rosea-20190317-mozambique-cyclone-idai-flash-update-3-1-pdf,human,,human,2019-03-17,shelter,Shelter and non-food items,absent,0.0,1.0,ok,,0,,qwen/qwen3.8-flash,b039ae55b2216b98c7245f9f9e8e6c47274b9e4de81f96c99469b730b00daa58,sync,False,2026-08-31T01:12:33+00:00
cyclone-idai-2019,manual-cyclone-idai-2019-rosea-20190317-zimbabwe-floods-flash-update-1-map-pdf,human,,human,2019-03-17,currency_and_metadata,Data currency and report metadata,partial,0.5,0.95,ok,,137,b2fe884e,qwen/qwen3.8-flash,47e27c59d92cee13d32c41b082d3882c1abe2d7dd4bb3c24cd2aca2aee259eaa,sync,False,2026-08-31T01:12:33+00:00
cyclone-idai-2019,manual-cyclone-idai-2019-rosea-20190317-zimbabwe-floods-flash-update-1-map-pdf,human,,human,2019-03-17,sourcing,Sourcing and attribution,present,1.0,0.95,ok,,146,6e8058be,qwen/qwen3.8-flash,099bce7a32d2da6708c3664c3effdb90e5c7d2618a424e4a4b9168288caea69a,sync,False,2026-08-31T01:12:33+00:00
cyclone-idai-2019,manual-cyclone-idai-2019-rosea-20190317-zimbabwe-floods-flash-update-1-map-pdf,human,,human,2019-03-17,casualties,Casualty and affected-population figures,present,1.0,1.0,ok,,141,67671e77,qwen/qwen3.8-flash,1146dd1e29e2813da45b90ea5dfe826bd7bb265825d08e897b63536ba5d36c95,sync,False,2026-08-31T01:12:33+00:00
cyclone-idai-2019,manual-cyclone-idai-2019-rosea-20190317-zimbabwe-floods-flash-update-1-map-pdf,human,,human,2019-03-17,displacement,Displacement and accommodation sites,absent,0.0,1.0,ok,,0,,qwen/qwen3.8-flash,f57cf9fad583dc0fa154b28d4dfcd16166b48da24ca178f8d56ee750f7ca1610,sync,False,2026-08-31T01:12:33+00:00
cyclone-idai-2019,manual-cyclone-idai-2019-rosea-20190317-zimbabwe-floods-flash-update-1-map-pdf,human,,human,2019-03-17,health,"Health, disease outbreak and nutrition",partial,0.5,1.0,ok,,125,bb03a467,qwen/qwen3.8-flash,deeb103a2c4c5229e7f8387a0b4ac9da4489734eb5ee8137a164d059b45428b5,sync,False,2026-08-31T01:12:33+00:00
cyclone-idai-2019,manual-cyclone-idai-2019-rosea-20190317-zimbabwe-floods-flash-update-1-map-pdf,human,,human,2019-03-17,damage,"Physical, economic and agricultural damage",partial,0.5,0.95,ok,,169,5c317a88,qwen/qwen3.8-flash,5b4fdaabdb5940882db001d7faab4113b23398d425d39c4dbea411e9bd0ee1e3,sync,False,2026-08-31T01:12:33+00:00
cyclone-idai-2019,manual-cyclone-idai-2019-rosea-20190317-zimbabwe-floods-flash-update-1-map-pdf,human,,human,2019-03-17,funding,Funding status and donor contributions,absent,0.0,1.0,ok,,0,,qwen/qwen3.8-flash,e54178f63cf54affd2c61e8244d84a4edcfc26bfca57f2d95cbb867d44bfe344,sync,False,2026-08-31T01:12:33+00:00
cyclone-idai-2019,manual-cyclone-idai-2019-rosea-20190317-zimbabwe-floods-flash-update-1-map-pdf,human,,human,2019-03-17,education,Education impact and response,absent,0.0,1.0,ok,,0,,qwen/qwen3.8-flash,b1512d92659ba7bfadf7bc87a9f7c4674a01ad9831b320982d879ceb91b62bd7,sync,False,2026-08-31T01:12:33+00:00
cyclone-idai-2019,manual-cyclone-idai-2019-rosea-20190317-zimbabwe-floods-flash-update-1-map-pdf,human,,human,2019-03-17,wash,WASH needs and response,partial,0.5,0.95,ok,,140,277a4e96,qwen/qwen3.8-flash,fba3b5107ac644f8f271da7aa11c7ba7cfb7430c148ef4feaabb7897d5dfbebd,sync,False,2026-08-31T01:12:33+00:00
cyclone-idai-2019,manual-cyclone-idai-2019-rosea-20190317-zimbabwe-floods-flash-update-1-map-pdf,human,,human,2019-03-17,food,Food security and assistance reach,partial,0.5,1.0,ok,,105,c28a2d38,qwen/qwen3.8-flash,c24487b1ad017e2fcbce778cd3c005995a0ed107f0adaf4bdc874b6ca9a88f8e,sync,False,2026-08-31T01:12:33+00:00
cyclone-idai-2019,manual-cyclone-idai-2019-rosea-20190317-zimbabwe-floods-flash-update-1-map-pdf,human,,human,2019-03-17,access,Access constraints,present,1.0,1.0,ok,,170,93e2575c,qwen/qwen3.8-flash,70832dc35875bafc12a18d99f4637cb587a1ff08df6d78e9963d2dcb00a546c3,sync,False,2026-08-31T01:12:33+00:00
cyclone-idai-2019,manual-cyclone-idai-2019-rosea-20190317-zimbabwe-floods-flash-update-1-map-pdf,human,,human,2019-03-17,coordination,Coordination arrangements,present,1.0,1.0,ok,,272,f3a39fad,qwen/qwen3.8-flash,d1f27352f592d304b75aa38db4c2af063d04a71341ef223a13f45bc9e34ddbb8,sync,False,2026-08-31T01:12:33+00:00
cyclone-idai-2019,manual-cyclone-idai-2019-rosea-20190317-zimbabwe-floods-flash-update-1-map-pdf,human,,human,2019-03-17,needs_gaps,Sector needs and gaps,partial,0.5,0.85,ok,,172,c303fb02,qwen/qwen3.8-flash,7bc1a928c7e4bc0911c7998c4db619a908b97d5eea114cbba65714df3504ab92,sync,False,2026-08-31T01:12:33+00:00
cyclone-idai-2019,manual-cyclone-idai-2019-rosea-20190317-zimbabwe-floods-flash-update-1-map-pdf,human,,human,2019-03-17,response_actions,Sector response activities,present,1.0,0.95,ok,,145,dcb9ef2e,qwen/qwen3.8-flash,7d60a5c668b2e59d090c7cddc6cabb96788df428cd21882dd577ea079233c591,sync,False,2026-08-31T01:12:33+00:00
cyclone-idai-2019,manual-cyclone-idai-2019-rosea-20190317-zimbabwe-floods-flash-update-1-map-pdf,human,,human,2019-03-17,shelter,Shelter and non-food items,partial,0.5,0.95,ok,,150,01a10d80,qwen/qwen3.8-flash,bec04e051f09c5b00d61ad8d56fdb9680db52b51ec9f57e5a9253ccd3c276e08,sync,False,2026-08-31T01:12:33+00:00
cyclone-idai-2019,manual-cyclone-idai-2019-rosea-20190318-mozambique-cyclone-idai-flash-update-4-1-pdf,human,,human,2019-03-18,currency_and_metadata,Data currency and report metadata,partial,0.5,0.95,ok,,136,48965c41,qwen/qwen3.8-flash,b6b0b321bb5ae2e443145d38eaa93fc384a419c05d48ba6923c6f62526e22c07,sync,False,2026-08-31T01:12:33+00:00
cyclone-idai-2019,manual-cyclone-idai-2019-rosea-20190318-mozambique-cyclone-idai-flash-update-4-1-pdf,human,,human,2019-03-18,sourcing,Sourcing and attribution,present,1.0,0.95,ok,,165,21fdb66a,qwen/qwen3.8-flash,3c0a0f432de071a078d8a139e65a63cea1b0e35837469c9013299d3ca0f0c02a,sync,False,2026-08-31T01:12:33+00:00
cyclone-idai-2019,manual-cyclone-idai-2019-rosea-20190318-mozambique-cyclone-idai-flash-update-4-1-pdf,human,,human,2019-03-18,casualties,Casualty and affected-population figures,partial,0.5,1.0,ok,,130,4e39fe58,qwen/qwen3.8-flash,f882b9f1fd56598d2ecdd11a56665d451a9ff7d44df8a61bfd8bd7cc0e6251cd,sync,False,2026-08-31T01:12:33+00:00
cyclone-idai-2019,manual-cyclone-idai-2019-rosea-20190318-mozambique-cyclone-idai-flash-update-4-1-pdf,human,,human,2019-03-18,displacement,Displacement and accommodation sites,partial,0.5,1.0,ok,,91,1aa8feaa,qwen/qwen3.8-flash,db30f8fa57f8395db9998b29c0c8238c580c618a2d1abcc908f1309284ea2f52,sync,False,2026-08-31T01:12:33+00:00
cyclone-idai-2019,manual-cyclone-idai-2019-rosea-20190318-mozambique-cyclone-idai-flash-update-4-1-pdf,human,,human,2019-03-18,health,"Health, disease outbreak and nutrition",partial,0.5,0.95,ok,,197,d9a68c14,qwen/qwen3.8-flash,dec05c313130cffe2483212877c5f0286b4bab5e34acb63a1cd41ff234c5254d,sync,False,2026-08-31T01:12:33+00:00
cyclone-idai-2019,manual-cyclone-idai-2019-rosea-20190318-mozambique-cyclone-idai-flash-update-4-1-pdf,human,,human,2019-03-18,damage,"Physical, economic and agricultural damage",,,,invalid,unparsable JSON (empty output),0,,qwen/qwen3.8-flash,5a3fb41c33bad6baee2361b91031df40a9cd71247e1b28b2f3ef3b61b6e3a3d1,sync,False,2026-08-31T01:12:33+00:00
cyclone-idai-2019,manual-cyclone-idai-2019-rosea-20190318-mozambique-cyclone-idai-flash-update-4-1-pdf,human,,human,2019-03-18,funding,Funding status and donor contributions,absent,0.0,1.0,ok,,0,,qwen/qwen3.8-flash,7f2244c4147519a2a62da67abd6df09436ab2e0d6d26b832da5a698d1a894e76,sync,False,2026-08-31T01:12:33+00:00
cyclone-idai-2019,manual-cyclone-idai-2019-rosea-20190318-mozambique-cyclone-idai-flash-update-4-1-pdf,human,,human,2019-03-18,education,Education impact and response,partial,0.5,0.95,ok,,132,92429435,qwen/qwen3.8-flash,56bf8192ae3b548339c19939e44b5dea1b5b54c102f24d1cf3ff08247172026c,sync,False,2026-08-31T01:12:33+00:00
cyclone-idai-2019,manual-cyclone-idai-2019-rosea-20190318-mozambique-cyclone-idai-flash-update-4-1-pdf,human,,human,2019-03-18,wash,WASH needs and response,partial,0.5,0.9,ok,,161,c88076e3,qwen/qwen3.8-flash,ad7d7def0dbe348ed91dce9cb259bc5cb6663be8c68e0961abeb408bd6379a03,sync,False,2026-08-31T01:12:33+00:00
cyclone-idai-2019,manual-cyclone-idai-2019-rosea-20190318-mozambique-cyclone-idai-flash-update-4-1-pdf,human,,human,2019-03-18,food,Food security and assistance reach,present,1.0,1.0,ok,,105,5c81821f,qwen/qwen3.8-flash,ec82b2eb1c4aa5dd01f2e83d1fd8de4eeeb30fb6a66cfcbbb6c39f85dd1a3371,sync,False,2026-08-31T01:12:33+00:00
cyclone-idai-2019,manual-cyclone-idai-2019-rosea-20190318-mozambique-cyclone-idai-flash-update-4-1-pdf,human,,human,2019-03-18,access,Access constraints,present,1.0,1.0,ok,,188,5f8552b0,qwen/qwen3.8-flash,b4e5d493f5374583b1577dfff0b77cb2f579c4ab9bb8222a9b83b78290f4678f,sync,False,2026-08-31T01:12:33+00:00
cyclone-idai-2019,manual-cyclone-idai-2019-rosea-20190318-mozambique-cyclone-idai-flash-update-4-1-pdf,human,,human,2019-03-18,coordination,Coordination arrangements,present,1.0,0.95,ok,,209,a1a64061,qwen/qwen3.8-flash,1749c36daa3e89bcad8885fbf8c51885a07f5490403099d6674591c55b319390,sync,False,2026-08-31T01:12:33+00:00
cyclone-idai-2019,manual-cyclone-idai-2019-rosea-20190318-mozambique-cyclone-idai-flash-update-4-1-pdf,human,,human,2019-03-18,needs_gaps,Sector needs and gaps,,,,invalid,unparsable JSON (empty output),0,,qwen/qwen3.8-flash,44f1ccc5fc1dbea5a6c3decc5672006bb71903140af1b6e09ea0c1e219350dc4,sync,False,2026-08-31T01:12:33+00:00
cyclone-idai-2019,manual-cyclone-idai-2019-rosea-20190318-mozambique-cyclone-idai-flash-update-4-1-pdf,human,,human,2019-03-18,response_actions,Sector response activities,present,1.0,1.0,ok,,202,b3150b13,qwen/qwen3.8-flash,5040737ec2b9e002f37154da04b0d652f15f08849f521ec113aed90eeb7b665d,sync,False,2026-08-31T01:12:33+00:00
cyclone-idai-2019,manual-cyclone-idai-2019-rosea-20190318-mozambique-cyclone-idai-flash-update-4-1-pdf,human,,human,2019-03-18,shelter,Shelter and non-food items,present,1.0,0.95,ok,,142,38445f91,qwen/qwen3.8-flash,78cc0fb0ad61eee194100dff0c4922213f84aa1c11f478f5e8ba6702738b0da4,sync,False,2026-08-31T01:12:33+00:00
cyclone-idai-2019,manual-cyclone-idai-2019-rosea-20190318-zimbabwe-floods-flash-update-2-pdf,human,,human,2019-03-18,currency_and_metadata,Data currency and report metadata,present,1.0,0.95,ok,,136,30fc7f36,qwen/qwen3.8-flash,4b73f5e4a1fe81b8c9229c4ae16b7b5d39ae40abc940baf9ecacd769d29d731b,sync,False,2026-08-31T01:12:33+00:00
cyclone-idai-2019,manual-cyclone-idai-2019-rosea-20190318-zimbabwe-floods-flash-update-2-pdf,human,,human,2019-03-18,sourcing,Sourcing and attribution,partial,0.5,0.85,ok,,130,84d81065,qwen/qwen3.8-flash,1f3f0f73890345c1b4afa1b6beb627b623bd10cd071471730c2456fbb8d5a483,sync,False,2026-08-31T01:12:33+00:00
cyclone-idai-2019,manual-cyclone-idai-2019-rosea-20190318-zimbabwe-floods-flash-update-2-pdf,human,,human,2019-03-18,casualties,Casualty and affected-population figures,present,1.0,1.0,ok,,130,84d81065,qwen/qwen3.8-flash,16482aa9071d03b18c1acccbc22a0836955dec4d22ce2b25114df65271905e75,sync,False,2026-08-31T01:12:33+00:00
cyclone-idai-2019,manual-cyclone-idai-2019-rosea-20190318-zimbabwe-floods-flash-update-2-pdf,human,,human,2019-03-18,displacement,Displacement and accommodation sites,partial,0.5,0.95,ok,,81,c367c388,qwen/qwen3.8-flash,9abcc5a2813af246fbc93154f8a2bcdf86b6a51531342ecc84a9e285ac7f1b53,sync,False,2026-08-31T01:12:33+00:00
cyclone-idai-2019,manual-cyclone-idai-2019-rosea-20190318-zimbabwe-floods-flash-update-2-pdf,human,,human,2019-03-18,health,"Health, disease outbreak and nutrition",partial,0.5,0.9,ok,,158,38c592b9,qwen/qwen3.8-flash,07f13815c36f0a4ccc454a573cc2a0b06e1d977cb2a25087d509a4be96dc5cc2,sync,False,2026-08-31T01:12:33+00:00
cyclone-idai-2019,manual-cyclone-idai-2019-rosea-20190318-zimbabwe-floods-flash-update-2-pdf,human,,human,2019-03-18,damage,"Physical, economic and agricultural damage",present,1.0,1.0,ok,,163,2ef5a66a,qwen/qwen3.8-flash,0f5a684ce9b4c2a61960f84d572dca74ef2e2141900ddaec13fbabbddcc50840,sync,False,2026-08-31T01:12:33+00:00
cyclone-idai-2019,manual-cyclone-idai-2019-rosea-20190318-zimbabwe-floods-flash-update-2-pdf,human,,human,2019-03-18,funding,Funding status and donor contributions,absent,0.0,1.0,ok,,0,,qwen/qwen3.8-flash,f95085e413b1bbdb8c4ab246bf92a9e9369cdf3392e7e77281a8dc6b8319f298,sync,False,2026-08-31T01:12:33+00:00
cyclone-idai-2019,manual-cyclone-idai-2019-rosea-20190318-zimbabwe-floods-flash-update-2-pdf,human,,human,2019-03-18,education,Education impact and response,absent,0.0,1.0,ok,,0,,qwen/qwen3.8-flash,53f3d4fb59b9e061e0e8a3e76d5ab58d7150f85b8c4a3b2f0e3707283e061404,sync,False,2026-08-31T01:12:33+00:00
cyclone-idai-2019,manual-cyclone-idai-2019-rosea-20190318-zimbabwe-floods-flash-update-2-pdf,human,,human,2019-03-18,wash,WASH needs and response,partial,0.5,0.95,ok,,110,453ec9f1,qwen/qwen3.8-flash,cb782ef209f3934b23f3cb9cb042b8e1e58a863d11d097e0a213fdd5d898d384,sync,False,2026-08-31T01:12:33+00:00
cyclone-idai-2019,manual-cyclone-idai-2019-rosea-20190318-zimbabwe-floods-flash-update-2-pdf,human,,human,2019-03-18,food,Food security and assistance reach,absent,0.0,0.95,ok,,0,,qwen/qwen3.8-flash,dfba028e40f241d4c47d7f4832c262f0f3d0f403832f5d646d6fe1d1f8d35380,sync,False,2026-08-31T01:12:33+00:00
cyclone-idai-2019,manual-cyclone-idai-2019-rosea-20190318-zimbabwe-floods-flash-update-2-pdf,human,,human,2019-03-18,access,Access constraints,present,1.0,1.0,ok,,202,d073f605,qwen/qwen3.8-flash,06d1abcb724f2f2ff066f6418045516fd03610c0cff32e808063ef0bf2363f3f,sync,False,2026-08-31T01:12:33+00:00
cyclone-idai-2019,manual-cyclone-idai-2019-rosea-20190318-zimbabwe-floods-flash-update-2-pdf,human,,human,2019-03-18,coordination,Coordination arrangements,present,1.0,1.0,ok,,204,44765351,qwen/qwen3.8-flash,3fff6ad05c8df63d4f760e7374c9690938023bc30387df69c1ff5f98abfcf05f,sync,False,2026-08-31T01:12:33+00:00
cyclone-idai-2019,manual-cyclone-idai-2019-rosea-20190318-zimbabwe-floods-flash-update-2-pdf,human,,human,2019-03-18,needs_gaps,Sector needs and gaps,partial,0.5,0.9,ok,,129,b494f95c,qwen/qwen3.8-flash,80366eb4cc25c425201bbb36bcdeb6fb74740c4261f752fdc1e569aa9e73230a,sync,False,2026-08-31T01:12:33+00:00
cyclone-idai-2019,manual-cyclone-idai-2019-rosea-20190318-zimbabwe-floods-flash-update-2-pdf,human,,human,2019-03-18,response_actions,Sector response activities,present,1.0,0.95,ok,,140,dbbd1e9c,qwen/qwen3.8-flash,d52a5d2957cdc9e43e66b6935355673bd077e563a886fbc11ea514a383105f44,sync,False,2026-08-31T01:12:33+00:00
cyclone-idai-2019,manual-cyclone-idai-2019-rosea-20190318-zimbabwe-floods-flash-update-2-pdf,human,,human,2019-03-18,shelter,Shelter and non-food items,partial,0.5,0.95,ok,,110,453ec9f1,qwen/qwen3.8-flash,7f1ff835078914c2e6e19622016e01da37fe6676e26470dba09a7fbc58b14350,sync,False,2026-08-31T01:12:33+00:00
cyclone-idai-2019,manual-cyclone-idai-2019-rosea-20190320-mozambique-floods-flash-update-6-pdf,human,,human,2019-03-20,currency_and_metadata,Data currency and report metadata,partial,0.5,0.95,ok,,146,fd143838,qwen/qwen3.8-flash,a6833dfa86745de511513cfe6b66d0a168cc037697666d7d46c8bcabf14231a8,sync,False,2026-08-31T01:12:33+00:00
cyclone-idai-2019,manual-cyclone-idai-2019-rosea-20190320-mozambique-floods-flash-update-6-pdf,human,,human,2019-03-20,sourcing,Sourcing and attribution,present,1.0,1.0,ok,,177,2bd65649,qwen/qwen3.8-flash,4229edaaca7d8679b60ce6b6769cc2d2be4fdf2a77e5d661cf3f568a5cba0f72,sync,False,2026-08-31T01:12:33+00:00
cyclone-idai-2019,manual-cyclone-idai-2019-rosea-20190320-mozambique-floods-flash-update-6-pdf,human,,human,2019-03-20,casualties,Casualty and affected-population figures,present,1.0,1.0,ok,,99,5282f0e1,qwen/qwen3.8-flash,37fcb57bbb8d90da1d775d2e6e3055c7672113ddf06c602b34e6a46369ac9cb1,sync,False,2026-08-31T01:12:33+00:00
cyclone-idai-2019,manual-cyclone-idai-2019-rosea-20190320-mozambique-floods-flash-update-6-pdf,human,,human,2019-03-20,displacement,Displacement and accommodation sites,present,1.0,1.0,ok,,137,9a1612ce,qwen/qwen3.8-flash,fd137a43ae7139c7b33737cfe38b4ff29023117f0c71d7ace6e26fe974ef02e3,sync,False,2026-08-31T01:12:33+00:00
cyclone-idai-2019,manual-cyclone-idai-2019-rosea-20190320-mozambique-floods-flash-update-6-pdf,human,,human,2019-03-20,health,"Health, disease outbreak and nutrition",partial,0.5,1.0,ok,,250,6cab0e5f,qwen/qwen3.8-flash,fd85783cfaff1f28de06bd26bfe864f807337d289156ff2bcd1e2d09861dc6e4,sync,False,2026-08-31T01:12:33+00:00
cyclone-idai-2019,manual-cyclone-idai-2019-rosea-20190320-mozambique-floods-flash-update-6-pdf,human,,human,2019-03-20,damage,"Physical, economic and agricultural damage",present,1.0,1.0,ok,,246,b80d13f0,qwen/qwen3.8-flash,94dd846cb8117b1189debd9bc117f9bfa40c2495db1225fec9dc93ac074bd9b4,sync,False,2026-08-31T01:12:33+00:00
cyclone-idai-2019,manual-cyclone-idai-2019-rosea-20190320-mozambique-floods-flash-update-6-pdf,human,,human,2019-03-20,funding,Funding status and donor contributions,present,1.0,0.95,ok,,256,92ee99b0,qwen/qwen3.8-flash,c8a5a3da31506a7e03bc0fcfd5aae3304c59bca0427e9700e8545d97c7fb3a78,sync,False,2026-08-31T01:12:33+00:00
cyclone-idai-2019,manual-cyclone-idai-2019-rosea-20190320-mozambique-floods-flash-update-6-pdf,human,,human,2019-03-20,education,Education impact and response,,,,invalid,unparsable JSON (empty output),0,,qwen/qwen3.8-flash,b454855f0a261a6dc7b39a5d8f115a5dc8e7c8817932be1aa72358fd2ad2d715,sync,False,2026-08-31T01:12:33+00:00
cyclone-idai-2019,manual-cyclone-idai-2019-rosea-20190320-mozambique-floods-flash-update-6-pdf,human,,human,2019-03-20,wash,WASH needs and response,,,,invalid,unparsable JSON (empty output),0,,qwen/qwen3.8-flash,dbc1391add556613a08f8eaabc2ed3c2bcd7c376a3379af47e93b1740badb12f,sync,False,2026-08-31T01:12:33+00:00
cyclone-idai-2019,manual-cyclone-idai-2019-rosea-20190320-mozambique-floods-flash-update-6-pdf,human,,human,2019-03-20,food,Food security and assistance reach,present,1.0,0.9,ok,,165,62e85066,qwen/qwen3.8-flash,dfacaae9bede63229bf3847db7049c137beb904bc0b06521c263f8338079cdd2,sync,False,2026-08-31T01:12:33+00:00
cyclone-idai-2019,manual-cyclone-idai-2019-rosea-20190320-mozambique-floods-flash-update-6-pdf,human,,human,2019-03-20,access,Access constraints,present,1.0,0.95,ok,,212,c25d48de,qwen/qwen3.8-flash,2f0753989ee10032ca88a5dec1d017dc6901b7889a0165e0dfc95bc660af5f28,sync,False,2026-08-31T01:12:33+00:00
cyclone-idai-2019,manual-cyclone-idai-2019-rosea-20190320-mozambique-floods-flash-update-6-pdf,human,,human,2019-03-20,coordination,Coordination arrangements,present,1.0,0.95,ok,,225,c0818a25,qwen/qwen3.8-flash,0ce86e9096e16622f6c232f7590359f5aea353066b304cd119dd63ae5db106e8,sync,False,2026-08-31T01:12:33+00:00
cyclone-idai-2019,manual-cyclone-idai-2019-rosea-20190320-mozambique-floods-flash-update-6-pdf,human,,human,2019-03-20,needs_gaps,Sector needs and gaps,present,1.0,0.95,ok,,166,293d4655,qwen/qwen3.8-flash,f866f7df22a77f63cc73efa479c2b1d7aa03f1ba5ca4dfdb0e7e7a84fa0dea90,sync,False,2026-08-31T01:12:33+00:00
cyclone-idai-2019,manual-cyclone-idai-2019-rosea-20190320-mozambique-floods-flash-update-6-pdf,human,,human,2019-03-20,response_actions,Sector response activities,present,1.0,1.0,ok,,181,8816ce43,qwen/qwen3.8-flash,2a433901a7eb3951744bb48b83ddd1e5258c630708c77f139f2e59469d759e55,sync,False,2026-08-31T01:12:33+00:00
cyclone-idai-2019,manual-cyclone-idai-2019-rosea-20190320-mozambique-floods-flash-update-6-pdf,human,,human,2019-03-20,shelter,Shelter and non-food items,partial,0.5,0.95,ok,,96,6f21bc93,qwen/qwen3.8-flash,2b11d961855f5adc921ae4da32fab9da016e5c585884855e9bab293490e70ec2,sync,False,2026-08-31T01:12:33+00:00
cyclone-idai-2019,manual-cyclone-idai-2019-rosea-20190320-mozambique-flash-update-5-pdf,human,,human,2019-03-20,currency_and_metadata,Data currency and report metadata,partial,0.5,0.95,ok,,66,518246db,qwen/qwen3.8-flash,83227ec377ee6349cb7a4df11945fc6197b3340686c0230bc22564974323d4f6,sync,False,2026-08-31T01:12:33+00:00
cyclone-idai-2019,manual-cyclone-idai-2019-rosea-20190320-mozambique-flash-update-5-pdf,human,,human,2019-03-20,sourcing,Sourcing and attribution,present,1.0,0.95,ok,,124,d56db544,qwen/qwen3.8-flash,f9b0be75d4a7ae6aa8ac3438f08c6e5c8dc3600e3870895226c48df1da936211,sync,False,2026-08-31T01:12:33+00:00
cyclone-idai-2019,manual-cyclone-idai-2019-rosea-20190320-mozambique-flash-update-5-pdf,human,,human,2019-03-20,casualties,Casualty and affected-population figures,present,1.0,0.95,ok,,189,187cab96,qwen/qwen3.8-flash,ce13726cdb90ca1bd6476bac28d08d63ac032408145eb7fe56dbc015def4fd0a,sync,False,2026-08-31T01:12:33+00:00
cyclone-idai-2019,manual-cyclone-idai-2019-rosea-20190320-mozambique-flash-update-5-pdf,human,,human,2019-03-20,displacement,Displacement and accommodation sites,absent,0.0,1.0,ok,,0,,qwen/qwen3.8-flash,daa6a802587c954631e1d06cb9941e71bb732aa644411622e0c917a1573870cf,sync,False,2026-08-31T01:12:33+00:00
cyclone-idai-2019,manual-cyclone-idai-2019-rosea-20190320-mozambique-flash-update-5-pdf,human,,human,2019-03-20,health,"Health, disease outbreak and nutrition",partial,0.5,0.95,ok,,180,8d724d19,qwen/qwen3.8-flash,b095b1ee23408fa1e399afd8207811fca296e3f7d27f5d381c01c9ba2bbff22f,sync,False,2026-08-31T01:12:33+00:00
cyclone-idai-2019,manual-cyclone-idai-2019-rosea-20190320-mozambique-flash-update-5-pdf,human,,human,2019-03-20,damage,"Physical, economic and agricultural damage",partial,0.5,0.95,ok,,191,86be3de2,qwen/qwen3.8-flash,b6bdcc07f73b3ccdbdb735383f20be296488e4adce85ebeef3516e2f800014e9,sync,False,2026-08-31T01:12:33+00:00
cyclone-idai-2019,manual-cyclone-idai-2019-rosea-20190320-mozambique-flash-update-5-pdf,human,,human,2019-03-20,funding,Funding status and donor contributions,partial,0.5,0.95,ok,,164,2c68e759,qwen/qwen3.8-flash,37ee5df0812d0b6981ea735506bc17c59d1f272790187eb035662bc4a7bb11fb,sync,False,2026-08-31T01:12:33+00:00
cyclone-idai-2019,manual-cyclone-idai-2019-rosea-20190320-mozambique-flash-update-5-pdf,human,,human,2019-03-20,education,Education impact and response,absent,0.0,1.0,ok,,0,,qwen/qwen3.8-flash,3a7e3b23d94dfc52b75efddcff7cf539204f1da1b79d3b0475c95ec3e87baf66,sync,False,2026-08-31T01:12:33+00:00
cyclone-idai-2019,manual-cyclone-idai-2019-rosea-20190320-mozambique-flash-update-5-pdf,human,,human,2019-03-20,wash,WASH needs and response,absent,0.0,1.0,ok,,0,,qwen/qwen3.8-flash,e7332171b39b933cd9c04c24842cf91f6dcde1b5fcafd078dcb4bf61743df858,sync,False,2026-08-31T01:12:33+00:00
cyclone-idai-2019,manual-cyclone-idai-2019-rosea-20190320-mozambique-flash-update-5-pdf,human,,human,2019-03-20,food,Food security and assistance reach,partial,0.5,1.0,ok,,138,4777cc46,qwen/qwen3.8-flash,775a738b7dd1d43e87f235e8ec627999d6da23857824b6322de02d711c8f7281,sync,False,2026-08-31T01:12:33+00:00
cyclone-idai-2019,manual-cyclone-idai-2019-rosea-20190320-mozambique-flash-update-5-pdf,human,,human,2019-03-20,access,Access constraints,partial,0.5,0.9,ok,,105,642b93b0,qwen/qwen3.8-flash,76ca2e688e6b5e875476d7fff0676e84dc2a1cc36efb09f2f3f2a5ebf81de168,sync,False,2026-08-31T01:12:33+00:00
cyclone-idai-2019,manual-cyclone-idai-2019-rosea-20190320-mozambique-flash-update-5-pdf,human,,human,2019-03-20,coordination,Coordination arrangements,,,,invalid,unparsable JSON (empty output),0,,qwen/qwen3.8-flash,b825924121545fe6e27984681ca35a02893ccf7709ec2cf7c33386a2f339a74a,sync,False,2026-08-31T01:12:33+00:00
cyclone-idai-2019,manual-cyclone-idai-2019-rosea-20190320-mozambique-flash-update-5-pdf,human,,human,2019-03-20,needs_gaps,Sector needs and gaps,partial,0.5,0.85,ok,,85,091653ed,qwen/qwen3.8-flash,3bcf8bae367fd2a7303f766b88c87439e0cc6b07fb7687f79b147a9ff8aa1b17,sync,False,2026-08-31T01:12:33+00:00
cyclone-idai-2019,manual-cyclone-idai-2019-rosea-20190320-mozambique-flash-update-5-pdf,human,,human,2019-03-20,response_actions,Sector response activities,present,1.0,1.0,ok,,180,6ef39b0b,qwen/qwen3.8-flash,41bb191f7c215aa81541aac67e2e1b01a6dbdee35951942b6bf9d348828423a0,sync,False,2026-08-31T01:12:33+00:00
cyclone-idai-2019,manual-cyclone-idai-2019-rosea-20190320-mozambique-flash-update-5-pdf,human,,human,2019-03-20,shelter,Shelter and non-food items,present,1.0,1.0,ok,,155,d98f350c,qwen/qwen3.8-flash,5645d76e1efeffb355736c2b1d3d515108d8acce1f6bdca4ed1627e0e52322b1,sync,False,2026-08-31T01:12:33+00:00
cyclone-idai-2019,manual-cyclone-idai-2019-rosea-20190321-zimbabwe-floods-flash-update-4-pdf,human,,human,2019-03-21,currency_and_metadata,Data currency and report metadata,partial,0.5,0.95,ok,,123,c54481a9,qwen/qwen3.8-flash,f7b8850308306f795b4706351361cd10a312d2539def70d9b11cbfb6a5d27c3b,sync,False,2026-08-31T01:12:33+00:00
cyclone-idai-2019,manual-cyclone-idai-2019-rosea-20190321-zimbabwe-floods-flash-update-4-pdf,human,,human,2019-03-21,sourcing,Sourcing and attribution,present,1.0,1.0,ok,,98,33a25063,qwen/qwen3.8-flash,d7101f283c17c765e20c0d86e1b10e1b9c76e808bd3f750f371c27bef9c52e4c,sync,False,2026-08-31T01:12:33+00:00
cyclone-idai-2019,manual-cyclone-idai-2019-rosea-20190321-zimbabwe-floods-flash-update-4-pdf,human,,human,2019-03-21,casualties,Casualty and affected-population figures,present,1.0,1.0,ok,,181,6e7146d7,qwen/qwen3.8-flash,391e69740eb64eeab6015a0f0d8124f00cfac7d97ae18cbdc9852b053f8dd7b9,sync,False,2026-08-31T01:12:33+00:00
cyclone-idai-2019,manual-cyclone-idai-2019-rosea-20190321-zimbabwe-floods-flash-update-4-pdf,human,,human,2019-03-21,displacement,Displacement and accommodation sites,present,1.0,0.95,ok,,192,b3ac83a8,qwen/qwen3.8-flash,61444db51b44924dca81c5a864fb5761c42d8cb3bcb5ca17f80b36e9b61bbdbb,sync,False,2026-08-31T01:12:33+00:00
cyclone-idai-2019,manual-cyclone-idai-2019-rosea-20190321-zimbabwe-floods-flash-update-4-pdf,human,,human,2019-03-21,health,"Health, disease outbreak and nutrition",partial,0.5,0.95,ok,,122,8595be24,qwen/qwen3.8-flash,f06a8b3a2d2e091bd13b14bd88697f12af9b6a443e812175593b72cfac0ec448,sync,False,2026-08-31T01:12:33+00:00
cyclone-idai-2019,manual-cyclone-idai-2019-rosea-20190321-zimbabwe-floods-flash-update-4-pdf,human,,human,2019-03-21,damage,"Physical, economic and agricultural damage",present,1.0,1.0,ok,,119,738caec7,qwen/qwen3.8-flash,a28fb4979ee95375873d168aad8787fd6bd888eeb4107dd886882c65c38cb3a5,sync,False,2026-08-31T01:12:33+00:00
cyclone-idai-2019,manual-cyclone-idai-2019-rosea-20190321-zimbabwe-floods-flash-update-4-pdf,human,,human,2019-03-21,funding,Funding status and donor contributions,absent,0.0,1.0,ok,,0,,qwen/qwen3.8-flash,76f08cc8c608cd3e34a84534030ac19d1236a4c1e7dbf84fcc9b72662810ffcd,sync,False,2026-08-31T01:12:33+00:00
cyclone-idai-2019,manual-cyclone-idai-2019-rosea-20190321-zimbabwe-floods-flash-update-4-pdf,human,,human,2019-03-21,education,Education impact and response,partial,0.5,0.9,ok,,55,6f7dd602,qwen/qwen3.8-flash,173a7621e19360c8880b34b488950bfe91b7ae46d4b2218836ad4b6b94692ae5,sync,False,2026-08-31T01:12:33+00:00
cyclone-idai-2019,manual-cyclone-idai-2019-rosea-20190321-zimbabwe-floods-flash-update-4-pdf,human,,human,2019-03-21,wash,WASH needs and response,,,,invalid,unparsable JSON (empty output),0,,qwen/qwen3.8-flash,5a4a43bdf0909c6f2c5a0a515e63d53ff556221d9d6d665d965108b27fb9afed,sync,False,2026-08-31T01:12:33+00:00
cyclone-idai-2019,manual-cyclone-idai-2019-rosea-20190321-zimbabwe-floods-flash-update-4-pdf,human,,human,2019-03-21,food,Food security and assistance reach,absent,0.0,1.0,ok,,0,,qwen/qwen3.8-flash,24a9cc02107400853fe26a051a2d9aac87f817121cc6c060df5a6e7d4fc8092d,sync,False,2026-08-31T01:12:33+00:00
cyclone-idai-2019,manual-cyclone-idai-2019-rosea-20190321-zimbabwe-floods-flash-update-4-pdf,human,,human,2019-03-21,access,Access constraints,present,1.0,0.95,ok,,158,7d784ac9,qwen/qwen3.8-flash,a3a65bf5ba11824775b25eb46bafe5a93fdd74ab29a631a949fb7586243a1ae7,sync,False,2026-08-31T01:12:33+00:00
cyclone-idai-2019,manual-cyclone-idai-2019-rosea-20190321-zimbabwe-floods-flash-update-4-pdf,human,,human,2019-03-21,coordination,Coordination arrangements,present,1.0,1.0,ok,,152,a4122510,qwen/qwen3.8-flash,b9cb3ae26f9c3f91580a3a13807d837812009a089bd0b775c5f4d604a7d8c243,sync,False,2026-08-31T01:12:33+00:00
cyclone-idai-2019,manual-cyclone-idai-2019-rosea-20190321-zimbabwe-floods-flash-update-4-pdf,human,,human,2019-03-21,needs_gaps,Sector needs and gaps,present,1.0,1.0,ok,,192,d08781ee,qwen/qwen3.8-flash,91307de6f865b16534372bc071016252998633e4cb8faeda2ab84081d3ddd6a3,sync,False,2026-08-31T01:12:33+00:00
cyclone-idai-2019,manual-cyclone-idai-2019-rosea-20190321-zimbabwe-floods-flash-update-4-pdf,human,,human,2019-03-21,response_actions,Sector response activities,present,1.0,1.0,ok,,157,57634b58,qwen/qwen3.8-flash,497691b4d334420088d17733e28cb3ec4cda91936f45d8969416f5ae45f80850,sync,False,2026-08-31T01:12:33+00:00
cyclone-idai-2019,manual-cyclone-idai-2019-rosea-20190321-zimbabwe-floods-flash-update-4-pdf,human,,human,2019-03-21,shelter,Shelter and non-food items,partial,0.5,0.9,ok,,107,9510976c,qwen/qwen3.8-flash,76859128302a83cdbbc2d15de8c1a25370dcae66e39cf933ebb15e25dc3e8e2a,sync,False,2026-08-31T01:12:33+00:00
cyclone-idai-2019,manual-cyclone-idai-2019-rosea-20190323-mozambique-floods-flash-update-7-final-pdf,human,,human,2019-03-23,currency_and_metadata,Data currency and report metadata,present,1.0,1.0,ok,,225,93f330ae,qwen/qwen3.8-flash,bbfdfece2e68aebe3bf7d73346a53f380181604fd6e308d6852d6ae5e7773293,sync,False,2026-08-31T01:12:33+00:00
cyclone-idai-2019,manual-cyclone-idai-2019-rosea-20190323-mozambique-floods-flash-update-7-final-pdf,human,,human,2019-03-23,sourcing,Sourcing and attribution,present,1.0,1.0,ok,,141,5db5348b,qwen/qwen3.8-flash,a587911d44bb497aa381f00bb60a9c15e04e075aef56789ee72c945e4ea0444d,sync,False,2026-08-31T01:12:33+00:00
cyclone-idai-2019,manual-cyclone-idai-2019-rosea-20190323-mozambique-floods-flash-update-7-final-pdf,human,,human,2019-03-23,casualties,Casualty and affected-population figures,present,1.0,1.0,ok,,185,00ef01e7,qwen/qwen3.8-flash,3b482b57e8afc1747899f40504d63047650849248694f37ae4a662c7c9cf0e97,sync,False,2026-08-31T01:12:33+00:00
cyclone-idai-2019,manual-cyclone-idai-2019-rosea-20190323-mozambique-floods-flash-update-7-final-pdf,human,,human,2019-03-23,displacement,Displacement and accommodation sites,present,1.0,1.0,ok,,200,8b6f7b91,qwen/qwen3.8-flash,b8acf8c2f250eb3890bee27efbdac7f37fc2b3ac22624a4e5674eee7128a5bd7,sync,False,2026-08-31T01:12:33+00:00
cyclone-idai-2019,manual-cyclone-idai-2019-rosea-20190323-mozambique-floods-flash-update-7-final-pdf,human,,human,2019-03-23,health,"Health, disease outbreak and nutrition",partial,0.5,0.95,ok,,193,ab629b85,qwen/qwen3.8-flash,587d808c8799e347d7cd8e71b309dc5458538f3d14df54addfe9c11126b6d887,sync,False,2026-08-31T01:12:33+00:00
cyclone-idai-2019,manual-cyclone-idai-2019-rosea-20190323-mozambique-floods-flash-update-7-final-pdf,human,,human,2019-03-23,damage,"Physical, economic and agricultural damage",present,1.0,1.0,ok,,179,11a6b96a,qwen/qwen3.8-flash,940e0b17049d6b110eb8ceefc3beed7c74c22fb703a1bdd3643af53b83adbc49,sync,False,2026-08-31T01:12:33+00:00
cyclone-idai-2019,manual-cyclone-idai-2019-rosea-20190323-mozambique-floods-flash-update-7-final-pdf,human,,human,2019-03-23,funding,Funding status and donor contributions,present,1.0,1.0,ok,,232,f07fc10d,qwen/qwen3.8-flash,647c942b610abd5c45fee0d7f1f38ad721adeba1c0e278cba844ff55f0493dfc,sync,False,2026-08-31T01:12:33+00:00
cyclone-idai-2019,manual-cyclone-idai-2019-rosea-20190323-mozambique-floods-flash-update-7-final-pdf,human,,human,2019-03-23,education,Education impact and response,present,1.0,0.95,ok,,248,9f4ee7d9,qwen/qwen3.8-flash,8c904d0057ae853adb94c7c8b36ea7c20c94627b610ff3f59453eec009fc033c,sync,False,2026-08-31T01:12:33+00:00
cyclone-idai-2019,manual-cyclone-idai-2019-rosea-20190323-mozambique-floods-flash-update-7-final-pdf,human,,human,2019-03-23,wash,WASH needs and response,present,1.0,0.95,ok,,185,198861ca,qwen/qwen3.8-flash,c5e641eb474cad0aff44eaa3db4430d5cd9de5809f1753919ec8c3cfef75242d,sync,False,2026-08-31T01:12:33+00:00
cyclone-idai-2019,manual-cyclone-idai-2019-rosea-20190323-mozambique-floods-flash-update-7-final-pdf,human,,human,2019-03-23,food,Food security and assistance reach,partial,0.5,0.9,ok,,231,3809e58e,qwen/qwen3.8-flash,4fee8256be5ea4268801a5084f67b2b70cf0d286c08b2b5d79a417e0adf3ccc4,sync,False,2026-08-31T01:12:33+00:00
cyclone-idai-2019,manual-cyclone-idai-2019-rosea-20190323-mozambique-floods-flash-update-7-final-pdf,human,,human,2019-03-23,access,Access constraints,present,1.0,1.0,ok,,208,dfdfa1d2,qwen/qwen3.8-flash,6c65097cc547ce5d948a7da31ec2ecaaa38450c25436aec3110f944a09959ea8,sync,False,2026-08-31T01:12:33+00:00
cyclone-idai-2019,manual-cyclone-idai-2019-rosea-20190323-mozambique-floods-flash-update-7-final-pdf,human,,human,2019-03-23,coordination,Coordination arrangements,present,1.0,1.0,ok,,229,094d6fc3,qwen/qwen3.8-flash,adcfb1bd44c20fc60270673a82bbe816d4ecb7660d20c78ddb60767430473a61,sync,False,2026-08-31T01:12:33+00:00
cyclone-idai-2019,manual-cyclone-idai-2019-rosea-20190323-mozambique-floods-flash-update-7-final-pdf,human,,human,2019-03-23,needs_gaps,Sector needs and gaps,,,,invalid,unparsable JSON (empty output),0,,qwen/qwen3.8-flash,0a3d2158d810cd8a88bf064c729072cce0c2e95fdb57b67268bbfd1e55985343,sync,False,2026-08-31T01:12:33+00:00
cyclone-idai-2019,manual-cyclone-idai-2019-rosea-20190323-mozambique-floods-flash-update-7-final-pdf,human,,human,2019-03-23,response_actions,Sector response activities,present,1.0,1.0,ok,,216,8f21960d,qwen/qwen3.8-flash,9f6c019e5b755058513b93d508eb8854fd2e332131a32b30b70d407d318de45f,sync,False,2026-08-31T01:12:33+00:00
cyclone-idai-2019,manual-cyclone-idai-2019-rosea-20190323-mozambique-floods-flash-update-7-final-pdf,human,,human,2019-03-23,shelter,Shelter and non-food items,,,,invalid,unparsable JSON (empty output),0,,qwen/qwen3.8-flash,485c8b577eeb6ae99dcfce2ca1cd7abf429911a6b69f85916d88da6744c968df,sync,False,2026-08-31T01:12:33+00:00
cyclone-idai-2019,manual-cyclone-idai-2019-rosea-20190323-zimbabwe-floods-flash-update-5-final-pdf,human,,human,2019-03-23,currency_and_metadata,Data currency and report metadata,,,,invalid,unparsable JSON (empty output),0,,qwen/qwen3.8-flash,c71daea6568b66337f23ffa00dd4df7f7a7f46fac214a8f6a2c24d663bb454c7,sync,False,2026-08-31T01:12:33+00:00
cyclone-idai-2019,manual-cyclone-idai-2019-rosea-20190323-zimbabwe-floods-flash-update-5-final-pdf,human,,human,2019-03-23,sourcing,Sourcing and attribution,present,1.0,1.0,ok,,183,5ecca99b,qwen/qwen3.8-flash,b0980853fefcf7efe5aa2fa7ddc26f9fb027e67e7158fdec913d2ff6091eafaa,sync,False,2026-08-31T01:12:33+00:00
cyclone-idai-2019,manual-cyclone-idai-2019-rosea-20190323-zimbabwe-floods-flash-update-5-final-pdf,human,,human,2019-03-23,casualties,Casualty and affected-population figures,present,1.0,0.98,ok,,198,22e3e5b3,qwen/qwen3.8-flash,b3b05d491a7f4ccf40fc9e2a0e4587c7728b3f64456239808004b7a070f269ea,sync,False,2026-08-31T01:12:33+00:00
cyclone-idai-2019,manual-cyclone-idai-2019-rosea-20190323-zimbabwe-floods-flash-update-5-final-pdf,human,,human,2019-03-23,displacement,Displacement and accommodation sites,partial,0.5,0.9,ok,,153,95fea8b3,qwen/qwen3.8-flash,9fe1608d4d27ced4edcd16b512d368ed96461edc37c26215af4605b7cc926145,sync,False,2026-08-31T01:12:33+00:00
cyclone-idai-2019,manual-cyclone-idai-2019-rosea-20190323-zimbabwe-floods-flash-update-5-final-pdf,human,,human,2019-03-23,health,"Health, disease outbreak and nutrition",partial,0.5,0.9,ok,,202,1c296c4a,qwen/qwen3.8-flash,9420fbe8fc9e9836034897b85fe84788f88105359d46e4a9055cfae903c3524b,sync,False,2026-08-31T01:12:33+00:00
cyclone-idai-2019,manual-cyclone-idai-2019-rosea-20190323-zimbabwe-floods-flash-update-5-final-pdf,human,,human,2019-03-23,damage,"Physical, economic and agricultural damage",present,1.0,0.95,ok,,173,fd2bfe6b,qwen/qwen3.8-flash,2a6cc3492638bc2a408aa56c227e89a8a7c94d93b3d392093938d2f4fbc89998,sync,False,2026-08-31T01:12:33+00:00
cyclone-idai-2019,manual-cyclone-idai-2019-rosea-20190323-zimbabwe-floods-flash-update-5-final-pdf,human,,human,2019-03-23,funding,Funding status and donor contributions,absent,0.0,1.0,ok,,0,,qwen/qwen3.8-flash,1eb8696a5f0108d237ff093775aa9b57735a2bc2edbac7d1d38e8a8fd2ec6c11,sync,False,2026-08-31T01:12:33+00:00
cyclone-idai-2019,manual-cyclone-idai-2019-rosea-20190323-zimbabwe-floods-flash-update-5-final-pdf,human,,human,2019-03-23,education,Education impact and response,partial,0.5,0.95,ok,,124,fb0adbc3,qwen/qwen3.8-flash,fb1ba79e6ca05728e3943219f87859da7abc0a0752b3721fb1b2ed4f42b0b848,sync,False,2026-08-31T01:12:33+00:00
cyclone-idai-2019,manual-cyclone-idai-2019-rosea-20190323-zimbabwe-floods-flash-update-5-final-pdf,human,,human,2019-03-23,wash,WASH needs and response,,,,invalid,unparsable JSON (empty output),0,,qwen/qwen3.8-flash,b8c9a64a4d17e4107c4772bda74aa266b40778579185e15e8ec6062ce132aa96,sync,False,2026-08-31T01:12:33+00:00
cyclone-idai-2019,manual-cyclone-idai-2019-rosea-20190323-zimbabwe-floods-flash-update-5-final-pdf,human,,human,2019-03-23,food,Food security and assistance reach,present,1.0,0.95,ok,,163,c1d2fcd7,qwen/qwen3.8-flash,f8a961774b72bd752353271af3cbb948fd2c9c628edf68a2390acd477078dcf4,sync,False,2026-08-31T01:12:33+00:00
cyclone-idai-2019,manual-cyclone-idai-2019-rosea-20190323-zimbabwe-floods-flash-update-5-final-pdf,human,,human,2019-03-23,access,Access constraints,present,1.0,0.95,ok,,125,c8023d9f,qwen/qwen3.8-flash,811bc51930d01bae0ae364ae653874fb0c10b25e4e8a53fb5c7b5d361d692e98,sync,False,2026-08-31T01:12:33+00:00
cyclone-idai-2019,manual-cyclone-idai-2019-rosea-20190323-zimbabwe-floods-flash-update-5-final-pdf,human,,human,2019-03-23,coordination,Coordination arrangements,partial,0.5,0.9,ok,,121,e2dfa643,qwen/qwen3.8-flash,56a213f460a55108a5e2abfea57501dc679360be52225a85015640e5a45e3065,sync,False,2026-08-31T01:12:33+00:00
cyclone-idai-2019,manual-cyclone-idai-2019-rosea-20190323-zimbabwe-floods-flash-update-5-final-pdf,human,,human,2019-03-23,needs_gaps,Sector needs and gaps,present,1.0,0.95,ok,,184,819fefc4,qwen/qwen3.8-flash,780b744af999bca2e4e877b6f5dc5a33700e47e2cf63ac16c92322e7544269e0,sync,False,2026-08-31T01:12:33+00:00
cyclone-idai-2019,manual-cyclone-idai-2019-rosea-20190323-zimbabwe-floods-flash-update-5-final-pdf,human,,human,2019-03-23,response_actions,Sector response activities,present,1.0,1.0,ok,,177,3827f8c9,qwen/qwen3.8-flash,48a4477834594c48877723cf74a10c7b91b00f48e9197518b087e5a798e0909c,sync,False,2026-08-31T01:12:33+00:00
cyclone-idai-2019,manual-cyclone-idai-2019-rosea-20190323-zimbabwe-floods-flash-update-5-final-pdf,human,,human,2019-03-23,shelter,Shelter and non-food items,present,1.0,0.95,ok,,171,ced49dec,qwen/qwen3.8-flash,45c5c60c54b69e9063cc009f099bd65180d3d3f592def1e0d844ceb33781f7ed,sync,False,2026-08-31T01:12:33+00:00
cyclone-idai-2019,manual-cyclone-idai-2019-rosea-20190324-mozambique-floods-flash-update-8-final-pdf,human,,human,2019-03-24,currency_and_metadata,Data currency and report metadata,present,1.0,1.0,ok,,172,22858cfd,qwen/qwen3.8-flash,c710e99a4479964c9049e6a15a56a6c0386c2cf8bd97985e5a9eb5fd5187239f,sync,False,2026-08-31T01:12:33+00:00
cyclone-idai-2019,manual-cyclone-idai-2019-rosea-20190324-mozambique-floods-flash-update-8-final-pdf,human,,human,2019-03-24,sourcing,Sourcing and attribution,present,1.0,1.0,ok,,100,37de5495,qwen/qwen3.8-flash,0dd7de65db4dc5526a5e91953b7b832a20343dc305d4c4b6d992ed014d3e17d0,sync,False,2026-08-31T01:12:33+00:00
cyclone-idai-2019,manual-cyclone-idai-2019-rosea-20190324-mozambique-floods-flash-update-8-final-pdf,human,,human,2019-03-24,casualties,Casualty and affected-population figures,present,1.0,1.0,ok,,127,87624209,qwen/qwen3.8-flash,89a270062238d4054c21784cad1b56fabdcdb4fa390df900e3c2f72519cee876,sync,False,2026-08-31T01:12:33+00:00
cyclone-idai-2019,manual-cyclone-idai-2019-rosea-20190324-mozambique-floods-flash-update-8-final-pdf,human,,human,2019-03-24,displacement,Displacement and accommodation sites,present,1.0,1.0,ok,,205,8c388f62,qwen/qwen3.8-flash,cb27370a0fd3cb34b96a75457f0ddbc1e277b6dd599b69e7f9dd9ff191afe840,sync,False,2026-08-31T01:12:33+00:00
cyclone-idai-2019,manual-cyclone-idai-2019-rosea-20190324-mozambique-floods-flash-update-8-final-pdf,human,,human,2019-03-24,health,"Health, disease outbreak and nutrition",partial,0.5,0.95,ok,,162,478bb746,qwen/qwen3.8-flash,ffb2b072ef4523df93fd73c00532fbc28d68e3430802c9f0b50662315e50b135,sync,False,2026-08-31T01:12:33+00:00
cyclone-idai-2019,manual-cyclone-idai-2019-rosea-20190324-mozambique-floods-flash-update-8-final-pdf,human,,human,2019-03-24,damage,"Physical, economic and agricultural damage",present,1.0,1.0,ok,,143,813c6a6c,qwen/qwen3.8-flash,ea91d19eea38590e0d74d3098c76b6f553dcc38f88e61c34b8ee9190b7b6fe95,sync,False,2026-08-31T01:12:33+00:00
cyclone-idai-2019,manual-cyclone-idai-2019-rosea-20190324-mozambique-floods-flash-update-8-final-pdf,human,,human,2019-03-24,funding,Funding status and donor contributions,present,1.0,1.0,ok,,137,1c5e10fe,qwen/qwen3.8-flash,83a7ec02d5112143402a8dbccb5d5714e9d332d76ab3d28ac5ecbeaf713fc4fc,sync,False,2026-08-31T01:12:33+00:00
cyclone-idai-2019,manual-cyclone-idai-2019-rosea-20190324-mozambique-floods-flash-update-8-final-pdf,human,,human,2019-03-24,education,Education impact and response,absent,0.0,1.0,ok,,0,,qwen/qwen3.8-flash,e87b4f86210b0b8571354ba2c0f2eca7d28977d4da5ef28c9258df08ceaa2edb,sync,False,2026-08-31T01:12:33+00:00
cyclone-idai-2019,manual-cyclone-idai-2019-rosea-20190324-mozambique-floods-flash-update-8-final-pdf,human,,human,2019-03-24,wash,WASH needs and response,partial,0.5,0.95,ok,,208,0ac2661d,qwen/qwen3.8-flash,2ee8ece56acfaf01291e20b46925490d1c8798c92e6015bcd6227e50e2e6fd9c,sync,False,2026-08-31T01:12:33+00:00
cyclone-idai-2019,manual-cyclone-idai-2019-rosea-20190324-mozambique-floods-flash-update-8-final-pdf,human,,human,2019-03-24,food,Food security and assistance reach,present,1.0,1.0,ok,,185,6c6b3797,qwen/qwen3.8-flash,79e0b74d9f6551026edecc7db215e704380e48f3d4ff7f986b053105850ac026,sync,False,2026-08-31T01:12:33+00:00
cyclone-idai-2019,manual-cyclone-idai-2019-rosea-20190324-mozambique-floods-flash-update-8-final-pdf,human,,human,2019-03-24,access,Access constraints,present,1.0,1.0,ok,,203,81829f7d,qwen/qwen3.8-flash,9baae71d60b11cc85780eaad1e0e40b535845e357d2ca3279992945d24408f63,sync,False,2026-08-31T01:12:33+00:00
cyclone-idai-2019,manual-cyclone-idai-2019-rosea-20190324-mozambique-floods-flash-update-8-final-pdf,human,,human,2019-03-24,coordination,Coordination arrangements,present,1.0,0.95,ok,,219,7d82a3fb,qwen/qwen3.8-flash,895e37a95b0d27435173de2decaad3822b32d16a0352f6189c5e5cb281520650,sync,False,2026-08-31T01:12:33+00:00
cyclone-idai-2019,manual-cyclone-idai-2019-rosea-20190324-mozambique-floods-flash-update-8-final-pdf,human,,human,2019-03-24,needs_gaps,Sector needs and gaps,present,1.0,1.0,ok,,150,b08d37dd,qwen/qwen3.8-flash,b1878d3b2cc4097ddc5d6df11ef53c57f9f0ad436428c7c67ef84b87ab91452c,sync,False,2026-08-31T01:12:33+00:00
cyclone-idai-2019,manual-cyclone-idai-2019-rosea-20190324-mozambique-floods-flash-update-8-final-pdf,human,,human,2019-03-24,response_actions,Sector response activities,present,1.0,0.95,ok,,178,b6bd4469,qwen/qwen3.8-flash,327a1e84764eb27d1d1809d1d89916f6a69a48ddd0f4f3855b17b4c2c48aad40,sync,False,2026-08-31T01:12:33+00:00
cyclone-idai-2019,manual-cyclone-idai-2019-rosea-20190324-mozambique-floods-flash-update-8-final-pdf,human,,human,2019-03-24,shelter,Shelter and non-food items,,,,invalid,unparsable JSON (empty output),0,,qwen/qwen3.8-flash,c48f0c59392dc7772d7af8d2d763f0785e4a5abddf30424afb330760697ec732,sync,False,2026-08-31T01:12:33+00:00
cyclone-idai-2019,manual-cyclone-idai-2019-rosea-20190325-mozambique-floods-flash-update-9-final-pdf,human,,human,2019-03-25,currency_and_metadata,Data currency and report metadata,,,,invalid,unparsable JSON (Unterminated string starting at at pos 40),0,,qwen/qwen3.8-flash,775ad5927922ccdcdc127537f4c2da60a4adbe4e6b0b5935270a92e7bae27537,sync,False,2026-08-31T01:12:33+00:00
cyclone-idai-2019,manual-cyclone-idai-2019-rosea-20190325-mozambique-floods-flash-update-9-final-pdf,human,,human,2019-03-25,sourcing,Sourcing and attribution,present,1.0,1.0,ok,,83,a63784b3,qwen/qwen3.8-flash,52eed5636bd105a571af4e376102264e0db54a926dbf9aa510e61cfb566f4b0c,sync,False,2026-08-31T01:12:33+00:00
cyclone-idai-2019,manual-cyclone-idai-2019-rosea-20190325-mozambique-floods-flash-update-9-final-pdf,human,,human,2019-03-25,casualties,Casualty and affected-population figures,present,1.0,1.0,ok,,148,6e12514e,qwen/qwen3.8-flash,5095511458e9ee550223b09f8389d75d22295b130625dbd73bcce374792f8a7b,sync,False,2026-08-31T01:12:33+00:00
cyclone-idai-2019,manual-cyclone-idai-2019-rosea-20190325-mozambique-floods-flash-update-9-final-pdf,human,,human,2019-03-25,displacement,Displacement and accommodation sites,present,1.0,1.0,ok,,153,cc526a15,qwen/qwen3.8-flash,8d1e3fc6e16013fa71adcdb97727e489513be7696a80cd8aa62f3a79a0474cba,sync,False,2026-08-31T01:12:33+00:00
cyclone-idai-2019,manual-cyclone-idai-2019-rosea-20190325-mozambique-floods-flash-update-9-final-pdf,human,,human,2019-03-25,health,"Health, disease outbreak and nutrition",partial,0.5,0.95,ok,,200,e8f14673,qwen/qwen3.8-flash,b70cdb085285b7ad5f695c88b008ee0c2f1d53075acfe34f44d400bb76d68789,sync,False,2026-08-31T01:12:33+00:00
cyclone-idai-2019,manual-cyclone-idai-2019-rosea-20190325-mozambique-floods-flash-update-9-final-pdf,human,,human,2019-03-25,damage,"Physical, economic and agricultural damage",present,1.0,1.0,ok,,160,e4949cb0,qwen/qwen3.8-flash,00df3fe2c715a185571bc917dfd8a10ae500bcc72d7c74417a18ae2283532700,sync,False,2026-08-31T01:12:33+00:00
cyclone-idai-2019,manual-cyclone-idai-2019-rosea-20190325-mozambique-floods-flash-update-9-final-pdf,human,,human,2019-03-25,funding,Funding status and donor contributions,present,1.0,0.95,ok,,153,bed9acf6,qwen/qwen3.8-flash,dbd7768af4179de0321d9d2416a901bf14e25bc3e55fd1229f1dfe1e9f3af3b3,sync,False,2026-08-31T01:12:33+00:00
cyclone-idai-2019,manual-cyclone-idai-2019-rosea-20190325-mozambique-floods-flash-update-9-final-pdf,human,,human,2019-03-25,education,Education impact and response,present,1.0,0.95,ok,,275,7b63b557,qwen/qwen3.8-flash,22f5ffa7da8d08a6b8e1a195f38894a1ffc345ef87d90033639d68da7f66a262,sync,False,2026-08-31T01:12:33+00:00
cyclone-idai-2019,manual-cyclone-idai-2019-rosea-20190325-mozambique-floods-flash-update-9-final-pdf,human,,human,2019-03-25,wash,WASH needs and response,partial,0.5,0.9,ok,,198,b3510cf9,qwen/qwen3.8-flash,77dc4adcc203ad511225f0c2ab1699c13d5f1739958b43abd8df9ad4b73e0ae7,sync,False,2026-08-31T01:12:33+00:00
cyclone-idai-2019,manual-cyclone-idai-2019-rosea-20190325-mozambique-floods-flash-update-9-final-pdf,human,,human,2019-03-25,food,Food security and assistance reach,,,,invalid,unparsable JSON (empty output),0,,qwen/qwen3.8-flash,bcf973f5c4d09d8684167e85fdfe7117e56ea76dba85739c63b0b3543c4b2d11,sync,False,2026-08-31T01:12:33+00:00
cyclone-idai-2019,manual-cyclone-idai-2019-rosea-20190325-mozambique-floods-flash-update-9-final-pdf,human,,human,2019-03-25,access,Access constraints,present,1.0,1.0,ok,,194,f19b6c04,qwen/qwen3.8-flash,4d3c4a93fe0a2724a02fb05b5a72b4bec5e1d549f8f5dd40d9a2c5f34965eb2d,sync,False,2026-08-31T01:12:33+00:00
cyclone-idai-2019,manual-cyclone-idai-2019-rosea-20190325-mozambique-floods-flash-update-9-final-pdf,human,,human,2019-03-25,coordination,Coordination arrangements,present,1.0,0.95,ok,,235,0bec1a81,qwen/qwen3.8-flash,df4aa50bdd22816b207008a6bef3dab032b59ab881031d32861c3dbc088f5f69,sync,False,2026-08-31T01:12:33+00:00
cyclone-idai-2019,manual-cyclone-idai-2019-rosea-20190325-mozambique-floods-flash-update-9-final-pdf,human,,human,2019-03-25,needs_gaps,Sector needs and gaps,present,1.0,0.95,ok,,189,5fd8fc5a,qwen/qwen3.8-flash,fa6ce310ad27d6fce207dadd2eb879f2dc1cc5943d438f46e7a30a479eb5b34a,sync,False,2026-08-31T01:12:33+00:00
cyclone-idai-2019,manual-cyclone-idai-2019-rosea-20190325-mozambique-floods-flash-update-9-final-pdf,human,,human,2019-03-25,response_actions,Sector response activities,present,1.0,1.0,ok,,165,d42e599b,qwen/qwen3.8-flash,4a0679b283fc7b24d41f4192d9843fad2312f7c3be4caefa81a1e6ed24ce9001,sync,False,2026-08-31T01:12:33+00:00
cyclone-idai-2019,manual-cyclone-idai-2019-rosea-20190325-mozambique-floods-flash-update-9-final-pdf,human,,human,2019-03-25,shelter,Shelter and non-food items,present,1.0,0.95,ok,,151,5767068a,qwen/qwen3.8-flash,85ebe8bcdc38289f2d27041f3437460ca592c46bec105f4cabe9cb18b106b393,sync,False,2026-08-31T01:12:33+00:00
cyclone-idai-2019,manual-cyclone-idai-2019-rosea-20190326-mozambique-floods-flash-update-10-final-pdf,human,,human,2019-03-26,currency_and_metadata,Data currency and report metadata,,,,invalid,unparsable JSON (empty output),0,,qwen/qwen3.8-flash,22693248317b3fc950ece6118128ba25a14ece460aa6fda6b05666a9b42947b1,sync,False,2026-08-31T01:12:33+00:00
cyclone-idai-2019,manual-cyclone-idai-2019-rosea-20190326-mozambique-floods-flash-update-10-final-pdf,human,,human,2019-03-26,sourcing,Sourcing and attribution,present,1.0,1.0,ok,,84,6846aa30,qwen/qwen3.8-flash,c4bbb63217ae164227f4e18ed211a53b18b65b592592de76cbcce0f82d5d816f,sync,False,2026-08-31T01:12:33+00:00
cyclone-idai-2019,manual-cyclone-idai-2019-rosea-20190326-mozambique-floods-flash-update-10-final-pdf,human,,human,2019-03-26,casualties,Casualty and affected-population figures,present,1.0,1.0,ok,,142,674c9bbc,qwen/qwen3.8-flash,1c9b15c0e8c76a72ddef6fc942b3a64eb466a2b9353949d97ddf02dd29046afb,sync,False,2026-08-31T01:12:33+00:00
cyclone-idai-2019,manual-cyclone-idai-2019-rosea-20190326-mozambique-floods-flash-update-10-final-pdf,human,,human,2019-03-26,displacement,Displacement and accommodation sites,present,1.0,1.0,ok,,209,e609e7f0,qwen/qwen3.8-flash,e6dbb6f05a1edc62b0cd7ec367b9a67c37201eec3dcc36a9a788ba9755b37790,sync,False,2026-08-31T01:12:33+00:00
cyclone-idai-2019,manual-cyclone-idai-2019-rosea-20190326-mozambique-floods-flash-update-10-final-pdf,human,,human,2019-03-26,health,"Health, disease outbreak and nutrition",partial,0.5,1.0,ok,,139,5ef2c4f2,qwen/qwen3.8-flash,bb6a0bfe0c05a71b87097667a666c4bc12b6907850a40aad4587eccccfffb243,sync,False,2026-08-31T01:12:33+00:00
cyclone-idai-2019,manual-cyclone-idai-2019-rosea-20190326-mozambique-floods-flash-update-10-final-pdf,human,,human,2019-03-26,damage,"Physical, economic and agricultural damage",present,1.0,1.0,ok,,117,c3b05672,qwen/qwen3.8-flash,8d1c8a2e6c17574a3d89d7a98cd1207f77f8ff9e2ce21c409b9e493bdf29fb08,sync,False,2026-08-31T01:12:33+00:00
cyclone-idai-2019,manual-cyclone-idai-2019-rosea-20190326-mozambique-floods-flash-update-10-final-pdf,human,,human,2019-03-26,funding,Funding status and donor contributions,,,,invalid,unparsable JSON (empty output),0,,qwen/qwen3.8-flash,152e3c0da39b99309f25526f2d5063b83a92f3ed223a53f60c927f38981f8b77,sync,False,2026-08-31T01:12:33+00:00
cyclone-idai-2019,manual-cyclone-idai-2019-rosea-20190326-mozambique-floods-flash-update-10-final-pdf,human,,human,2019-03-26,education,Education impact and response,partial,0.5,1.0,ok,,150,d5f28bed,qwen/qwen3.8-flash,497f036cc79658ce83c6f7f6d763feabc6bbd5ccb2ec5d8b27a8af857d9c88fe,sync,False,2026-08-31T01:12:33+00:00
cyclone-idai-2019,manual-cyclone-idai-2019-rosea-20190326-mozambique-floods-flash-update-10-final-pdf,human,,human,2019-03-26,wash,WASH needs and response,partial,0.5,0.85,ok,,220,8aa68572,qwen/qwen3.8-flash,4889b44fce1c1fa95cf8265e4e0de924a4ffa0f8aeb18884703e58798099691a,sync,False,2026-08-31T01:12:33+00:00
cyclone-idai-2019,manual-cyclone-idai-2019-rosea-20190326-mozambique-floods-flash-update-10-final-pdf,human,,human,2019-03-26,food,Food security and assistance reach,partial,0.5,0.9,ok,,101,0a083ec6,qwen/qwen3.8-flash,910e541e49cb5e0b284a399ef43153cfa49a6ede3830a5c264530444af981900,sync,False,2026-08-31T01:12:33+00:00
cyclone-idai-2019,manual-cyclone-idai-2019-rosea-20190326-mozambique-floods-flash-update-10-final-pdf,human,,human,2019-03-26,access,Access constraints,present,1.0,0.95,ok,,161,e1b28497,qwen/qwen3.8-flash,2541b5b741b0fc3d89412fca44a04a84a9af8cc06d91f70128345347391557ec,sync,False,2026-08-31T01:12:33+00:00
cyclone-idai-2019,manual-cyclone-idai-2019-rosea-20190326-mozambique-floods-flash-update-10-final-pdf,human,,human,2019-03-26,coordination,Coordination arrangements,partial,0.5,0.95,ok,,135,e908a30a,qwen/qwen3.8-flash,8f5ca07c3b68ee5efc06d8799ab789470720f8904fec09e14bf090f5bd2bedbd,sync,False,2026-08-31T01:12:33+00:00
cyclone-idai-2019,manual-cyclone-idai-2019-rosea-20190326-mozambique-floods-flash-update-10-final-pdf,human,,human,2019-03-26,needs_gaps,Sector needs and gaps,present,1.0,0.95,ok,,110,6aa16ad4,qwen/qwen3.8-flash,161f10f38a35806608f3d81812fbc279c8e0af8843366fc9786506a5680999ca,sync,False,2026-08-31T01:12:33+00:00
cyclone-idai-2019,manual-cyclone-idai-2019-rosea-20190326-mozambique-floods-flash-update-10-final-pdf,human,,human,2019-03-26,response_actions,Sector response activities,present,1.0,1.0,ok,,183,9199e54d,qwen/qwen3.8-flash,106996c8e1a980e2c1e59a4f8d7d10489c5175328e7045e2c232e7fcda3c837a,sync,False,2026-08-31T01:12:33+00:00
cyclone-idai-2019,manual-cyclone-idai-2019-rosea-20190326-mozambique-floods-flash-update-10-final-pdf,human,,human,2019-03-26,shelter,Shelter and non-food items,present,1.0,0.9,ok,,226,7fdb4857,qwen/qwen3.8-flash,d857d3fcee44d3f6a10f1a08dce2bdbefd76a08f4eb5131ce2794aed0f808545,sync,False,2026-08-31T01:12:33+00:00
cyclone-idai-2019,manual-cyclone-idai-2019-rosea-20190327-mozambique-floods-flash-update-11-final-pdf,human,,human,2019-03-27,currency_and_metadata,Data currency and report metadata,,,,invalid,unparsable JSON (empty output),0,,qwen/qwen3.8-flash,0bd030004a0df9aadb9b7bfc5ce9fca0772facc48a592040e983c9a205d93278,sync,False,2026-08-31T01:12:33+00:00
cyclone-idai-2019,manual-cyclone-idai-2019-rosea-20190327-mozambique-floods-flash-update-11-final-pdf,human,,human,2019-03-27,sourcing,Sourcing and attribution,present,1.0,1.0,ok,,162,ecd0e5ea,qwen/qwen3.8-flash,0ecf0284aead65aa8c46da3ed46be10e85eb95c750e5e18e7275c2205139f234,sync,False,2026-08-31T01:12:33+00:00
cyclone-idai-2019,manual-cyclone-idai-2019-rosea-20190327-mozambique-floods-flash-update-11-final-pdf,human,,human,2019-03-27,casualties,Casualty and affected-population figures,absent,0.0,1.0,ok,,0,,qwen/qwen3.8-flash,5ec242fe32d0fec4122001408551ef6f8b777750e2ffadbd0437e3400f16ad50,sync,False,2026-08-31T01:12:33+00:00
cyclone-idai-2019,manual-cyclone-idai-2019-rosea-20190327-mozambique-floods-flash-update-11-final-pdf,human,,human,2019-03-27,displacement,Displacement and accommodation sites,present,1.0,1.0,ok,,152,ea508055,qwen/qwen3.8-flash,4be3fa9fb4d893075e8e1843811a601f5d7241a6c3d34cd337259c584615ce87,sync,False,2026-08-31T01:12:33+00:00
cyclone-idai-2019,manual-cyclone-idai-2019-rosea-20190327-mozambique-floods-flash-update-11-final-pdf,human,,human,2019-03-27,health,"Health, disease outbreak and nutrition",present,1.0,1.0,ok,,174,a46c7b35,qwen/qwen3.8-flash,7f4cf108e7e728b60829329f3fe7ef12a5f20ef766d8d541e48113ee5a12e237,sync,False,2026-08-31T01:12:33+00:00
cyclone-idai-2019,manual-cyclone-idai-2019-rosea-20190327-mozambique-floods-flash-update-11-final-pdf,human,,human,2019-03-27,damage,"Physical, economic and agricultural damage",present,1.0,1.0,ok,,134,2663895e,qwen/qwen3.8-flash,d1640f0facd53a63d5c17708928a58fff4d38d2a3f297ebab80c0749e82a7f5b,sync,False,2026-08-31T01:12:33+00:00
cyclone-idai-2019,manual-cyclone-idai-2019-rosea-20190327-mozambique-floods-flash-update-11-final-pdf,human,,human,2019-03-27,funding,Funding status and donor contributions,present,1.0,0.95,ok,,213,c3a8b988,qwen/qwen3.8-flash,1f1d96774333bf08d8c061261ab194c895a8767513b691bf38b72e5e7de49392,sync,False,2026-08-31T01:12:33+00:00
cyclone-idai-2019,manual-cyclone-idai-2019-rosea-20190327-mozambique-floods-flash-update-11-final-pdf,human,,human,2019-03-27,education,Education impact and response,present,1.0,1.0,ok,,148,0ac737d5,qwen/qwen3.8-flash,6e5820960313e07fc7ebc724b927b4d496ddb46c5407e33d99baf3b382f4695a,sync,False,2026-08-31T01:12:33+00:00
cyclone-idai-2019,manual-cyclone-idai-2019-rosea-20190327-mozambique-floods-flash-update-11-final-pdf,human,,human,2019-03-27,wash,WASH needs and response,present,1.0,1.0,ok,,188,cd42ee6a,qwen/qwen3.8-flash,f7752eea8d764f6224b07f4ff0f234c7d6969fb8d41af93537c80469db1b33ad,sync,False,2026-08-31T01:12:33+00:00
cyclone-idai-2019,manual-cyclone-idai-2019-rosea-20190327-mozambique-floods-flash-update-11-final-pdf,human,,human,2019-03-27,food,Food security and assistance reach,present,1.0,0.95,ok,,156,46112ce9,qwen/qwen3.8-flash,3685cec8cb05aeaf1222e242f07bacfce0b42cac3eaf9096d9a1df0c7686fc49,sync,False,2026-08-31T01:12:33+00:00
cyclone-idai-2019,manual-cyclone-idai-2019-rosea-20190327-mozambique-floods-flash-update-11-final-pdf,human,,human,2019-03-27,access,Access constraints,present,1.0,1.0,ok,,235,2030bdf5,qwen/qwen3.8-flash,05f4ef8952811b77542922eb682925f245e33a9913d9090c2cd3c763d855316e,sync,False,2026-08-31T01:12:33+00:00
cyclone-idai-2019,manual-cyclone-idai-2019-rosea-20190327-mozambique-floods-flash-update-11-final-pdf,human,,human,2019-03-27,coordination,Coordination arrangements,present,1.0,0.95,ok,,160,0cdbe35a,qwen/qwen3.8-flash,73bd463cc5e28610c883657bc531bbfb2688a8df26f729a6dc15952f7fdc6c0e,sync,False,2026-08-31T01:12:33+00:00
cyclone-idai-2019,manual-cyclone-idai-2019-rosea-20190327-mozambique-floods-flash-update-11-final-pdf,human,,human,2019-03-27,needs_gaps,Sector needs and gaps,present,1.0,1.0,ok,,178,9a5e1cde,qwen/qwen3.8-flash,aeb030f5be54e47ae7aa2803b8a0a49bafdb9b2a24f5ee19ae9390c60baa27e4,sync,False,2026-08-31T01:12:33+00:00
cyclone-idai-2019,manual-cyclone-idai-2019-rosea-20190327-mozambique-floods-flash-update-11-final-pdf,human,,human,2019-03-27,response_actions,Sector response activities,present,1.0,0.95,ok,,164,9bf9b03e,qwen/qwen3.8-flash,434bd2505003f464e7bdd97515d1a710178e1034f7e126eb040343088f7dde2b,sync,False,2026-08-31T01:12:33+00:00
cyclone-idai-2019,manual-cyclone-idai-2019-rosea-20190327-mozambique-floods-flash-update-11-final-pdf,human,,human,2019-03-27,shelter,Shelter and non-food items,present,1.0,1.0,ok,,212,97ff59b6,qwen/qwen3.8-flash,0942b440f1a79353f3466ebf1005b9f1dd847e9a85594ad53e0a7ce54b218e09,sync,False,2026-08-31T01:12:33+00:00
cyclone-idai-2019,manual-cyclone-idai-2019-zimbabwe-20190327-sitrep-1-pdf,human,,human,2019-03-27,currency_and_metadata,Data currency and report metadata,present,1.0,1.0,ok,,169,9fe01c3b,qwen/qwen3.8-flash,202d5bf985485dfed1ff42a1cfaf9e80027c3a5a5ab62f9feb12ca1277c66ea7,sync,False,2026-08-31T01:12:33+00:00
cyclone-idai-2019,manual-cyclone-idai-2019-zimbabwe-20190327-sitrep-1-pdf,human,,human,2019-03-27,sourcing,Sourcing and attribution,present,1.0,1.0,ok,,151,0aedf2e8,qwen/qwen3.8-flash,6303bca2ce4f6cdd8267f89a845312e162093f61594a020e6aa8e5114b9dc20a,sync,False,2026-08-31T01:12:33+00:00
cyclone-idai-2019,manual-cyclone-idai-2019-zimbabwe-20190327-sitrep-1-pdf,human,,human,2019-03-27,casualties,Casualty and affected-population figures,present,1.0,1.0,ok,,151,0aedf2e8,qwen/qwen3.8-flash,0b011bcfe112ee30bcb3b54265fac5cd211f554e9b4df06bdd06eb8db9ba00bf,sync,False,2026-08-31T01:12:33+00:00
cyclone-idai-2019,manual-cyclone-idai-2019-zimbabwe-20190327-sitrep-1-pdf,human,,human,2019-03-27,displacement,Displacement and accommodation sites,present,1.0,0.95,ok,,153,e3519224,qwen/qwen3.8-flash,9a1ce4c65847eb2e96ab5e6317e5d4d579c03da15c8e3b8bb6fcb8509e595cb4,sync,False,2026-08-31T01:12:33+00:00
cyclone-idai-2019,manual-cyclone-idai-2019-zimbabwe-20190327-sitrep-1-pdf,human,,human,2019-03-27,health,"Health, disease outbreak and nutrition",present,1.0,0.95,ok,,261,25afaf03,qwen/qwen3.8-flash,277d97e26b21472891f79afcae9aeee28d75e614835953d155d3516f09dcc5aa,sync,False,2026-08-31T01:12:33+00:00
cyclone-idai-2019,manual-cyclone-idai-2019-zimbabwe-20190327-sitrep-1-pdf,human,,human,2019-03-27,damage,"Physical, economic and agricultural damage",present,1.0,0.95,ok,,178,2c347ef0,qwen/qwen3.8-flash,75dc486d55081f6009f958b6030a299a1681243e5c5b91c8f02e45b678a034aa,sync,False,2026-08-31T01:12:33+00:00
cyclone-idai-2019,manual-cyclone-idai-2019-zimbabwe-20190327-sitrep-1-pdf,human,,human,2019-03-27,funding,Funding status and donor contributions,,,,invalid,unparsable JSON (empty output),0,,qwen/qwen3.8-flash,36c6078a01bc7b5bebab1d31b25b68a609acde41ec09719a15a0d79092e7f073,sync,False,2026-08-31T01:12:33+00:00
cyclone-idai-2019,manual-cyclone-idai-2019-zimbabwe-20190327-sitrep-1-pdf,human,,human,2019-03-27,education,Education impact and response,present,1.0,1.0,ok,,211,642a8f5a,qwen/qwen3.8-flash,16d9d934a95a7427147b1e50c3557638b3455ce1ca8140ba2fca23b51dadf974,sync,False,2026-08-31T01:12:33+00:00
cyclone-idai-2019,manual-cyclone-idai-2019-zimbabwe-20190327-sitrep-1-pdf,human,,human,2019-03-27,wash,WASH needs and response,partial,0.5,0.9,ok,,66,56e9113d,qwen/qwen3.8-flash,bc30fe945adde32aa8f8f59502ea359ee837ee712a396724b15ac5a0302c8d1a,sync,False,2026-08-31T01:12:33+00:00
cyclone-idai-2019,manual-cyclone-idai-2019-zimbabwe-20190327-sitrep-1-pdf,human,,human,2019-03-27,food,Food security and assistance reach,present,1.0,0.95,ok,,187,9def0e29,qwen/qwen3.8-flash,8f9237401e4a98cde5bccf004b6200b5a2574d6451c96b917ee3356733110bc7,sync,False,2026-08-31T01:12:33+00:00
cyclone-idai-2019,manual-cyclone-idai-2019-zimbabwe-20190327-sitrep-1-pdf,human,,human,2019-03-27,access,Access constraints,present,1.0,1.0,ok,,169,3ec52f71,qwen/qwen3.8-flash,6c81f056e418820caf190f19361c73b89ea2196995b160fba2ace287f8fe5721,sync,False,2026-08-31T01:12:33+00:00
cyclone-idai-2019,manual-cyclone-idai-2019-zimbabwe-20190327-sitrep-1-pdf,human,,human,2019-03-27,coordination,Coordination arrangements,partial,0.5,0.95,ok,,157,4eec9203,qwen/qwen3.8-flash,1085581f6ebca37c381708ab0eb386292b4ca2d9d48bfb8c43609e24899ea31a,sync,False,2026-08-31T01:12:33+00:00
cyclone-idai-2019,manual-cyclone-idai-2019-zimbabwe-20190327-sitrep-1-pdf,human,,human,2019-03-27,needs_gaps,Sector needs and gaps,present,1.0,1.0,ok,,169,69687947,qwen/qwen3.8-flash,3a04e0fbd9fc59eadbb809cfd0840f590e019cb7f5f2a7227be1d1874ae2f1f0,sync,False,2026-08-31T01:12:33+00:00
cyclone-idai-2019,manual-cyclone-idai-2019-zimbabwe-20190327-sitrep-1-pdf,human,,human,2019-03-27,response_actions,Sector response activities,present,1.0,1.0,ok,,184,e794adb4,qwen/qwen3.8-flash,3df0e5ed89b022846cd17dc6893df9678aab12cefb3ad37584f1842260b6cce4,sync,False,2026-08-31T01:12:33+00:00
cyclone-idai-2019,manual-cyclone-idai-2019-zimbabwe-20190327-sitrep-1-pdf,human,,human,2019-03-27,shelter,Shelter and non-food items,present,1.0,1.0,ok,,194,91a96f11,qwen/qwen3.8-flash,7a5d882321342face909eaac74513abc3497fc43ad03aa22327f73b5bdd4b38e,sync,False,2026-08-31T01:12:33+00:00
cyclone-idai-2019,manual-cyclone-idai-2019-rosea-20190328-mozambique-floods-flash-update-12-final-pdf,human,,human,2019-03-28,currency_and_metadata,Data currency and report metadata,,,,invalid,unparsable JSON (empty output),0,,qwen/qwen3.8-flash,233d13fa8d07a78579940efdf021f749433549d7b2eb7cefe757339723bec26f,sync,False,2026-08-31T01:12:33+00:00
cyclone-idai-2019,manual-cyclone-idai-2019-rosea-20190328-mozambique-floods-flash-update-12-final-pdf,human,,human,2019-03-28,sourcing,Sourcing and attribution,present,1.0,1.0,ok,,150,6cc05d0b,qwen/qwen3.8-flash,57dd428955dd8088d5354e2d60475f57f1b5f74560381233a15710760a069129,sync,False,2026-08-31T01:12:33+00:00
cyclone-idai-2019,manual-cyclone-idai-2019-rosea-20190328-mozambique-floods-flash-update-12-final-pdf,human,,human,2019-03-28,casualties,Casualty and affected-population figures,present,1.0,1.0,ok,,136,70120ec8,qwen/qwen3.8-flash,c1237648a41094eab19692b8c36d4a56121cf26e17adf9977e8e8b87acca4e58,sync,False,2026-08-31T01:12:33+00:00
cyclone-idai-2019,manual-cyclone-idai-2019-rosea-20190328-mozambique-floods-flash-update-12-final-pdf,human,,human,2019-03-28,displacement,Displacement and accommodation sites,present,1.0,1.0,ok,,130,584d1f37,qwen/qwen3.8-flash,5b09cc11800ab64c41cfa4765a2d4f4595e947120d33d6e8e5f5b7ae05d63a92,sync,False,2026-08-31T01:12:33+00:00
cyclone-idai-2019,manual-cyclone-idai-2019-rosea-20190328-mozambique-floods-flash-update-12-final-pdf,human,,human,2019-03-28,health,"Health, disease outbreak and nutrition",partial,0.5,0.95,ok,,179,39ecf07a,qwen/qwen3.8-flash,05e3f75599c4bb49a75c477439f3702a1ed1d519d374a91e75191d60329a1be0,sync,False,2026-08-31T01:12:33+00:00
cyclone-idai-2019,manual-cyclone-idai-2019-rosea-20190328-mozambique-floods-flash-update-12-final-pdf,human,,human,2019-03-28,damage,"Physical, economic and agricultural damage",present,1.0,1.0,ok,,134,2ef14818,qwen/qwen3.8-flash,fbad83cab248338af68f12dddd83100038b129084e225261b664d6e576481426,sync,False,2026-08-31T01:12:33+00:00
cyclone-idai-2019,manual-cyclone-idai-2019-rosea-20190328-mozambique-floods-flash-update-12-final-pdf,human,,human,2019-03-28,funding,Funding status and donor contributions,partial,0.5,0.95,ok,,134,c05cd3ff,qwen/qwen3.8-flash,80aa4f22bd285ab966a892a430277aae4315cb206052ac4da70fe92a59094779,sync,False,2026-08-31T01:12:33+00:00
cyclone-idai-2019,manual-cyclone-idai-2019-rosea-20190328-mozambique-floods-flash-update-12-final-pdf,human,,human,2019-03-28,education,Education impact and response,present,1.0,0.95,ok,,204,b8e97fac,qwen/qwen3.8-flash,dd9a1ebd8a47dc3f401c3263b0be001a2732cdf3ac71d9fa8473d0ae237892e5,sync,False,2026-08-31T01:12:33+00:00
cyclone-idai-2019,manual-cyclone-idai-2019-rosea-20190328-mozambique-floods-flash-update-12-final-pdf,human,,human,2019-03-28,wash,WASH needs and response,present,1.0,0.95,ok,,92,0a5a79f1,qwen/qwen3.8-flash,1d2fc125a977a2f569feca2646766dfad7050473b3f7fa64a66c255c8e0eb19a,sync,False,2026-08-31T01:12:33+00:00
cyclone-idai-2019,manual-cyclone-idai-2019-rosea-20190328-mozambique-floods-flash-update-12-final-pdf,human,,human,2019-03-28,food,Food security and assistance reach,present,1.0,1.0,ok,,180,707c1989,qwen/qwen3.8-flash,7b1b13da789e011d7442bf5f0c3d8f4955860f07a6f39be9d7e622404114e476,sync,False,2026-08-31T01:12:33+00:00
cyclone-idai-2019,manual-cyclone-idai-2019-rosea-20190328-mozambique-floods-flash-update-12-final-pdf,human,,human,2019-03-28,access,Access constraints,partial,0.5,0.95,ok,,161,a7163a64,qwen/qwen3.8-flash,de990762d18b33f8167baa1c106aa3417fb7838be888b6ce5d3408033e3bcca6,sync,False,2026-08-31T01:12:33+00:00
cyclone-idai-2019,manual-cyclone-idai-2019-rosea-20190328-mozambique-floods-flash-update-12-final-pdf,human,,human,2019-03-28,coordination,Coordination arrangements,present,1.0,0.95,ok,,96,993fece5,qwen/qwen3.8-flash,38107f50a174ed810258eb9320175fe8a9285005e588d98c6f24927754a30658,sync,False,2026-08-31T01:12:33+00:00
cyclone-idai-2019,manual-cyclone-idai-2019-rosea-20190328-mozambique-floods-flash-update-12-final-pdf,human,,human,2019-03-28,needs_gaps,Sector needs and gaps,present,1.0,0.95,ok,,184,1e5796ec,qwen/qwen3.8-flash,448d8da92622080e04c937e1f3e2cfef63cfba6dc961696e0d408f6dc832acd4,sync,False,2026-08-31T01:12:33+00:00
cyclone-idai-2019,manual-cyclone-idai-2019-rosea-20190328-mozambique-floods-flash-update-12-final-pdf,human,,human,2019-03-28,response_actions,Sector response activities,present,1.0,1.0,ok,,156,00be3600,qwen/qwen3.8-flash,45256b3a9a6cfe0c6b8e4af8c86a1158e6c28dbe4a984b4ac7e269c751ab0f93,sync,False,2026-08-31T01:12:33+00:00
cyclone-idai-2019,manual-cyclone-idai-2019-rosea-20190328-mozambique-floods-flash-update-12-final-pdf,human,,human,2019-03-28,shelter,Shelter and non-food items,partial,0.5,0.95,ok,,216,0704dacd,qwen/qwen3.8-flash,48af30b162ae49659c83be8eaeaebbade0d2969169c19a48d959d133e96c215b,sync,False,2026-08-31T01:12:33+00:00
cyclone-idai-2019,manual-cyclone-idai-2019-rosea-20190329-mozambique-floods-flash-update-13-final-pdf,human,,human,2019-03-29,currency_and_metadata,Data currency and report metadata,present,1.0,1.0,ok,,188,ef3ec216,qwen/qwen3.8-flash,d75e3d1879db75ea83cf41e05f78e4066b7ef5f136b971d7377ba3dce36482ef,sync,False,2026-08-31T01:12:33+00:00
cyclone-idai-2019,manual-cyclone-idai-2019-rosea-20190329-mozambique-floods-flash-update-13-final-pdf,human,,human,2019-03-29,sourcing,Sourcing and attribution,present,1.0,1.0,ok,,91,1e1aed2f,qwen/qwen3.8-flash,cddc85bb6841a71e1ae69b1c1748ee4c74f6b151d427d68e1660f39271448439,sync,False,2026-08-31T01:12:33+00:00
cyclone-idai-2019,manual-cyclone-idai-2019-rosea-20190329-mozambique-floods-flash-update-13-final-pdf,human,,human,2019-03-29,casualties,Casualty and affected-population figures,present,1.0,1.0,ok,,92,333aa922,qwen/qwen3.8-flash,4b37bcca77d1c6cae0716d9e800b8a4992797f92e20769193f1aa3a10887b759,sync,False,2026-08-31T01:12:33+00:00
cyclone-idai-2019,manual-cyclone-idai-2019-rosea-20190329-mozambique-floods-flash-update-13-final-pdf,human,,human,2019-03-29,displacement,Displacement and accommodation sites,present,1.0,1.0,ok,,179,7b9faab5,qwen/qwen3.8-flash,d8c54cbdbbe81a7084d8eefd3996a5c2ed632d5dda9747f64353e5c52108f0a5,sync,False,2026-08-31T01:12:33+00:00
cyclone-idai-2019,manual-cyclone-idai-2019-rosea-20190329-mozambique-floods-flash-update-13-final-pdf,human,,human,2019-03-29,health,"Health, disease outbreak and nutrition",present,1.0,1.0,ok,,181,bb67a712,qwen/qwen3.8-flash,87b22ac13fe6c30b4e6e3e566d54338350718226c7855b9dd7ca569960d9f1b3,sync,False,2026-08-31T01:12:33+00:00
cyclone-idai-2019,manual-cyclone-idai-2019-rosea-20190329-mozambique-floods-flash-update-13-final-pdf,human,,human,2019-03-29,damage,"Physical, economic and agricultural damage",present,1.0,1.0,ok,,193,f819a7d0,qwen/qwen3.8-flash,3c54f96f9a0a937e150cab89939e2a56aef7e705692f5ae3e566eb81c0f24099,sync,False,2026-08-31T01:12:33+00:00
cyclone-idai-2019,manual-cyclone-idai-2019-rosea-20190329-mozambique-floods-flash-update-13-final-pdf,human,,human,2019-03-29,funding,Funding status and donor contributions,partial,0.5,0.95,ok,,114,1afa52f3,qwen/qwen3.8-flash,564b9eac9b453de191a15ff968c8b92e737ede01762df87db62c97a48dddf14f,sync,False,2026-08-31T01:12:33+00:00
cyclone-idai-2019,manual-cyclone-idai-2019-rosea-20190329-mozambique-floods-flash-update-13-final-pdf,human,,human,2019-03-29,education,Education impact and response,present,1.0,0.95,ok,,225,8c39ef0a,qwen/qwen3.8-flash,3115749f595ff5038a6c769a963d173461d4aff342356bede631714e93dcce7d,sync,False,2026-08-31T01:12:33+00:00
cyclone-idai-2019,manual-cyclone-idai-2019-rosea-20190329-mozambique-floods-flash-update-13-final-pdf,human,,human,2019-03-29,wash,WASH needs and response,,,,invalid,unparsable JSON (empty output),0,,qwen/qwen3.8-flash,c3605d79e81a9c9d136691245e47955b2491879a9971e75def40662bc5ca1158,sync,False,2026-08-31T01:12:33+00:00
cyclone-idai-2019,manual-cyclone-idai-2019-rosea-20190329-mozambique-floods-flash-update-13-final-pdf,human,,human,2019-03-29,food,Food security and assistance reach,present,1.0,1.0,ok,,106,c750ba0f,qwen/qwen3.8-flash,2ea1d213442666dca59f583256af6ddb797eb751e3e37f99510f1aa1dd2f5675,sync,False,2026-08-31T01:12:33+00:00
cyclone-idai-2019,manual-cyclone-idai-2019-rosea-20190329-mozambique-floods-flash-update-13-final-pdf,human,,human,2019-03-29,access,Access constraints,present,1.0,1.0,ok,,190,7c09003f,qwen/qwen3.8-flash,f63d2b07db72cc35f7c1a11c44d7900b5a8cc32086dd561d11c6dd974334c537,sync,False,2026-08-31T01:12:33+00:00
cyclone-idai-2019,manual-cyclone-idai-2019-rosea-20190329-mozambique-floods-flash-update-13-final-pdf,human,,human,2019-03-29,coordination,Coordination arrangements,present,1.0,0.95,ok,,166,a8494a57,qwen/qwen3.8-flash,1bad41f7ac4c7b7a82a9f8b7a64773ec940dad322bae1f78833378e0d8c0c1a1,sync,False,2026-08-31T01:12:33+00:00
cyclone-idai-2019,manual-cyclone-idai-2019-rosea-20190329-mozambique-floods-flash-update-13-final-pdf,human,,human,2019-03-29,needs_gaps,Sector needs and gaps,present,1.0,0.95,ok,,88,721b858a,qwen/qwen3.8-flash,01d1bb7f3f0da6f9886fabaf5f5f4a2b4a6d62459b4522da2cff26962b0c50cd,sync,False,2026-08-31T01:12:33+00:00
cyclone-idai-2019,manual-cyclone-idai-2019-rosea-20190329-mozambique-floods-flash-update-13-final-pdf,human,,human,2019-03-29,response_actions,Sector response activities,present,1.0,0.95,ok,,209,7993ae36,qwen/qwen3.8-flash,640b7a252be5e193c35a9bedf7689386025c67c7c8f79dad5b788ec312ababa5,sync,False,2026-08-31T01:12:33+00:00
cyclone-idai-2019,manual-cyclone-idai-2019-rosea-20190329-mozambique-floods-flash-update-13-final-pdf,human,,human,2019-03-29,shelter,Shelter and non-food items,partial,0.5,0.9,ok,,134,b0bf6a2a,qwen/qwen3.8-flash,144da705da32cd3138af253d48d3366a6783c9a5da687b9fef8834a9f98e31f2,sync,False,2026-08-31T01:12:33+00:00
cyclone-idai-2019,manual-cyclone-idai-2019-rosea-20190330-mozambique-floods-flash-update-14-final-pdf,human,,human,2019-03-30,currency_and_metadata,Data currency and report metadata,,,,invalid,unparsable JSON (empty output),0,,qwen/qwen3.8-flash,6ba817617d02d0cc679249d2e397977e6a949c5a1b61973c0aa8260b997b24b7,sync,False,2026-08-31T01:12:33+00:00
cyclone-idai-2019,manual-cyclone-idai-2019-rosea-20190330-mozambique-floods-flash-update-14-final-pdf,human,,human,2019-03-30,sourcing,Sourcing and attribution,present,1.0,0.98,ok,,79,6e497f86,qwen/qwen3.8-flash,59ca5df91051c06298fd5966518c9931abca1117238330f4b1eb804ce959008d,sync,False,2026-08-31T01:12:33+00:00
cyclone-idai-2019,manual-cyclone-idai-2019-rosea-20190330-mozambique-floods-flash-update-14-final-pdf,human,,human,2019-03-30,casualties,Casualty and affected-population figures,present,1.0,1.0,ok,,137,cdc17171,qwen/qwen3.8-flash,f10391870962938efac774e4c2e8e6243fb45d7a1b3fdb1ddcaa8569879f1e99,sync,False,2026-08-31T01:12:33+00:00
cyclone-idai-2019,manual-cyclone-idai-2019-rosea-20190330-mozambique-floods-flash-update-14-final-pdf,human,,human,2019-03-30,displacement,Displacement and accommodation sites,present,1.0,1.0,ok,,186,774cf769,qwen/qwen3.8-flash,d969e7d370554de3c295efd0393ae9756c64695b895aa3a6d4d9ae8c9f209fed,sync,False,2026-08-31T01:12:33+00:00
cyclone-idai-2019,manual-cyclone-idai-2019-rosea-20190330-mozambique-floods-flash-update-14-final-pdf,human,,human,2019-03-30,health,"Health, disease outbreak and nutrition",present,1.0,1.0,ok,,249,bcc4b33d,qwen/qwen3.8-flash,56f23c7d5fb93cedde74f0d6e3f8c86e107051a81c4e20d57413e0cb0642dc0b,sync,False,2026-08-31T01:12:33+00:00
cyclone-idai-2019,manual-cyclone-idai-2019-rosea-20190330-mozambique-floods-flash-update-14-final-pdf,human,,human,2019-03-30,damage,"Physical, economic and agricultural damage",present,1.0,1.0,ok,,137,c852f1e4,qwen/qwen3.8-flash,7326efbffa3464f53edd49c8c0a700c788a763e0006e0014731ac74b5266323a,sync,False,2026-08-31T01:12:33+00:00
cyclone-idai-2019,manual-cyclone-idai-2019-rosea-20190330-mozambique-floods-flash-update-14-final-pdf,human,,human,2019-03-30,funding,Funding status and donor contributions,partial,0.5,0.95,ok,,154,f1cf81b5,qwen/qwen3.8-flash,235f477fe44642252318f355871a2f3c406616fad33094d46fb2f9be724a3745,sync,False,2026-08-31T01:12:33+00:00
cyclone-idai-2019,manual-cyclone-idai-2019-rosea-20190330-mozambique-floods-flash-update-14-final-pdf,human,,human,2019-03-30,education,Education impact and response,present,1.0,1.0,ok,,203,2007397a,qwen/qwen3.8-flash,35b1f0d338822eae89664f7ccc78e75adfe18702a6d4742251a527d8da6ea69a,sync,False,2026-08-31T01:12:33+00:00
cyclone-idai-2019,manual-cyclone-idai-2019-rosea-20190330-mozambique-floods-flash-update-14-final-pdf,human,,human,2019-03-30,wash,WASH needs and response,present,1.0,1.0,ok,,140,18cab8ef,qwen/qwen3.8-flash,c92ef20b4b1b54c2ba40da4ac98b44f8e5675cf0aa577f7e109979c5f4886f38,sync,False,2026-08-31T01:12:33+00:00
cyclone-idai-2019,manual-cyclone-idai-2019-rosea-20190330-mozambique-floods-flash-update-14-final-pdf,human,,human,2019-03-30,food,Food security and assistance reach,present,1.0,1.0,ok,,213,6f473d37,qwen/qwen3.8-flash,c7d297204f4f09ab3e943b6339e2263f0c7407cd7ddc04ff1c391db4fbf70134,sync,False,2026-08-31T01:12:33+00:00
cyclone-idai-2019,manual-cyclone-idai-2019-rosea-20190330-mozambique-floods-flash-update-14-final-pdf,human,,human,2019-03-30,access,Access constraints,present,1.0,0.95,ok,,148,6029e8ec,qwen/qwen3.8-flash,e4d8e0ddd99fbf19534aa9c2d576e640360d39608364f4036870ee40c5f85764,sync,False,2026-08-31T01:12:33+00:00
cyclone-idai-2019,manual-cyclone-idai-2019-rosea-20190330-mozambique-floods-flash-update-14-final-pdf,human,,human,2019-03-30,coordination,Coordination arrangements,present,1.0,0.95,ok,,161,0ae07a5d,qwen/qwen3.8-flash,8a4c0e4f21ce6b55146f48ef91d1fecba0d17faed889dc073e48aaa7e66c399b,sync,False,2026-08-31T01:12:33+00:00
cyclone-idai-2019,manual-cyclone-idai-2019-rosea-20190330-mozambique-floods-flash-update-14-final-pdf,human,,human,2019-03-30,needs_gaps,Sector needs and gaps,present,1.0,0.95,ok,,165,7dda0a98,qwen/qwen3.8-flash,38aeb6e446e966564ce4e8be62efbddefbb30d8e78623045000b9419467ae805,sync,False,2026-08-31T01:12:33+00:00
cyclone-idai-2019,manual-cyclone-idai-2019-rosea-20190330-mozambique-floods-flash-update-14-final-pdf,human,,human,2019-03-30,response_actions,Sector response activities,present,1.0,1.0,ok,,203,b6275253,qwen/qwen3.8-flash,31ce4078778b3e0c7980c3ef3a6b059672663913cff6972639c86fa9b4f94a57,sync,False,2026-08-31T01:12:33+00:00
cyclone-idai-2019,manual-cyclone-idai-2019-rosea-20190330-mozambique-floods-flash-update-14-final-pdf,human,,human,2019-03-30,shelter,Shelter and non-food items,present,1.0,0.95,ok,,211,5b0202ed,qwen/qwen3.8-flash,adc5b808ef5be4cfbb8483f8eac00db1989c42bb32ef4bac38542a621aae514c,sync,False,2026-08-31T01:12:33+00:00
cyclone-idai-2019,manual-cyclone-idai-2019-logistics-sector-zimbabwe-situation-update-190330-pdf,human,,human,2019-03-30,currency_and_metadata,Data currency and report metadata,,,,invalid,unparsable JSON (empty output),0,,qwen/qwen3.8-flash,a3b6c7e91e8def38d54039cfb2807063e040d02fd4412e21a87b3834c5a2e533,sync,False,2026-08-31T01:12:33+00:00
cyclone-idai-2019,manual-cyclone-idai-2019-logistics-sector-zimbabwe-situation-update-190330-pdf,human,,human,2019-03-30,sourcing,Sourcing and attribution,,,,invalid,unparsable JSON (empty output),0,,qwen/qwen3.8-flash,e563db7d8f2ec0f493b1ec55b7b5e84a6f9613b88018ba8896e37059c54e1323,sync,False,2026-08-31T01:12:33+00:00
cyclone-idai-2019,manual-cyclone-idai-2019-logistics-sector-zimbabwe-situation-update-190330-pdf,human,,human,2019-03-30,casualties,Casualty and affected-population figures,partial,0.5,0.9,ok,,97,63f852ec,qwen/qwen3.8-flash,7a99159e83a5824552ef6db79a428a24e7ad30fe45832a81fefa248a53f7b840,sync,False,2026-08-31T01:12:33+00:00
cyclone-idai-2019,manual-cyclone-idai-2019-logistics-sector-zimbabwe-situation-update-190330-pdf,human,,human,2019-03-30,displacement,Displacement and accommodation sites,partial,0.5,0.9,ok,,160,f1f03b07,qwen/qwen3.8-flash,eb946d3f1e1cc1077ccc15a46aa7bb73affa358894c9297411b9b3fbdec35863,sync,False,2026-08-31T01:12:33+00:00
cyclone-idai-2019,manual-cyclone-idai-2019-logistics-sector-zimbabwe-situation-update-190330-pdf,human,,human,2019-03-30,health,"Health, disease outbreak and nutrition",absent,0.0,1.0,ok,,0,,qwen/qwen3.8-flash,aba68def47b1d8b86c39a82d7268d517e692773c8d5c3b37c245b8ea8bff9032,sync,False,2026-08-31T01:12:33+00:00
cyclone-idai-2019,manual-cyclone-idai-2019-logistics-sector-zimbabwe-situation-update-190330-pdf,human,,human,2019-03-30,damage,"Physical, economic and agricultural damage",partial,0.5,0.95,ok,,160,f1f03b07,qwen/qwen3.8-flash,6000a7dcb4f033afc82031c69c7a7347d062e3c73e9fe7aca659fdcbfca11043,sync,False,2026-08-31T01:12:33+00:00
cyclone-idai-2019,manual-cyclone-idai-2019-logistics-sector-zimbabwe-situation-update-190330-pdf,human,,human,2019-03-30,funding,Funding status and donor contributions,absent,0.0,1.0,ok,,0,,qwen/qwen3.8-flash,04b21d28e22969c3c2efe2fc796e17a46c8e58bed13fb5664730519b71d173cf,sync,False,2026-08-31T01:12:33+00:00
cyclone-idai-2019,manual-cyclone-idai-2019-logistics-sector-zimbabwe-situation-update-190330-pdf,human,,human,2019-03-30,education,Education impact and response,absent,0.0,1.0,ok,,0,,qwen/qwen3.8-flash,b9e4b5104b113c7ba6fca7d18b4b6daadfd064a84de587cde4ac269b2b17a1fc,sync,False,2026-08-31T01:12:33+00:00
cyclone-idai-2019,manual-cyclone-idai-2019-logistics-sector-zimbabwe-situation-update-190330-pdf,human,,human,2019-03-30,wash,WASH needs and response,absent,0.0,1.0,ok,,0,,qwen/qwen3.8-flash,1ec395f1205a95a2036ffd67488e37c42940284a3dbf6ec36dc624ff179c26f5,sync,False,2026-08-31T01:12:33+00:00
cyclone-idai-2019,manual-cyclone-idai-2019-logistics-sector-zimbabwe-situation-update-190330-pdf,human,,human,2019-03-30,food,Food security and assistance reach,absent,0.0,1.0,ok,,0,,qwen/qwen3.8-flash,f10eae852c09a5e3964f8c6463f1fc623e3fa1c29749e7481249b751415539dc,sync,False,2026-08-31T01:12:33+00:00
cyclone-idai-2019,manual-cyclone-idai-2019-logistics-sector-zimbabwe-situation-update-190330-pdf,human,,human,2019-03-30,access,Access constraints,present,1.0,1.0,ok,,139,fbfa1881,qwen/qwen3.8-flash,1354d7985d199aaf3963238188a2a1ecccd71065575e2c8b2e8d5ce889d1ba03,sync,False,2026-08-31T01:12:33+00:00
cyclone-idai-2019,manual-cyclone-idai-2019-logistics-sector-zimbabwe-situation-update-190330-pdf,human,,human,2019-03-30,coordination,Coordination arrangements,present,1.0,1.0,ok,,183,ec7fa9c8,qwen/qwen3.8-flash,a601b2f3f43b67bed1b1136647f2b4df4df8093db04a3045e284d5743755ae44,sync,False,2026-08-31T01:12:33+00:00
cyclone-idai-2019,manual-cyclone-idai-2019-logistics-sector-zimbabwe-situation-update-190330-pdf,human,,human,2019-03-30,needs_gaps,Sector needs and gaps,partial,0.5,0.9,ok,,169,4b726bb6,qwen/qwen3.8-flash,af61c77cc1aeeb62306c0e9b324c5f450ca646d21787fa1548c4afad5b72aa97,sync,False,2026-08-31T01:12:33+00:00
cyclone-idai-2019,manual-cyclone-idai-2019-logistics-sector-zimbabwe-situation-update-190330-pdf,human,,human,2019-03-30,response_actions,Sector response activities,present,1.0,0.95,ok,,111,43b6a9bc,qwen/qwen3.8-flash,52f2ae90cb9d3c0020151d40fc42058135695c3ceac8f2bad4001daa53d79e8a,sync,False,2026-08-31T01:12:33+00:00
cyclone-idai-2019,manual-cyclone-idai-2019-logistics-sector-zimbabwe-situation-update-190330-pdf,human,,human,2019-03-30,shelter,Shelter and non-food items,absent,0.0,1.0,ok,,0,,qwen/qwen3.8-flash,75355cc33821eb2c326ddc4d716d2452491989a79933cce28a579249db423510,sync,False,2026-08-31T01:12:33+00:00
cyclone-idai-2019,manual-cyclone-idai-2019-rosea-20190401-mozambique-floods-flash-update-15-final-pdf,human,,human,2019-04-01,currency_and_metadata,Data currency and report metadata,present,1.0,1.0,ok,,196,3ab232a3,qwen/qwen3.8-flash,51f3d39c09fc3189c488faef23d4fa5dd489c19189cc8ffd4ef8ee058ecb1e7b,sync,False,2026-08-31T01:12:33+00:00
cyclone-idai-2019,manual-cyclone-idai-2019-rosea-20190401-mozambique-floods-flash-update-15-final-pdf,human,,human,2019-04-01,sourcing,Sourcing and attribution,present,1.0,1.0,ok,,139,7bdbf90b,qwen/qwen3.8-flash,e0790d0a2fae596eb642efb308405b2049a7f4460583f8606a35a087c7d37f46,sync,False,2026-08-31T01:12:33+00:00
cyclone-idai-2019,manual-cyclone-idai-2019-rosea-20190401-mozambique-floods-flash-update-15-final-pdf,human,,human,2019-04-01,casualties,Casualty and affected-population figures,present,1.0,1.0,ok,,91,9b8c3c12,qwen/qwen3.8-flash,c0f70208126ccde5b023c705e85f9dc5255b1c084eb66d71696d48cc10bc0fae,sync,False,2026-08-31T01:12:33+00:00
cyclone-idai-2019,manual-cyclone-idai-2019-rosea-20190401-mozambique-floods-flash-update-15-final-pdf,human,,human,2019-04-01,displacement,Displacement and accommodation sites,present,1.0,1.0,ok,,168,be4ab26a,qwen/qwen3.8-flash,bed8a486fa6d7778a91c6e1afed6baa861937f06c6cdf299466760c90fda9460,sync,False,2026-08-31T01:12:33+00:00
cyclone-idai-2019,manual-cyclone-idai-2019-rosea-20190401-mozambique-floods-flash-update-15-final-pdf,human,,human,2019-04-01,health,"Health, disease outbreak and nutrition",present,1.0,1.0,ok,,183,c437d7a8,qwen/qwen3.8-flash,48c0051a63a6fea78b6c883026438db5ba5a34d3c94b058df50ee34930157fcb,sync,False,2026-08-31T01:12:33+00:00
cyclone-idai-2019,manual-cyclone-idai-2019-rosea-20190401-mozambique-floods-flash-update-15-final-pdf,human,,human,2019-04-01,damage,"Physical, economic and agricultural damage",present,1.0,1.0,ok,,142,ffcb0712,qwen/qwen3.8-flash,32b1392caf771c358e31d904aed8bd878988aea6691b0e99acbe2c06d4ede12c,sync,False,2026-08-31T01:12:33+00:00
cyclone-idai-2019,manual-cyclone-idai-2019-rosea-20190401-mozambique-floods-flash-update-15-final-pdf,human,,human,2019-04-01,funding,Funding status and donor contributions,absent,0.0,1.0,ok,,0,,qwen/qwen3.8-flash,77deb1d7cdb63acbbac05a59a070435af5a15a5e51e0ae6b5b155a1baace03e2,sync,False,2026-08-31T01:12:33+00:00
cyclone-idai-2019,manual-cyclone-idai-2019-rosea-20190401-mozambique-floods-flash-update-15-final-pdf,human,,human,2019-04-01,education,Education impact and response,partial,0.5,0.95,ok,,158,6a8f1dd5,qwen/qwen3.8-flash,7ac5e3e9bec271ec6fcdbb2a2b049a8f3e79e8f1e8d2487709b860538933e10e,sync,False,2026-08-31T01:12:33+00:00
cyclone-idai-2019,manual-cyclone-idai-2019-rosea-20190401-mozambique-floods-flash-update-15-final-pdf,human,,human,2019-04-01,wash,WASH needs and response,present,1.0,0.95,ok,,212,1bd37202,qwen/qwen3.8-flash,5460fe1dc1e98c700961ff6aae2301668600130b8f78e66c69c46f33edc25179,sync,False,2026-08-31T01:12:33+00:00
cyclone-idai-2019,manual-cyclone-idai-2019-rosea-20190401-mozambique-floods-flash-update-15-final-pdf,human,,human,2019-04-01,food,Food security and assistance reach,present,1.0,0.95,ok,,128,e5c73c0e,qwen/qwen3.8-flash,53aecfc3e88c7543993d3c6961f408ab9cf7ad71f0000b896d422dd9f8cee6e9,sync,False,2026-08-31T01:12:33+00:00
cyclone-idai-2019,manual-cyclone-idai-2019-rosea-20190401-mozambique-floods-flash-update-15-final-pdf,human,,human,2019-04-01,access,Access constraints,present,1.0,0.95,ok,,219,89e0976a,qwen/qwen3.8-flash,1b231230a9f6c26fb401a084532de5be87cb80502d8db32d47197a06b564538a,sync,False,2026-08-31T01:12:33+00:00
cyclone-idai-2019,manual-cyclone-idai-2019-rosea-20190401-mozambique-floods-flash-update-15-final-pdf,human,,human,2019-04-01,coordination,Coordination arrangements,present,1.0,0.95,ok,,228,c86a0073,qwen/qwen3.8-flash,36fe54509efbef152496eaff673c6023b2b934fc69f02bfea34e7bb8b9e647d6,sync,False,2026-08-31T01:12:33+00:00
cyclone-idai-2019,manual-cyclone-idai-2019-rosea-20190401-mozambique-floods-flash-update-15-final-pdf,human,,human,2019-04-01,needs_gaps,Sector needs and gaps,present,1.0,0.95,ok,,184,7d51d7bf,qwen/qwen3.8-flash,fe81a230ffca75996c61a7a1e2e1bc73c53054aaef2f431e56e05d58f0ca1535,sync,False,2026-08-31T01:12:33+00:00
cyclone-idai-2019,manual-cyclone-idai-2019-rosea-20190401-mozambique-floods-flash-update-15-final-pdf,human,,human,2019-04-01,response_actions,Sector response activities,present,1.0,0.95,ok,,190,7888b54b,qwen/qwen3.8-flash,6e80b5654ed32e4808367fbf239728450ff3aaf5926c1e6fdfe4a27e00e2124b,sync,False,2026-08-31T01:12:33+00:00
cyclone-idai-2019,manual-cyclone-idai-2019-rosea-20190401-mozambique-floods-flash-update-15-final-pdf,human,,human,2019-04-01,shelter,Shelter and non-food items,present,1.0,1.0,ok,,178,6c9e7746,qwen/qwen3.8-flash,fa6f116c34a0e80688a6a276a26333e9742a21740677dc3cf3bf270a5280b5c5,sync,False,2026-08-31T01:12:33+00:00
cyclone-idai-2019,manual-cyclone-idai-2019-mozambique-cylone-idai-floods-situation-report-no-1-02-april-2,human,,human,2019-04-02,currency_and_metadata,Data currency and report metadata,present,1.0,1.0,ok,,112,006cab52,qwen/qwen3.8-flash,4fe7092b6d025ef72265184fac78e23c0cad198fcbc28c51e56ee23b20091294,sync,False,2026-08-31T01:12:33+00:00
cyclone-idai-2019,manual-cyclone-idai-2019-mozambique-cylone-idai-floods-situation-report-no-1-02-april-2,human,,human,2019-04-02,sourcing,Sourcing and attribution,present,1.0,1.0,ok,,79,85c6e10c,qwen/qwen3.8-flash,a235af5fab0d451744ff43f1e64616e5a6d4ced435ba3bfb0000dfc29749e9b1,sync,False,2026-08-31T01:12:33+00:00
cyclone-idai-2019,manual-cyclone-idai-2019-mozambique-cylone-idai-floods-situation-report-no-1-02-april-2,human,,human,2019-04-02,casualties,Casualty and affected-population figures,present,1.0,1.0,ok,,162,703b1f18,qwen/qwen3.8-flash,a4c0b7c2935f0994cb72e072d0fc56fb0b1ab9e9ae8296dc20d7658cd48d00bd,sync,False,2026-08-31T01:12:33+00:00
cyclone-idai-2019,manual-cyclone-idai-2019-mozambique-cylone-idai-floods-situation-report-no-1-02-april-2,human,,human,2019-04-02,displacement,Displacement and accommodation sites,present,1.0,1.0,ok,,142,bb5d4a69,qwen/qwen3.8-flash,8c256c831f637c4d20be709508f67bb727d657c479d4d02916a8e62a08d73f75,sync,False,2026-08-31T01:12:33+00:00
cyclone-idai-2019,manual-cyclone-idai-2019-mozambique-cylone-idai-floods-situation-report-no-1-02-april-2,human,,human,2019-04-02,health,"Health, disease outbreak and nutrition",present,1.0,0.95,ok,,196,3c351aac,qwen/qwen3.8-flash,e165fbedc4dde59f8bf9788b591cac4c6704ccf124293da9bb936a722824738b,sync,False,2026-08-31T01:12:33+00:00
cyclone-idai-2019,manual-cyclone-idai-2019-mozambique-cylone-idai-floods-situation-report-no-1-02-april-2,human,,human,2019-04-02,damage,"Physical, economic and agricultural damage",present,1.0,1.0,ok,,200,7632a78b,qwen/qwen3.8-flash,883b9b0b18528c93d7cf1f2c00ca473def210acaecb58458aadb51b2c286385d,sync,False,2026-08-31T01:12:33+00:00
cyclone-idai-2019,manual-cyclone-idai-2019-mozambique-cylone-idai-floods-situation-report-no-1-02-april-2,human,,human,2019-04-02,funding,Funding status and donor contributions,present,1.0,1.0,ok,,215,2b764d80,qwen/qwen3.8-flash,d3cbc52badde5e01e24e7a130571a7327864f67929cd309bc28eaa49746a24b2,sync,False,2026-08-31T01:12:33+00:00
cyclone-idai-2019,manual-cyclone-idai-2019-mozambique-cylone-idai-floods-situation-report-no-1-02-april-2,human,,human,2019-04-02,education,Education impact and response,present,1.0,1.0,ok,,179,4a325fcc,qwen/qwen3.8-flash,346161c4bcfc0c278060024c732eee43cf01717a1f3334f8351e99144182cd9c,sync,False,2026-08-31T01:12:33+00:00
cyclone-idai-2019,manual-cyclone-idai-2019-mozambique-cylone-idai-floods-situation-report-no-1-02-april-2,human,,human,2019-04-02,wash,WASH needs and response,partial,0.5,0.95,ok,,127,c34e496e,qwen/qwen3.8-flash,212f15325538fc88b26f119b11013eb3266809fdfe47cf954904d389bbe98c6d,sync,False,2026-08-31T01:12:33+00:00
cyclone-idai-2019,manual-cyclone-idai-2019-mozambique-cylone-idai-floods-situation-report-no-1-02-april-2,human,,human,2019-04-02,food,Food security and assistance reach,present,1.0,1.0,ok,,221,b05711cc,qwen/qwen3.8-flash,3318dad2398c7d49eb3b31a21e2c14ca1b420f3d7507f5a683c323ba6490166a,sync,False,2026-08-31T01:12:33+00:00
cyclone-idai-2019,manual-cyclone-idai-2019-mozambique-cylone-idai-floods-situation-report-no-1-02-april-2,human,,human,2019-04-02,access,Access constraints,present,1.0,1.0,ok,,237,3dfbf610,qwen/qwen3.8-flash,3429f7422e9d07be70cfada432566a0579b1c27e12f708dc5afcad3328dbe518,sync,False,2026-08-31T01:12:33+00:00
cyclone-idai-2019,manual-cyclone-idai-2019-mozambique-cylone-idai-floods-situation-report-no-1-02-april-2,human,,human,2019-04-02,coordination,Coordination arrangements,,,,invalid,unparsable JSON (empty output),0,,qwen/qwen3.8-flash,6456a6125a1e2d2347fdc0066f37f7274043eaa66238d8a28a54ee9d8aabfee7,sync,False,2026-08-31T01:12:33+00:00
cyclone-idai-2019,manual-cyclone-idai-2019-mozambique-cylone-idai-floods-situation-report-no-1-02-april-2,human,,human,2019-04-02,needs_gaps,Sector needs and gaps,present,1.0,1.0,ok,,389,491b7f20,qwen/qwen3.8-flash,5b92705a8dc474d5f8367578db8cf662a3c995870013911cb0f9d1e76ca9ee6f,sync,False,2026-08-31T01:12:33+00:00
cyclone-idai-2019,manual-cyclone-idai-2019-mozambique-cylone-idai-floods-situation-report-no-1-02-april-2,human,,human,2019-04-02,response_actions,Sector response activities,present,1.0,1.0,ok,,172,fef2e928,qwen/qwen3.8-flash,c079a885eba125f30b413a9cf90eda4bcadac6cfd7ef3cf959120b82c73d7c09,sync,False,2026-08-31T01:12:33+00:00
cyclone-idai-2019,manual-cyclone-idai-2019-mozambique-cylone-idai-floods-situation-report-no-1-02-april-2,human,,human,2019-04-02,shelter,Shelter and non-food items,partial,0.5,0.9,ok,,185,2a4a01eb,qwen/qwen3.8-flash,1feeda37d8ef0804821188833fbfa0b82ea0ab29c8b4c03b35fecedab7f7e02f,sync,False,2026-08-31T01:12:33+00:00
cyclone-idai-2019,manual-cyclone-idai-2019-mozambique-cyclone-idai-floods-situation-report-no-2-03-april,human,,human,2019-04-03,currency_and_metadata,Data currency and report metadata,,,,invalid,unparsable JSON (Unterminated string starting at at pos 40),0,,qwen/qwen3.8-flash,64e31f0672d8352d0f39cd3c63284453da8fb7a1e57e5918cc4002ed1fac09fc,sync,False,2026-08-31T01:12:33+00:00
cyclone-idai-2019,manual-cyclone-idai-2019-mozambique-cyclone-idai-floods-situation-report-no-2-03-april,human,,human,2019-04-03,sourcing,Sourcing and attribution,present,1.0,1.0,ok,,102,cc083428,qwen/qwen3.8-flash,bf8587c89348845ecd0900251d90c7ac4cc5ea3eb617b3b41891e8d18646c049,sync,False,2026-08-31T01:12:33+00:00
cyclone-idai-2019,manual-cyclone-idai-2019-mozambique-cyclone-idai-floods-situation-report-no-2-03-april,human,,human,2019-04-03,casualties,Casualty and affected-population figures,present,1.0,1.0,ok,,115,93d3ddf2,qwen/qwen3.8-flash,25b4145aaae4ace4e48c6c86f7405ceb6c250f2e5c6db44f3dc1341a9098fab7,sync,False,2026-08-31T01:12:33+00:00
cyclone-idai-2019,manual-cyclone-idai-2019-mozambique-cyclone-idai-floods-situation-report-no-2-03-april,human,,human,2019-04-03,displacement,Displacement and accommodation sites,present,1.0,1.0,ok,,136,cea8306d,qwen/qwen3.8-flash,6d6e459fc6e8384fd86d62e9031fcb300b43abe9cc6bdc4032e26a55c4564775,sync,False,2026-08-31T01:12:33+00:00
cyclone-idai-2019,manual-cyclone-idai-2019-mozambique-cyclone-idai-floods-situation-report-no-2-03-april,human,,human,2019-04-03,health,"Health, disease outbreak and nutrition",present,1.0,1.0,ok,,234,2fda444e,qwen/qwen3.8-flash,81493f80977b50a90f3d76f942e5db565a5e275974943caa9572cf63a0565977,sync,False,2026-08-31T01:12:33+00:00
cyclone-idai-2019,manual-cyclone-idai-2019-mozambique-cyclone-idai-floods-situation-report-no-2-03-april,human,,human,2019-04-03,damage,"Physical, economic and agricultural damage",present,1.0,1.0,ok,,174,d1704d9c,qwen/qwen3.8-flash,96251496f99328bdc83438f2411f8436eee3ac4b4f3e784edb9d816a61986746,sync,False,2026-08-31T01:12:33+00:00
cyclone-idai-2019,manual-cyclone-idai-2019-mozambique-cyclone-idai-floods-situation-report-no-2-03-april,human,,human,2019-04-03,funding,Funding status and donor contributions,,,,invalid,unparsable JSON (empty output),0,,qwen/qwen3.8-flash,129826bf7e77a9a4624e48e5cc9a5e2d15e404824de10316c5173d51f3612091,sync,False,2026-08-31T01:12:33+00:00
cyclone-idai-2019,manual-cyclone-idai-2019-mozambique-cyclone-idai-floods-situation-report-no-2-03-april,human,,human,2019-04-03,education,Education impact and response,present,1.0,1.0,ok,,180,0551589d,qwen/qwen3.8-flash,3c736e4faa4dd7561b7f94392711856e41a4ba6d55ee71b6f80824a1e03e1221,sync,False,2026-08-31T01:12:33+00:00
cyclone-idai-2019,manual-cyclone-idai-2019-mozambique-cyclone-idai-floods-situation-report-no-2-03-april,human,,human,2019-04-03,wash,WASH needs and response,partial,0.5,0.95,ok,,182,cf9a251f,qwen/qwen3.8-flash,1492de3688c8b786272a54b16cbd2e4ce53ff0375227b9188dd672d8b9560f68,sync,False,2026-08-31T01:12:33+00:00
cyclone-idai-2019,manual-cyclone-idai-2019-mozambique-cyclone-idai-floods-situation-report-no-2-03-april,human,,human,2019-04-03,food,Food security and assistance reach,present,1.0,1.0,ok,,139,cdd30eff,qwen/qwen3.8-flash,3bedc0ae8fb2b02d269587194af76f65763c35703ef19d25f8ac97287e8542d7,sync,False,2026-08-31T01:12:33+00:00
cyclone-idai-2019,manual-cyclone-idai-2019-mozambique-cyclone-idai-floods-situation-report-no-2-03-april,human,,human,2019-04-03,access,Access constraints,present,1.0,1.0,ok,,151,00d015e7,qwen/qwen3.8-flash,4bb9e08d9a8ac7e99517ed8ffb2e59f6a0ce997d05ec92e009348aa8a1edf306,sync,False,2026-08-31T01:12:33+00:00
cyclone-idai-2019,manual-cyclone-idai-2019-mozambique-cyclone-idai-floods-situation-report-no-2-03-april,human,,human,2019-04-03,coordination,Coordination arrangements,present,1.0,0.95,ok,,172,bd7fa9cc,qwen/qwen3.8-flash,0bf96a6375d1c0b04808f9332fc5985f1c6549b6a841304363d9d9fcd64eba3b,sync,False,2026-08-31T01:12:33+00:00
cyclone-idai-2019,manual-cyclone-idai-2019-mozambique-cyclone-idai-floods-situation-report-no-2-03-april,human,,human,2019-04-03,needs_gaps,Sector needs and gaps,present,1.0,1.0,ok,,190,86a57aca,qwen/qwen3.8-flash,7c00ff01395acf6bc417d0b0e3398504b7e3b6cfab738eaaf7dd53eb6b2666e0,sync,False,2026-08-31T01:12:33+00:00
cyclone-idai-2019,manual-cyclone-idai-2019-mozambique-cyclone-idai-floods-situation-report-no-2-03-april,human,,human,2019-04-03,response_actions,Sector response activities,present,1.0,1.0,ok,,182,e2fd9b28,qwen/qwen3.8-flash,b00c34cc66f521f9dbf5d19e49e5c0641b579f2ae3577c4d5e01f9d0ae1d4860,sync,False,2026-08-31T01:12:33+00:00
cyclone-idai-2019,manual-cyclone-idai-2019-mozambique-cyclone-idai-floods-situation-report-no-2-03-april,human,,human,2019-04-03,shelter,Shelter and non-food items,present,1.0,1.0,ok,,123,eaecd15b,qwen/qwen3.8-flash,b0e297090a0e34f15922141c9cba175dc947bc11d6825c6633d7c7408d7af83c,sync,False,2026-08-31T01:12:33+00:00
cyclone-idai-2019,manual-cyclone-idai-2019-mdrzw014dfr-pdf,human,,human,2019-04-04,currency_and_metadata,Data currency and report metadata,partial,0.5,0.95,ok,,160,0d59527f,qwen/qwen3.8-flash,a3b5493cad44ba7be7fac5fdb4cd0318a95d6f39fb352165a10acc32e31226f6,sync,False,2026-08-31T01:12:33+00:00
cyclone-idai-2019,manual-cyclone-idai-2019-mdrzw014dfr-pdf,human,,human,2019-04-04,sourcing,Sourcing and attribution,,,,invalid,unparsable JSON (empty output),0,,qwen/qwen3.8-flash,0a1826f8bef1f8ae7f195c913d1cdca6934a789986d281c6d643aefc07730880,sync,False,2026-08-31T01:12:33+00:00
cyclone-idai-2019,manual-cyclone-idai-2019-mdrzw014dfr-pdf,human,,human,2019-04-04,casualties,Casualty and affected-population figures,present,1.0,0.9,ok,,85,543302bf,qwen/qwen3.8-flash,59a9f01cd069b1119f19f512df2f6d172c25e1d7c90a9e30674ef6ff19536dc6,sync,False,2026-08-31T01:12:33+00:00
cyclone-idai-2019,manual-cyclone-idai-2019-mdrzw014dfr-pdf,human,,human,2019-04-04,displacement,Displacement and accommodation sites,partial,0.5,0.85,ok,,36,5c1320c7,qwen/qwen3.8-flash,b26811411dced63e10c019da96a5d552de1d9365b0cd0463df150ce078b93eb0,sync,False,2026-08-31T01:12:33+00:00
cyclone-idai-2019,manual-cyclone-idai-2019-mdrzw014dfr-pdf,human,,human,2019-04-04,health,"Health, disease outbreak and nutrition",partial,0.5,0.95,ok,,165,bd53a0fd,qwen/qwen3.8-flash,c5c03459e4264758775edff8693ac526e6a40a633ba6d0e85f0c3c1eb79d9b86,sync,False,2026-08-31T01:12:33+00:00
cyclone-idai-2019,manual-cyclone-idai-2019-mdrzw014dfr-pdf,human,,human,2019-04-04,damage,"Physical, economic and agricultural damage",present,1.0,1.0,ok,,224,5de5c7fe,qwen/qwen3.8-flash,9ac18134bdd79254834a19209d444e77d13ac2d219452c93a940f4409389ad25,sync,False,2026-08-31T01:12:33+00:00
cyclone-idai-2019,manual-cyclone-idai-2019-mdrzw014dfr-pdf,human,,human,2019-04-04,funding,Funding status and donor contributions,,,,invalid,unparsable JSON (empty output),0,,qwen/qwen3.8-flash,5f7314d2e3b25280d1d6920d61b6c64b8f6fa8fdf86f7c183a0eca793e8dd0d8,sync,False,2026-08-31T01:12:33+00:00
cyclone-idai-2019,manual-cyclone-idai-2019-mdrzw014dfr-pdf,human,,human,2019-04-04,education,Education impact and response,present,1.0,0.95,ok,,130,0bc945c0,qwen/qwen3.8-flash,e3ea7767b53806848ae797bdfe733f87e65bf1f0b6107c236799e874b7a1cfe9,sync,False,2026-08-31T01:12:33+00:00
cyclone-idai-2019,manual-cyclone-idai-2019-mdrzw014dfr-pdf,human,,human,2019-04-04,wash,WASH needs and response,present,1.0,0.95,ok,,192,2d9a1e4e,qwen/qwen3.8-flash,a7a6859783d40ea0e498682d6608b0be7627ce4f83bf01793a462bf2645ac403,sync,False,2026-08-31T01:12:33+00:00
cyclone-idai-2019,manual-cyclone-idai-2019-mdrzw014dfr-pdf,human,,human,2019-04-04,food,Food security and assistance reach,present,1.0,0.95,ok,,171,d94c8c20,qwen/qwen3.8-flash,de9c6618495c8b46fbb7562851ded6e5d6b7d255c346cec694964dd6d250e247,sync,False,2026-08-31T01:12:33+00:00
cyclone-idai-2019,manual-cyclone-idai-2019-mdrzw014dfr-pdf,human,,human,2019-04-04,access,Access constraints,present,1.0,0.95,ok,,165,c897b2cc,qwen/qwen3.8-flash,984e9579093b8fe87b10b8380c0c039902a292fd64bd059b10b1c9fdd7cb5650,sync,False,2026-08-31T01:12:33+00:00
cyclone-idai-2019,manual-cyclone-idai-2019-mdrzw014dfr-pdf,human,,human,2019-04-04,coordination,Coordination arrangements,present,1.0,0.95,ok,,224,96b51a5b,qwen/qwen3.8-flash,bd19812d4b2d610904fbf26757d160052f25aff40955c744be02455ce31c214e,sync,False,2026-08-31T01:12:33+00:00
cyclone-idai-2019,manual-cyclone-idai-2019-mdrzw014dfr-pdf,human,,human,2019-04-04,needs_gaps,Sector needs and gaps,partial,0.5,0.95,ok,,238,6bda9b67,qwen/qwen3.8-flash,070d925cceaf0e5795e5161c5e452e8dcef29f8e725e715cc73c9c8140f52214,sync,False,2026-08-31T01:12:33+00:00
cyclone-idai-2019,manual-cyclone-idai-2019-mdrzw014dfr-pdf,human,,human,2019-04-04,response_actions,Sector response activities,present,1.0,1.0,ok,,211,3ecf7374,qwen/qwen3.8-flash,ac4ffb8808c38dee78e2635720c787a8fee53ebc2cdb36d4f347dd374e95570b,sync,False,2026-08-31T01:12:33+00:00
cyclone-idai-2019,manual-cyclone-idai-2019-mdrzw014dfr-pdf,human,,human,2019-04-04,shelter,Shelter and non-food items,present,1.0,1.0,ok,,148,6f55c837,qwen/qwen3.8-flash,90425872a0f5a958099c8eca05c518916ce6463b1b5a1f28c89c1f61a32522af,sync,False,2026-08-31T01:12:33+00:00
cyclone-idai-2019,manual-cyclone-idai-2019-mozambique-cyclone-idai-floods-situation-report-no-3-04-april,human,,human,2019-04-04,currency_and_metadata,Data currency and report metadata,,,,invalid,unparsable JSON (Unterminated string starting at at pos 35),0,,qwen/qwen3.8-flash,5d86c1da2d26bb02fe322b37092599e1c5a80ebca49cf465c7656ca51bce0be8,sync,False,2026-08-31T01:12:33+00:00
cyclone-idai-2019,manual-cyclone-idai-2019-mozambique-cyclone-idai-floods-situation-report-no-3-04-april,human,,human,2019-04-04,sourcing,Sourcing and attribution,present,1.0,1.0,ok,,84,f62dff68,qwen/qwen3.8-flash,ac384528ad08c929c1c066801a723c5d913b44ddb1edaa17b67380f7105f4260,sync,False,2026-08-31T01:12:33+00:00
cyclone-idai-2019,manual-cyclone-idai-2019-mozambique-cyclone-idai-floods-situation-report-no-3-04-april,human,,human,2019-04-04,casualties,Casualty and affected-population figures,,,,invalid,unparsable JSON (empty output),0,,qwen/qwen3.8-flash,be144cf795959199364c7c3a4e57a11716216e8ea61a44191b3dc633afee1d72,sync,False,2026-08-31T01:12:33+00:00
cyclone-idai-2019,manual-cyclone-idai-2019-mozambique-cyclone-idai-floods-situation-report-no-3-04-april,human,,human,2019-04-04,displacement,Displacement and accommodation sites,present,1.0,1.0,ok,,127,2134b26b,qwen/qwen3.8-flash,55487af52dd2ce61ff312e42ab5d3bcb0222d3ca01df1c0dc639d020b9422ef3,sync,False,2026-08-31T01:12:33+00:00
cyclone-idai-2019,manual-cyclone-idai-2019-mozambique-cyclone-idai-floods-situation-report-no-3-04-april,human,,human,2019-04-04,health,"Health, disease outbreak and nutrition",present,1.0,1.0,ok,,191,ebfd3663,qwen/qwen3.8-flash,352a50db06f900c309acdcb8399cfd118a86b87b10911c7530f0831e43093f90,sync,False,2026-08-31T01:12:33+00:00
cyclone-idai-2019,manual-cyclone-idai-2019-mozambique-cyclone-idai-floods-situation-report-no-3-04-april,human,,human,2019-04-04,damage,"Physical, economic and agricultural damage",,,,invalid,unparsable JSON (empty output),0,,qwen/qwen3.8-flash,b242b6838da3d982c363e34adfd2a6e7cf5e044b7ad4a7753c48bf9168597bed,sync,False,2026-08-31T01:12:33+00:00
cyclone-idai-2019,manual-cyclone-idai-2019-mozambique-cyclone-idai-floods-situation-report-no-3-04-april,human,,human,2019-04-04,funding,Funding status and donor contributions,present,1.0,1.0,ok,,190,658efd41,qwen/qwen3.8-flash,ce4a9d7449de7d0309c783648b2b57cda7d7c7c50836182ce8754e02d9aea82e,sync,False,2026-08-31T01:12:33+00:00
cyclone-idai-2019,manual-cyclone-idai-2019-mozambique-cyclone-idai-floods-situation-report-no-3-04-april,human,,human,2019-04-04,education,Education impact and response,present,1.0,1.0,ok,,209,5fae892b,qwen/qwen3.8-flash,31eb7e48a516cedbf7af986ba44f8067d3a15fc8f0e543e952eeac464a7e900e,sync,False,2026-08-31T01:12:33+00:00
cyclone-idai-2019,manual-cyclone-idai-2019-mozambique-cyclone-idai-floods-situation-report-no-3-04-april,human,,human,2019-04-04,wash,WASH needs and response,partial,0.5,1.0,ok,,201,0dcde31c,qwen/qwen3.8-flash,afce01c53cb0d1334bf2ee4caa227e35ef7ed8b65906eed32bd7cd9b8185b5a8,sync,False,2026-08-31T01:12:33+00:00
cyclone-idai-2019,manual-cyclone-idai-2019-mozambique-cyclone-idai-floods-situation-report-no-3-04-april,human,,human,2019-04-04,food,Food security and assistance reach,present,1.0,1.0,ok,,201,cef5bbe1,qwen/qwen3.8-flash,597c09f05429c6dccde45a1c2185590c91d8a66ae3efd1dcd8c3990a1d12d692,sync,False,2026-08-31T01:12:33+00:00
cyclone-idai-2019,manual-cyclone-idai-2019-mozambique-cyclone-idai-floods-situation-report-no-3-04-april,human,,human,2019-04-04,access,Access constraints,present,1.0,1.0,ok,,219,2d9d34a8,qwen/qwen3.8-flash,2890cdfd56ddfe034333fe969fb2e27ec0fc933d00ddd14105367886e962a693,sync,False,2026-08-31T01:12:33+00:00
cyclone-idai-2019,manual-cyclone-idai-2019-mozambique-cyclone-idai-floods-situation-report-no-3-04-april,human,,human,2019-04-04,coordination,Coordination arrangements,partial,0.5,0.95,ok,,125,5e0580ba,qwen/qwen3.8-flash,9711d941aa27bd4f25e1d91d0ec979ed63e05b1fdb7f4e2ff496110722cf79b5,sync,False,2026-08-31T01:12:33+00:00
cyclone-idai-2019,manual-cyclone-idai-2019-mozambique-cyclone-idai-floods-situation-report-no-3-04-april,human,,human,2019-04-04,needs_gaps,Sector needs and gaps,present,1.0,1.0,ok,,200,135cd451,qwen/qwen3.8-flash,eaf6838701b8ef9ffbcc5fe1ccf6a472a5b587b33fae441f9d7621a823a4fed9,sync,False,2026-08-31T01:12:33+00:00
cyclone-idai-2019,manual-cyclone-idai-2019-mozambique-cyclone-idai-floods-situation-report-no-3-04-april,human,,human,2019-04-04,response_actions,Sector response activities,present,1.0,1.0,ok,,159,d1c41e4c,qwen/qwen3.8-flash,6de5fbdd2130f4c8bcffb127c378d62a0973e6c725cb49d1296219e5de4e96e6,sync,False,2026-08-31T01:12:33+00:00
cyclone-idai-2019,manual-cyclone-idai-2019-mozambique-cyclone-idai-floods-situation-report-no-3-04-april,human,,human,2019-04-04,shelter,Shelter and non-food items,partial,0.5,0.95,ok,,89,00718e71,qwen/qwen3.8-flash,7083ffbc2f473bba77eb2b664b768aaa2c52268062bc8dfdfadba67ac4b95ff7,sync,False,2026-08-31T01:12:33+00:00
cyclone-idai-2019,manual-cyclone-idai-2019-mozambique-cylone-idai-floods-situation-report-no4-06april2019,human,,human,2019-04-06,currency_and_metadata,Data currency and report metadata,,,,invalid,unparsable JSON (empty output),0,,qwen/qwen3.8-flash,1915e9e04ee01de4f5ed8e84eacacf2b91a99464a80088b6dd887400a7282c2c,sync,False,2026-08-31T01:12:33+00:00
cyclone-idai-2019,manual-cyclone-idai-2019-mozambique-cylone-idai-floods-situation-report-no4-06april2019,human,,human,2019-04-06,sourcing,Sourcing and attribution,present,1.0,1.0,ok,,157,240bb261,qwen/qwen3.8-flash,071facb43f402c72428d674a6696542821ae498a4fdd6ea2adc6fafe3d858fcc,sync,False,2026-08-31T01:12:33+00:00
cyclone-idai-2019,manual-cyclone-idai-2019-mozambique-cylone-idai-floods-situation-report-no4-06april2019,human,,human,2019-04-06,casualties,Casualty and affected-population figures,present,1.0,1.0,ok,,108,2cd45de6,qwen/qwen3.8-flash,4312d5a3831d1f64762f91465145802ab9e3e99c6e474013e06d1bf6f1c57d31,sync,False,2026-08-31T01:12:33+00:00
cyclone-idai-2019,manual-cyclone-idai-2019-mozambique-cylone-idai-floods-situation-report-no4-06april2019,human,,human,2019-04-06,displacement,Displacement and accommodation sites,present,1.0,1.0,ok,,176,eb3ca197,qwen/qwen3.8-flash,7914194bb0aab9c72363d1bcb726e443a3b1b73a26b1d4bd35163a44fd24a76d,sync,False,2026-08-31T01:12:33+00:00
cyclone-idai-2019,manual-cyclone-idai-2019-mozambique-cylone-idai-floods-situation-report-no4-06april2019,human,,human,2019-04-06,health,"Health, disease outbreak and nutrition",present,1.0,1.0,ok,,186,3fcdb846,qwen/qwen3.8-flash,fd393adeae811f2f956d556389f03db4d937e9e0621cbf6be2f6b91785313af6,sync,False,2026-08-31T01:12:33+00:00
cyclone-idai-2019,manual-cyclone-idai-2019-mozambique-cylone-idai-floods-situation-report-no4-06april2019,human,,human,2019-04-06,damage,"Physical, economic and agricultural damage",present,1.0,1.0,ok,,119,497351c0,qwen/qwen3.8-flash,ba0765adc76a9c5319bc9ce52269b40ad18d369c8357133dc4795d934181669d,sync,False,2026-08-31T01:12:33+00:00
cyclone-idai-2019,manual-cyclone-idai-2019-mozambique-cylone-idai-floods-situation-report-no4-06april2019,human,,human,2019-04-06,funding,Funding status and donor contributions,present,1.0,1.0,ok,,216,1f8b1415,qwen/qwen3.8-flash,454b65f7fe26c138040a021d9c9911837c59be6883f32a6e51a92f6248083977,sync,False,2026-08-31T01:12:33+00:00
cyclone-idai-2019,manual-cyclone-idai-2019-mozambique-cylone-idai-floods-situation-report-no4-06april2019,human,,human,2019-04-06,education,Education impact and response,present,1.0,1.0,ok,,169,48e41136,qwen/qwen3.8-flash,fbd57655608ea29ecb3a9cb09a8f42910894e30bfa76728a0abb024e6ae42c99,sync,False,2026-08-31T01:12:33+00:00
cyclone-idai-2019,manual-cyclone-idai-2019-mozambique-cylone-idai-floods-situation-report-no4-06april2019,human,,human,2019-04-06,wash,WASH needs and response,partial,0.5,0.9,ok,,85,1ded4efd,qwen/qwen3.8-flash,4e1936658421d3c0511add4021d2c1449571375a0f6c7068e1b75d1b9bc69891,sync,False,2026-08-31T01:12:33+00:00
cyclone-idai-2019,manual-cyclone-idai-2019-mozambique-cylone-idai-floods-situation-report-no4-06april2019,human,,human,2019-04-06,food,Food security and assistance reach,present,1.0,1.0,ok,,161,24451510,qwen/qwen3.8-flash,5575dde91d8c1c8aed452f3352d4334f2f6a5923f58d4411bc71eaa812effa93,sync,False,2026-08-31T01:12:33+00:00
cyclone-idai-2019,manual-cyclone-idai-2019-mozambique-cylone-idai-floods-situation-report-no4-06april2019,human,,human,2019-04-06,access,Access constraints,present,1.0,1.0,ok,,166,837b4652,qwen/qwen3.8-flash,25ebdf81dfda54ffcbe475634955dd73a4776cfc499d24b4bca71bcf75618666,sync,False,2026-08-31T01:12:33+00:00
cyclone-idai-2019,manual-cyclone-idai-2019-mozambique-cylone-idai-floods-situation-report-no4-06april2019,human,,human,2019-04-06,coordination,Coordination arrangements,present,1.0,0.95,ok,,193,af4ef43c,qwen/qwen3.8-flash,a2737554aa803587a1ece4a00c148850f4f563cbd2c33749ad3319fe63376443,sync,False,2026-08-31T01:12:33+00:00
cyclone-idai-2019,manual-cyclone-idai-2019-mozambique-cylone-idai-floods-situation-report-no4-06april2019,human,,human,2019-04-06,needs_gaps,Sector needs and gaps,present,1.0,1.0,ok,,166,ac239880,qwen/qwen3.8-flash,4d97b9f33bfea1c24479a9557a486e6159e52d9ddc168e238b20e01337429354,sync,False,2026-08-31T01:12:33+00:00
cyclone-idai-2019,manual-cyclone-idai-2019-mozambique-cylone-idai-floods-situation-report-no4-06april2019,human,,human,2019-04-06,response_actions,Sector response activities,present,1.0,1.0,ok,,204,a6f6dc93,qwen/qwen3.8-flash,837c8cbb837afbc8da071cb51a496c4776b4dea96f77722bcdf49a3cb2480ed4,sync,False,2026-08-31T01:12:33+00:00
cyclone-idai-2019,manual-cyclone-idai-2019-mozambique-cylone-idai-floods-situation-report-no4-06april2019,human,,human,2019-04-06,shelter,Shelter and non-food items,present,1.0,0.95,ok,,166,9c933360,qwen/qwen3.8-flash,3b035d7c2ca47fa6b814db19b3061cc1ec443eeeb1d913697dfbb451a5f0dd0b,sync,False,2026-08-31T01:12:33+00:00
cyclone-idai-2019,manual-cyclone-idai-2019-rosea-20190407-mozambique-sitrep-5-6-april-pdf,human,,human,2019-04-07,currency_and_metadata,Data currency and report metadata,,,,invalid,unparsable JSON (empty output),0,,qwen/qwen3.8-flash,b872369c049b9e3e83a6508eeabb1e89d23d768b650cd24550fb3fc02825915a,sync,False,2026-08-31T01:12:33+00:00
cyclone-idai-2019,manual-cyclone-idai-2019-rosea-20190407-mozambique-sitrep-5-6-april-pdf,human,,human,2019-04-07,sourcing,Sourcing and attribution,present,1.0,1.0,ok,,80,1fb6ad59,qwen/qwen3.8-flash,731a94119a1f802717b7c6bc9a8b526ad9c545af825b44c147fcc488348fd402,sync,False,2026-08-31T01:12:33+00:00
cyclone-idai-2019,manual-cyclone-idai-2019-rosea-20190407-mozambique-sitrep-5-6-april-pdf,human,,human,2019-04-07,casualties,Casualty and affected-population figures,present,1.0,1.0,ok,,102,dd31e7a4,qwen/qwen3.8-flash,3d6b803db31f8f3759769e1d36cdc47ebe052c3689a3f3bd4d76a863229d04ec,sync,False,2026-08-31T01:12:33+00:00
cyclone-idai-2019,manual-cyclone-idai-2019-rosea-20190407-mozambique-sitrep-5-6-april-pdf,human,,human,2019-04-07,displacement,Displacement and accommodation sites,present,1.0,1.0,ok,,174,7ff9d7c3,qwen/qwen3.8-flash,6701e30131e48a4e833272467a58cbb99550d1abdf4e16861e48bc5e6eca45fd,sync,False,2026-08-31T01:12:33+00:00
cyclone-idai-2019,manual-cyclone-idai-2019-rosea-20190407-mozambique-sitrep-5-6-april-pdf,human,,human,2019-04-07,health,"Health, disease outbreak and nutrition",present,1.0,1.0,ok,,185,f4aff048,qwen/qwen3.8-flash,5c94f98c49ca7028a99157fb993750085e3f37f9874f18f8a058b471d112371d,sync,False,2026-08-31T01:12:33+00:00
cyclone-idai-2019,manual-cyclone-idai-2019-rosea-20190407-mozambique-sitrep-5-6-april-pdf,human,,human,2019-04-07,damage,"Physical, economic and agricultural damage",present,1.0,1.0,ok,,171,0eea1751,qwen/qwen3.8-flash,b2814c93f60d84c4ffe0b63c4e42c10d7853b1a1eb649cde5e26ec6f5708de05,sync,False,2026-08-31T01:12:33+00:00
cyclone-idai-2019,manual-cyclone-idai-2019-rosea-20190407-mozambique-sitrep-5-6-april-pdf,human,,human,2019-04-07,funding,Funding status and donor contributions,present,1.0,1.0,ok,,184,ae49b259,qwen/qwen3.8-flash,e0d786f60cd44263f42bcacfa7e82c4d4c07c6bc75bd4b59459c2ffc9fa83d97,sync,False,2026-08-31T01:12:33+00:00
cyclone-idai-2019,manual-cyclone-idai-2019-rosea-20190407-mozambique-sitrep-5-6-april-pdf,human,,human,2019-04-07,education,Education impact and response,present,1.0,1.0,ok,,136,dc6ca87c,qwen/qwen3.8-flash,39b1bbc8e723e133656ec5c0adc5a17932b7d0f67d0de9bc554761528d6ca178,sync,False,2026-08-31T01:12:33+00:00
cyclone-idai-2019,manual-cyclone-idai-2019-rosea-20190407-mozambique-sitrep-5-6-april-pdf,human,,human,2019-04-07,wash,WASH needs and response,present,1.0,0.9,ok,,236,20059863,qwen/qwen3.8-flash,c043f96b0c789e387c6f6048b94f45ba476f0f106e8dc7f6196524c637d40de2,sync,False,2026-08-31T01:12:33+00:00
cyclone-idai-2019,manual-cyclone-idai-2019-rosea-20190407-mozambique-sitrep-5-6-april-pdf,human,,human,2019-04-07,food,Food security and assistance reach,present,1.0,1.0,ok,,212,9408c004,qwen/qwen3.8-flash,46d340c90af367e18d30f36d093635684f805fbe6869cb35e6a3d0dc2d7631cf,sync,False,2026-08-31T01:12:33+00:00
cyclone-idai-2019,manual-cyclone-idai-2019-rosea-20190407-mozambique-sitrep-5-6-april-pdf,human,,human,2019-04-07,access,Access constraints,present,1.0,0.95,ok,,174,3f6eccc7,qwen/qwen3.8-flash,d25ac767db201af4d655cc5a32945f5ed34b4e933a6cd7fc74a63180fb075578,sync,False,2026-08-31T01:12:33+00:00
cyclone-idai-2019,manual-cyclone-idai-2019-rosea-20190407-mozambique-sitrep-5-6-april-pdf,human,,human,2019-04-07,coordination,Coordination arrangements,present,1.0,1.0,ok,,145,6ab470ab,qwen/qwen3.8-flash,b0200691f8abc953d71980e0d8b25ffa9c9b7c728f5d5e95d0a06cd21f7c6b91,sync,False,2026-08-31T01:12:33+00:00
cyclone-idai-2019,manual-cyclone-idai-2019-rosea-20190407-mozambique-sitrep-5-6-april-pdf,human,,human,2019-04-07,needs_gaps,Sector needs and gaps,present,1.0,0.95,ok,,220,6ebc34a1,qwen/qwen3.8-flash,4a7b8ca64d93130a032ca9a565d5e215e81c50aa2f0c739438ab0333dfbd8904,sync,False,2026-08-31T01:12:33+00:00
cyclone-idai-2019,manual-cyclone-idai-2019-rosea-20190407-mozambique-sitrep-5-6-april-pdf,human,,human,2019-04-07,response_actions,Sector response activities,present,1.0,1.0,ok,,216,17c65d50,qwen/qwen3.8-flash,e130f0a0b6cfc164477e937d1930dbccb176db28d35460ba3dafb3900659975e,sync,False,2026-08-31T01:12:33+00:00
cyclone-idai-2019,manual-cyclone-idai-2019-rosea-20190407-mozambique-sitrep-5-6-april-pdf,human,,human,2019-04-07,shelter,Shelter and non-food items,present,1.0,1.0,ok,,110,a3e3fdcf,qwen/qwen3.8-flash,e84cf52623fc6bdf5d541a63d3afb61fd38c51a189a936e4ac9f05309620fece,sync,False,2026-08-31T01:12:33+00:00
cyclone-idai-2019,manual-cyclone-idai-2019-iom-mozambique-cyclone-idai-response-sitrep-3-04-08-april-2019,human,,human,2019-04-08,currency_and_metadata,Data currency and report metadata,present,1.0,0.95,ok,,133,842f9ff8,qwen/qwen3.8-flash,f16335c51042872e00fc613c4c439adb753d8e99b2e65aadd09999b19b49227d,sync,False,2026-08-31T01:12:33+00:00
cyclone-idai-2019,manual-cyclone-idai-2019-iom-mozambique-cyclone-idai-response-sitrep-3-04-08-april-2019,human,,human,2019-04-08,sourcing,Sourcing and attribution,present,1.0,1.0,ok,,115,c98c6616,qwen/qwen3.8-flash,6689d317aeacc7a5792f3ed2bcd98f992ec100a3bef36ea4888daec4af1418e7,sync,False,2026-08-31T01:12:33+00:00
cyclone-idai-2019,manual-cyclone-idai-2019-iom-mozambique-cyclone-idai-response-sitrep-3-04-08-april-2019,human,,human,2019-04-08,casualties,Casualty and affected-population figures,present,1.0,1.0,ok,,131,7263747b,qwen/qwen3.8-flash,f60168312867e5cd36e9f10ca290276e72aa41f2b091d1429a0fbd25c4099bf7,sync,False,2026-08-31T01:12:33+00:00
cyclone-idai-2019,manual-cyclone-idai-2019-iom-mozambique-cyclone-idai-response-sitrep-3-04-08-april-2019,human,,human,2019-04-08,displacement,Displacement and accommodation sites,present,1.0,1.0,ok,,104,7e1507bc,qwen/qwen3.8-flash,45144c330a7713f0dbd54248e66e4a9b97bec384b0f7525c03ad65036468b592,sync,False,2026-08-31T01:12:33+00:00
cyclone-idai-2019,manual-cyclone-idai-2019-iom-mozambique-cyclone-idai-response-sitrep-3-04-08-april-2019,human,,human,2019-04-08,health,"Health, disease outbreak and nutrition",present,1.0,1.0,ok,,211,989177fb,qwen/qwen3.8-flash,68a5cbc9cf0b7dcb324f8aa5f45bc8150fadef5b45151200e83da8a39f500cfe,sync,False,2026-08-31T01:12:33+00:00
cyclone-idai-2019,manual-cyclone-idai-2019-iom-mozambique-cyclone-idai-response-sitrep-3-04-08-april-2019,human,,human,2019-04-08,damage,"Physical, economic and agricultural damage",present,1.0,1.0,ok,,205,83e52b5c,qwen/qwen3.8-flash,829e06667d5c0637f1c218bbcd2f6efa32705635b781a02e825b52ec097db633,sync,False,2026-08-31T01:12:33+00:00
cyclone-idai-2019,manual-cyclone-idai-2019-iom-mozambique-cyclone-idai-response-sitrep-3-04-08-april-2019,human,,human,2019-04-08,funding,Funding status and donor contributions,present,1.0,1.0,ok,,113,f76c4ee9,qwen/qwen3.8-flash,9207f9611955d384ce500a3b14f9b0e41710aaa642d5145ff356638a795e5308,sync,False,2026-08-31T01:12:33+00:00
cyclone-idai-2019,manual-cyclone-idai-2019-iom-mozambique-cyclone-idai-response-sitrep-3-04-08-april-2019,human,,human,2019-04-08,education,Education impact and response,partial,0.5,0.9,ok,,148,bf609077,qwen/qwen3.8-flash,e9b83be38b14355132ca4be75f03fea58500ae6a011aea12c5906784079970fa,sync,False,2026-08-31T01:12:33+00:00
cyclone-idai-2019,manual-cyclone-idai-2019-iom-mozambique-cyclone-idai-response-sitrep-3-04-08-april-2019,human,,human,2019-04-08,wash,WASH needs and response,present,1.0,0.95,ok,,210,49e2eef3,qwen/qwen3.8-flash,a190eb739404965ecaeb96870a2701632a60fd1c06fb3402efe196af9fd36c52,sync,False,2026-08-31T01:12:33+00:00
cyclone-idai-2019,manual-cyclone-idai-2019-iom-mozambique-cyclone-idai-response-sitrep-3-04-08-april-2019,human,,human,2019-04-08,food,Food security and assistance reach,absent,0.0,0.95,ok,,0,,qwen/qwen3.8-flash,2db64fabf0a40e319271488511f35bbe8f9f9d4e86b62361694a5e5d5ab537f1,sync,False,2026-08-31T01:12:33+00:00
cyclone-idai-2019,manual-cyclone-idai-2019-iom-mozambique-cyclone-idai-response-sitrep-3-04-08-april-2019,human,,human,2019-04-08,access,Access constraints,partial,0.5,0.9,ok,,162,5341f285,qwen/qwen3.8-flash,2ab1d676c5cb3dd3d91cfb7aa47beb8935a76cb81ee6deb757810b64ff37f8db,sync,False,2026-08-31T01:12:33+00:00
cyclone-idai-2019,manual-cyclone-idai-2019-iom-mozambique-cyclone-idai-response-sitrep-3-04-08-april-2019,human,,human,2019-04-08,coordination,Coordination arrangements,present,1.0,1.0,ok,,161,d9da92e2,qwen/qwen3.8-flash,3fb745287e3706084efd7db7c1b562ead8004a85d70ee270d4c3031ff4291635,sync,False,2026-08-31T01:12:33+00:00
cyclone-idai-2019,manual-cyclone-idai-2019-iom-mozambique-cyclone-idai-response-sitrep-3-04-08-april-2019,human,,human,2019-04-08,needs_gaps,Sector needs and gaps,present,1.0,0.95,ok,,171,53e47337,qwen/qwen3.8-flash,baad281330cb9bf14d458f28b4d0d30e8d182ea286e8fdbb0a249111a89fd38b,sync,False,2026-08-31T01:12:33+00:00
cyclone-idai-2019,manual-cyclone-idai-2019-iom-mozambique-cyclone-idai-response-sitrep-3-04-08-april-2019,human,,human,2019-04-08,response_actions,Sector response activities,present,1.0,0.95,ok,,156,d099c3d9,qwen/qwen3.8-flash,2a5916ba1edaae37156b0361e7fb966722c505573ae18cac57f85dc9e9639561,sync,False,2026-08-31T01:12:33+00:00
cyclone-idai-2019,manual-cyclone-idai-2019-iom-mozambique-cyclone-idai-response-sitrep-3-04-08-april-2019,human,,human,2019-04-08,shelter,Shelter and non-food items,present,1.0,1.0,ok,,148,77e6413a,qwen/qwen3.8-flash,dc6e834d2404fac3b3187c1ba6ee35b244c4d0d1018b3fed0722627979e84811,sync,False,2026-08-31T01:12:33+00:00
cyclone-idai-2019,manual-cyclone-idai-2019-rosea-20190408-mozambique-sitrep-6-7april-pdf,human,,human,2019-04-08,currency_and_metadata,Data currency and report metadata,,,,invalid,unparsable JSON (empty output),0,,qwen/qwen3.8-flash,e720b19aee2f5c299d78225b870c9ce230cf566744d1e0252a0f61018d04381a,sync,False,2026-08-31T01:12:33+00:00
cyclone-idai-2019,manual-cyclone-idai-2019-rosea-20190408-mozambique-sitrep-6-7april-pdf,human,,human,2019-04-08,sourcing,Sourcing and attribution,present,1.0,0.95,ok,,92,7127a8d8,qwen/qwen3.8-flash,29d7b11bd226814b5142f54d7efeb2f2ceb288da863c05a3b37ee19dc5e22674,sync,False,2026-08-31T01:12:33+00:00
cyclone-idai-2019,manual-cyclone-idai-2019-rosea-20190408-mozambique-sitrep-6-7april-pdf,human,,human,2019-04-08,casualties,Casualty and affected-population figures,present,1.0,1.0,ok,,63,a7068f14,qwen/qwen3.8-flash,dd6044461fb09432d97018f884ace06030b3972216d607d991347d9c9b204930,sync,False,2026-08-31T01:12:33+00:00
cyclone-idai-2019,manual-cyclone-idai-2019-rosea-20190408-mozambique-sitrep-6-7april-pdf,human,,human,2019-04-08,displacement,Displacement and accommodation sites,present,1.0,1.0,ok,,146,4ecad3cb,qwen/qwen3.8-flash,0dcb9b67e76b7b83577101197a6862633828ff1f8bf43bcef98e89aaf67e3ce2,sync,False,2026-08-31T01:12:33+00:00
cyclone-idai-2019,manual-cyclone-idai-2019-rosea-20190408-mozambique-sitrep-6-7april-pdf,human,,human,2019-04-08,health,"Health, disease outbreak and nutrition",present,1.0,1.0,ok,,210,68c149af,qwen/qwen3.8-flash,41c2624bef73229954cc46a61f9fa0de4fb1172ec7714c1abca522480a7661b9,sync,False,2026-08-31T01:12:33+00:00
cyclone-idai-2019,manual-cyclone-idai-2019-rosea-20190408-mozambique-sitrep-6-7april-pdf,human,,human,2019-04-08,damage,"Physical, economic and agricultural damage",present,1.0,1.0,ok,,180,2a44e9c0,qwen/qwen3.8-flash,7ee6b142c7c91e2dc89e226af24a5d4c1c30b591423b8147b4020aad5aaefc35,sync,False,2026-08-31T01:12:33+00:00
cyclone-idai-2019,manual-cyclone-idai-2019-rosea-20190408-mozambique-sitrep-6-7april-pdf,human,,human,2019-04-08,funding,Funding status and donor contributions,present,1.0,1.0,ok,,197,81e33afd,qwen/qwen3.8-flash,b4497f036ba5b2a1a8f467de58c17a9c24c5c1d5b05716a975b0c6a87446ea89,sync,False,2026-08-31T01:12:33+00:00
cyclone-idai-2019,manual-cyclone-idai-2019-rosea-20190408-mozambique-sitrep-6-7april-pdf,human,,human,2019-04-08,education,Education impact and response,present,1.0,1.0,ok,,181,fd3194e1,qwen/qwen3.8-flash,59a19f39f8607ad0a2210566391b46c09ff4aa573356f58ccd5b8ddcf4752a0d,sync,False,2026-08-31T01:12:33+00:00
cyclone-idai-2019,manual-cyclone-idai-2019-rosea-20190408-mozambique-sitrep-6-7april-pdf,human,,human,2019-04-08,wash,WASH needs and response,partial,0.5,0.95,ok,,148,8fc33e33,qwen/qwen3.8-flash,4b7488cd16091ff0b9ea31d9ebaa18c974b35ea8a9977d037f5657837a9ab07d,sync,False,2026-08-31T01:12:33+00:00
cyclone-idai-2019,manual-cyclone-idai-2019-rosea-20190408-mozambique-sitrep-6-7april-pdf,human,,human,2019-04-08,food,Food security and assistance reach,present,1.0,1.0,ok,,149,055d6619,qwen/qwen3.8-flash,b003f22e81e6dce1a0aae4f2410b1a66e5f1821f12cfccb1b9f8a452b21fc930,sync,False,2026-08-31T01:12:33+00:00
cyclone-idai-2019,manual-cyclone-idai-2019-rosea-20190408-mozambique-sitrep-6-7april-pdf,human,,human,2019-04-08,access,Access constraints,present,1.0,1.0,ok,,192,b38f12fb,qwen/qwen3.8-flash,b0b2424ae504b17884b79a1ef605a82e7dfa3c8a59d9d68a899a3f8ee727851c,sync,False,2026-08-31T01:12:33+00:00
cyclone-idai-2019,manual-cyclone-idai-2019-rosea-20190408-mozambique-sitrep-6-7april-pdf,human,,human,2019-04-08,coordination,Coordination arrangements,,,,invalid,unparsable JSON (Unterminated string starting at at pos 40),0,,qwen/qwen3.8-flash,af9dcdf701d2b59f25d23c072702ebaf730985fe3442399c6e00875bed7aa89b,sync,False,2026-08-31T01:12:33+00:00
cyclone-idai-2019,manual-cyclone-idai-2019-rosea-20190408-mozambique-sitrep-6-7april-pdf,human,,human,2019-04-08,needs_gaps,Sector needs and gaps,present,1.0,1.0,ok,,223,96114c52,qwen/qwen3.8-flash,64f4fc320880a7821fcd36e87a88a02b08470e8d2a1608312ac9a30b5c7cd63b,sync,False,2026-08-31T01:12:33+00:00
cyclone-idai-2019,manual-cyclone-idai-2019-rosea-20190408-mozambique-sitrep-6-7april-pdf,human,,human,2019-04-08,response_actions,Sector response activities,present,1.0,1.0,ok,,289,611a8ccf,qwen/qwen3.8-flash,e928b03231745956dee66e27f37259f8d0dbbafeb44ce6df2e23cc7df8481a85,sync,False,2026-08-31T01:12:33+00:00
cyclone-idai-2019,manual-cyclone-idai-2019-rosea-20190408-mozambique-sitrep-6-7april-pdf,human,,human,2019-04-08,shelter,Shelter and non-food items,absent,0.0,1.0,ok,,0,,qwen/qwen3.8-flash,f53124e3cc3de1986874b856f5c6af08994830b8cccf6d86cb0451df4194ad6d,sync,False,2026-08-31T01:12:33+00:00
cyclone-idai-2019,manual-cyclone-idai-2019-rosea-20190409-mozambique-sitrep-7-8-april-final-for-upload-pd,human,,human,2019-04-09,currency_and_metadata,Data currency and report metadata,,,,invalid,unparsable JSON (empty output),0,,qwen/qwen3.8-flash,ccefcfb982a4bb965e63ad2700400b3343ca6adfcb702f2e9c36835b46da88a1,sync,False,2026-08-31T01:12:33+00:00
cyclone-idai-2019,manual-cyclone-idai-2019-rosea-20190409-mozambique-sitrep-7-8-april-final-for-upload-pd,human,,human,2019-04-09,sourcing,Sourcing and attribution,present,1.0,1.0,ok,,128,f6453869,qwen/qwen3.8-flash,93f59f3f0fde4364190b00cdc200b136adc5452a42ccd5a12912ceecbf7612b6,sync,False,2026-08-31T01:12:33+00:00
cyclone-idai-2019,manual-cyclone-idai-2019-rosea-20190409-mozambique-sitrep-7-8-april-final-for-upload-pd,human,,human,2019-04-09,casualties,Casualty and affected-population figures,present,1.0,1.0,ok,,85,bf578ae8,qwen/qwen3.8-flash,ccf689c5740fbc97df91b44730ee22f1591d6ffdd96164d0b8e60c71dded52db,sync,False,2026-08-31T01:12:33+00:00
cyclone-idai-2019,manual-cyclone-idai-2019-rosea-20190409-mozambique-sitrep-7-8-april-final-for-upload-pd,human,,human,2019-04-09,displacement,Displacement and accommodation sites,present,1.0,1.0,ok,,180,000f45b9,qwen/qwen3.8-flash,2074818e88914e9d35e471069a5cfb05c11ee8b9d9c16c68fa42748667c4ca95,sync,False,2026-08-31T01:12:33+00:00
cyclone-idai-2019,manual-cyclone-idai-2019-rosea-20190409-mozambique-sitrep-7-8-april-final-for-upload-pd,human,,human,2019-04-09,health,"Health, disease outbreak and nutrition",present,1.0,1.0,ok,,176,1ada94a6,qwen/qwen3.8-flash,e9e2aa936c3f77eeb2ce240f12e319a3c90ce403bbe2a190dc44f1037bf00a3a,sync,False,2026-08-31T01:12:33+00:00
cyclone-idai-2019,manual-cyclone-idai-2019-rosea-20190409-mozambique-sitrep-7-8-april-final-for-upload-pd,human,,human,2019-04-09,damage,"Physical, economic and agricultural damage",present,1.0,1.0,ok,,220,62e33983,qwen/qwen3.8-flash,d2f8ded227b8f58437ca9954a6e89c8c393b7fc5477df8daa82194eccefe7d9a,sync,False,2026-08-31T01:12:33+00:00
cyclone-idai-2019,manual-cyclone-idai-2019-rosea-20190409-mozambique-sitrep-7-8-april-final-for-upload-pd,human,,human,2019-04-09,funding,Funding status and donor contributions,present,1.0,1.0,ok,,172,77374f12,qwen/qwen3.8-flash,f3c8efa5106e1e85b9d2fa4369619ed46b8cecd8df2387b83474a805a60e557b,sync,False,2026-08-31T01:12:33+00:00
cyclone-idai-2019,manual-cyclone-idai-2019-rosea-20190409-mozambique-sitrep-7-8-april-final-for-upload-pd,human,,human,2019-04-09,education,Education impact and response,present,1.0,0.95,ok,,223,4b497285,qwen/qwen3.8-flash,e7f76b800b17f687d0e09368f90ee4238632dc2a467af0811becc0bfc881ccd6,sync,False,2026-08-31T01:12:33+00:00
cyclone-idai-2019,manual-cyclone-idai-2019-rosea-20190409-mozambique-sitrep-7-8-april-final-for-upload-pd,human,,human,2019-04-09,wash,WASH needs and response,present,1.0,0.95,ok,,159,11028989,qwen/qwen3.8-flash,7abdd685f22c9b3d2a85f9fd4c2eba65569f6be35af040972d9704f1b6359c7c,sync,False,2026-08-31T01:12:33+00:00
cyclone-idai-2019,manual-cyclone-idai-2019-rosea-20190409-mozambique-sitrep-7-8-april-final-for-upload-pd,human,,human,2019-04-09,food,Food security and assistance reach,present,1.0,1.0,ok,,183,bd5f7c63,qwen/qwen3.8-flash,5b66f17cdfa73448e86e776019ce5173d43f6595c106c6f64342c4369bb7e4f1,sync,False,2026-08-31T01:12:33+00:00
cyclone-idai-2019,manual-cyclone-idai-2019-rosea-20190409-mozambique-sitrep-7-8-april-final-for-upload-pd,human,,human,2019-04-09,access,Access constraints,present,1.0,0.95,ok,,222,9be759e1,qwen/qwen3.8-flash,1c7608567271d062ad5930f38d654ad0e8e96cea38c7e9fecf3405f66101eb7f,sync,False,2026-08-31T01:12:33+00:00
cyclone-idai-2019,manual-cyclone-idai-2019-rosea-20190409-mozambique-sitrep-7-8-april-final-for-upload-pd,human,,human,2019-04-09,coordination,Coordination arrangements,present,1.0,0.95,ok,,165,7eeaaf22,qwen/qwen3.8-flash,caf91974e3c5db69cdaa5443e55faaeff05db92f08d3c0e3a999e542c227ca48,sync,False,2026-08-31T01:12:33+00:00
cyclone-idai-2019,manual-cyclone-idai-2019-rosea-20190409-mozambique-sitrep-7-8-april-final-for-upload-pd,human,,human,2019-04-09,needs_gaps,Sector needs and gaps,present,1.0,1.0,ok,,169,6258710f,qwen/qwen3.8-flash,9f1f5a3ead65b98f8f58afbdae773a09fd3d25e3d117a290de94a3993dea5c45,sync,False,2026-08-31T01:12:33+00:00
cyclone-idai-2019,manual-cyclone-idai-2019-rosea-20190409-mozambique-sitrep-7-8-april-final-for-upload-pd,human,,human,2019-04-09,response_actions,Sector response activities,present,1.0,1.0,ok,,157,48884da5,qwen/qwen3.8-flash,f74065993f396bd88204dbba8fb23b18e4402a7a680b12a2869fd8f6d7c11a58,sync,False,2026-08-31T01:12:33+00:00
cyclone-idai-2019,manual-cyclone-idai-2019-rosea-20190409-mozambique-sitrep-7-8-april-final-for-upload-pd,human,,human,2019-04-09,shelter,Shelter and non-food items,present,1.0,0.95,ok,,153,e71e9e3d,qwen/qwen3.8-flash,cd189ae90b4b49d3c87409da5d90b13b4dcd3e3b87e0984c232994a4edf7f3bc,sync,False,2026-08-31T01:12:33+00:00
cyclone-idai-2019,manual-cyclone-idai-2019-rosea-20190410-mozambique-sitrep-8-9-april-pdf,human,,human,2019-04-10,currency_and_metadata,Data currency and report metadata,,,,invalid,unparsable JSON (empty output),0,,qwen/qwen3.8-flash,bcb3733aa3b750b618d1625b7cb8af3f0f358b3d2b3a06ea852b4f94bf92ca30,sync,False,2026-08-31T01:12:33+00:00
cyclone-idai-2019,manual-cyclone-idai-2019-rosea-20190410-mozambique-sitrep-8-9-april-pdf,human,,human,2019-04-10,sourcing,Sourcing and attribution,present,1.0,1.0,ok,,87,54d7d397,qwen/qwen3.8-flash,061a9ae47e1d4259ea75fedeba2b0b5caa1d68542298aabb089d8df582b3eb85,sync,False,2026-08-31T01:12:33+00:00
cyclone-idai-2019,manual-cyclone-idai-2019-rosea-20190410-mozambique-sitrep-8-9-april-pdf,human,,human,2019-04-10,casualties,Casualty and affected-population figures,present,1.0,1.0,ok,,85,45501e90,qwen/qwen3.8-flash,93fa490e62a84993d3f92b9c5c375dda4c82e0eaab42ee9d990d9baba62e3cfa,sync,False,2026-08-31T01:12:33+00:00
cyclone-idai-2019,manual-cyclone-idai-2019-rosea-20190410-mozambique-sitrep-8-9-april-pdf,human,,human,2019-04-10,displacement,Displacement and accommodation sites,present,1.0,1.0,ok,,141,c0e1ddc5,qwen/qwen3.8-flash,0256dadaf78f15e71d92e6bc57c6d3b9a4352b8f86339d471baaaec5d5b60ca8,sync,False,2026-08-31T01:12:33+00:00
cyclone-idai-2019,manual-cyclone-idai-2019-rosea-20190410-mozambique-sitrep-8-9-april-pdf,human,,human,2019-04-10,health,"Health, disease outbreak and nutrition",present,1.0,1.0,ok,,255,d580e1c0,qwen/qwen3.8-flash,6fafaabf17767fd88db12ebea9245de515e657035d4035bc09ee2f35a096fd66,sync,False,2026-08-31T01:12:33+00:00
cyclone-idai-2019,manual-cyclone-idai-2019-rosea-20190410-mozambique-sitrep-8-9-april-pdf,human,,human,2019-04-10,damage,"Physical, economic and agricultural damage",,,,invalid,unparsable JSON (empty output),0,,qwen/qwen3.8-flash,b524a55ccf795dc7cdd6f97d1f67d793edb0df3730160c5750b104087d759f1c,sync,False,2026-08-31T01:12:33+00:00
cyclone-idai-2019,manual-cyclone-idai-2019-rosea-20190410-mozambique-sitrep-8-9-april-pdf,human,,human,2019-04-10,funding,Funding status and donor contributions,present,1.0,1.0,ok,,220,fbe583e9,qwen/qwen3.8-flash,9fb049d592c30fc5d1d8b90dd4ef346cc44fafa9735906c9528ff145455d51d7,sync,False,2026-08-31T01:12:33+00:00
cyclone-idai-2019,manual-cyclone-idai-2019-rosea-20190410-mozambique-sitrep-8-9-april-pdf,human,,human,2019-04-10,education,Education impact and response,present,1.0,1.0,ok,,222,630f270d,qwen/qwen3.8-flash,dbee30c836378d4be56af2f79e2878a83fd2189ae456cb6a4f0567178bba8b2e,sync,False,2026-08-31T01:12:33+00:00
cyclone-idai-2019,manual-cyclone-idai-2019-rosea-20190410-mozambique-sitrep-8-9-april-pdf,human,,human,2019-04-10,wash,WASH needs and response,partial,0.5,0.9,ok,,196,34c8cdaf,qwen/qwen3.8-flash,c2fd4fdc53707a374a62e14bd07f25c36c35899ae172c2b6408b834b252324bb,sync,False,2026-08-31T01:12:33+00:00
cyclone-idai-2019,manual-cyclone-idai-2019-rosea-20190410-mozambique-sitrep-8-9-april-pdf,human,,human,2019-04-10,food,Food security and assistance reach,present,1.0,1.0,ok,,142,4d752b2c,qwen/qwen3.8-flash,2107795a79f90d61d944a39df693ce3d2fbd959b914dfed1ad07cf890d5a7589,sync,False,2026-08-31T01:12:33+00:00
cyclone-idai-2019,manual-cyclone-idai-2019-rosea-20190410-mozambique-sitrep-8-9-april-pdf,human,,human,2019-04-10,access,Access constraints,present,1.0,1.0,ok,,182,9181c99c,qwen/qwen3.8-flash,d2de1000dbe09e95937fee7f1487be8047b035dee1fb1c7240f7f8ee528e34b7,sync,False,2026-08-31T01:12:33+00:00
cyclone-idai-2019,manual-cyclone-idai-2019-rosea-20190410-mozambique-sitrep-8-9-april-pdf,human,,human,2019-04-10,coordination,Coordination arrangements,present,1.0,0.95,ok,,207,8dcdf979,qwen/qwen3.8-flash,49700c2d745d6d04c19a8652cba3f55a09b599397293770b9d2a525495f4f595,sync,False,2026-08-31T01:12:33+00:00
cyclone-idai-2019,manual-cyclone-idai-2019-rosea-20190410-mozambique-sitrep-8-9-april-pdf,human,,human,2019-04-10,needs_gaps,Sector needs and gaps,present,1.0,1.0,ok,,138,6e53ba41,qwen/qwen3.8-flash,2de81f77e56f80b9127d5e7c01e9997a1cd044cd96a2ddf940e91d3250c0863c,sync,False,2026-08-31T01:12:33+00:00
cyclone-idai-2019,manual-cyclone-idai-2019-rosea-20190410-mozambique-sitrep-8-9-april-pdf,human,,human,2019-04-10,response_actions,Sector response activities,present,1.0,1.0,ok,,162,2a9740b3,qwen/qwen3.8-flash,6e27f378c61eb563fdd0aa445612979de0077cc721130b8d0ba35cba3953ac68,sync,False,2026-08-31T01:12:33+00:00
cyclone-idai-2019,manual-cyclone-idai-2019-rosea-20190410-mozambique-sitrep-8-9-april-pdf,human,,human,2019-04-10,shelter,Shelter and non-food items,present,1.0,1.0,ok,,149,97481906,qwen/qwen3.8-flash,b2ec18caf61fc4743480965e28d8d9dcc591eb93ae337a14376103ef2d7a51e1,sync,False,2026-08-31T01:12:33+00:00
cyclone-idai-2019,manual-cyclone-idai-2019-zimbabwe-sitrep-2-10-april-2019-pdf,human,,human,2019-04-10,currency_and_metadata,Data currency and report metadata,,,,invalid,unparsable JSON (empty output),0,,qwen/qwen3.8-flash,4086fa38c2444fa5bf66e264e6f8626924acd94234a6d2f08fa0d69d97a13a93,sync,False,2026-08-31T01:12:33+00:00
cyclone-idai-2019,manual-cyclone-idai-2019-zimbabwe-sitrep-2-10-april-2019-pdf,human,,human,2019-04-10,sourcing,Sourcing and attribution,present,1.0,0.95,ok,,92,13eecefa,qwen/qwen3.8-flash,cb791888a732246fe55d82605b03dc75b71d9c2ef05990d5582820559a31fafe,sync,False,2026-08-31T01:12:33+00:00
cyclone-idai-2019,manual-cyclone-idai-2019-zimbabwe-sitrep-2-10-april-2019-pdf,human,,human,2019-04-10,casualties,Casualty and affected-population figures,present,1.0,1.0,ok,,139,1b38c062,qwen/qwen3.8-flash,9cf66e47ffa941d2a76f996aa5d812a7a5953f72f14cbab652962bb40a7a8b54,sync,False,2026-08-31T01:12:33+00:00
cyclone-idai-2019,manual-cyclone-idai-2019-zimbabwe-sitrep-2-10-april-2019-pdf,human,,human,2019-04-10,displacement,Displacement and accommodation sites,present,1.0,0.9,ok,,228,317a82a4,qwen/qwen3.8-flash,12d9c9d9a45e95dac3bccc01cd9d86ff9b9e1bce53b5d4400ca366f3e0127b60,sync,False,2026-08-31T01:12:33+00:00
cyclone-idai-2019,manual-cyclone-idai-2019-zimbabwe-sitrep-2-10-april-2019-pdf,human,,human,2019-04-10,health,"Health, disease outbreak and nutrition",present,1.0,0.95,ok,,216,2c695a2a,qwen/qwen3.8-flash,708832a147673263747505272835f7da76790be7edeefb08eb4eb0d1bc9d69e1,sync,False,2026-08-31T01:12:33+00:00
cyclone-idai-2019,manual-cyclone-idai-2019-zimbabwe-sitrep-2-10-april-2019-pdf,human,,human,2019-04-10,damage,"Physical, economic and agricultural damage",present,1.0,0.95,ok,,168,0a77d0ac,qwen/qwen3.8-flash,c6376bf1b1228c8fc647df6a7be8de5ca9724f308f90bcbd2dd4e7028c420a03,sync,False,2026-08-31T01:12:33+00:00
cyclone-idai-2019,manual-cyclone-idai-2019-zimbabwe-sitrep-2-10-april-2019-pdf,human,,human,2019-04-10,funding,Funding status and donor contributions,present,1.0,1.0,ok,,247,ae37f726,qwen/qwen3.8-flash,8d7a814a10c5752b34c19d06822de781b37e1fef219c5cc519a7e1c5fe31040b,sync,False,2026-08-31T01:12:33+00:00
cyclone-idai-2019,manual-cyclone-idai-2019-zimbabwe-sitrep-2-10-april-2019-pdf,human,,human,2019-04-10,education,Education impact and response,present,1.0,0.95,ok,,171,5b16d170,qwen/qwen3.8-flash,38ace1b2871760c969ed52a7c93668512cde454336f2aae03c090c5c49b58e65,sync,False,2026-08-31T01:12:33+00:00
cyclone-idai-2019,manual-cyclone-idai-2019-zimbabwe-sitrep-2-10-april-2019-pdf,human,,human,2019-04-10,wash,WASH needs and response,present,1.0,1.0,ok,,120,6a664b24,qwen/qwen3.8-flash,05a05616679f24685db4abc252985443d0b6a93dc4b2e0a9a4c6d4c6166a13b6,sync,False,2026-08-31T01:12:33+00:00
cyclone-idai-2019,manual-cyclone-idai-2019-zimbabwe-sitrep-2-10-april-2019-pdf,human,,human,2019-04-10,food,Food security and assistance reach,present,1.0,1.0,ok,,126,aec6428a,qwen/qwen3.8-flash,1b2859d3cfdd243e13be117eb2dea658bc91385bfb05b8ac51e68c1d682cf3e4,sync,False,2026-08-31T01:12:33+00:00
cyclone-idai-2019,manual-cyclone-idai-2019-zimbabwe-sitrep-2-10-april-2019-pdf,human,,human,2019-04-10,access,Access constraints,present,1.0,0.95,ok,,170,ea09ca97,qwen/qwen3.8-flash,90ab2094f0408ab5e4b18757fd20e0a60137f5334bea92b90cfd3ff97e2ba2bc,sync,False,2026-08-31T01:12:33+00:00
cyclone-idai-2019,manual-cyclone-idai-2019-zimbabwe-sitrep-2-10-april-2019-pdf,human,,human,2019-04-10,coordination,Coordination arrangements,present,1.0,0.95,ok,,120,bec5965d,qwen/qwen3.8-flash,203c3cf828e6e06783e16c3ba1eca1d68a1d82baf20ca26981779df6fb803e06,sync,False,2026-08-31T01:12:33+00:00
cyclone-idai-2019,manual-cyclone-idai-2019-zimbabwe-sitrep-2-10-april-2019-pdf,human,,human,2019-04-10,needs_gaps,Sector needs and gaps,present,1.0,1.0,ok,,161,339b8735,qwen/qwen3.8-flash,d555f8d27590109a84bfa92ca1c018e72869fe446c08584d3c8aeb03f41d97a3,sync,False,2026-08-31T01:12:33+00:00
cyclone-idai-2019,manual-cyclone-idai-2019-zimbabwe-sitrep-2-10-april-2019-pdf,human,,human,2019-04-10,response_actions,Sector response activities,present,1.0,1.0,ok,,115,e6566331,qwen/qwen3.8-flash,44abd902f13ede765417906de61d8fefa7582daf907340bf92b613151acc77f2,sync,False,2026-08-31T01:12:33+00:00
cyclone-idai-2019,manual-cyclone-idai-2019-zimbabwe-sitrep-2-10-april-2019-pdf,human,,human,2019-04-10,shelter,Shelter and non-food items,present,1.0,0.95,ok,,126,89b1bfc5,qwen/qwen3.8-flash,fe595482b228ea7952371cb8911c17cc74388ae917305adbf1d4e09396af606b,sync,False,2026-08-31T01:12:33+00:00
cyclone-idai-2019,manual-cyclone-idai-2019-rosea-20190411-mozambique-sitrep-pdf,human,,human,2019-04-11,currency_and_metadata,Data currency and report metadata,,,,invalid,unparsable JSON (empty output),0,,qwen/qwen3.8-flash,847232778fd1aca68c1aef44f78a45a3d2eed8982d24fff153d429f79fa700d7,sync,False,2026-08-31T01:12:33+00:00
cyclone-idai-2019,manual-cyclone-idai-2019-rosea-20190411-mozambique-sitrep-pdf,human,,human,2019-04-11,sourcing,Sourcing and attribution,present,1.0,1.0,ok,,117,4a194e9d,qwen/qwen3.8-flash,7fe2848d86fd1759a518a48045794517b74e458f8ff1ccb0c2b323ae438fabff,sync,False,2026-08-31T01:12:33+00:00
cyclone-idai-2019,manual-cyclone-idai-2019-rosea-20190411-mozambique-sitrep-pdf,human,,human,2019-04-11,casualties,Casualty and affected-population figures,present,1.0,1.0,ok,,121,a0922aec,qwen/qwen3.8-flash,5ba885d001785452406e74620ea8478535317def84eb57e6eeffd993dcf5640c,sync,False,2026-08-31T01:12:33+00:00
cyclone-idai-2019,manual-cyclone-idai-2019-rosea-20190411-mozambique-sitrep-pdf,human,,human,2019-04-11,displacement,Displacement and accommodation sites,present,1.0,1.0,ok,,142,f25e273c,qwen/qwen3.8-flash,933015aff9045e75b51302498810a23371eaaff95111983d707467cf81b2034f,sync,False,2026-08-31T01:12:33+00:00
cyclone-idai-2019,manual-cyclone-idai-2019-rosea-20190411-mozambique-sitrep-pdf,human,,human,2019-04-11,health,"Health, disease outbreak and nutrition",present,1.0,1.0,ok,,163,c6621fa2,qwen/qwen3.8-flash,6865571b58bcc4afcfeb924f72fa2b6a49ad7f2d3ebd19baf524a783eb995324,sync,False,2026-08-31T01:12:33+00:00
cyclone-idai-2019,manual-cyclone-idai-2019-rosea-20190411-mozambique-sitrep-pdf,human,,human,2019-04-11,damage,"Physical, economic and agricultural damage",,,,invalid,unparsable JSON (empty output),0,,qwen/qwen3.8-flash,433759996e05dc13cd473b2cd2c6164b5b33dea94782d6d475de7c45c87ca88b,sync,False,2026-08-31T01:12:33+00:00
cyclone-idai-2019,manual-cyclone-idai-2019-rosea-20190411-mozambique-sitrep-pdf,human,,human,2019-04-11,funding,Funding status and donor contributions,present,1.0,1.0,ok,,196,a6aa04ab,qwen/qwen3.8-flash,99d11d788d5517965e6c51a58dfb81dbe0c52442ca67f00301277c2cde9b617b,sync,False,2026-08-31T01:12:33+00:00
cyclone-idai-2019,manual-cyclone-idai-2019-rosea-20190411-mozambique-sitrep-pdf,human,,human,2019-04-11,education,Education impact and response,present,1.0,1.0,ok,,271,14512ba1,qwen/qwen3.8-flash,07d5692b80129176bdcf1cb2bdaeb891526294e894adcd6323bbdffc9848f946,sync,False,2026-08-31T01:12:33+00:00
cyclone-idai-2019,manual-cyclone-idai-2019-rosea-20190411-mozambique-sitrep-pdf,human,,human,2019-04-11,wash,WASH needs and response,partial,0.5,0.9,ok,,175,4e8dc3c1,qwen/qwen3.8-flash,1ef7bd42bb63be0626a71aae935a807df58fbd34e0e7c8cce679a82bdabfc963,sync,False,2026-08-31T01:12:33+00:00
cyclone-idai-2019,manual-cyclone-idai-2019-rosea-20190411-mozambique-sitrep-pdf,human,,human,2019-04-11,food,Food security and assistance reach,present,1.0,0.95,ok,,185,99e29bf1,qwen/qwen3.8-flash,38943892ca8266a23842b04cf1b03a257c063e284badbc0375cb11d4d021d490,sync,False,2026-08-31T01:12:33+00:00
cyclone-idai-2019,manual-cyclone-idai-2019-rosea-20190411-mozambique-sitrep-pdf,human,,human,2019-04-11,access,Access constraints,present,1.0,1.0,ok,,167,e637a8a0,qwen/qwen3.8-flash,7254b2a129ee74359f3b4c05b577eec94208ad905bcc796921e8f435a9282efa,sync,False,2026-08-31T01:12:33+00:00
cyclone-idai-2019,manual-cyclone-idai-2019-rosea-20190411-mozambique-sitrep-pdf,human,,human,2019-04-11,coordination,Coordination arrangements,present,1.0,0.95,ok,,208,86085be8,qwen/qwen3.8-flash,5fcc74112400fc51a117533676d0b4b6ac7271f8b895d45fe4e0f614aa3a4448,sync,False,2026-08-31T01:12:33+00:00
cyclone-idai-2019,manual-cyclone-idai-2019-rosea-20190411-mozambique-sitrep-pdf,human,,human,2019-04-11,needs_gaps,Sector needs and gaps,present,1.0,1.0,ok,,145,981fa5a5,qwen/qwen3.8-flash,0d967b973811a4a5897c29c2d0a902d2494217b1b66767db999bdf2bd96e06f7,sync,False,2026-08-31T01:12:33+00:00
cyclone-idai-2019,manual-cyclone-idai-2019-rosea-20190411-mozambique-sitrep-pdf,human,,human,2019-04-11,response_actions,Sector response activities,present,1.0,1.0,ok,,151,5c5ec3ef,qwen/qwen3.8-flash,c2d703af6bba6316812be07600f4266c0bc76633fbb6f661caefd4526fd6c59a,sync,False,2026-08-31T01:12:33+00:00
cyclone-idai-2019,manual-cyclone-idai-2019-rosea-20190411-mozambique-sitrep-pdf,human,,human,2019-04-11,shelter,Shelter and non-food items,present,1.0,1.0,ok,,81,67223999,qwen/qwen3.8-flash,6466042652029128833e91a7c99275346b5d3b78883e73800c7b08915bf837e8,sync,False,2026-08-31T01:12:33+00:00
cyclone-idai-2019,manual-cyclone-idai-2019-unicef-mozambique-humanitarian-situation-report-5-cyclone-idai,human,,human,2019-04-11,currency_and_metadata,Data currency and report metadata,,,,invalid,unparsable JSON (empty output),0,,qwen/qwen3.8-flash,85d940970dba4a43fda79783f65386b730be58795bc890a7183eeb272b2ec981,sync,False,2026-08-31T01:12:33+00:00
cyclone-idai-2019,manual-cyclone-idai-2019-unicef-mozambique-humanitarian-situation-report-5-cyclone-idai,human,,human,2019-04-11,sourcing,Sourcing and attribution,present,1.0,0.95,ok,,122,a4c22dcc,qwen/qwen3.8-flash,5287b15d2831d1772c1e67df12c4f5eae752c2f8ba63ae2af394b58168d61fb8,sync,False,2026-08-31T01:12:33+00:00
cyclone-idai-2019,manual-cyclone-idai-2019-unicef-mozambique-humanitarian-situation-report-5-cyclone-idai,human,,human,2019-04-11,casualties,Casualty and affected-population figures,present,1.0,0.95,ok,,212,eebed5ab,qwen/qwen3.8-flash,94e4b4f5a6aaf781b902e3070b7f3dd9874287ca0591f8d450d4a18859fd7c4c,sync,False,2026-08-31T01:12:33+00:00
cyclone-idai-2019,manual-cyclone-idai-2019-unicef-mozambique-humanitarian-situation-report-5-cyclone-idai,human,,human,2019-04-11,displacement,Displacement and accommodation sites,present,1.0,1.0,ok,,191,5b067cb6,qwen/qwen3.8-flash,ad354ce367644fe00787ec3cfc9700c3397a0aab3c1c87bdaacc52d58ed5cc11,sync,False,2026-08-31T01:12:33+00:00
cyclone-idai-2019,manual-cyclone-idai-2019-unicef-mozambique-humanitarian-situation-report-5-cyclone-idai,human,,human,2019-04-11,health,"Health, disease outbreak and nutrition",present,1.0,1.0,ok,,180,46c1a1d6,qwen/qwen3.8-flash,327c82647dce6a2e72516305fda44ea1ae213461849b75b3c8a1878fba993192,sync,False,2026-08-31T01:12:33+00:00
cyclone-idai-2019,manual-cyclone-idai-2019-unicef-mozambique-humanitarian-situation-report-5-cyclone-idai,human,,human,2019-04-11,damage,"Physical, economic and agricultural damage",present,1.0,0.95,ok,,149,410256e4,qwen/qwen3.8-flash,8bc3ea7a5a031e2adf858098f7e6d7318fe7ea84f593ec4fb8aa72835f0d9c81,sync,False,2026-08-31T01:12:33+00:00
cyclone-idai-2019,manual-cyclone-idai-2019-unicef-mozambique-humanitarian-situation-report-5-cyclone-idai,human,,human,2019-04-11,funding,Funding status and donor contributions,present,1.0,1.0,ok,,75,91c50331,qwen/qwen3.8-flash,bd8d3154e22e9d32e8ab9dbfe707ffe95134de0bbb5bea653460a30b0b03de16,sync,False,2026-08-31T01:12:33+00:00
cyclone-idai-2019,manual-cyclone-idai-2019-unicef-mozambique-humanitarian-situation-report-5-cyclone-idai,human,,human,2019-04-11,education,Education impact and response,present,1.0,1.0,ok,,190,245db442,qwen/qwen3.8-flash,cdf7d5a8e356168390d127b1aee7758c7857dbb1f121e599bc5fa36b01f7b78c,sync,False,2026-08-31T01:12:33+00:00
cyclone-idai-2019,manual-cyclone-idai-2019-unicef-mozambique-humanitarian-situation-report-5-cyclone-idai,human,,human,2019-04-11,wash,WASH needs and response,present,1.0,1.0,ok,,184,b29ee01c,qwen/qwen3.8-flash,71e294dd939ea7f57fce7fc72f7eae20ee2a2f14ec977dbaaf10e4e05dcfdace,sync,False,2026-08-31T01:12:33+00:00
cyclone-idai-2019,manual-cyclone-idai-2019-unicef-mozambique-humanitarian-situation-report-5-cyclone-idai,human,,human,2019-04-11,food,Food security and assistance reach,absent,0.0,0.95,ok,,0,,qwen/qwen3.8-flash,aa9d88aa20bdb682e5cb42ca1e132605439996b3170546dbc7f439bea5249df3,sync,False,2026-08-31T01:12:33+00:00
cyclone-idai-2019,manual-cyclone-idai-2019-unicef-mozambique-humanitarian-situation-report-5-cyclone-idai,human,,human,2019-04-11,access,Access constraints,partial,0.5,0.9,ok,,116,da9f701c,qwen/qwen3.8-flash,3321e05d300d05cac8d4b93e02ca8f62b7f9a84300151be640b215c1edc859a5,sync,False,2026-08-31T01:12:33+00:00
cyclone-idai-2019,manual-cyclone-idai-2019-unicef-mozambique-humanitarian-situation-report-5-cyclone-idai,human,,human,2019-04-11,coordination,Coordination arrangements,present,1.0,1.0,ok,,206,60d34348,qwen/qwen3.8-flash,604052262b31d792a651f6042907eb943d36ab2bb3ed1cff2f56171d2ddd3811,sync,False,2026-08-31T01:12:33+00:00
cyclone-idai-2019,manual-cyclone-idai-2019-unicef-mozambique-humanitarian-situation-report-5-cyclone-idai,human,,human,2019-04-11,needs_gaps,Sector needs and gaps,present,1.0,0.95,ok,,237,1fabe5a9,qwen/qwen3.8-flash,62872c52df560e54794092bd3f05956765bca24ce4d438ab5fc47fa638e5c2fd,sync,False,2026-08-31T01:12:33+00:00
cyclone-idai-2019,manual-cyclone-idai-2019-unicef-mozambique-humanitarian-situation-report-5-cyclone-idai,human,,human,2019-04-11,response_actions,Sector response activities,present,1.0,1.0,ok,,146,37facab7,qwen/qwen3.8-flash,205e986dd25c93bc9604d2a5e4e6e839571d09a2adfc2a85d0a97013c8de7478,sync,False,2026-08-31T01:12:33+00:00
cyclone-idai-2019,manual-cyclone-idai-2019-unicef-mozambique-humanitarian-situation-report-5-cyclone-idai,human,,human,2019-04-11,shelter,Shelter and non-food items,absent,0.0,1.0,ok,,0,,qwen/qwen3.8-flash,45689dbea97de4b992921e3cb953dd3f261cf289823f818472b338f666f07714,sync,False,2026-08-31T01:12:33+00:00
cyclone-idai-2019,manual-cyclone-idai-2019-rosea-20190413-mozambique-sitrep-11-12-april-for-upload-pdf,human,,human,2019-04-13,currency_and_metadata,Data currency and report metadata,,,,invalid,unparsable JSON (empty output),0,,qwen/qwen3.8-flash,559eb4fb32aa46402d3ed11bc0756fdca5b8b153876b1875241441caf91fb4d6,sync,False,2026-08-31T01:12:33+00:00
cyclone-idai-2019,manual-cyclone-idai-2019-rosea-20190413-mozambique-sitrep-11-12-april-for-upload-pdf,human,,human,2019-04-13,sourcing,Sourcing and attribution,present,1.0,1.0,ok,,131,cdb6a94b,qwen/qwen3.8-flash,9aead63b1b8b373e23f4d4599c1bbf9e2507b3302a9dd4612e3e066897269141,sync,False,2026-08-31T01:12:33+00:00
cyclone-idai-2019,manual-cyclone-idai-2019-rosea-20190413-mozambique-sitrep-11-12-april-for-upload-pdf,human,,human,2019-04-13,casualties,Casualty and affected-population figures,present,1.0,1.0,ok,,110,091cf7b4,qwen/qwen3.8-flash,001e71e84afe63d99d807e75af1f810cd311a74eef9d151f22732bce06a76012,sync,False,2026-08-31T01:12:33+00:00
cyclone-idai-2019,manual-cyclone-idai-2019-rosea-20190413-mozambique-sitrep-11-12-april-for-upload-pdf,human,,human,2019-04-13,displacement,Displacement and accommodation sites,present,1.0,1.0,ok,,124,5df1fdba,qwen/qwen3.8-flash,26827fb9fa29f3860dd67592a4742202a7e485364d712d37e0817717e0446a06,sync,False,2026-08-31T01:12:33+00:00
cyclone-idai-2019,manual-cyclone-idai-2019-rosea-20190413-mozambique-sitrep-11-12-april-for-upload-pdf,human,,human,2019-04-13,health,"Health, disease outbreak and nutrition",present,1.0,1.0,ok,,130,01f73594,qwen/qwen3.8-flash,73b731014642b3c18229625a16fb233cccf4302438dd4e62282085d013e6a60a,sync,False,2026-08-31T01:12:33+00:00
cyclone-idai-2019,manual-cyclone-idai-2019-rosea-20190413-mozambique-sitrep-11-12-april-for-upload-pdf,human,,human,2019-04-13,damage,"Physical, economic and agricultural damage",present,1.0,1.0,ok,,138,639d8263,qwen/qwen3.8-flash,5867a2d19da8a73929e2cb7d31cea5bbb631baee61601de2f2daad5c43be7ee7,sync,False,2026-08-31T01:12:33+00:00
cyclone-idai-2019,manual-cyclone-idai-2019-rosea-20190413-mozambique-sitrep-11-12-april-for-upload-pdf,human,,human,2019-04-13,funding,Funding status and donor contributions,present,1.0,1.0,ok,,175,6337827c,qwen/qwen3.8-flash,353c0f557c23225efb74bd75e53d91815aa9e373a71612ae6e5c80472e3ecf27,sync,False,2026-08-31T01:12:33+00:00
cyclone-idai-2019,manual-cyclone-idai-2019-rosea-20190413-mozambique-sitrep-11-12-april-for-upload-pdf,human,,human,2019-04-13,education,Education impact and response,present,1.0,1.0,ok,,166,a19b01bd,qwen/qwen3.8-flash,35463ed0adf242fcf5683ee5f25ec38452e4ddac6998c133e469053d9f36cb97,sync,False,2026-08-31T01:12:33+00:00
cyclone-idai-2019,manual-cyclone-idai-2019-rosea-20190413-mozambique-sitrep-11-12-april-for-upload-pdf,human,,human,2019-04-13,wash,WASH needs and response,present,1.0,1.0,ok,,140,e316a40f,qwen/qwen3.8-flash,a1a84de26099aebfa975a883e9172c92071a973b6cc306800b5e91028d1458d3,sync,False,2026-08-31T01:12:33+00:00
cyclone-idai-2019,manual-cyclone-idai-2019-rosea-20190413-mozambique-sitrep-11-12-april-for-upload-pdf,human,,human,2019-04-13,food,Food security and assistance reach,present,1.0,0.95,ok,,200,1bb1057d,qwen/qwen3.8-flash,8da3d7eab1f4bc36f8a5441c614192be12475aeda5a28f18a6deb83772ce1d14,sync,False,2026-08-31T01:12:33+00:00
cyclone-idai-2019,manual-cyclone-idai-2019-rosea-20190413-mozambique-sitrep-11-12-april-for-upload-pdf,human,,human,2019-04-13,access,Access constraints,present,1.0,0.95,ok,,139,6b0b63c1,qwen/qwen3.8-flash,be25073ce66e7e9d792a3a096eaf9ac47715bf7d67f55cf825b86a3487908d17,sync,False,2026-08-31T01:12:33+00:00
cyclone-idai-2019,manual-cyclone-idai-2019-rosea-20190413-mozambique-sitrep-11-12-april-for-upload-pdf,human,,human,2019-04-13,coordination,Coordination arrangements,present,1.0,0.95,ok,,233,04c56229,qwen/qwen3.8-flash,bc182498ff37e396d9e781deb36eff96c2df9091be81b7b8bebb4b611c9db5c9,sync,False,2026-08-31T01:12:33+00:00
cyclone-idai-2019,manual-cyclone-idai-2019-rosea-20190413-mozambique-sitrep-11-12-april-for-upload-pdf,human,,human,2019-04-13,needs_gaps,Sector needs and gaps,present,1.0,1.0,ok,,155,8a422aca,qwen/qwen3.8-flash,1a458e76610df8dde35b097b282a4612c5d64893fb176d35271d6bc7e802d886,sync,False,2026-08-31T01:12:33+00:00
cyclone-idai-2019,manual-cyclone-idai-2019-rosea-20190413-mozambique-sitrep-11-12-april-for-upload-pdf,human,,human,2019-04-13,response_actions,Sector response activities,present,1.0,1.0,ok,,143,253ba735,qwen/qwen3.8-flash,1062cb840d1aa7323a1d98729533ed8e444be8a5333304b41e9635291a52242d,sync,False,2026-08-31T01:12:33+00:00
cyclone-idai-2019,manual-cyclone-idai-2019-rosea-20190413-mozambique-sitrep-11-12-april-for-upload-pdf,human,,human,2019-04-13,shelter,Shelter and non-food items,partial,0.5,0.95,ok,,185,24f498d0,qwen/qwen3.8-flash,4e88724ed7013d12e360e5fcd4c9f046338030891134cd94323d348d160bab33,sync,False,2026-08-31T01:12:33+00:00
cyclone-idai-2019,manual-cyclone-idai-2019-rosea-20190414-mozambique-sitrep-12-13-april-pdf,human,,human,2019-04-14,currency_and_metadata,Data currency and report metadata,present,1.0,1.0,ok,,155,01897457,qwen/qwen3.8-flash,404215f948d8ffbcf996604ba4ae4736c52e9ca68f02e486c4031ab3a7260358,sync,False,2026-08-31T01:12:33+00:00
cyclone-idai-2019,manual-cyclone-idai-2019-rosea-20190414-mozambique-sitrep-12-13-april-pdf,human,,human,2019-04-14,sourcing,Sourcing and attribution,present,1.0,1.0,ok,,150,71fe64f1,qwen/qwen3.8-flash,2f8327c533a4ddde724d1d62b36558573748299fe49538e0a6e6a326492845dd,sync,False,2026-08-31T01:12:33+00:00
cyclone-idai-2019,manual-cyclone-idai-2019-rosea-20190414-mozambique-sitrep-12-13-april-pdf,human,,human,2019-04-14,casualties,Casualty and affected-population figures,present,1.0,1.0,ok,,200,acad561c,qwen/qwen3.8-flash,1d0b3e3d8b8137493ba62993f289728524aa5a32d867afb33b0d4376ed411373,sync,False,2026-08-31T01:12:33+00:00
cyclone-idai-2019,manual-cyclone-idai-2019-rosea-20190414-mozambique-sitrep-12-13-april-pdf,human,,human,2019-04-14,displacement,Displacement and accommodation sites,present,1.0,1.0,ok,,84,4034d4ad,qwen/qwen3.8-flash,3eec3c544a48765bcb35c5c10278c67d0f706281c1a3b3fa247b96308b1b57d0,sync,False,2026-08-31T01:12:33+00:00
cyclone-idai-2019,manual-cyclone-idai-2019-rosea-20190414-mozambique-sitrep-12-13-april-pdf,human,,human,2019-04-14,health,"Health, disease outbreak and nutrition",present,1.0,1.0,ok,,181,e66ebea3,qwen/qwen3.8-flash,9be58e6cba2661af29554ac25aab34a080ef56c7ae9ca20092b6fb12b1437bec,sync,False,2026-08-31T01:12:33+00:00
cyclone-idai-2019,manual-cyclone-idai-2019-rosea-20190414-mozambique-sitrep-12-13-april-pdf,human,,human,2019-04-14,damage,"Physical, economic and agricultural damage",,,,invalid,unparsable JSON (empty output),0,,qwen/qwen3.8-flash,7c3cb9f5b2c8642d06935de916a335d846ec3e29bb0c0f49e98167ea3f730b9c,sync,False,2026-08-31T01:12:33+00:00
cyclone-idai-2019,manual-cyclone-idai-2019-rosea-20190414-mozambique-sitrep-12-13-april-pdf,human,,human,2019-04-14,funding,Funding status and donor contributions,present,1.0,1.0,ok,,215,e871057e,qwen/qwen3.8-flash,ac728c23ab5e68cc72d4af4149a0ba714985825d513ae1dce42ea862df0a4a5c,sync,False,2026-08-31T01:12:33+00:00
cyclone-idai-2019,manual-cyclone-idai-2019-rosea-20190414-mozambique-sitrep-12-13-april-pdf,human,,human,2019-04-14,education,Education impact and response,present,1.0,1.0,ok,,231,ce32f539,qwen/qwen3.8-flash,f56b1441fed5505838aa8f82e919f1e8ced28dbecb726d14486b9644659ad64f,sync,False,2026-08-31T01:12:33+00:00
cyclone-idai-2019,manual-cyclone-idai-2019-rosea-20190414-mozambique-sitrep-12-13-april-pdf,human,,human,2019-04-14,wash,WASH needs and response,present,1.0,1.0,ok,,196,25c6fe9c,qwen/qwen3.8-flash,a1f04f9d0ab57105d683c2fccfe3a10379aa49b0ee4f8a0f9aa8dda3fa771035,sync,False,2026-08-31T01:12:33+00:00
cyclone-idai-2019,manual-cyclone-idai-2019-rosea-20190414-mozambique-sitrep-12-13-april-pdf,human,,human,2019-04-14,food,Food security and assistance reach,present,1.0,1.0,ok,,187,2081ae34,qwen/qwen3.8-flash,4ac2adcbc340087bdf308bffafe85a1850bd51f2c792f8165cb7475b21a1ab4a,sync,False,2026-08-31T01:12:33+00:00
cyclone-idai-2019,manual-cyclone-idai-2019-rosea-20190414-mozambique-sitrep-12-13-april-pdf,human,,human,2019-04-14,access,Access constraints,present,1.0,0.95,ok,,178,5dc53624,qwen/qwen3.8-flash,f10c160981869fe7e19688841c9f69842ca1ef9e06f64df81930713f24eb32a1,sync,False,2026-08-31T01:12:33+00:00
cyclone-idai-2019,manual-cyclone-idai-2019-rosea-20190414-mozambique-sitrep-12-13-april-pdf,human,,human,2019-04-14,coordination,Coordination arrangements,present,1.0,0.9,ok,,221,9426834e,qwen/qwen3.8-flash,c3c6b48ff499ee4da5c60133fd5b21bc3282a83bbae183b0d0a8f27ac180c2fe,sync,False,2026-08-31T01:12:33+00:00
cyclone-idai-2019,manual-cyclone-idai-2019-rosea-20190414-mozambique-sitrep-12-13-april-pdf,human,,human,2019-04-14,needs_gaps,Sector needs and gaps,present,1.0,1.0,ok,,295,afc397a4,qwen/qwen3.8-flash,f3679fd49dfc4bc883aeba0ac57abda47a95ace6341d54894723300a16ae9292,sync,False,2026-08-31T01:12:33+00:00
cyclone-idai-2019,manual-cyclone-idai-2019-rosea-20190414-mozambique-sitrep-12-13-april-pdf,human,,human,2019-04-14,response_actions,Sector response activities,present,1.0,1.0,ok,,182,45b5a1fa,qwen/qwen3.8-flash,9d9e5590b8f6500d8b17167b160f8706b50609e4d730e48a36bd990c2b29d4d9,sync,False,2026-08-31T01:12:33+00:00
cyclone-idai-2019,manual-cyclone-idai-2019-rosea-20190414-mozambique-sitrep-12-13-april-pdf,human,,human,2019-04-14,shelter,Shelter and non-food items,present,1.0,1.0,ok,,177,a0f7e846,qwen/qwen3.8-flash,3d77aeffe76a8b80e61a0df0aba544cfd784cb7ac920432b1a9022b446e0174f,sync,False,2026-08-31T01:12:33+00:00
cyclone-idai-2019,manual-cyclone-idai-2019-rosea-20190416-mozambique-sitrep-14-15-april-for-upload-pdf,human,,human,2019-04-16,currency_and_metadata,Data currency and report metadata,,,,invalid,unparsable JSON (empty output),0,,qwen/qwen3.8-flash,d7be664b1e7df9a09ee3b16e4f29a1f9a70e1661f2e76755e3e187f3cd12e69a,sync,False,2026-08-31T01:12:33+00:00
cyclone-idai-2019,manual-cyclone-idai-2019-rosea-20190416-mozambique-sitrep-14-15-april-for-upload-pdf,human,,human,2019-04-16,sourcing,Sourcing and attribution,present,1.0,1.0,ok,,99,d11d1043,qwen/qwen3.8-flash,7312e77a912d1a54d6dff3fe1a4830c01a1a46c9ba68f6ba9c69f883e00fea64,sync,False,2026-08-31T01:12:33+00:00
cyclone-idai-2019,manual-cyclone-idai-2019-rosea-20190416-mozambique-sitrep-14-15-april-for-upload-pdf,human,,human,2019-04-16,casualties,Casualty and affected-population figures,present,1.0,1.0,ok,,152,d9e394cc,qwen/qwen3.8-flash,d8d78755a4dfad59e775e58a3b174c91ce5f1d900a46e426c8e94647906cd88f,sync,False,2026-08-31T01:12:33+00:00
cyclone-idai-2019,manual-cyclone-idai-2019-rosea-20190416-mozambique-sitrep-14-15-april-for-upload-pdf,human,,human,2019-04-16,displacement,Displacement and accommodation sites,present,1.0,1.0,ok,,182,92a2842b,qwen/qwen3.8-flash,f4360d2de34fbfdfefea6baebdb6b9eeb81b7e13b9e95f3fd0502c83a7746a6a,sync,False,2026-08-31T01:12:33+00:00
cyclone-idai-2019,manual-cyclone-idai-2019-rosea-20190416-mozambique-sitrep-14-15-april-for-upload-pdf,human,,human,2019-04-16,health,"Health, disease outbreak and nutrition",present,1.0,1.0,ok,,181,84a9f0a8,qwen/qwen3.8-flash,832f4947360c0b9115ffd7d7aba7c17f73df300090f827c308642876271d21fb,sync,False,2026-08-31T01:12:33+00:00
cyclone-idai-2019,manual-cyclone-idai-2019-rosea-20190416-mozambique-sitrep-14-15-april-for-upload-pdf,human,,human,2019-04-16,damage,"Physical, economic and agricultural damage",present,1.0,1.0,ok,,201,3fce20ee,qwen/qwen3.8-flash,e4c2fe0df29a8c068cfc3d6da1e0b63b992dc919a176ebb40b1e2515ffc2b624,sync,False,2026-08-31T01:12:33+00:00
cyclone-idai-2019,manual-cyclone-idai-2019-rosea-20190416-mozambique-sitrep-14-15-april-for-upload-pdf,human,,human,2019-04-16,funding,Funding status and donor contributions,present,1.0,0.95,ok,,226,8e674b9a,qwen/qwen3.8-flash,3e8855e8e88bc9f20a2655a1732ed7cd8d1d39d45d13a5ed59fd3018a580263c,sync,False,2026-08-31T01:12:33+00:00
cyclone-idai-2019,manual-cyclone-idai-2019-rosea-20190416-mozambique-sitrep-14-15-april-for-upload-pdf,human,,human,2019-04-16,education,Education impact and response,present,1.0,1.0,ok,,176,927f9d6e,qwen/qwen3.8-flash,512c418faf531655dbfdba33d642a2452248fb8a5463f8d2feb3dfb150f689dc,sync,False,2026-08-31T01:12:33+00:00
cyclone-idai-2019,manual-cyclone-idai-2019-rosea-20190416-mozambique-sitrep-14-15-april-for-upload-pdf,human,,human,2019-04-16,wash,WASH needs and response,present,1.0,1.0,ok,,172,7fb77ff6,qwen/qwen3.8-flash,349d0115f30544cc9da1bb93e2665ff1c2a077b83ddc1ae00d9b1bbf5abef651,sync,False,2026-08-31T01:12:33+00:00
cyclone-idai-2019,manual-cyclone-idai-2019-rosea-20190416-mozambique-sitrep-14-15-april-for-upload-pdf,human,,human,2019-04-16,food,Food security and assistance reach,present,1.0,1.0,ok,,137,72084e21,qwen/qwen3.8-flash,140b8db1e54343ebb7c616bc07181f819460aa6559ad0c3d7f3247b75527fb03,sync,False,2026-08-31T01:12:33+00:00
cyclone-idai-2019,manual-cyclone-idai-2019-rosea-20190416-mozambique-sitrep-14-15-april-for-upload-pdf,human,,human,2019-04-16,access,Access constraints,present,1.0,1.0,ok,,223,ec267c98,qwen/qwen3.8-flash,62e7d0d9c3405fa6960122be020236ae2f81e67df3f045e38b46e6e191f794e4,sync,False,2026-08-31T01:12:33+00:00
cyclone-idai-2019,manual-cyclone-idai-2019-rosea-20190416-mozambique-sitrep-14-15-april-for-upload-pdf,human,,human,2019-04-16,coordination,Coordination arrangements,present,1.0,0.9,ok,,192,abb93c6b,qwen/qwen3.8-flash,05ddbc26a591e570dfe744bcb973caf228371e95dc36fbe0e3e2ce7a479fee24,sync,False,2026-08-31T01:12:33+00:00
cyclone-idai-2019,manual-cyclone-idai-2019-rosea-20190416-mozambique-sitrep-14-15-april-for-upload-pdf,human,,human,2019-04-16,needs_gaps,Sector needs and gaps,present,1.0,1.0,ok,,117,79d3eaac,qwen/qwen3.8-flash,080245a72137c90f4e9a046f8af1ae494203bae0a9f284b776ecf266c29001b2,sync,False,2026-08-31T01:12:33+00:00
cyclone-idai-2019,manual-cyclone-idai-2019-rosea-20190416-mozambique-sitrep-14-15-april-for-upload-pdf,human,,human,2019-04-16,response_actions,Sector response activities,present,1.0,0.95,ok,,173,010ef0b3,qwen/qwen3.8-flash,1091c7a929dbf56dd623ecf52c258bbe4b5425bea8077f0559027b14d2b63c1b,sync,False,2026-08-31T01:12:33+00:00
cyclone-idai-2019,manual-cyclone-idai-2019-rosea-20190416-mozambique-sitrep-14-15-april-for-upload-pdf,human,,human,2019-04-16,shelter,Shelter and non-food items,present,1.0,1.0,ok,,184,f879353a,qwen/qwen3.8-flash,27a9b3c005f85e0b473c2ed724729388f726bbac862e43a42b5a1799ce8f9606,sync,False,2026-08-31T01:12:33+00:00
cyclone-idai-2019,manual-cyclone-idai-2019-rosea-20190418-mozambique-sitrep-16-as-of-18-april-2019-final,human,,human,2019-04-18,currency_and_metadata,Data currency and report metadata,,,,invalid,unparsable JSON (empty output),0,,qwen/qwen3.8-flash,8dec1291acda7565fb0b6258a9b38aa21944ebf462d186d3dfa6b97570c3a010,sync,False,2026-08-31T01:12:33+00:00
cyclone-idai-2019,manual-cyclone-idai-2019-rosea-20190418-mozambique-sitrep-16-as-of-18-april-2019-final,human,,human,2019-04-18,sourcing,Sourcing and attribution,present,1.0,1.0,ok,,162,62fe26f6,qwen/qwen3.8-flash,2ec1dc5d125ac28f5d50e59d817cd7f4092e3a73d77350a1bffb5a1f589b0a7d,sync,False,2026-08-31T01:12:33+00:00
cyclone-idai-2019,manual-cyclone-idai-2019-rosea-20190418-mozambique-sitrep-16-as-of-18-april-2019-final,human,,human,2019-04-18,casualties,Casualty and affected-population figures,partial,0.5,0.9,ok,,20,ad5534bf,qwen/qwen3.8-flash,08bf662ba638b2c08201c41a36705e20e1e435f8f9bf8aa962d1034d1d566936,sync,False,2026-08-31T01:12:33+00:00
cyclone-idai-2019,manual-cyclone-idai-2019-rosea-20190418-mozambique-sitrep-16-as-of-18-april-2019-final,human,,human,2019-04-18,displacement,Displacement and accommodation sites,present,1.0,1.0,ok,,194,a2a42752,qwen/qwen3.8-flash,6297fe3d484182d09ed5564930fe5b1b38a4e3bff4d1381dc34b2882f9224454,sync,False,2026-08-31T01:12:33+00:00
cyclone-idai-2019,manual-cyclone-idai-2019-rosea-20190418-mozambique-sitrep-16-as-of-18-april-2019-final,human,,human,2019-04-18,health,"Health, disease outbreak and nutrition",present,1.0,1.0,ok,,191,f29d8200,qwen/qwen3.8-flash,c9d5b5b655c7e435185b7643a25ddff3723f0aceb6f6687ae9ccfb08cf022169,sync,False,2026-08-31T01:12:33+00:00
cyclone-idai-2019,manual-cyclone-idai-2019-rosea-20190418-mozambique-sitrep-16-as-of-18-april-2019-final,human,,human,2019-04-18,damage,"Physical, economic and agricultural damage",present,1.0,1.0,ok,,195,93ea7683,qwen/qwen3.8-flash,6076c6117b9f198d31731039ef6d7a57d73015a679e5e2fa71aaea46b3c13749,sync,False,2026-08-31T01:12:33+00:00
cyclone-idai-2019,manual-cyclone-idai-2019-rosea-20190418-mozambique-sitrep-16-as-of-18-april-2019-final,human,,human,2019-04-18,funding,Funding status and donor contributions,present,1.0,1.0,ok,,195,857d6dd8,qwen/qwen3.8-flash,37462342b41d64093555e92f7cc6a776553f05cf11afa4219b2b71b8c6e57fb7,sync,False,2026-08-31T01:12:33+00:00
cyclone-idai-2019,manual-cyclone-idai-2019-rosea-20190418-mozambique-sitrep-16-as-of-18-april-2019-final,human,,human,2019-04-18,education,Education impact and response,present,1.0,1.0,ok,,150,3c7ee991,qwen/qwen3.8-flash,fb8a59d1c12664b5d7be5f09d5972a7e93e56366a18a146934dae141a73488e6,sync,False,2026-08-31T01:12:33+00:00
cyclone-idai-2019,manual-cyclone-idai-2019-rosea-20190418-mozambique-sitrep-16-as-of-18-april-2019-final,human,,human,2019-04-18,wash,WASH needs and response,present,1.0,0.95,ok,,174,169eaadb,qwen/qwen3.8-flash,7f307965b816910fe7a4f1b476a33b7287cff4f95a07e660f69843c5a732fa82,sync,False,2026-08-31T01:12:33+00:00
cyclone-idai-2019,manual-cyclone-idai-2019-rosea-20190418-mozambique-sitrep-16-as-of-18-april-2019-final,human,,human,2019-04-18,food,Food security and assistance reach,present,1.0,1.0,ok,,211,18a705e7,qwen/qwen3.8-flash,fea742e55d133b94872c1c9a28b2d8644a202db8bda63e439a2ccea71770833e,sync,False,2026-08-31T01:12:33+00:00
cyclone-idai-2019,manual-cyclone-idai-2019-rosea-20190418-mozambique-sitrep-16-as-of-18-april-2019-final,human,,human,2019-04-18,access,Access constraints,present,1.0,1.0,ok,,220,08faa804,qwen/qwen3.8-flash,0dbcb8dedf5f700374485166842f5f334eaa95939e3049391b1ade4f1cd39b9b,sync,False,2026-08-31T01:12:33+00:00
cyclone-idai-2019,manual-cyclone-idai-2019-rosea-20190418-mozambique-sitrep-16-as-of-18-april-2019-final,human,,human,2019-04-18,coordination,Coordination arrangements,,,,invalid,unparsable JSON (empty output),0,,qwen/qwen3.8-flash,2056db74f775e2b8f3dcc91eb55ca6765d867c762fefa2d30ad06dff4c7a2d21,sync,False,2026-08-31T01:12:33+00:00
cyclone-idai-2019,manual-cyclone-idai-2019-rosea-20190418-mozambique-sitrep-16-as-of-18-april-2019-final,human,,human,2019-04-18,needs_gaps,Sector needs and gaps,present,1.0,0.95,ok,,101,917bb9e4,qwen/qwen3.8-flash,1855a125d0d5b459d6b80e8b2fe31373f0d324e0bfe83b85aea0e166baefb4eb,sync,False,2026-08-31T01:12:33+00:00
cyclone-idai-2019,manual-cyclone-idai-2019-rosea-20190418-mozambique-sitrep-16-as-of-18-april-2019-final,human,,human,2019-04-18,response_actions,Sector response activities,present,1.0,1.0,ok,,190,4d64a632,qwen/qwen3.8-flash,2d5c44abd330e4fd1fc3e7d8d6d452b68c28e4dac40fa1eb3156f429f11a44c0,sync,False,2026-08-31T01:12:33+00:00
cyclone-idai-2019,manual-cyclone-idai-2019-rosea-20190418-mozambique-sitrep-16-as-of-18-april-2019-final,human,,human,2019-04-18,shelter,Shelter and non-food items,,,,invalid,unparsable JSON (empty output),0,,qwen/qwen3.8-flash,d32395b9f67624454454d5a32d7c1a4f81f1d7f928fda7db2f380ea30dd6b8ac,sync,False,2026-08-31T01:12:33+00:00
cyclone-idai-2019,manual-cyclone-idai-2019-unicef-mozambique-humanitarian-situation-report-no-6-as-of-19,human,,human,2019-04-19,currency_and_metadata,Data currency and report metadata,,,,invalid,unparsable JSON (empty output),0,,qwen/qwen3.8-flash,6b5a4c6b36d2f4403c00005d35a3e6800ee4af6ebabc8073148928a710862eab,sync,False,2026-08-31T01:12:33+00:00
cyclone-idai-2019,manual-cyclone-idai-2019-unicef-mozambique-humanitarian-situation-report-no-6-as-of-19,human,,human,2019-04-19,sourcing,Sourcing and attribution,present,1.0,1.0,ok,,156,d0d751e2,qwen/qwen3.8-flash,fcca2811e6b3de6042647908b8b8420e964100633d2d64937b8298c4d3cd68fb,sync,False,2026-08-31T01:12:33+00:00
cyclone-idai-2019,manual-cyclone-idai-2019-unicef-mozambique-humanitarian-situation-report-no-6-as-of-19,human,,human,2019-04-19,casualties,Casualty and affected-population figures,,,,invalid,unparsable JSON (empty output),0,,qwen/qwen3.8-flash,841877a8eabed026f1895ea4e079537ce499ee71bd5733ec52cf34866662af69,sync,False,2026-08-31T01:12:33+00:00
cyclone-idai-2019,manual-cyclone-idai-2019-unicef-mozambique-humanitarian-situation-report-no-6-as-of-19,human,,human,2019-04-19,displacement,Displacement and accommodation sites,present,1.0,1.0,ok,,164,0970b855,qwen/qwen3.8-flash,b2fbbed3c57108cb680fc0d50ccca9dc6c8549a0bb62a109b9dbff3bb72783de,sync,False,2026-08-31T01:12:33+00:00
cyclone-idai-2019,manual-cyclone-idai-2019-unicef-mozambique-humanitarian-situation-report-no-6-as-of-19,human,,human,2019-04-19,health,"Health, disease outbreak and nutrition",present,1.0,1.0,ok,,134,a61c8ca9,qwen/qwen3.8-flash,91b9f15471b0a7734d5ce521806cff9b4e84290133b00eafe0319524bab15773,sync,False,2026-08-31T01:12:33+00:00
cyclone-idai-2019,manual-cyclone-idai-2019-unicef-mozambique-humanitarian-situation-report-no-6-as-of-19,human,,human,2019-04-19,damage,"Physical, economic and agricultural damage",partial,0.5,0.95,ok,,163,d6a15617,qwen/qwen3.8-flash,e9ab0abdc33265210317f0f5f74ab3cb3ff5514bf8c26539d1359e160abc26cd,sync,False,2026-08-31T01:12:33+00:00
cyclone-idai-2019,manual-cyclone-idai-2019-unicef-mozambique-humanitarian-situation-report-no-6-as-of-19,human,,human,2019-04-19,funding,Funding status and donor contributions,partial,0.5,0.95,ok,,113,2df6b688,qwen/qwen3.8-flash,4ee42479da752fb42e1d9cf2e7aad76b6a910b7270f26fcee7a91a8c46795089,sync,False,2026-08-31T01:12:33+00:00
cyclone-idai-2019,manual-cyclone-idai-2019-unicef-mozambique-humanitarian-situation-report-no-6-as-of-19,human,,human,2019-04-19,education,Education impact and response,,,,invalid,unparsable JSON (empty output),0,,qwen/qwen3.8-flash,cfb48317860d9d9cd7888faab824d432b8479528b2f6571cc5ed30f3dd83e04b,sync,False,2026-08-31T01:12:33+00:00
cyclone-idai-2019,manual-cyclone-idai-2019-unicef-mozambique-humanitarian-situation-report-no-6-as-of-19,human,,human,2019-04-19,wash,WASH needs and response,present,1.0,1.0,ok,,212,101bf8f3,qwen/qwen3.8-flash,7e0391bb732344e31f5d349fcdf9c642b9887ed74cc49c08ffb4a536a72c99f3,sync,False,2026-08-31T01:12:33+00:00
cyclone-idai-2019,manual-cyclone-idai-2019-unicef-mozambique-humanitarian-situation-report-no-6-as-of-19,human,,human,2019-04-19,food,Food security and assistance reach,partial,0.5,0.95,ok,,211,fa700a75,qwen/qwen3.8-flash,c957ee439adae8d237fbe69f48d1886b256af673a8f526eda5c4f8b996e0f0e6,sync,False,2026-08-31T01:12:33+00:00
cyclone-idai-2019,manual-cyclone-idai-2019-unicef-mozambique-humanitarian-situation-report-no-6-as-of-19,human,,human,2019-04-19,access,Access constraints,partial,0.5,0.9,ok,,232,fbb3e1a6,qwen/qwen3.8-flash,5f2d02e80dc5177bfc00f124d98c072b1708719bb63633d2ec06caa6e2ce9576,sync,False,2026-08-31T01:12:33+00:00
cyclone-idai-2019,manual-cyclone-idai-2019-unicef-mozambique-humanitarian-situation-report-no-6-as-of-19,human,,human,2019-04-19,coordination,Coordination arrangements,present,1.0,1.0,ok,,245,27d61ba1,qwen/qwen3.8-flash,e3551cde49644fab435896add128b4a01953696d267d11bba7c4f0953ff55551,sync,False,2026-08-31T01:12:33+00:00
cyclone-idai-2019,manual-cyclone-idai-2019-unicef-mozambique-humanitarian-situation-report-no-6-as-of-19,human,,human,2019-04-19,needs_gaps,Sector needs and gaps,present,1.0,0.95,ok,,212,662fc974,qwen/qwen3.8-flash,839b5681ada3b2a5acee680896e1f9a971972bf03b35ba40318f05612ffd8cf3,sync,False,2026-08-31T01:12:33+00:00
cyclone-idai-2019,manual-cyclone-idai-2019-unicef-mozambique-humanitarian-situation-report-no-6-as-of-19,human,,human,2019-04-19,response_actions,Sector response activities,present,1.0,0.95,ok,,115,f245bdb7,qwen/qwen3.8-flash,326bbe67b2c9897d2f4d0114e15cc33f60dbcd2d2a54af675fa10cd5cfa2e369,sync,False,2026-08-31T01:12:33+00:00
cyclone-idai-2019,manual-cyclone-idai-2019-unicef-mozambique-humanitarian-situation-report-no-6-as-of-19,human,,human,2019-04-19,shelter,Shelter and non-food items,present,1.0,0.95,ok,,154,d62bf34c,qwen/qwen3.8-flash,b27c48c93928cad2ecb52232f414b0f2d913f8e838366765c7e10ca362912681,sync,False,2026-08-31T01:12:33+00:00
cyclone-idai-2019,manual-cyclone-idai-2019-whositrep3mozambique19april2019-pdf,human,,human,2019-04-19,currency_and_metadata,Data currency and report metadata,,,,invalid,unparsable JSON (empty output),0,,qwen/qwen3.8-flash,eba79855cb969d488489c2bb8b7c7e8444b8508de38e3d24c8fa72ff7417b7cd,sync,False,2026-08-31T01:12:33+00:00
cyclone-idai-2019,manual-cyclone-idai-2019-whositrep3mozambique19april2019-pdf,human,,human,2019-04-19,sourcing,Sourcing and attribution,present,1.0,0.95,ok,,94,0c72a6ae,qwen/qwen3.8-flash,172076d39c7781f2132ce35a1959256f78512af323a650391d4035846569ef33,sync,False,2026-08-31T01:12:33+00:00
cyclone-idai-2019,manual-cyclone-idai-2019-whositrep3mozambique19april2019-pdf,human,,human,2019-04-19,casualties,Casualty and affected-population figures,present,1.0,1.0,ok,,194,43495dd1,qwen/qwen3.8-flash,a1962f875d83473c57f4f0dbbdbab7dceeade4b0085026fa66d9522ee26694e8,sync,False,2026-08-31T01:12:33+00:00
cyclone-idai-2019,manual-cyclone-idai-2019-whositrep3mozambique19april2019-pdf,human,,human,2019-04-19,displacement,Displacement and accommodation sites,present,1.0,1.0,ok,,142,ed647904,qwen/qwen3.8-flash,2801e22b9336132753c0264fbdcac46830d522daccb1ee5d17f32fb727f5757b,sync,False,2026-08-31T01:12:33+00:00
cyclone-idai-2019,manual-cyclone-idai-2019-whositrep3mozambique19april2019-pdf,human,,human,2019-04-19,health,"Health, disease outbreak and nutrition",present,1.0,1.0,ok,,227,434679ac,qwen/qwen3.8-flash,35e43717c56df548177f415ee067fc7892cd6ec97edff805c60cb37cd8e307a5,sync,False,2026-08-31T01:12:33+00:00
cyclone-idai-2019,manual-cyclone-idai-2019-whositrep3mozambique19april2019-pdf,human,,human,2019-04-19,damage,"Physical, economic and agricultural damage",partial,0.5,1.0,ok,,157,33cc4e44,qwen/qwen3.8-flash,360da0c5a55a009ff8f2213c2beaa6a77fb8f3c289dc14292e12e5226de015e4,sync,False,2026-08-31T01:12:33+00:00
cyclone-idai-2019,manual-cyclone-idai-2019-whositrep3mozambique19april2019-pdf,human,,human,2019-04-19,funding,Funding status and donor contributions,absent,0.0,1.0,ok,,0,,qwen/qwen3.8-flash,92e24451a86d0d4d44cb6fcfd29b6d0fd7cb2ced3d2a35ee84c97d2fa8fe90fd,sync,False,2026-08-31T01:12:33+00:00
cyclone-idai-2019,manual-cyclone-idai-2019-whositrep3mozambique19april2019-pdf,human,,human,2019-04-19,education,Education impact and response,partial,0.5,0.95,ok,,46,f5649c3e,qwen/qwen3.8-flash,31f121ffa53c7f11b83db3e4a0a7cdc35381e639b34fa08bdb9225303a9479db,sync,False,2026-08-31T01:12:33+00:00
cyclone-idai-2019,manual-cyclone-idai-2019-whositrep3mozambique19april2019-pdf,human,,human,2019-04-19,wash,WASH needs and response,partial,0.5,0.95,ok,,132,f50ec168,qwen/qwen3.8-flash,e5f10c7299cdb91911950711b0a647d0b33e4375ce1e62f094c7684533e3241a,sync,False,2026-08-31T01:12:33+00:00
cyclone-idai-2019,manual-cyclone-idai-2019-whositrep3mozambique19april2019-pdf,human,,human,2019-04-19,food,Food security and assistance reach,absent,0.0,1.0,ok,,0,,qwen/qwen3.8-flash,d7a043244e8d1a7d88c53d72efc9e2d9b96379e31385b438bffc08a06d896b42,sync,False,2026-08-31T01:12:33+00:00
cyclone-idai-2019,manual-cyclone-idai-2019-whositrep3mozambique19april2019-pdf,human,,human,2019-04-19,access,Access constraints,partial,0.5,0.9,ok,,179,cf7bdcda,qwen/qwen3.8-flash,0b955e7b0133495f1b7a107e1e131e0da219a61b86663acaef27ce24137b67ea,sync,False,2026-08-31T01:12:33+00:00
cyclone-idai-2019,manual-cyclone-idai-2019-whositrep3mozambique19april2019-pdf,human,,human,2019-04-19,coordination,Coordination arrangements,present,1.0,1.0,ok,,145,8e8c3916,qwen/qwen3.8-flash,9e8728b53094617a7c7153908da451eb187758784342c6c8a1adf8755c69e75c,sync,False,2026-08-31T01:12:33+00:00
cyclone-idai-2019,manual-cyclone-idai-2019-whositrep3mozambique19april2019-pdf,human,,human,2019-04-19,needs_gaps,Sector needs and gaps,present,1.0,0.95,ok,,144,8bdad2bc,qwen/qwen3.8-flash,e7356a57f61ce8014a7ee3b905779fa6b5d39662e3432d135a8ccf82dae5727a,sync,False,2026-08-31T01:12:33+00:00
cyclone-idai-2019,manual-cyclone-idai-2019-whositrep3mozambique19april2019-pdf,human,,human,2019-04-19,response_actions,Sector response activities,present,1.0,1.0,ok,,199,7e9c2d2f,qwen/qwen3.8-flash,9aede7275e6348df919cb21aa149a82c68f29779581c0f60328e0158f02d3be2,sync,False,2026-08-31T01:12:33+00:00
cyclone-idai-2019,manual-cyclone-idai-2019-whositrep3mozambique19april2019-pdf,human,,human,2019-04-19,shelter,Shelter and non-food items,partial,0.5,0.9,ok,,158,21f53309,qwen/qwen3.8-flash,811863780cdf44640a0cf3177773afa03cb24de334e0ae37d2a2692b41930910,sync,False,2026-08-31T01:12:33+00:00
cyclone-idai-2019,manual-cyclone-idai-2019-rosea-20190420-mozambique-sitrep17-as-of-20april2019-for-uploa,human,,human,2019-04-20,currency_and_metadata,Data currency and report metadata,,,,invalid,unparsable JSON (empty output),0,,qwen/qwen3.8-flash,9fbf57a4662d57de0ab4ee92206d101a31259bbf8eb305f6d415c4bafad19b5c,sync,False,2026-08-31T01:12:33+00:00
cyclone-idai-2019,manual-cyclone-idai-2019-rosea-20190420-mozambique-sitrep17-as-of-20april2019-for-uploa,human,,human,2019-04-20,sourcing,Sourcing and attribution,present,1.0,1.0,ok,,158,d3f0ccb2,qwen/qwen3.8-flash,fb6e501bde5b2240f6f0a8ba66a877895493333b71bb0756039ab3ccd1e7b2c2,sync,False,2026-08-31T01:12:33+00:00
cyclone-idai-2019,manual-cyclone-idai-2019-rosea-20190420-mozambique-sitrep17-as-of-20april2019-for-uploa,human,,human,2019-04-20,casualties,Casualty and affected-population figures,,,,invalid,unparsable JSON (empty output),0,,qwen/qwen3.8-flash,3043bb07b5bc3e135e066862cd692146b1312e43561d998ebf468a63a768e255,sync,False,2026-08-31T01:12:33+00:00
cyclone-idai-2019,manual-cyclone-idai-2019-rosea-20190420-mozambique-sitrep17-as-of-20april2019-for-uploa,human,,human,2019-04-20,displacement,Displacement and accommodation sites,present,1.0,1.0,ok,,179,6540d304,qwen/qwen3.8-flash,e5ec86e747e4017c287982aa9839477beb5535d2ffc3a8d4f63a9d3a1f29ad57,sync,False,2026-08-31T01:12:33+00:00
cyclone-idai-2019,manual-cyclone-idai-2019-rosea-20190420-mozambique-sitrep17-as-of-20april2019-for-uploa,human,,human,2019-04-20,health,"Health, disease outbreak and nutrition",present,1.0,1.0,ok,,169,39c8db71,qwen/qwen3.8-flash,f4f32fe1ca2b05bcd400f249c6591146ee295a5f234337640576df4678c64f6c,sync,False,2026-08-31T01:12:33+00:00
cyclone-idai-2019,manual-cyclone-idai-2019-rosea-20190420-mozambique-sitrep17-as-of-20april2019-for-uploa,human,,human,2019-04-20,damage,"Physical, economic and agricultural damage",,,,invalid,unparsable JSON (empty output),0,,qwen/qwen3.8-flash,3d08f1d632825c900b3272b5e9347636e81163887e04fc6c96bbf56dbf7ba4a5,sync,False,2026-08-31T01:12:33+00:00
cyclone-idai-2019,manual-cyclone-idai-2019-rosea-20190420-mozambique-sitrep17-as-of-20april2019-for-uploa,human,,human,2019-04-20,funding,Funding status and donor contributions,present,1.0,0.95,ok,,214,a4c5f39c,qwen/qwen3.8-flash,674f8c6a094428f925e034a90cec5f475ff2d2c706c90f2f5be5074d85d00b9c,sync,False,2026-08-31T01:12:33+00:00
cyclone-idai-2019,manual-cyclone-idai-2019-rosea-20190420-mozambique-sitrep17-as-of-20april2019-for-uploa,human,,human,2019-04-20,education,Education impact and response,present,1.0,1.0,ok,,206,38f90033,qwen/qwen3.8-flash,1e33e0e7025b128e7d8b14b995fe05e9be0a96cb3a0ec31f750b88fdf1fdd5ea,sync,False,2026-08-31T01:12:33+00:00
cyclone-idai-2019,manual-cyclone-idai-2019-rosea-20190420-mozambique-sitrep17-as-of-20april2019-for-uploa,human,,human,2019-04-20,wash,WASH needs and response,present,1.0,0.9,ok,,82,026afba1,qwen/qwen3.8-flash,fd73c1c38105d34f5812684fcbe2cb6e0ba4df8c15192076e7a5d57baa560f47,sync,False,2026-08-31T01:12:33+00:00
cyclone-idai-2019,manual-cyclone-idai-2019-rosea-20190420-mozambique-sitrep17-as-of-20april2019-for-uploa,human,,human,2019-04-20,food,Food security and assistance reach,present,1.0,1.0,ok,,201,f4237587,qwen/qwen3.8-flash,f4c284a02be635c97a074c45165e6e017db3c32596a2f51f74444f41e7454b39,sync,False,2026-08-31T01:12:33+00:00
cyclone-idai-2019,manual-cyclone-idai-2019-rosea-20190420-mozambique-sitrep17-as-of-20april2019-for-uploa,human,,human,2019-04-20,access,Access constraints,,,,invalid,unparsable JSON (empty output),0,,qwen/qwen3.8-flash,7f5175bb1912373b999502fbbe18ca821f59c0a46cbeb6f22baf139e38ed1c81,sync,False,2026-08-31T01:12:33+00:00
cyclone-idai-2019,manual-cyclone-idai-2019-rosea-20190420-mozambique-sitrep17-as-of-20april2019-for-uploa,human,,human,2019-04-20,coordination,Coordination arrangements,partial,0.5,0.9,ok,,152,19184535,qwen/qwen3.8-flash,aa4c70faac095056b365e0c403be548f51844c87e716140b5a3d0260ffe8acb9,sync,False,2026-08-31T01:12:33+00:00
cyclone-idai-2019,manual-cyclone-idai-2019-rosea-20190420-mozambique-sitrep17-as-of-20april2019-for-uploa,human,,human,2019-04-20,needs_gaps,Sector needs and gaps,present,1.0,0.95,ok,,164,75bc2138,qwen/qwen3.8-flash,01fed183b58e9bb6312be8650dd7bb3ca1fac31b673a91d397795aaf6a08e97c,sync,False,2026-08-31T01:12:33+00:00
cyclone-idai-2019,manual-cyclone-idai-2019-rosea-20190420-mozambique-sitrep17-as-of-20april2019-for-uploa,human,,human,2019-04-20,response_actions,Sector response activities,present,1.0,1.0,ok,,164,91598e92,qwen/qwen3.8-flash,4df0f3f1dde1c52a829f0d8adf4b2f6f7575490312919046cfdc38aae3ba67db,sync,False,2026-08-31T01:12:33+00:00
cyclone-idai-2019,manual-cyclone-idai-2019-rosea-20190420-mozambique-sitrep17-as-of-20april2019-for-uploa,human,,human,2019-04-20,shelter,Shelter and non-food items,,,,invalid,unparsable JSON (empty output),0,,qwen/qwen3.8-flash,9137597c569d02f3914aeb305f5b08c6ba8f45d0d0c7efa86ea32b2d14024049,sync,False,2026-08-31T01:12:33+00:00
cyclone-idai-2019,manual-cyclone-idai-2019-rosea-20190422-mozambique-sitrep-18-as-of-22-april-2019-pdf,human,,human,2019-04-22,currency_and_metadata,Data currency and report metadata,present,1.0,0.95,ok,,103,facc3b9b,qwen/qwen3.8-flash,2c9f834941c506677e867aa6b40f214e07dc5b244ae7133ddcb61ab90e5c8d31,sync,False,2026-08-31T01:12:33+00:00
cyclone-idai-2019,manual-cyclone-idai-2019-rosea-20190422-mozambique-sitrep-18-as-of-22-april-2019-pdf,human,,human,2019-04-22,sourcing,Sourcing and attribution,present,1.0,1.0,ok,,159,21f5035f,qwen/qwen3.8-flash,6f97a0787bb412c21868fcebe3c4a99dd974aa932d1bba4b3ca7f62818563d3d,sync,False,2026-08-31T01:12:33+00:00
cyclone-idai-2019,manual-cyclone-idai-2019-rosea-20190422-mozambique-sitrep-18-as-of-22-april-2019-pdf,human,,human,2019-04-22,casualties,Casualty and affected-population figures,,,,invalid,unparsable JSON (empty output),0,,qwen/qwen3.8-flash,82f34e492980e855c8010ad6545d694f2a9f355d02a8a2f713f3b036e9e0a404,sync,False,2026-08-31T01:12:33+00:00
cyclone-idai-2019,manual-cyclone-idai-2019-rosea-20190422-mozambique-sitrep-18-as-of-22-april-2019-pdf,human,,human,2019-04-22,displacement,Displacement and accommodation sites,present,1.0,1.0,ok,,188,e1b0545f,qwen/qwen3.8-flash,3284190cc4cb28d82b872e59a190fd5cbb00078e53d77cb6d12a0dfb9d15cd9a,sync,False,2026-08-31T01:12:33+00:00
cyclone-idai-2019,manual-cyclone-idai-2019-rosea-20190422-mozambique-sitrep-18-as-of-22-april-2019-pdf,human,,human,2019-04-22,health,"Health, disease outbreak and nutrition",present,1.0,1.0,ok,,217,3d013491,qwen/qwen3.8-flash,af0e5bbf86d992060dbcae6082d595ae28a048c09162be7aaf111ef8d41d6038,sync,False,2026-08-31T01:12:33+00:00
cyclone-idai-2019,manual-cyclone-idai-2019-rosea-20190422-mozambique-sitrep-18-as-of-22-april-2019-pdf,human,,human,2019-04-22,damage,"Physical, economic and agricultural damage",present,1.0,0.95,ok,,219,daebaf1a,qwen/qwen3.8-flash,a6869f997c8f52907d871a1ce1fef43170504231298e765985de2799f7f469a0,sync,False,2026-08-31T01:12:33+00:00
cyclone-idai-2019,manual-cyclone-idai-2019-rosea-20190422-mozambique-sitrep-18-as-of-22-april-2019-pdf,human,,human,2019-04-22,funding,Funding status and donor contributions,present,1.0,1.0,ok,,267,02e96aff,qwen/qwen3.8-flash,1acca6779a1f21084a643157fb3c1c93c8251b33e86ca5f7771e6f54863a0593,sync,False,2026-08-31T01:12:33+00:00
cyclone-idai-2019,manual-cyclone-idai-2019-rosea-20190422-mozambique-sitrep-18-as-of-22-april-2019-pdf,human,,human,2019-04-22,education,Education impact and response,present,1.0,1.0,ok,,192,44f5c34a,qwen/qwen3.8-flash,8c5fa3dc348cb399dc6e8d05676192f7df1661336826b28eb7689526d88eeda5,sync,False,2026-08-31T01:12:33+00:00
cyclone-idai-2019,manual-cyclone-idai-2019-rosea-20190422-mozambique-sitrep-18-as-of-22-april-2019-pdf,human,,human,2019-04-22,wash,WASH needs and response,present,1.0,0.9,ok,,114,bf1ac767,qwen/qwen3.8-flash,c6bc4ae868815be02a761b6b30e3f45298005be7dfab5457dfe6029c249ed73e,sync,False,2026-08-31T01:12:33+00:00
cyclone-idai-2019,manual-cyclone-idai-2019-rosea-20190422-mozambique-sitrep-18-as-of-22-april-2019-pdf,human,,human,2019-04-22,food,Food security and assistance reach,present,1.0,0.95,ok,,129,572950ee,qwen/qwen3.8-flash,59a6cc7685576abff6721ad6ec014c4d18ae881b13458d9fcbe1fe8e62e6979c,sync,False,2026-08-31T01:12:33+00:00
cyclone-idai-2019,manual-cyclone-idai-2019-rosea-20190422-mozambique-sitrep-18-as-of-22-april-2019-pdf,human,,human,2019-04-22,access,Access constraints,present,1.0,1.0,ok,,187,b555a223,qwen/qwen3.8-flash,780731f04c9f0c8ba96db24a44963e208a0625e437664cb1492f8aa7d3d517b9,sync,False,2026-08-31T01:12:33+00:00
cyclone-idai-2019,manual-cyclone-idai-2019-rosea-20190422-mozambique-sitrep-18-as-of-22-april-2019-pdf,human,,human,2019-04-22,coordination,Coordination arrangements,,,,invalid,unparsable JSON (empty output),0,,qwen/qwen3.8-flash,c51922596c5108cf881313b90a19d9b34b04537463fe5202d8788eccb8ab67e4,sync,False,2026-08-31T01:12:33+00:00
cyclone-idai-2019,manual-cyclone-idai-2019-rosea-20190422-mozambique-sitrep-18-as-of-22-april-2019-pdf,human,,human,2019-04-22,needs_gaps,Sector needs and gaps,present,1.0,0.95,ok,,223,55981731,qwen/qwen3.8-flash,e87e81d1db7a222b537a02926a62d21da279622ee1c11d1c4dea53c6f9f785fe,sync,False,2026-08-31T01:12:33+00:00
cyclone-idai-2019,manual-cyclone-idai-2019-rosea-20190422-mozambique-sitrep-18-as-of-22-april-2019-pdf,human,,human,2019-04-22,response_actions,Sector response activities,present,1.0,1.0,ok,,150,5ec9ce3a,qwen/qwen3.8-flash,7552d076dfac4e1ff940b2e21745901f28537859b81ffa39945d57559f60b867,sync,False,2026-08-31T01:12:33+00:00
cyclone-idai-2019,manual-cyclone-idai-2019-rosea-20190422-mozambique-sitrep-18-as-of-22-april-2019-pdf,human,,human,2019-04-22,shelter,Shelter and non-food items,present,1.0,0.95,ok,,128,c2514819,qwen/qwen3.8-flash,93924748f6cd02e13d34376cc03ca96009a2e8610d0270c8c84890a68a95af41,sync,False,2026-08-31T01:12:33+00:00
cyclone-idai-2019,manual-cyclone-idai-2019-zimbabwe-sitrep4-24april2019-pdf,human,,human,2019-04-24,currency_and_metadata,Data currency and report metadata,,,,invalid,unparsable JSON (empty output),0,,qwen/qwen3.8-flash,f55f5feab6a35049d29f0a408280cabeb2c6faae05b46c6d0f9fb8c8cab3b3e3,sync,False,2026-08-31T01:12:33+00:00
cyclone-idai-2019,manual-cyclone-idai-2019-zimbabwe-sitrep4-24april2019-pdf,human,,human,2019-04-24,sourcing,Sourcing and attribution,present,1.0,1.0,ok,,135,3356530d,qwen/qwen3.8-flash,cc49b29ef0349101b716cd49a3c64d824125d6bdca95d1bb7a5fa356d52665f3,sync,False,2026-08-31T01:12:33+00:00
cyclone-idai-2019,manual-cyclone-idai-2019-zimbabwe-sitrep4-24april2019-pdf,human,,human,2019-04-24,casualties,Casualty and affected-population figures,absent,0.0,1.0,ok,,0,,qwen/qwen3.8-flash,b70f2c154ae363ee62b47e25c3404582aa64e26f43aa8004887b3ce08c7dd9d8,sync,False,2026-08-31T01:12:33+00:00
cyclone-idai-2019,manual-cyclone-idai-2019-zimbabwe-sitrep4-24april2019-pdf,human,,human,2019-04-24,displacement,Displacement and accommodation sites,present,1.0,0.95,ok,,197,624e110f,qwen/qwen3.8-flash,6c1dd1ba1b9c5ac2650c208caa8753c69b6c5b1347bffb6624109099fdb812bb,sync,False,2026-08-31T01:12:33+00:00
cyclone-idai-2019,manual-cyclone-idai-2019-zimbabwe-sitrep4-24april2019-pdf,human,,human,2019-04-24,health,"Health, disease outbreak and nutrition",present,1.0,1.0,ok,,183,ff3e80a5,qwen/qwen3.8-flash,5fdd5bc145f7def73369583793ac02ba8d78ce29e6c8baa230ebbf2c586a379a,sync,False,2026-08-31T01:12:33+00:00
cyclone-idai-2019,manual-cyclone-idai-2019-zimbabwe-sitrep4-24april2019-pdf,human,,human,2019-04-24,damage,"Physical, economic and agricultural damage",partial,0.5,0.9,ok,,139,f2ffad2c,qwen/qwen3.8-flash,0d8413a07aed2093157dc56707daa9539e8c7b5b6d86566a4e9ff885ccbed2df,sync,False,2026-08-31T01:12:33+00:00
cyclone-idai-2019,manual-cyclone-idai-2019-zimbabwe-sitrep4-24april2019-pdf,human,,human,2019-04-24,funding,Funding status and donor contributions,present,1.0,1.0,ok,,135,f97a4b96,qwen/qwen3.8-flash,eaaaa990928523cb881dcf68df5144a1c1915775627f0ae3dd2ce43c13d04e22,sync,False,2026-08-31T01:12:33+00:00
cyclone-idai-2019,manual-cyclone-idai-2019-zimbabwe-sitrep4-24april2019-pdf,human,,human,2019-04-24,education,Education impact and response,present,1.0,1.0,ok,,231,c1a749c0,qwen/qwen3.8-flash,b4ae6574f5cc6fa62011c9b2788926a0569fa44fdadcb24361c6d0d22fcf6d5c,sync,False,2026-08-31T01:12:33+00:00
cyclone-idai-2019,manual-cyclone-idai-2019-zimbabwe-sitrep4-24april2019-pdf,human,,human,2019-04-24,wash,WASH needs and response,present,1.0,0.9,ok,,240,c77f8548,qwen/qwen3.8-flash,08cce1086c095472cd558ab26dcc9b34ca1c935bbda39adeffbcf7924fe7c5b1,sync,False,2026-08-31T01:12:33+00:00
cyclone-idai-2019,manual-cyclone-idai-2019-zimbabwe-sitrep4-24april2019-pdf,human,,human,2019-04-24,food,Food security and assistance reach,present,1.0,0.95,ok,,155,b35eedcc,qwen/qwen3.8-flash,a6915bc71adb539898cf18b701fa3dc63cdb090c6e71a3e2da335684e0e77b73,sync,False,2026-08-31T01:12:33+00:00
cyclone-idai-2019,manual-cyclone-idai-2019-zimbabwe-sitrep4-24april2019-pdf,human,,human,2019-04-24,access,Access constraints,present,1.0,1.0,ok,,176,db40428b,qwen/qwen3.8-flash,3b08138bf46f0967859a6aa6577f3147bddb844abbf20cc84f941d14b34b3a26,sync,False,2026-08-31T01:12:33+00:00
cyclone-idai-2019,manual-cyclone-idai-2019-zimbabwe-sitrep4-24april2019-pdf,human,,human,2019-04-24,coordination,Coordination arrangements,present,1.0,1.0,ok,,135,b22ac50e,qwen/qwen3.8-flash,08a1cc84be877fd4d2cf74ba5ceca68a631888e176b36a243ed15f120e838fd3,sync,False,2026-08-31T01:12:33+00:00
cyclone-idai-2019,manual-cyclone-idai-2019-zimbabwe-sitrep4-24april2019-pdf,human,,human,2019-04-24,needs_gaps,Sector needs and gaps,present,1.0,1.0,ok,,172,de5e667b,qwen/qwen3.8-flash,bf6cd68082d96c544d921847e4acf3b5f9469ce1760c3a8d8ab5a721412f3a8e,sync,False,2026-08-31T01:12:33+00:00
cyclone-idai-2019,manual-cyclone-idai-2019-zimbabwe-sitrep4-24april2019-pdf,human,,human,2019-04-24,response_actions,Sector response activities,present,1.0,1.0,ok,,216,69fdd5df,qwen/qwen3.8-flash,5b2d47ce825ec9538f449323384e4f1aa3fc76b574fa36fa7c544d908e8a73bd,sync,False,2026-08-31T01:12:33+00:00
cyclone-idai-2019,manual-cyclone-idai-2019-zimbabwe-sitrep4-24april2019-pdf,human,,human,2019-04-24,shelter,Shelter and non-food items,present,1.0,0.95,ok,,57,51832efc,qwen/qwen3.8-flash,fc307a5e580ff5b4ac8164d6d7ffe4732126643a409a17125b65a140a8136ac2,sync,False,2026-08-31T01:12:33+00:00
cyclone-idai-2019,manual-cyclone-idai-2019-rosea-20190429-mozambique-sitrep-19-as-of-29-april-2019-for-up,human,,human,2019-04-29,currency_and_metadata,Data currency and report metadata,,,,invalid,unparsable JSON (empty output),0,,qwen/qwen3.8-flash,d54c4eb6c64cad40ff7ea4fb7cf1e4c1b4328463260402ce44b2d4d9f1568d69,sync,False,2026-08-31T01:12:33+00:00
cyclone-idai-2019,manual-cyclone-idai-2019-rosea-20190429-mozambique-sitrep-19-as-of-29-april-2019-for-up,human,,human,2019-04-29,sourcing,Sourcing and attribution,present,1.0,0.95,ok,,161,53c7c097,qwen/qwen3.8-flash,de3c8bc6bd3bef550367c179fe7803347f181b62641ad1f30f98485dde394a19,sync,False,2026-08-31T01:12:33+00:00
cyclone-idai-2019,manual-cyclone-idai-2019-rosea-20190429-mozambique-sitrep-19-as-of-29-april-2019-for-up,human,,human,2019-04-29,casualties,Casualty and affected-population figures,present,1.0,1.0,ok,,149,efe9bdd2,qwen/qwen3.8-flash,f72aa594a39b65af89c63e49fa06c395ab76036bf54ff0eac0f97fec446dcf03,sync,False,2026-08-31T01:12:33+00:00
cyclone-idai-2019,manual-cyclone-idai-2019-rosea-20190429-mozambique-sitrep-19-as-of-29-april-2019-for-up,human,,human,2019-04-29,displacement,Displacement and accommodation sites,present,1.0,1.0,ok,,139,1c1bde58,qwen/qwen3.8-flash,25081c5b3e8ee8e50eda4da4f105191278b91bbe1fa04ee7403d3f5d97774f04,sync,False,2026-08-31T01:12:33+00:00
cyclone-idai-2019,manual-cyclone-idai-2019-rosea-20190429-mozambique-sitrep-19-as-of-29-april-2019-for-up,human,,human,2019-04-29,health,"Health, disease outbreak and nutrition",present,1.0,1.0,ok,,169,9743e742,qwen/qwen3.8-flash,9fdf866e7d51d96482e02441527097f029cca4b2e7057bc0ab152499eceea522,sync,False,2026-08-31T01:12:33+00:00
cyclone-idai-2019,manual-cyclone-idai-2019-rosea-20190429-mozambique-sitrep-19-as-of-29-april-2019-for-up,human,,human,2019-04-29,damage,"Physical, economic and agricultural damage",present,1.0,1.0,ok,,200,ec816c3a,qwen/qwen3.8-flash,42c193e5c4f08c0386d9e3cea6a4dff8af225e145062671d92f6aa27fdd36ed2,sync,False,2026-08-31T01:12:33+00:00
cyclone-idai-2019,manual-cyclone-idai-2019-rosea-20190429-mozambique-sitrep-19-as-of-29-april-2019-for-up,human,,human,2019-04-29,funding,Funding status and donor contributions,present,1.0,1.0,ok,,183,7b4126e0,qwen/qwen3.8-flash,6d05587bf0b9192186399394dd1e1407c2d7a7d7276480f483c60ace689d0c3a,sync,False,2026-08-31T01:12:33+00:00
cyclone-idai-2019,manual-cyclone-idai-2019-rosea-20190429-mozambique-sitrep-19-as-of-29-april-2019-for-up,human,,human,2019-04-29,education,Education impact and response,present,1.0,1.0,ok,,181,fc299dac,qwen/qwen3.8-flash,f093f94b2d4fe7127cff2c8b5b756b37081cd8548a6574119ec73b702be50540,sync,False,2026-08-31T01:12:33+00:00
cyclone-idai-2019,manual-cyclone-idai-2019-rosea-20190429-mozambique-sitrep-19-as-of-29-april-2019-for-up,human,,human,2019-04-29,wash,WASH needs and response,,,,invalid,unparsable JSON (empty output),0,,qwen/qwen3.8-flash,34c65c17feab28099f12f76c5bc19399918be7bc5a07a764b68ec2b1b00f7116,sync,False,2026-08-31T01:12:33+00:00
cyclone-idai-2019,manual-cyclone-idai-2019-rosea-20190429-mozambique-sitrep-19-as-of-29-april-2019-for-up,human,,human,2019-04-29,food,Food security and assistance reach,present,1.0,1.0,ok,,218,729249ab,qwen/qwen3.8-flash,5733cb07ff9935647f5568cbc837e9e45bcac96b0a0e6ab77e7d42d607ae57cf,sync,False,2026-08-31T01:12:33+00:00
cyclone-idai-2019,manual-cyclone-idai-2019-rosea-20190429-mozambique-sitrep-19-as-of-29-april-2019-for-up,human,,human,2019-04-29,access,Access constraints,present,1.0,1.0,ok,,156,c90b93f1,qwen/qwen3.8-flash,8c920c2f6a44443bc08f652e30273f42c31a46f29560c48a6ecbc064c22bbe7a,sync,False,2026-08-31T01:12:33+00:00
cyclone-idai-2019,manual-cyclone-idai-2019-rosea-20190429-mozambique-sitrep-19-as-of-29-april-2019-for-up,human,,human,2019-04-29,coordination,Coordination arrangements,present,1.0,0.95,ok,,133,89dcd2c6,qwen/qwen3.8-flash,403334a8694555f3cfcf5bc08e9caa830589d0f183ed79b84fbd01cefd699349,sync,False,2026-08-31T01:12:33+00:00
cyclone-idai-2019,manual-cyclone-idai-2019-rosea-20190429-mozambique-sitrep-19-as-of-29-april-2019-for-up,human,,human,2019-04-29,needs_gaps,Sector needs and gaps,present,1.0,1.0,ok,,209,14508ba7,qwen/qwen3.8-flash,767489c34810e972ac097ba2435311f6f6a27b615112e6a5eedaeda3cc5d5e74,sync,False,2026-08-31T01:12:33+00:00
cyclone-idai-2019,manual-cyclone-idai-2019-rosea-20190429-mozambique-sitrep-19-as-of-29-april-2019-for-up,human,,human,2019-04-29,response_actions,Sector response activities,present,1.0,1.0,ok,,161,8ee01909,qwen/qwen3.8-flash,586810e813dcb790fec9bdfe6889ae7d4c432ae8349c3e96a63db0dec83dabb3,sync,False,2026-08-31T01:12:33+00:00
cyclone-idai-2019,manual-cyclone-idai-2019-rosea-20190429-mozambique-sitrep-19-as-of-29-april-2019-for-up,human,,human,2019-04-29,shelter,Shelter and non-food items,,,,invalid,unparsable JSON (empty output),0,,qwen/qwen3.8-flash,f0106ccb14206650c5ea4fc64877d14af85c5886dd6aca8d56835ac28881d8e6,sync,False,2026-08-31T01:12:33+00:00
cyclone-idai-2019,manual-cyclone-idai-2019-unicef-mozambique-humanitarian-situation-report-no-7-cyclone-i,human,,human,2019-05-01,currency_and_metadata,Data currency and report metadata,present,1.0,0.95,ok,,168,ae9f3b43,qwen/qwen3.8-flash,5d69f5443959bd811b0767087bb41e44b7c4526d1ba9de066cef3fa4599b3df1,sync,False,2026-08-31T01:12:33+00:00
cyclone-idai-2019,manual-cyclone-idai-2019-unicef-mozambique-humanitarian-situation-report-no-7-cyclone-i,human,,human,2019-05-01,sourcing,Sourcing and attribution,,,,invalid,unparsable JSON (empty output),0,,qwen/qwen3.8-flash,9855f2291212636ac6201817b93535c2ba118584a0f8e635af0200b04f278038,sync,False,2026-08-31T01:12:33+00:00
cyclone-idai-2019,manual-cyclone-idai-2019-unicef-mozambique-humanitarian-situation-report-no-7-cyclone-i,human,,human,2019-05-01,casualties,Casualty and affected-population figures,present,1.0,0.95,ok,,77,a7f0aa5d,qwen/qwen3.8-flash,fe0b1b86d09132e72e030fc22259ed6b91a37383f3a54b24ab100538ed95cedb,sync,False,2026-08-31T01:12:33+00:00
cyclone-idai-2019,manual-cyclone-idai-2019-unicef-mozambique-humanitarian-situation-report-no-7-cyclone-i,human,,human,2019-05-01,displacement,Displacement and accommodation sites,present,1.0,1.0,ok,,153,c36df60d,qwen/qwen3.8-flash,4758a328a7f28810370c2c9a51b6962d696ffdcd0e7736c08a404d254afe89cd,sync,False,2026-08-31T01:12:33+00:00
cyclone-idai-2019,manual-cyclone-idai-2019-unicef-mozambique-humanitarian-situation-report-no-7-cyclone-i,human,,human,2019-05-01,health,"Health, disease outbreak and nutrition",present,1.0,1.0,ok,,224,3e84be9e,qwen/qwen3.8-flash,484c83b3e27dc0a3615a9adf3a842d4ca2fc02526a3b2d286f918de9e676189a,sync,False,2026-08-31T01:12:33+00:00
cyclone-idai-2019,manual-cyclone-idai-2019-unicef-mozambique-humanitarian-situation-report-no-7-cyclone-i,human,,human,2019-05-01,damage,"Physical, economic and agricultural damage",absent,0.0,1.0,ok,,0,,qwen/qwen3.8-flash,206899a2179f3649e969c3ee2af0350891e19ec1d855f3c77260fd2e06ee38bb,sync,False,2026-08-31T01:12:33+00:00
cyclone-idai-2019,manual-cyclone-idai-2019-unicef-mozambique-humanitarian-situation-report-no-7-cyclone-i,human,,human,2019-05-01,funding,Funding status and donor contributions,present,1.0,1.0,ok,,76,f1f4689e,qwen/qwen3.8-flash,2dc8479e83c1b18095df5a084a3480d9cae524d3c9f2436b894eaf0d4773e3c2,sync,False,2026-08-31T01:12:33+00:00
cyclone-idai-2019,manual-cyclone-idai-2019-unicef-mozambique-humanitarian-situation-report-no-7-cyclone-i,human,,human,2019-05-01,education,Education impact and response,present,1.0,0.95,ok,,165,c9788dfe,qwen/qwen3.8-flash,80aa5e6a6f63f21950d4d06d51f4b42868fb56ca598745b16d6d382c19785b38,sync,False,2026-08-31T01:12:33+00:00
cyclone-idai-2019,manual-cyclone-idai-2019-unicef-mozambique-humanitarian-situation-report-no-7-cyclone-i,human,,human,2019-05-01,wash,WASH needs and response,present,1.0,1.0,ok,,201,d9556f45,qwen/qwen3.8-flash,f88f61208ef719d75e2319d94b7cf1c734b77135202c954da6de060aa3f0bf83,sync,False,2026-08-31T01:12:33+00:00
cyclone-idai-2019,manual-cyclone-idai-2019-unicef-mozambique-humanitarian-situation-report-no-7-cyclone-i,human,,human,2019-05-01,food,Food security and assistance reach,partial,0.5,0.9,ok,,191,8e4a895f,qwen/qwen3.8-flash,401eb3dfd37ca6f7794ebe0874c51ddd4249041decd3c38912bb4bf6f50d9cba,sync,False,2026-08-31T01:12:33+00:00
cyclone-idai-2019,manual-cyclone-idai-2019-unicef-mozambique-humanitarian-situation-report-no-7-cyclone-i,human,,human,2019-05-01,access,Access constraints,partial,0.5,0.95,ok,,125,613f4a83,qwen/qwen3.8-flash,a4f581b2a1bea707eebc4b5d5c19529e2b50d87eade000311e8767faa4722768,sync,False,2026-08-31T01:12:33+00:00
cyclone-idai-2019,manual-cyclone-idai-2019-unicef-mozambique-humanitarian-situation-report-no-7-cyclone-i,human,,human,2019-05-01,coordination,Coordination arrangements,present,1.0,1.0,ok,,173,ef02ad9e,qwen/qwen3.8-flash,5e7e6b309cb1bf29c75d09cc7b5d6a329249b51a50feefdcefccc527a32eb216,sync,False,2026-08-31T01:12:33+00:00
cyclone-idai-2019,manual-cyclone-idai-2019-unicef-mozambique-humanitarian-situation-report-no-7-cyclone-i,human,,human,2019-05-01,needs_gaps,Sector needs and gaps,,,,invalid,unparsable JSON (empty output),0,,qwen/qwen3.8-flash,7f159483c5c7857f5aef058f7bb15202d61507586bf871de90792adb76b09262,sync,False,2026-08-31T01:12:33+00:00
cyclone-idai-2019,manual-cyclone-idai-2019-unicef-mozambique-humanitarian-situation-report-no-7-cyclone-i,human,,human,2019-05-01,response_actions,Sector response activities,present,1.0,0.95,ok,,188,a1f3c246,qwen/qwen3.8-flash,3c9108b1506bf68143ee4ae7943a41ada94d21435420aa59f1c938745ebfbae6,sync,False,2026-08-31T01:12:33+00:00
cyclone-idai-2019,manual-cyclone-idai-2019-unicef-mozambique-humanitarian-situation-report-no-7-cyclone-i,human,,human,2019-05-01,shelter,Shelter and non-food items,present,1.0,0.95,ok,,169,ac837b82,qwen/qwen3.8-flash,8931f0b6544524eaf4fc4d2e7e4417708238860175570cd56a64fca03ed229d0,sync,False,2026-08-31T01:12:33+00:00
cyclone-idai-2019,manual-cyclone-idai-2019-rosea-20190506-mozambique-sitrep-20-as-of-6-may-2019-for-uploa,human,,human,2019-05-06,currency_and_metadata,Data currency and report metadata,,,,invalid,unparsable JSON (empty output),0,,qwen/qwen3.8-flash,7d877e75dd5004fe10c4220025100fd3962481e8657b9ddc4f01314522b0904a,sync,False,2026-08-31T01:12:33+00:00
cyclone-idai-2019,manual-cyclone-idai-2019-rosea-20190506-mozambique-sitrep-20-as-of-6-may-2019-for-uploa,human,,human,2019-05-06,sourcing,Sourcing and attribution,present,1.0,1.0,ok,,94,d6948554,qwen/qwen3.8-flash,a71fcfab499d5dd911de92edcb45cf5c5805fb0e9ec4854b1a5f1e32423d6c2a,sync,False,2026-08-31T01:12:33+00:00
cyclone-idai-2019,manual-cyclone-idai-2019-rosea-20190506-mozambique-sitrep-20-as-of-6-may-2019-for-uploa,human,,human,2019-05-06,casualties,Casualty and affected-population figures,partial,0.5,1.0,ok,,20,ad5534bf,qwen/qwen3.8-flash,c0b9f1d9e1652e11f18809db84cb08c26652897694db47c053ff2e37861ac3f3,sync,False,2026-08-31T01:12:33+00:00
cyclone-idai-2019,manual-cyclone-idai-2019-rosea-20190506-mozambique-sitrep-20-as-of-6-may-2019-for-uploa,human,,human,2019-05-06,displacement,Displacement and accommodation sites,present,1.0,1.0,ok,,188,f8de0fd4,qwen/qwen3.8-flash,b5bdead790434a2c283788136550241d9a397171a1200d500ecb88cc2a0f8f4f,sync,False,2026-08-31T01:12:33+00:00
cyclone-idai-2019,manual-cyclone-idai-2019-rosea-20190506-mozambique-sitrep-20-as-of-6-may-2019-for-uploa,human,,human,2019-05-06,health,"Health, disease outbreak and nutrition",present,1.0,1.0,ok,,181,314e1530,qwen/qwen3.8-flash,7b62ba06544e6159797bcbc33ff13e0b02d9f3ffd346fa8d0a53ed66aa37e0a0,sync,False,2026-08-31T01:12:33+00:00
cyclone-idai-2019,manual-cyclone-idai-2019-rosea-20190506-mozambique-sitrep-20-as-of-6-may-2019-for-uploa,human,,human,2019-05-06,damage,"Physical, economic and agricultural damage",present,1.0,0.95,ok,,180,848aa5ca,qwen/qwen3.8-flash,b46636cdf93f812fdf0359f7f5dbc39b18a81c80e9956413c21b9a8e2ad27323,sync,False,2026-08-31T01:12:33+00:00
cyclone-idai-2019,manual-cyclone-idai-2019-rosea-20190506-mozambique-sitrep-20-as-of-6-may-2019-for-uploa,human,,human,2019-05-06,funding,Funding status and donor contributions,present,1.0,1.0,ok,,170,7d00c7d5,qwen/qwen3.8-flash,7402269918d189b9150291200ae0b2f93bb6b8f01842971a6c9728300534c9cc,sync,False,2026-08-31T01:12:33+00:00
cyclone-idai-2019,manual-cyclone-idai-2019-rosea-20190506-mozambique-sitrep-20-as-of-6-may-2019-for-uploa,human,,human,2019-05-06,education,Education impact and response,present,1.0,1.0,ok,,150,8c3c61a0,qwen/qwen3.8-flash,9ccffbe541809dd89aa4c8d0ba73721147372b6ce1567562a76dffd9546b3fc9,sync,False,2026-08-31T01:12:33+00:00
cyclone-idai-2019,manual-cyclone-idai-2019-rosea-20190506-mozambique-sitrep-20-as-of-6-may-2019-for-uploa,human,,human,2019-05-06,wash,WASH needs and response,present,1.0,0.95,ok,,171,ba2d8a78,qwen/qwen3.8-flash,12bfff3c0bfc37ef787179b0ed3bfab92019f243e7eed69eac4cae17da6e4654,sync,False,2026-08-31T01:12:33+00:00
cyclone-idai-2019,manual-cyclone-idai-2019-rosea-20190506-mozambique-sitrep-20-as-of-6-may-2019-for-uploa,human,,human,2019-05-06,food,Food security and assistance reach,present,1.0,1.0,ok,,198,68e96c84,qwen/qwen3.8-flash,caad03b4aae11292ffb819cc65857bd7eab9d30d2dcbb9ec217de33195da6b25,sync,False,2026-08-31T01:12:33+00:00
cyclone-idai-2019,manual-cyclone-idai-2019-rosea-20190506-mozambique-sitrep-20-as-of-6-may-2019-for-uploa,human,,human,2019-05-06,access,Access constraints,present,1.0,1.0,ok,,212,742b0f3f,qwen/qwen3.8-flash,2f950d5a331d3b79c525c8e5addb9ea58a28f10f4d6196b1432ac61eb62e93c1,sync,False,2026-08-31T01:12:33+00:00
cyclone-idai-2019,manual-cyclone-idai-2019-rosea-20190506-mozambique-sitrep-20-as-of-6-may-2019-for-uploa,human,,human,2019-05-06,coordination,Coordination arrangements,present,1.0,1.0,ok,,168,68ac3260,qwen/qwen3.8-flash,fe7240e6816fb9dfcf4ccd2ab0428b8cff1f51440c305f5cb7197eace90911a9,sync,False,2026-08-31T01:12:33+00:00
cyclone-idai-2019,manual-cyclone-idai-2019-rosea-20190506-mozambique-sitrep-20-as-of-6-may-2019-for-uploa,human,,human,2019-05-06,needs_gaps,Sector needs and gaps,present,1.0,1.0,ok,,199,e1d8c86b,qwen/qwen3.8-flash,301f703e37b2c0a343cf1667389d439f69fe7d6c48713ae623ce4ff37d32bc45,sync,False,2026-08-31T01:12:33+00:00
cyclone-idai-2019,manual-cyclone-idai-2019-rosea-20190506-mozambique-sitrep-20-as-of-6-may-2019-for-uploa,human,,human,2019-05-06,response_actions,Sector response activities,present,1.0,0.95,ok,,183,0d80957a,qwen/qwen3.8-flash,6dc46fd5905aaac3a518af9c0f70733e28622e90193a48d87707a9e9bb86dc8b,sync,False,2026-08-31T01:12:33+00:00
cyclone-idai-2019,manual-cyclone-idai-2019-rosea-20190506-mozambique-sitrep-20-as-of-6-may-2019-for-uploa,human,,human,2019-05-06,shelter,Shelter and non-food items,present,1.0,1.0,ok,,145,b4678f09,qwen/qwen3.8-flash,ed4f78ebcc4752194ce7a7e5b63f5780f4d0ee3a04e56d9d3ca67b1c3157e399,sync,False,2026-08-31T01:12:33+00:00
cyclone-idai-2019,manual-cyclone-idai-2019-who-sitrep-6-mozambique-10-may-2019-pdf,human,,human,2019-05-10,currency_and_metadata,Data currency and report metadata,partial,0.5,0.9,ok,,111,9ca700c3,qwen/qwen3.8-flash,cdd0d6800b93f0c6a382f71df2675452c6febd0f01ddb6533c35444b565f7ac8,sync,False,2026-08-31T01:12:33+00:00
cyclone-idai-2019,manual-cyclone-idai-2019-who-sitrep-6-mozambique-10-may-2019-pdf,human,,human,2019-05-10,sourcing,Sourcing and attribution,present,1.0,1.0,ok,,232,31c05301,qwen/qwen3.8-flash,be6600c2ef03a4aba0eec8a091c4e62c0334d28504adaa2af996f408d49085de,sync,False,2026-08-31T01:12:33+00:00
cyclone-idai-2019,manual-cyclone-idai-2019-who-sitrep-6-mozambique-10-may-2019-pdf,human,,human,2019-05-10,casualties,Casualty and affected-population figures,present,1.0,1.0,ok,,96,27d86c6a,qwen/qwen3.8-flash,8b3178854062dc1c7d59dd6157be26829b05f0db09b49cae4eeb1b877e8acea8,sync,False,2026-08-31T01:12:33+00:00
cyclone-idai-2019,manual-cyclone-idai-2019-who-sitrep-6-mozambique-10-may-2019-pdf,human,,human,2019-05-10,displacement,Displacement and accommodation sites,present,1.0,0.95,ok,,131,ad70b3b5,qwen/qwen3.8-flash,b6700f4842e96996a9f6a0e21945c4a28f26cdf004ee2d000a80d6506ce2c12f,sync,False,2026-08-31T01:12:33+00:00
cyclone-idai-2019,manual-cyclone-idai-2019-who-sitrep-6-mozambique-10-may-2019-pdf,human,,human,2019-05-10,health,"Health, disease outbreak and nutrition",present,1.0,1.0,ok,,156,af6e4e95,qwen/qwen3.8-flash,cf6f3ac6689b49cb8266c1011e354eb8a27c87023312592321c150d2ceaa4171,sync,False,2026-08-31T01:12:33+00:00
cyclone-idai-2019,manual-cyclone-idai-2019-who-sitrep-6-mozambique-10-may-2019-pdf,human,,human,2019-05-10,damage,"Physical, economic and agricultural damage",partial,0.5,0.9,ok,,231,11bab237,qwen/qwen3.8-flash,52014348d67d0131510b7be12bb2c9b1cb40154eb897f3970f399c496e4d1c5a,sync,False,2026-08-31T01:12:33+00:00
cyclone-idai-2019,manual-cyclone-idai-2019-who-sitrep-6-mozambique-10-may-2019-pdf,human,,human,2019-05-10,funding,Funding status and donor contributions,partial,0.5,0.9,ok,,105,44f27685,qwen/qwen3.8-flash,8273f4ae85f0ae1b181c826cc5e6d319fac0b68994160f3981887bd32de1c386,sync,False,2026-08-31T01:12:33+00:00
cyclone-idai-2019,manual-cyclone-idai-2019-who-sitrep-6-mozambique-10-may-2019-pdf,human,,human,2019-05-10,education,Education impact and response,absent,0.0,1.0,ok,,0,,qwen/qwen3.8-flash,4a851b2cae38d82c9a41368c196c6b0b66eb3b491e2e4428c865345efb8fe71c,sync,False,2026-08-31T01:12:33+00:00
cyclone-idai-2019,manual-cyclone-idai-2019-who-sitrep-6-mozambique-10-may-2019-pdf,human,,human,2019-05-10,wash,WASH needs and response,partial,0.5,0.9,ok,,127,7594360f,qwen/qwen3.8-flash,3f75a4906ee560f33a1c1dc555b517dc526fd1b130d431c1b511ce8e83a36030,sync,False,2026-08-31T01:12:33+00:00
cyclone-idai-2019,manual-cyclone-idai-2019-who-sitrep-6-mozambique-10-may-2019-pdf,human,,human,2019-05-10,food,Food security and assistance reach,absent,0.0,0.95,ok,,0,,qwen/qwen3.8-flash,7a6dc0ab7ec729c2527bde4dc90d58fa547ad997ed6a1ab8e49d77d3b97bf3ff,sync,False,2026-08-31T01:12:33+00:00
cyclone-idai-2019,manual-cyclone-idai-2019-who-sitrep-6-mozambique-10-may-2019-pdf,human,,human,2019-05-10,access,Access constraints,present,1.0,1.0,ok,,184,95bccc94,qwen/qwen3.8-flash,fb6c7ff1e3c5db6a89cf90ac4dc45819378ed6e7282745738e9318b67eae4f43,sync,False,2026-08-31T01:12:33+00:00
cyclone-idai-2019,manual-cyclone-idai-2019-who-sitrep-6-mozambique-10-may-2019-pdf,human,,human,2019-05-10,coordination,Coordination arrangements,present,1.0,0.95,ok,,167,81cb4aa2,qwen/qwen3.8-flash,8284e1a2e725d98cda3c6ba8342e15b621cf4e664be3e49e70bb2914f5e6adc3,sync,False,2026-08-31T01:12:33+00:00
cyclone-idai-2019,manual-cyclone-idai-2019-who-sitrep-6-mozambique-10-may-2019-pdf,human,,human,2019-05-10,needs_gaps,Sector needs and gaps,present,1.0,0.95,ok,,192,565d6c64,qwen/qwen3.8-flash,3154bce7e642ba66ad2660e851449e55f81975817a9b715d2c260f3a8cbaec66,sync,False,2026-08-31T01:12:33+00:00
cyclone-idai-2019,manual-cyclone-idai-2019-who-sitrep-6-mozambique-10-may-2019-pdf,human,,human,2019-05-10,response_actions,Sector response activities,present,1.0,1.0,ok,,170,67634bfe,qwen/qwen3.8-flash,fa3b987b3136b632439d3d7dca8c6f7db8aeb1eb0c5303a426fa78a84255c808,sync,False,2026-08-31T01:12:33+00:00
cyclone-idai-2019,manual-cyclone-idai-2019-who-sitrep-6-mozambique-10-may-2019-pdf,human,,human,2019-05-10,shelter,Shelter and non-food items,partial,0.5,0.95,ok,,182,f88686d8,qwen/qwen3.8-flash,daee13ae69dc1db67a61c51c9d36e53a3223f451008088a08e8eb01ff0ac935f,sync,False,2026-08-31T01:12:33+00:00
cyclone-idai-2019,manual-cyclone-idai-2019-rosea-20190513-mozambique-sitrep-21-as-of-13-may-2019-for-uplo,human,,human,2019-05-13,currency_and_metadata,Data currency and report metadata,,,,invalid,unparsable JSON (empty output),0,,qwen/qwen3.8-flash,de42859829606604308ec14bf6e22fe0079247087bc91750fd872bcdee06f98a,sync,False,2026-08-31T01:12:33+00:00
cyclone-idai-2019,manual-cyclone-idai-2019-rosea-20190513-mozambique-sitrep-21-as-of-13-may-2019-for-uplo,human,,human,2019-05-13,sourcing,Sourcing and attribution,present,1.0,1.0,ok,,150,904083eb,qwen/qwen3.8-flash,6720755ffe6f3ca2041044ca5b28d168ea18760ca440a857e3624d9f2cc25bfb,sync,False,2026-08-31T01:12:33+00:00
cyclone-idai-2019,manual-cyclone-idai-2019-rosea-20190513-mozambique-sitrep-21-as-of-13-may-2019-for-uplo,human,,human,2019-05-13,casualties,Casualty and affected-population figures,present,1.0,1.0,ok,,20,ad5534bf,qwen/qwen3.8-flash,d98068619f997c83f2d51dd74c055c776b4d4795ce6ae9f3c664b70642c8f4a4,sync,False,2026-08-31T01:12:33+00:00
cyclone-idai-2019,manual-cyclone-idai-2019-rosea-20190513-mozambique-sitrep-21-as-of-13-may-2019-for-uplo,human,,human,2019-05-13,displacement,Displacement and accommodation sites,present,1.0,1.0,ok,,264,bba8a409,qwen/qwen3.8-flash,6afad96e20d875f81404e900a10aebe51c2f759e986e4bd73c963a26acf545ec,sync,False,2026-08-31T01:12:33+00:00
cyclone-idai-2019,manual-cyclone-idai-2019-rosea-20190513-mozambique-sitrep-21-as-of-13-may-2019-for-uplo,human,,human,2019-05-13,health,"Health, disease outbreak and nutrition",present,1.0,1.0,ok,,161,091201e5,qwen/qwen3.8-flash,f54d39c85aa92b18108f7ef0c00fa4558cd0e82e810bbab38dc0014057626bf9,sync,False,2026-08-31T01:12:33+00:00
cyclone-idai-2019,manual-cyclone-idai-2019-rosea-20190513-mozambique-sitrep-21-as-of-13-may-2019-for-uplo,human,,human,2019-05-13,damage,"Physical, economic and agricultural damage",present,1.0,0.95,ok,,176,54b08276,qwen/qwen3.8-flash,163d5158af7cbf71aa9dd67d2fb96535668a59949f1538fda5a1bf5e3996c4b1,sync,False,2026-08-31T01:12:33+00:00
cyclone-idai-2019,manual-cyclone-idai-2019-rosea-20190513-mozambique-sitrep-21-as-of-13-may-2019-for-uplo,human,,human,2019-05-13,funding,Funding status and donor contributions,present,1.0,1.0,ok,,206,fc8cbcc6,qwen/qwen3.8-flash,e87a7350340ac4c60c2858b9063daec040037edb29b048b86e39bb55db5159a8,sync,False,2026-08-31T01:12:33+00:00
cyclone-idai-2019,manual-cyclone-idai-2019-rosea-20190513-mozambique-sitrep-21-as-of-13-may-2019-for-uplo,human,,human,2019-05-13,education,Education impact and response,present,1.0,1.0,ok,,174,8bda8fc9,qwen/qwen3.8-flash,b366ef4dec45d9156175c486bea18c8a7967d907a4b5d8b4d3b3b7c6d6fd1266,sync,False,2026-08-31T01:12:33+00:00
cyclone-idai-2019,manual-cyclone-idai-2019-rosea-20190513-mozambique-sitrep-21-as-of-13-may-2019-for-uplo,human,,human,2019-05-13,wash,WASH needs and response,partial,0.5,0.95,ok,,229,8252a009,qwen/qwen3.8-flash,c7809546d156ecafab8600ea5a013a8887ffcd1ce0cf3b5becee82f2aa4cfed8,sync,False,2026-08-31T01:12:33+00:00
cyclone-idai-2019,manual-cyclone-idai-2019-rosea-20190513-mozambique-sitrep-21-as-of-13-may-2019-for-uplo,human,,human,2019-05-13,food,Food security and assistance reach,present,1.0,1.0,ok,,166,7fe4a3e3,qwen/qwen3.8-flash,1f1a786a824c171726eb93669d79304c195de9fe04bbc5f36f2d9dd1b4969faa,sync,False,2026-08-31T01:12:33+00:00
cyclone-idai-2019,manual-cyclone-idai-2019-rosea-20190513-mozambique-sitrep-21-as-of-13-may-2019-for-uplo,human,,human,2019-05-13,access,Access constraints,present,1.0,1.0,ok,,190,e8b51e67,qwen/qwen3.8-flash,6f3c3cc6b70512f2d671b7bcd7bc18344bfaa0d8ee52fc6f490995d799250520,sync,False,2026-08-31T01:12:33+00:00
cyclone-idai-2019,manual-cyclone-idai-2019-rosea-20190513-mozambique-sitrep-21-as-of-13-may-2019-for-uplo,human,,human,2019-05-13,coordination,Coordination arrangements,present,1.0,0.95,ok,,173,042a5340,qwen/qwen3.8-flash,7c369ddb1eee51cb945a797e248e39419680679c156c403675f9fff7d41f3c6b,sync,False,2026-08-31T01:12:33+00:00
cyclone-idai-2019,manual-cyclone-idai-2019-rosea-20190513-mozambique-sitrep-21-as-of-13-may-2019-for-uplo,human,,human,2019-05-13,needs_gaps,Sector needs and gaps,present,1.0,1.0,ok,,236,dfaf0cb2,qwen/qwen3.8-flash,808a2ebe6bcdbcd5c752e3a9cf3bd092a8d851b60bfc5b27e5a92dec0651efef,sync,False,2026-08-31T01:12:33+00:00
cyclone-idai-2019,manual-cyclone-idai-2019-rosea-20190513-mozambique-sitrep-21-as-of-13-may-2019-for-uplo,human,,human,2019-05-13,response_actions,Sector response activities,present,1.0,1.0,ok,,189,4bdc80e7,qwen/qwen3.8-flash,083c2424ae817364df95cd2c38fbbeccab6e0820da38acf8ff7998f259aff7c2,sync,False,2026-08-31T01:12:33+00:00
cyclone-idai-2019,manual-cyclone-idai-2019-rosea-20190513-mozambique-sitrep-21-as-of-13-may-2019-for-uplo,human,,human,2019-05-13,shelter,Shelter and non-food items,present,1.0,1.0,ok,,174,b4c1ef7d,qwen/qwen3.8-flash,15c00c4add001dd9009082ddc06b48a078cc921a02f9ba530e3779873bcf7b75,sync,False,2026-08-31T01:12:33+00:00
cyclone-idai-2019,manual-cyclone-idai-2019-rosea-20190520-mozambique-sitrep-22-as-of-20-may-for-upload-pd,human,,human,2019-05-20,currency_and_metadata,Data currency and report metadata,present,1.0,1.0,ok,,194,6c71f136,qwen/qwen3.8-flash,546076e66c9af7a913d2459357fe8f6f451d9a261bd3b9bdca0d02167f9fbccb,sync,False,2026-08-31T01:12:33+00:00
cyclone-idai-2019,manual-cyclone-idai-2019-rosea-20190520-mozambique-sitrep-22-as-of-20-may-for-upload-pd,human,,human,2019-05-20,sourcing,Sourcing and attribution,present,1.0,1.0,ok,,219,7c3a1dcd,qwen/qwen3.8-flash,af8ae5544f73784c357821f7c80640e08097e84120e8de9e05925fbe30798dd2,sync,False,2026-08-31T01:12:33+00:00
cyclone-idai-2019,manual-cyclone-idai-2019-rosea-20190520-mozambique-sitrep-22-as-of-20-may-for-upload-pd,human,,human,2019-05-20,casualties,Casualty and affected-population figures,partial,0.5,0.95,ok,,20,99a6bdd8,qwen/qwen3.8-flash,ed426cedf180461e4acbb6ef6d73502332272f8aca2ba10a32a84cd27c3423b2,sync,False,2026-08-31T01:12:33+00:00
cyclone-idai-2019,manual-cyclone-idai-2019-rosea-20190520-mozambique-sitrep-22-as-of-20-may-for-upload-pd,human,,human,2019-05-20,displacement,Displacement and accommodation sites,present,1.0,1.0,ok,,154,142765c6,qwen/qwen3.8-flash,ebd782af6c3e17b70810a5a058a201af16e63718c492c22f18cb3879fb56f3d3,sync,False,2026-08-31T01:12:33+00:00
cyclone-idai-2019,manual-cyclone-idai-2019-rosea-20190520-mozambique-sitrep-22-as-of-20-may-for-upload-pd,human,,human,2019-05-20,health,"Health, disease outbreak and nutrition",present,1.0,1.0,ok,,175,a17013ee,qwen/qwen3.8-flash,7f4ae04c8ca8ac8a62bf308ced1b7304bf16dd0a3232794157f2dcace2a2b137,sync,False,2026-08-31T01:12:33+00:00
cyclone-idai-2019,manual-cyclone-idai-2019-rosea-20190520-mozambique-sitrep-22-as-of-20-may-for-upload-pd,human,,human,2019-05-20,damage,"Physical, economic and agricultural damage",present,1.0,0.95,ok,,123,ca7f140d,qwen/qwen3.8-flash,621b3a3f9742e083ed3fed82635f33e831151f856fe5254d29dd9c2375a3850e,sync,False,2026-08-31T01:12:33+00:00
cyclone-idai-2019,manual-cyclone-idai-2019-rosea-20190520-mozambique-sitrep-22-as-of-20-may-for-upload-pd,human,,human,2019-05-20,funding,Funding status and donor contributions,present,1.0,1.0,ok,,197,6556dac0,qwen/qwen3.8-flash,acfc08e03080e173cd17c301b4ab355a323e7dcc146b3f4424f9c0a96a56bfe7,sync,False,2026-08-31T01:12:33+00:00
cyclone-idai-2019,manual-cyclone-idai-2019-rosea-20190520-mozambique-sitrep-22-as-of-20-may-for-upload-pd,human,,human,2019-05-20,education,Education impact and response,present,1.0,1.0,ok,,104,7f8c817e,qwen/qwen3.8-flash,87733a9bb291d529410c950f0fa7753ec90d3df20e0fee163d7608489041be8c,sync,False,2026-08-31T01:12:33+00:00
cyclone-idai-2019,manual-cyclone-idai-2019-rosea-20190520-mozambique-sitrep-22-as-of-20-may-for-upload-pd,human,,human,2019-05-20,wash,WASH needs and response,present,1.0,1.0,ok,,122,61d076e5,qwen/qwen3.8-flash,3f6a2e6a5abed1157e6bb25ef9b8414ca95f03af6da877711fc04665ee26c7c7,sync,False,2026-08-31T01:12:33+00:00
cyclone-idai-2019,manual-cyclone-idai-2019-rosea-20190520-mozambique-sitrep-22-as-of-20-may-for-upload-pd,human,,human,2019-05-20,food,Food security and assistance reach,present,1.0,1.0,ok,,199,cee3357e,qwen/qwen3.8-flash,6fea99ab9e0df4a18b256625f35c36d31574f58ec7df6b7db9b651049857b8d8,sync,False,2026-08-31T01:12:33+00:00
cyclone-idai-2019,manual-cyclone-idai-2019-rosea-20190520-mozambique-sitrep-22-as-of-20-may-for-upload-pd,human,,human,2019-05-20,access,Access constraints,present,1.0,1.0,ok,,149,8bf98f27,qwen/qwen3.8-flash,13be744445d1754f6476d34757efabbba2c6041fb97ae181bbe7c2ea4a5b030e,sync,False,2026-08-31T01:12:33+00:00
cyclone-idai-2019,manual-cyclone-idai-2019-rosea-20190520-mozambique-sitrep-22-as-of-20-may-for-upload-pd,human,,human,2019-05-20,coordination,Coordination arrangements,present,1.0,0.95,ok,,223,cb55019b,qwen/qwen3.8-flash,ea26f17a2a26cc93a4509afa64e3889767e1211aab4e6b28abaa93ab75c9f49d,sync,False,2026-08-31T01:12:33+00:00
cyclone-idai-2019,manual-cyclone-idai-2019-rosea-20190520-mozambique-sitrep-22-as-of-20-may-for-upload-pd,human,,human,2019-05-20,needs_gaps,Sector needs and gaps,present,1.0,1.0,ok,,149,ad642977,qwen/qwen3.8-flash,d3d4cc9a23cbb65fc7300b0f649282297d67ca5ae1e474e4f13a2d591a42d312,sync,False,2026-08-31T01:12:33+00:00
cyclone-idai-2019,manual-cyclone-idai-2019-rosea-20190520-mozambique-sitrep-22-as-of-20-may-for-upload-pd,human,,human,2019-05-20,response_actions,Sector response activities,present,1.0,1.0,ok,,172,fd96a721,qwen/qwen3.8-flash,8f5395d2f19351e552860325e7ffdd73f6e5538315f71f758ca5fdc160b9aca6,sync,False,2026-08-31T01:12:33+00:00
cyclone-idai-2019,manual-cyclone-idai-2019-rosea-20190520-mozambique-sitrep-22-as-of-20-may-for-upload-pd,human,,human,2019-05-20,shelter,Shelter and non-food items,,,,invalid,unparsable JSON (empty output),0,,qwen/qwen3.8-flash,e0ab97e43c80a1d47e541d4e75915fda5c7a7216f9f001732f341f2b4472d14b,sync,False,2026-08-31T01:12:33+00:00
cyclone-idai-2019,manual-cyclone-idai-2019-mdrmz014ou2-pdf,human,,human,2019-06-24,currency_and_metadata,Data currency and report metadata,present,1.0,1.0,ok,,173,f15b569d,qwen/qwen3.8-flash,7137fec0baeadc34c76ba1a19d581a372c6b952724dd6597d980693d0bde2ace,sync,False,2026-08-31T01:12:33+00:00
cyclone-idai-2019,manual-cyclone-idai-2019-mdrmz014ou2-pdf,human,,human,2019-06-24,sourcing,Sourcing and attribution,present,1.0,1.0,ok,,176,5163576e,qwen/qwen3.8-flash,07ac6d4c11a3512e4c285f9cf91ae26c69f40c5f4ad7d285cc8d2f25a683e686,sync,False,2026-08-31T01:12:33+00:00
cyclone-idai-2019,manual-cyclone-idai-2019-mdrmz014ou2-pdf,human,,human,2019-06-24,casualties,Casualty and affected-population figures,,,,invalid,unparsable JSON (empty output),0,,qwen/qwen3.8-flash,e3224cb337bd5a7f525a03ee0926a96db7868de7ed615f5e920b541d2e3be309,sync,False,2026-08-31T01:12:33+00:00
cyclone-idai-2019,manual-cyclone-idai-2019-mdrmz014ou2-pdf,human,,human,2019-06-24,displacement,Displacement and accommodation sites,,,,invalid,unparsable JSON (empty output),0,,qwen/qwen3.8-flash,9008d033e3e78e25c92558cf07a2f3a1b46fca1cb2e3adfb925fe15e07076026,sync,False,2026-08-31T01:12:33+00:00
cyclone-idai-2019,manual-cyclone-idai-2019-mdrmz014ou2-pdf,human,,human,2019-06-24,health,"Health, disease outbreak and nutrition",present,1.0,1.0,ok,,219,1d860464,qwen/qwen3.8-flash,964f8be02f12bcfdf2fc29301a6e6009ed1e266e13bb505161dae3d07a76c834,sync,False,2026-08-31T01:12:33+00:00
cyclone-idai-2019,manual-cyclone-idai-2019-mdrmz014ou2-pdf,human,,human,2019-06-24,damage,"Physical, economic and agricultural damage",present,1.0,1.0,ok,,226,3c9b7c26,qwen/qwen3.8-flash,f831038d68c5a31dcf0134e3664077bd9b71736dca8cf42ffc2d32660ff9d881,sync,False,2026-08-31T01:12:33+00:00
cyclone-idai-2019,manual-cyclone-idai-2019-mdrmz014ou2-pdf,human,,human,2019-06-24,funding,Funding status and donor contributions,,,,invalid,unparsable JSON (empty output),0,,qwen/qwen3.8-flash,dd680b5f511d311b16825f6461838f79f50a7019df46f10a3ed09c35ced81cd8,sync,False,2026-08-31T01:12:33+00:00
cyclone-idai-2019,manual-cyclone-idai-2019-mdrmz014ou2-pdf,human,,human,2019-06-24,education,Education impact and response,absent,0.0,1.0,ok,,0,,qwen/qwen3.8-flash,cf0f886bb36f9bdcb1721c4529d0b93b728b759971bfad0b6c5749bd1c74c29c,sync,False,2026-08-31T01:12:33+00:00
cyclone-idai-2019,manual-cyclone-idai-2019-mdrmz014ou2-pdf,human,,human,2019-06-24,wash,WASH needs and response,present,1.0,1.0,ok,,187,6f18552c,qwen/qwen3.8-flash,6be778d2385f79796a22b5633229d29723b13562f48c40cd047dc050546e95ab,sync,False,2026-08-31T01:12:33+00:00
cyclone-idai-2019,manual-cyclone-idai-2019-mdrmz014ou2-pdf,human,,human,2019-06-24,food,Food security and assistance reach,partial,0.5,0.95,ok,,174,d119143f,qwen/qwen3.8-flash,9bee47ba2a771a162775fbc5cf4df5c7e090976e28eaeef163d28e33173d1644,sync,False,2026-08-31T01:12:33+00:00
cyclone-idai-2019,manual-cyclone-idai-2019-mdrmz014ou2-pdf,human,,human,2019-06-24,access,Access constraints,absent,0.0,0.9,ok,,0,,qwen/qwen3.8-flash,2b438f021f26ec45944203444870fd0dcd9930b635f53bbb32984a903a3b00cc,sync,False,2026-08-31T01:12:33+00:00
cyclone-idai-2019,manual-cyclone-idai-2019-mdrmz014ou2-pdf,human,,human,2019-06-24,coordination,Coordination arrangements,present,1.0,0.95,ok,,189,55575a46,qwen/qwen3.8-flash,2471ee612fdb73e7e16d81abcf10052c443c1c99232755d51a74804f603b4ff7,sync,False,2026-08-31T01:12:33+00:00
cyclone-idai-2019,manual-cyclone-idai-2019-mdrmz014ou2-pdf,human,,human,2019-06-24,needs_gaps,Sector needs and gaps,partial,0.5,0.85,ok,,196,1b7f6578,qwen/qwen3.8-flash,cefae482b61729abb57f41e8b3d5cd1a4cfd12c4eb7e6ecb8f21b13fc3f23d29,sync,False,2026-08-31T01:12:33+00:00
cyclone-idai-2019,manual-cyclone-idai-2019-mdrmz014ou2-pdf,human,,human,2019-06-24,response_actions,Sector response activities,present,1.0,0.95,ok,,176,11189453,qwen/qwen3.8-flash,2a24c70385766c0960a59555771e76a1057af2b50e8844665caba0f4b885ce84,sync,False,2026-08-31T01:12:33+00:00
cyclone-idai-2019,manual-cyclone-idai-2019-mdrmz014ou2-pdf,human,,human,2019-06-24,shelter,Shelter and non-food items,present,1.0,0.9,ok,,108,6235e428,qwen/qwen3.8-flash,cb018cd4b4a2b57cbf14845c5308a767d3a2c0bb264494a43a8baa0c02852342,sync,False,2026-08-31T01:12:33+00:00
cyclone-idai-2019,manual-cyclone-idai-2019-sa-cyclone-and-flooding-snapshot-10072019-pdf,human,,human,2019-07-10,currency_and_metadata,Data currency and report metadata,present,1.0,0.95,ok,,163,b18f2427,qwen/qwen3.8-flash,95b32ffa2a1410617cc71b9f6505dd5428292f8c0d3176602886b7284835b9ab,sync,False,2026-08-31T01:12:33+00:00
cyclone-idai-2019,manual-cyclone-idai-2019-sa-cyclone-and-flooding-snapshot-10072019-pdf,human,,human,2019-07-10,sourcing,Sourcing and attribution,,,,invalid,unparsable JSON (Unterminated string starting at at pos 28),0,,qwen/qwen3.8-flash,4b6786c65cb6d8ede184ca88dde9480aac012c5583830f13ee141ff7eb48e359,sync,False,2026-08-31T01:12:33+00:00
cyclone-idai-2019,manual-cyclone-idai-2019-sa-cyclone-and-flooding-snapshot-10072019-pdf,human,,human,2019-07-10,casualties,Casualty and affected-population figures,,,,invalid,unparsable JSON (empty output),0,,qwen/qwen3.8-flash,5d95e35ab94cc3237b9ad0594eccdf5e283761895b422d80119e72c29625de46,sync,False,2026-08-31T01:12:33+00:00
cyclone-idai-2019,manual-cyclone-idai-2019-sa-cyclone-and-flooding-snapshot-10072019-pdf,human,,human,2019-07-10,displacement,Displacement and accommodation sites,partial,0.5,0.95,ok,,159,768f189e,qwen/qwen3.8-flash,9a5fc96a4d7736541cde1691eb8ce0dd427697e9d04b110ffaed7832b3248b6a,sync,False,2026-08-31T01:12:33+00:00
cyclone-idai-2019,manual-cyclone-idai-2019-sa-cyclone-and-flooding-snapshot-10072019-pdf,human,,human,2019-07-10,health,"Health, disease outbreak and nutrition",absent,0.0,0.98,ok,,0,,qwen/qwen3.8-flash,9f710d456e3669167636f8d4881bf8e68a8fe4aa23025b6e28a3d8a4d9f0c698,sync,False,2026-08-31T01:12:33+00:00
cyclone-idai-2019,manual-cyclone-idai-2019-sa-cyclone-and-flooding-snapshot-10072019-pdf,human,,human,2019-07-10,damage,"Physical, economic and agricultural damage",partial,0.5,0.95,ok,,184,785cd59d,qwen/qwen3.8-flash,49078ecc995a4d303fee4eb142a5ae98a4300e1189ce2d91810e1abcb2a12d95,sync,False,2026-08-31T01:12:33+00:00
cyclone-idai-2019,manual-cyclone-idai-2019-sa-cyclone-and-flooding-snapshot-10072019-pdf,human,,human,2019-07-10,funding,Funding status and donor contributions,present,1.0,0.9,ok,,165,243550cc,qwen/qwen3.8-flash,6214662391d5c3fa951ed1ee8aa1b5719e8d155793a07b05e048e45e4e6c2048,sync,False,2026-08-31T01:12:33+00:00
cyclone-idai-2019,manual-cyclone-idai-2019-sa-cyclone-and-flooding-snapshot-10072019-pdf,human,,human,2019-07-10,education,Education impact and response,absent,0.0,1.0,ok,,0,,qwen/qwen3.8-flash,d5832466fc49d56c95c033ea57287ca324291c2846621ea4aba970ba01c68a59,sync,False,2026-08-31T01:12:33+00:00
cyclone-idai-2019,manual-cyclone-idai-2019-sa-cyclone-and-flooding-snapshot-10072019-pdf,human,,human,2019-07-10,wash,WASH needs and response,absent,0.0,1.0,ok,,0,,qwen/qwen3.8-flash,a2f71e4f43119f954513aecff5ef08282e334ed86fa38f9ecf091012ac4d6e41,sync,False,2026-08-31T01:12:33+00:00
cyclone-idai-2019,manual-cyclone-idai-2019-sa-cyclone-and-flooding-snapshot-10072019-pdf,human,,human,2019-07-10,food,Food security and assistance reach,partial,0.5,0.95,ok,,117,5f7b8b15,qwen/qwen3.8-flash,9746824bbd27b3c8c13323aab91120e6820683c45b006a28f3b7621e6ea6b0c7,sync,False,2026-08-31T01:12:33+00:00
cyclone-idai-2019,manual-cyclone-idai-2019-sa-cyclone-and-flooding-snapshot-10072019-pdf,human,,human,2019-07-10,access,Access constraints,partial,0.5,0.9,ok,,75,443193b6,qwen/qwen3.8-flash,b48ad2a3bf3e85cb29a06bed0654f626d4db8387299d60aebdaa1adc8858c41c,sync,False,2026-08-31T01:12:33+00:00
cyclone-idai-2019,manual-cyclone-idai-2019-sa-cyclone-and-flooding-snapshot-10072019-pdf,human,,human,2019-07-10,coordination,Coordination arrangements,present,1.0,1.0,ok,,101,67e0a5f6,qwen/qwen3.8-flash,1033e3246d2a53afc1f30531340ba193df7f39d8b2e76d21968ddbe3b3b8f610,sync,False,2026-08-31T01:12:33+00:00
cyclone-idai-2019,manual-cyclone-idai-2019-sa-cyclone-and-flooding-snapshot-10072019-pdf,human,,human,2019-07-10,needs_gaps,Sector needs and gaps,partial,0.5,0.9,ok,,117,5f7b8b15,qwen/qwen3.8-flash,0b131789ed16ba953045f5d0365553d60011d5ff57b6a826e8c57c8c87a6e5c8,sync,False,2026-08-31T01:12:33+00:00
cyclone-idai-2019,manual-cyclone-idai-2019-sa-cyclone-and-flooding-snapshot-10072019-pdf,human,,human,2019-07-10,response_actions,Sector response activities,partial,0.5,0.95,ok,,139,3e839c30,qwen/qwen3.8-flash,64fceb3e0593c80b28f5617b76942c248b0e46e5bea895a4e0af1c4999650679,sync,False,2026-08-31T01:12:33+00:00
cyclone-idai-2019,manual-cyclone-idai-2019-sa-cyclone-and-flooding-snapshot-10072019-pdf,human,,human,2019-07-10,shelter,Shelter and non-food items,absent,0.0,1.0,ok,,0,,qwen/qwen3.8-flash,ced263c6f7dac9aa2cb71562faadaf308797092e191909009377888d022cfa8a,sync,False,2026-08-31T01:12:33+00:00
cyclone-idai-2019,manual-cyclone-idai-2019-etc-mozambique-sitrep-10-1-pdf,human,,human,undated,currency_and_metadata,Data currency and report metadata,present,1.0,1.0,ok,,165,7125bca6,qwen/qwen3.8-flash,beaac22534c202acb9ac60574482c9854e3842a68d2a046ebafa9024d94c6af4,sync,False,2026-08-31T01:12:33+00:00
cyclone-idai-2019,manual-cyclone-idai-2019-etc-mozambique-sitrep-10-1-pdf,human,,human,undated,sourcing,Sourcing and attribution,present,1.0,1.0,ok,,130,a1a352eb,qwen/qwen3.8-flash,dbe85453cf4a43666c1aaf420538f2f42e89142c748f469a4b1153fa7015e00f,sync,False,2026-08-31T01:12:33+00:00
cyclone-idai-2019,manual-cyclone-idai-2019-etc-mozambique-sitrep-10-1-pdf,human,,human,undated,casualties,Casualty and affected-population figures,present,1.0,1.0,ok,,180,63a90fe0,qwen/qwen3.8-flash,ae8a7f28d4374e7d87ab6979bc3765cea3a674af9660241551de8b10326ae28b,sync,False,2026-08-31T01:12:33+00:00
cyclone-idai-2019,manual-cyclone-idai-2019-etc-mozambique-sitrep-10-1-pdf,human,,human,undated,displacement,Displacement and accommodation sites,present,1.0,1.0,ok,,115,01efffcd,qwen/qwen3.8-flash,a2b6a98a345db6e1b2f96d14390b56e4179fb41da4f67d3ee309bb708ab17974,sync,False,2026-08-31T01:12:33+00:00
cyclone-idai-2019,manual-cyclone-idai-2019-etc-mozambique-sitrep-10-1-pdf,human,,human,undated,health,"Health, disease outbreak and nutrition",present,1.0,1.0,ok,,189,b619c7e6,qwen/qwen3.8-flash,dd88950b55b6fa9eb5d31def1262eec3759b1dae8e691f62704920a662c29659,sync,False,2026-08-31T01:12:33+00:00
cyclone-idai-2019,manual-cyclone-idai-2019-etc-mozambique-sitrep-10-1-pdf,human,,human,undated,damage,"Physical, economic and agricultural damage",present,1.0,1.0,ok,,136,33abdcbc,qwen/qwen3.8-flash,659c7b443532c12d74e56b860e9b11f29b64c6613318897be2d53e9f0336330c,sync,False,2026-08-31T01:12:33+00:00
cyclone-idai-2019,manual-cyclone-idai-2019-etc-mozambique-sitrep-10-1-pdf,human,,human,undated,funding,Funding status and donor contributions,,,,invalid,unparsable JSON (empty output),0,,qwen/qwen3.8-flash,26ca0e7066ff5b229cf02a950f9bd0ef0c0464d6155f096bb1abaf938de0d4bb,sync,False,2026-08-31T01:12:33+00:00
cyclone-idai-2019,manual-cyclone-idai-2019-etc-mozambique-sitrep-10-1-pdf,human,,human,undated,education,Education impact and response,absent,0.0,1.0,ok,,0,,qwen/qwen3.8-flash,89f09ee5beb26bb2689d4af77bc32c77d0b91229e38e63cb68368a18c5043e5f,sync,False,2026-08-31T01:12:33+00:00
cyclone-idai-2019,manual-cyclone-idai-2019-etc-mozambique-sitrep-10-1-pdf,human,,human,undated,wash,WASH needs and response,absent,0.0,1.0,ok,,0,,qwen/qwen3.8-flash,1c5373af9462d1a97f1a82c25b0885cdae56b1cf1a7d35a367ebf11da66f2725,sync,False,2026-08-31T01:12:33+00:00
cyclone-idai-2019,manual-cyclone-idai-2019-etc-mozambique-sitrep-10-1-pdf,human,,human,undated,food,Food security and assistance reach,absent,0.0,1.0,ok,,0,,qwen/qwen3.8-flash,fc99c13d781056a3faeb09bc5519746c4059a21f1cedf3bf1334e4ba0bcf9b21,sync,False,2026-08-31T01:12:33+00:00
cyclone-idai-2019,manual-cyclone-idai-2019-etc-mozambique-sitrep-10-1-pdf,human,,human,undated,access,Access constraints,partial,0.5,0.95,ok,,166,39506c4f,qwen/qwen3.8-flash,d6c4de5ee5d7b8be03678a1dc364e1fccefc3855b3ed21d3149e9e23aa466172,sync,False,2026-08-31T01:12:33+00:00
cyclone-idai-2019,manual-cyclone-idai-2019-etc-mozambique-sitrep-10-1-pdf,human,,human,undated,coordination,Coordination arrangements,,,,invalid,"unparsable JSON (Expecting ',' delimiter at pos 229)",0,,qwen/qwen3.8-flash,b5f5182ced82b1b75400da621cd9aeda7abc6a7cd7d5cee7bd41ab15059dfc94,sync,False,2026-08-31T01:12:33+00:00
cyclone-idai-2019,manual-cyclone-idai-2019-etc-mozambique-sitrep-10-1-pdf,human,,human,undated,needs_gaps,Sector needs and gaps,,,,invalid,unparsable JSON (empty output),0,,qwen/qwen3.8-flash,22d65c6ab4357da54fcab77508e869af2e0da61589fc44cb130b583cd806bc05,sync,False,2026-08-31T01:12:33+00:00
cyclone-idai-2019,manual-cyclone-idai-2019-etc-mozambique-sitrep-10-1-pdf,human,,human,undated,response_actions,Sector response activities,present,1.0,1.0,ok,,167,d6646208,qwen/qwen3.8-flash,ab4c037882ba6873d82bc3a368157321491ff82c2aa7760aa02ffcf9ed24f637,sync,False,2026-08-31T01:12:33+00:00
cyclone-idai-2019,manual-cyclone-idai-2019-etc-mozambique-sitrep-10-1-pdf,human,,human,undated,shelter,Shelter and non-food items,absent,0.0,1.0,ok,,0,,qwen/qwen3.8-flash,da0c8796068d36c5053e6c9f3a2d1806b399ecf06f09f2eedbe761ce549c19ab,sync,False,2026-08-31T01:12:33+00:00
cyclone_idai_2019,2019-03-15__api-fast__generic,machine,api-fast,api-fast/generic,2019-03-15,currency_and_metadata,Data currency and report metadata,partial,0.5,0.95,ok,,152,bea37b6c,qwen/qwen3.8-flash,4c2205378d872abd7a5030ee5c45565833763a21c9ec33867e1f7f07f22269bd,cache,True,2026-08-31T01:12:33+00:00
cyclone_idai_2019,2019-03-15__api-fast__generic,machine,api-fast,api-fast/generic,2019-03-15,sourcing,Sourcing and attribution,partial,0.5,0.95,ok,,100,95d7cfa9,qwen/qwen3.8-flash,85d9ef0d8fc7def6281dfceabad94c168ab3578f121339e03f71d56155c492dc,cache,True,2026-08-31T01:12:33+00:00
cyclone_idai_2019,2019-03-15__api-fast__generic,machine,api-fast,api-fast/generic,2019-03-15,casualties,Casualty and affected-population figures,present,1.0,0.95,ok,,109,5690c71b,qwen/qwen3.8-flash,b252e976955531af11c5676823ac23fbf03d87556e2129255b074f79e01306f8,cache,True,2026-08-31T01:12:33+00:00
cyclone_idai_2019,2019-03-15__api-fast__generic,machine,api-fast,api-fast/generic,2019-03-15,displacement,Displacement and accommodation sites,partial,0.5,0.95,ok,,125,1ee8b17e,qwen/qwen3.8-flash,b93a97888565bc092998b5474f4408f1b3aadc0cd2f63e210ddc0ac5e339a28b,cache,True,2026-08-31T01:12:33+00:00
cyclone_idai_2019,2019-03-15__api-fast__generic,machine,api-fast,api-fast/generic,2019-03-15,health,"Health, disease outbreak and nutrition",absent,0.0,1.0,ok,,0,,qwen/qwen3.8-flash,5218c194d78c908bc4f3ab82eb72811ce3aa364f3a0a05d2b917cd3ecf1e515f,cache,True,2026-08-31T01:12:33+00:00
cyclone_idai_2019,2019-03-15__api-fast__generic,machine,api-fast,api-fast/generic,2019-03-15,damage,"Physical, economic and agricultural damage",partial,0.5,0.95,ok,,99,a239a3f9,qwen/qwen3.8-flash,a6f93b1af08c132dc6d7a3d7fc9661607ca4ba7977109b1b8138e7afeb2bb999,cache,True,2026-08-31T01:12:33+00:00
cyclone_idai_2019,2019-03-15__api-fast__generic,machine,api-fast,api-fast/generic,2019-03-15,funding,Funding status and donor contributions,absent,0.0,1.0,ok,,0,,qwen/qwen3.8-flash,52f12cd604b304c6f0d34087cca67c62e865eddb8dcd708a4ef5a82ec8aba80d,cache,True,2026-08-31T01:12:33+00:00
cyclone_idai_2019,2019-03-15__api-fast__generic,machine,api-fast,api-fast/generic,2019-03-15,education,Education impact and response,absent,0.0,1.0,ok,,0,,qwen/qwen3.8-flash,41176f80664744373e08875b80f8f0ddb199e3c0ab260bd41578cdfc78a319e5,cache,True,2026-08-31T01:12:33+00:00
cyclone_idai_2019,2019-03-15__api-fast__generic,machine,api-fast,api-fast/generic,2019-03-15,wash,WASH needs and response,absent,0.0,1.0,ok,,0,,qwen/qwen3.8-flash,83219266322e870616ee2e5a67e9fbd6057b1505ec71fedab6c2a65541e6ab8d,cache,True,2026-08-31T01:12:33+00:00
cyclone_idai_2019,2019-03-15__api-fast__generic,machine,api-fast,api-fast/generic,2019-03-15,food,Food security and assistance reach,absent,0.0,1.0,ok,,0,,qwen/qwen3.8-flash,ec6c4d2b565fcea5875df402063c6ad62d04090e9d4c920459647873479f40d2,cache,True,2026-08-31T01:12:33+00:00
cyclone_idai_2019,2019-03-15__api-fast__generic,machine,api-fast,api-fast/generic,2019-03-15,access,Access constraints,partial,0.5,0.9,ok,,174,e9409890,qwen/qwen3.8-flash,185b3cf9d414cbcae6c8bc219c54ac28b8c0e83ac226ec42c7e3d8c8acc86615,sync,False,2026-08-31T01:12:33+00:00
cyclone_idai_2019,2019-03-15__api-fast__generic,machine,api-fast,api-fast/generic,2019-03-15,coordination,Coordination arrangements,absent,0.0,0.95,ok,,0,,qwen/qwen3.8-flash,cd8c4c4a7d2b42b157f853909e78cfd6ef498bea12b7de542ed8e310382afee9,sync,False,2026-08-31T01:12:33+00:00
cyclone_idai_2019,2019-03-15__api-fast__generic,machine,api-fast,api-fast/generic,2019-03-15,needs_gaps,Sector needs and gaps,partial,0.5,0.7,ok,,148,968f97fe,qwen/qwen3.8-flash,ce989848da77dc6ac5e1935e61a303266ef1e3e8968e672a2978f131481cd27f,sync,False,2026-08-31T01:12:33+00:00
cyclone_idai_2019,2019-03-15__api-fast__generic,machine,api-fast,api-fast/generic,2019-03-15,response_actions,Sector response activities,present,1.0,0.95,ok,,178,626d6591,qwen/qwen3.8-flash,a55aeff893016bb5a9bb8edcf819f2c67101248942b46adc45aca532649bbfae,sync,False,2026-08-31T01:12:33+00:00
cyclone_idai_2019,2019-03-15__api-fast__generic,machine,api-fast,api-fast/generic,2019-03-15,shelter,Shelter and non-food items,partial,0.5,0.95,ok,,99,249e02c7,qwen/qwen3.8-flash,e2803faa93a3349d43812e221a8548691f686044e83842d8183d2497e1e29d0c,sync,False,2026-08-31T01:12:33+00:00
cyclone_idai_2019,2019-03-15__api-fast__schema_guided,machine,api-fast,api-fast/schema_guided,2019-03-15,currency_and_metadata,Data currency and report metadata,partial,0.5,0.95,ok,,185,5eb79ad3,qwen/qwen3.8-flash,b3b33fa786330e05b96686dabb26ee7b1dd1432eba51d64f82ffe18f3a51bd4f,sync,False,2026-08-31T01:12:33+00:00
cyclone_idai_2019,2019-03-15__api-fast__schema_guided,machine,api-fast,api-fast/schema_guided,2019-03-15,sourcing,Sourcing and attribution,present,1.0,1.0,ok,,178,70afa5ed,qwen/qwen3.8-flash,b749e133240e85ee840817695632c6ab894a9ca0c20199fd09b9290f2533e828,sync,False,2026-08-31T01:12:33+00:00
cyclone_idai_2019,2019-03-15__api-fast__schema_guided,machine,api-fast,api-fast/schema_guided,2019-03-15,casualties,Casualty and affected-population figures,present,1.0,1.0,ok,,133,3ffd7b76,qwen/qwen3.8-flash,63e500c3352d4a40dbce729c67a6b49cdc3348cf4c9cdfe0fe248e591abf3fca,sync,False,2026-08-31T01:12:33+00:00
cyclone_idai_2019,2019-03-15__api-fast__schema_guided,machine,api-fast,api-fast/schema_guided,2019-03-15,displacement,Displacement and accommodation sites,partial,0.5,1.0,ok,,130,e683e422,qwen/qwen3.8-flash,075afe6b30888897cd1077495dc9af142158ad87cdfe7fef9adfb0564b0a1e47,sync,False,2026-08-31T01:12:33+00:00
cyclone_idai_2019,2019-03-15__api-fast__schema_guided,machine,api-fast,api-fast/schema_guided,2019-03-15,health,"Health, disease outbreak and nutrition",absent,0.0,1.0,ok,,0,,qwen/qwen3.8-flash,f1e13bc3d6cfb0eddab23944bd06b3c96a7050b0d58fed7b3d684565cfb242cb,sync,False,2026-08-31T01:12:33+00:00
cyclone_idai_2019,2019-03-15__api-fast__schema_guided,machine,api-fast,api-fast/schema_guided,2019-03-15,damage,"Physical, economic and agricultural damage",present,1.0,1.0,ok,,175,014c1c4d,qwen/qwen3.8-flash,25f64018154cca972e975372d90b72d69c10cae718f3507731fec51967487910,sync,False,2026-08-31T01:12:33+00:00
cyclone_idai_2019,2019-03-15__api-fast__schema_guided,machine,api-fast,api-fast/schema_guided,2019-03-15,funding,Funding status and donor contributions,absent,0.0,1.0,ok,,0,,qwen/qwen3.8-flash,613b05feeecb4ce62b2950eb25fbb8c022106142cf17e4a149a4881fcab908eb,sync,False,2026-08-31T01:12:33+00:00
cyclone_idai_2019,2019-03-15__api-fast__schema_guided,machine,api-fast,api-fast/schema_guided,2019-03-15,education,Education impact and response,absent,0.0,1.0,ok,,0,,qwen/qwen3.8-flash,8d716f9e6c7a193aa58dd857125fde495832fe63ca8363fb1a38906d09f563c7,sync,False,2026-08-31T01:12:33+00:00
cyclone_idai_2019,2019-03-15__api-fast__schema_guided,machine,api-fast,api-fast/schema_guided,2019-03-15,wash,WASH needs and response,absent,0.0,1.0,ok,,0,,qwen/qwen3.8-flash,b628d8b7de2dda6e6b335786233a602d4466785ee115c6c1b7003e9f73389c72,sync,False,2026-08-31T01:12:33+00:00
cyclone_idai_2019,2019-03-15__api-fast__schema_guided,machine,api-fast,api-fast/schema_guided,2019-03-15,food,Food security and assistance reach,absent,0.0,1.0,ok,,0,,qwen/qwen3.8-flash,b87d755af9c0a8359e1679cae76ca676852a8e0aff8b06c2b55fbdaa1f3ff27e,sync,False,2026-08-31T01:12:33+00:00
cyclone_idai_2019,2019-03-15__api-fast__schema_guided,machine,api-fast,api-fast/schema_guided,2019-03-15,access,Access constraints,partial,0.5,0.95,ok,,149,3ea140af,qwen/qwen3.8-flash,174a152f41390f85ab41be59cf31648094409cc94ec4b1b726ae968262e8371d,sync,False,2026-08-31T01:12:33+00:00
cyclone_idai_2019,2019-03-15__api-fast__schema_guided,machine,api-fast,api-fast/schema_guided,2019-03-15,coordination,Coordination arrangements,present,1.0,0.95,ok,,191,4c719b23,qwen/qwen3.8-flash,e7f4db89ee695547dc346cadb530e44706bcfa7f64347e186527d083d93b0bb2,sync,False,2026-08-31T01:12:33+00:00
cyclone_idai_2019,2019-03-15__api-fast__schema_guided,machine,api-fast,api-fast/schema_guided,2019-03-15,needs_gaps,Sector needs and gaps,absent,0.0,1.0,ok,,0,,qwen/qwen3.8-flash,d66862a9086dbbfbe0dfb011315e07dddb97503460a5fe455605c10299c70413,sync,False,2026-08-31T01:12:33+00:00
cyclone_idai_2019,2019-03-15__api-fast__schema_guided,machine,api-fast,api-fast/schema_guided,2019-03-15,response_actions,Sector response activities,present,1.0,1.0,ok,,242,43fed79f,qwen/qwen3.8-flash,2bea95bc3e144e41c58cdac405ea636bc13940d8d9b8bbfcefcc6d6d81a77d10,sync,False,2026-08-31T01:12:33+00:00
cyclone_idai_2019,2019-03-15__api-fast__schema_guided,machine,api-fast,api-fast/schema_guided,2019-03-15,shelter,Shelter and non-food items,absent,0.0,1.0,ok,,0,,qwen/qwen3.8-flash,0455f734b02f51cbe09176da5d7c9419d579e77eb26870124cf6e1fea8fac751,sync,False,2026-08-31T01:12:33+00:00
cyclone_idai_2019,2019-03-15__api-strong__generic,machine,api-strong,api-strong/generic,2019-03-15,currency_and_metadata,Data currency and report metadata,partial,0.5,0.95,ok,,146,72e31c55,qwen/qwen3.8-flash,b555e9adde91b35506574bb6a2ecff88628721ef9f65febb4f1421098e1cd113,sync,False,2026-08-31T01:12:33+00:00
cyclone_idai_2019,2019-03-15__api-strong__generic,machine,api-strong,api-strong/generic,2019-03-15,sourcing,Sourcing and attribution,partial,0.5,0.9,ok,,142,bb805231,qwen/qwen3.8-flash,eaa391d28ddf6a474daf9f24fb29676cdac518eba8377655eccb71eb40c0ddba,sync,False,2026-08-31T01:12:33+00:00
cyclone_idai_2019,2019-03-15__api-strong__generic,machine,api-strong,api-strong/generic,2019-03-15,casualties,Casualty and affected-population figures,present,1.0,1.0,ok,,162,36a3f38f,qwen/qwen3.8-flash,68182faa289b68a1ee646ef6251fd219fa2c8ab2f290530a3225082bd1abbe06,sync,False,2026-08-31T01:12:33+00:00
cyclone_idai_2019,2019-03-15__api-strong__generic,machine,api-strong,api-strong/generic,2019-03-15,displacement,Displacement and accommodation sites,partial,0.5,1.0,ok,,110,c258b899,qwen/qwen3.8-flash,9d12ba5d0618d689ad9f331e63d2a389ac7c8c290aec616ccfacc204c0303497,sync,False,2026-08-31T01:12:33+00:00
cyclone_idai_2019,2019-03-15__api-strong__generic,machine,api-strong,api-strong/generic,2019-03-15,health,"Health, disease outbreak and nutrition",absent,0.0,1.0,ok,,0,,qwen/qwen3.8-flash,5c695b2db1bda0a0e9b71965455a4844f0259cf42c4f2613c7b5b0cb59135aa9,sync,False,2026-08-31T01:12:33+00:00
cyclone_idai_2019,2019-03-15__api-strong__generic,machine,api-strong,api-strong/generic,2019-03-15,damage,"Physical, economic and agricultural damage",partial,0.5,0.95,ok,,148,e185b740,qwen/qwen3.8-flash,bd4d6fb6873f0a1c64299a56e3ea11647fb45513c0c4311216554817fbe63cdb,sync,False,2026-08-31T01:12:33+00:00
cyclone_idai_2019,2019-03-15__api-strong__generic,machine,api-strong,api-strong/generic,2019-03-15,funding,Funding status and donor contributions,absent,0.0,1.0,ok,,0,,qwen/qwen3.8-flash,79c603fd35c088f531dd9eb60b2f69d16700c2e040ad0b1645bf8f72f3f50011,sync,False,2026-08-31T01:12:33+00:00
cyclone_idai_2019,2019-03-15__api-strong__generic,machine,api-strong,api-strong/generic,2019-03-15,education,Education impact and response,absent,0.0,1.0,ok,,0,,qwen/qwen3.8-flash,87a06dfa2fb609fdda161d764a89fab73e699e13b3f202ff4e718cd10bd1aa5f,sync,False,2026-08-31T01:12:33+00:00
cyclone_idai_2019,2019-03-15__api-strong__generic,machine,api-strong,api-strong/generic,2019-03-15,wash,WASH needs and response,absent,0.0,1.0,ok,,0,,qwen/qwen3.8-flash,06b5015212184dba3ad33648bd878ca2a654c345d6541df2bf83d80d65f60434,sync,False,2026-08-31T01:12:33+00:00
cyclone_idai_2019,2019-03-15__api-strong__generic,machine,api-strong,api-strong/generic,2019-03-15,food,Food security and assistance reach,absent,0.0,1.0,ok,,0,,qwen/qwen3.8-flash,080d97768679450428e3f50fc4a5a8ddd074daa8624c3ea6c5a02edf52c770ad,sync,False,2026-08-31T01:12:33+00:00
cyclone_idai_2019,2019-03-15__api-strong__generic,machine,api-strong,api-strong/generic,2019-03-15,access,Access constraints,partial,0.5,0.85,ok,,134,81b66ecf,qwen/qwen3.8-flash,e6adcbd4a22dba322e1ce4572f1cfe204ebcf01a8f1998cb955c07f93e6b29f9,sync,False,2026-08-31T01:12:33+00:00
cyclone_idai_2019,2019-03-15__api-strong__generic,machine,api-strong,api-strong/generic,2019-03-15,coordination,Coordination arrangements,partial,0.5,0.95,ok,,150,bef9036b,qwen/qwen3.8-flash,77ba42fd91d33d35debccf0a16617801a4cf780570732e25457339a14c6f8ca8,sync,False,2026-08-31T01:12:33+00:00
cyclone_idai_2019,2019-03-15__api-strong__generic,machine,api-strong,api-strong/generic,2019-03-15,needs_gaps,Sector needs and gaps,absent,0.0,0.95,ok,,0,,qwen/qwen3.8-flash,028aac7e5fdee5bdd87fa0037378f0509e168a93cf18dbf8e19f8c6998b524a0,sync,False,2026-08-31T01:12:33+00:00
cyclone_idai_2019,2019-03-15__api-strong__generic,machine,api-strong,api-strong/generic,2019-03-15,response_actions,Sector response activities,present,1.0,0.95,ok,,173,4021945b,qwen/qwen3.8-flash,3abfa13bb960d42320e008ec81097d23afd8e0573bef9e9582d65c5767127fd2,sync,False,2026-08-31T01:12:33+00:00
cyclone_idai_2019,2019-03-15__api-strong__generic,machine,api-strong,api-strong/generic,2019-03-15,shelter,Shelter and non-food items,partial,0.5,0.9,ok,,112,cc3a5909,qwen/qwen3.8-flash,919ec78bc81d7d699e4559f7928020b40eb9d9c9510b8766e60870fedf859291,sync,False,2026-08-31T01:12:33+00:00
cyclone_idai_2019,2019-03-15__api-strong__schema_guided,machine,api-strong,api-strong/schema_guided,2019-03-15,currency_and_metadata,Data currency and report metadata,partial,0.5,0.95,ok,,177,2776999c,qwen/qwen3.8-flash,fe5304a863df1c69ecba92a711678c5a94153dbf237e5b4ecf7f9a6e8d80f5e3,sync,False,2026-08-31T01:12:33+00:00
cyclone_idai_2019,2019-03-15__api-strong__schema_guided,machine,api-strong,api-strong/schema_guided,2019-03-15,sourcing,Sourcing and attribution,present,1.0,1.0,ok,,157,f43930f7,qwen/qwen3.8-flash,bef0579225a5e08ae7c007acab58d1110113fffedc7c8a74485485be8ce136c1,sync,False,2026-08-31T01:12:33+00:00
cyclone_idai_2019,2019-03-15__api-strong__schema_guided,machine,api-strong,api-strong/schema_guided,2019-03-15,casualties,Casualty and affected-population figures,,,,invalid,unparsable JSON (empty output),0,,qwen/qwen3.8-flash,3769997328f428d240e49dac7aa71726b72449ad1a7b1ccf66b3d8d01063b947,sync,False,2026-08-31T01:12:33+00:00
cyclone_idai_2019,2019-03-15__api-strong__schema_guided,machine,api-strong,api-strong/schema_guided,2019-03-15,displacement,Displacement and accommodation sites,partial,0.5,0.95,ok,,198,d6a2937a,qwen/qwen3.8-flash,c4b4dc0cebcf326ea2a644b63e23c67abd2bedcc554281d0376cd40803a492aa,sync,False,2026-08-31T01:12:33+00:00
cyclone_idai_2019,2019-03-15__api-strong__schema_guided,machine,api-strong,api-strong/schema_guided,2019-03-15,health,"Health, disease outbreak and nutrition",absent,0.0,1.0,ok,,0,,qwen/qwen3.8-flash,d355dfbb8cc6bd3b50c85788aebcab5fe2b9b5246892c70ed4a348cf0bff4614,sync,False,2026-08-31T01:12:33+00:00
cyclone_idai_2019,2019-03-15__api-strong__schema_guided,machine,api-strong,api-strong/schema_guided,2019-03-15,damage,"Physical, economic and agricultural damage",present,1.0,0.95,ok,,187,63993e45,qwen/qwen3.8-flash,1c69e742636ace52a6184ffbf9a0fd41e20911f0605177ece711e2e3a75b9380,sync,False,2026-08-31T01:12:33+00:00
cyclone_idai_2019,2019-03-15__api-strong__schema_guided,machine,api-strong,api-strong/schema_guided,2019-03-15,funding,Funding status and donor contributions,absent,0.0,1.0,ok,,0,,qwen/qwen3.8-flash,e70b86c0cf1d3fdc16d463b116bda511940563d14d4bccd062cf88410df2694b,sync,False,2026-08-31T01:12:33+00:00
cyclone_idai_2019,2019-03-15__api-strong__schema_guided,machine,api-strong,api-strong/schema_guided,2019-03-15,education,Education impact and response,partial,0.5,1.0,ok,,118,fd97b12e,qwen/qwen3.8-flash,acf8051fdef8bfe3344ebb5cb439cc1515ae9c0d7b8259f0d316bb4e58ad1106,sync,False,2026-08-31T01:12:33+00:00
cyclone_idai_2019,2019-03-15__api-strong__schema_guided,machine,api-strong,api-strong/schema_guided,2019-03-15,wash,WASH needs and response,absent,0.0,1.0,ok,,0,,qwen/qwen3.8-flash,a7c5d5b94d83fa44f58dfa39117a91088de6ac256438338c8c117e3a6994c6b0,sync,False,2026-08-31T01:12:33+00:00
cyclone_idai_2019,2019-03-15__api-strong__schema_guided,machine,api-strong,api-strong/schema_guided,2019-03-15,food,Food security and assistance reach,absent,0.0,1.0,ok,,0,,qwen/qwen3.8-flash,8a942229efc1660107f8df6cdc4305c37129a358a6c75f3bb820b7e1048b43bb,sync,False,2026-08-31T01:12:33+00:00
cyclone_idai_2019,2019-03-15__api-strong__schema_guided,machine,api-strong,api-strong/schema_guided,2019-03-15,access,Access constraints,present,1.0,1.0,ok,,101,ad5ab5d8,qwen/qwen3.8-flash,9a7cb78218d653968b18ff99ab94808c5bc50f41dcdee4a2bdb809cf426e5555,sync,False,2026-08-31T01:12:33+00:00
cyclone_idai_2019,2019-03-15__api-strong__schema_guided,machine,api-strong,api-strong/schema_guided,2019-03-15,coordination,Coordination arrangements,partial,0.5,1.0,ok,,154,49be5870,qwen/qwen3.8-flash,88e0bc924d90b937e69645604040fc2489990094ab6afa107991ec8e06f559e9,sync,False,2026-08-31T01:12:33+00:00
cyclone_idai_2019,2019-03-15__api-strong__schema_guided,machine,api-strong,api-strong/schema_guided,2019-03-15,needs_gaps,Sector needs and gaps,partial,0.5,0.95,ok,,183,30227bf9,qwen/qwen3.8-flash,70e0ae123b321bbb1f524f8e7cb50336f9a06edeed7126279e10047a9d174c78,sync,False,2026-08-31T01:12:33+00:00
cyclone_idai_2019,2019-03-15__api-strong__schema_guided,machine,api-strong,api-strong/schema_guided,2019-03-15,response_actions,Sector response activities,present,1.0,0.95,ok,,234,0019d31c,qwen/qwen3.8-flash,447d90736739f3011ece692e0626bcfa48c998e05a98ee28120c88a1e3e9839e,sync,False,2026-08-31T01:12:33+00:00
cyclone_idai_2019,2019-03-15__api-strong__schema_guided,machine,api-strong,api-strong/schema_guided,2019-03-15,shelter,Shelter and non-food items,absent,0.0,1.0,ok,,0,,qwen/qwen3.8-flash,d36360ad84bae264a196e97015334328adc36e9aed808259a7972913aaf42bbe,sync,False,2026-08-31T01:12:33+00:00
cyclone_idai_2019,2019-03-16__api-fast__generic,machine,api-fast,api-fast/generic,2019-03-16,currency_and_metadata,Data currency and report metadata,,,,invalid,unparsable JSON (empty output),0,,qwen/qwen3.8-flash,d8b508e87ad02c7a85fe9012b9f69fbf17242c84abf61d8c6536c62fb1c226b5,sync,False,2026-08-31T01:12:33+00:00
cyclone_idai_2019,2019-03-16__api-fast__generic,machine,api-fast,api-fast/generic,2019-03-16,sourcing,Sourcing and attribution,partial,0.5,0.9,ok,,209,888ea126,qwen/qwen3.8-flash,18957ac50348718204fc1d343d4d0b975ccd99cd129074b09d09eceaf4a0ff9b,sync,False,2026-08-31T01:12:33+00:00
cyclone_idai_2019,2019-03-16__api-fast__generic,machine,api-fast,api-fast/generic,2019-03-16,casualties,Casualty and affected-population figures,present,1.0,0.95,ok,,193,62f1e0ce,qwen/qwen3.8-flash,113039bb61799344394e3e59aec64977d65fdf71c576fb0f219f90804deb1d9d,sync,False,2026-08-31T01:12:33+00:00
cyclone_idai_2019,2019-03-16__api-fast__generic,machine,api-fast,api-fast/generic,2019-03-16,displacement,Displacement and accommodation sites,partial,0.5,0.95,ok,,125,29f72c51,qwen/qwen3.8-flash,2cdde6d80305cea8e5b7b8a7c6183bba1d623bab285d2e43a8cdf5264054b5ea,sync,False,2026-08-31T01:12:33+00:00
cyclone_idai_2019,2019-03-16__api-fast__generic,machine,api-fast,api-fast/generic,2019-03-16,health,"Health, disease outbreak and nutrition",absent,0.0,1.0,ok,,0,,qwen/qwen3.8-flash,b05426ad6fef103071a79eee1948bd41b1d946f05cf440c54fcd66bf4a69be80,sync,False,2026-08-31T01:12:33+00:00
cyclone_idai_2019,2019-03-16__api-fast__generic,machine,api-fast,api-fast/generic,2019-03-16,damage,"Physical, economic and agricultural damage",present,1.0,0.95,ok,,220,fb270b44,qwen/qwen3.8-flash,7b313cfb7ac54bcb7b4f8c87d35322afbf2e94b18005f9f5a07dc077f480abd9,sync,False,2026-08-31T01:12:33+00:00
cyclone_idai_2019,2019-03-16__api-fast__generic,machine,api-fast,api-fast/generic,2019-03-16,funding,Funding status and donor contributions,partial,0.5,1.0,ok,,119,9b756857,qwen/qwen3.8-flash,0b7d3369d07ba8a7e754a1d3bd702664957e5dd5e1b486312a21228e06ced8fe,sync,False,2026-08-31T01:12:33+00:00
cyclone_idai_2019,2019-03-16__api-fast__generic,machine,api-fast,api-fast/generic,2019-03-16,education,Education impact and response,partial,0.5,0.95,ok,,276,82158edc,qwen/qwen3.8-flash,691d7fefe84b610115edb1a7863825aee73a5f432f00e067a9ccc27df4e4d4b5,sync,False,2026-08-31T01:12:33+00:00
cyclone_idai_2019,2019-03-16__api-fast__generic,machine,api-fast,api-fast/generic,2019-03-16,wash,WASH needs and response,partial,0.5,0.95,ok,,131,926c72c0,qwen/qwen3.8-flash,aaff1fd8dc123694e3621baf8c15484b95703f1759f6df3ff3fdae81b606dfa6,sync,False,2026-08-31T01:12:33+00:00
cyclone_idai_2019,2019-03-16__api-fast__generic,machine,api-fast,api-fast/generic,2019-03-16,food,Food security and assistance reach,partial,0.5,0.95,ok,,105,ee8db99b,qwen/qwen3.8-flash,b8b1a6e6e8f93c7af57fa5afc9de866c845f0f0541aa7afa8f5192af2b9be61e,sync,False,2026-08-31T01:12:33+00:00
cyclone_idai_2019,2019-03-16__api-fast__generic,machine,api-fast,api-fast/generic,2019-03-16,access,Access constraints,present,1.0,0.95,ok,,182,5b301abb,qwen/qwen3.8-flash,6d0128df4e1e190b71b32c606edf4aecca834a621ba9a71102e230dcf358cd3a,sync,False,2026-08-31T01:12:33+00:00
cyclone_idai_2019,2019-03-16__api-fast__generic,machine,api-fast,api-fast/generic,2019-03-16,coordination,Coordination arrangements,present,1.0,0.95,ok,,134,ac2fdb28,qwen/qwen3.8-flash,37370227c55e856181a897e332b5b39be85a801555e8231929e5515c995dc332,sync,False,2026-08-31T01:12:33+00:00
cyclone_idai_2019,2019-03-16__api-fast__generic,machine,api-fast,api-fast/generic,2019-03-16,needs_gaps,Sector needs and gaps,partial,0.5,0.9,ok,,91,85b3f5f4,qwen/qwen3.8-flash,5a19e228334d89221cba51c4a551f4fb31d11702cb291f3b1a9a839854f1e7ba,sync,False,2026-08-31T01:12:33+00:00
cyclone_idai_2019,2019-03-16__api-fast__generic,machine,api-fast,api-fast/generic,2019-03-16,response_actions,Sector response activities,present,1.0,0.95,ok,,195,fd92e50e,qwen/qwen3.8-flash,0c8bec6982fa66ab30383c901a4bcc128128d1baa2bd13fe3bc8df4a042711e9,sync,False,2026-08-31T01:12:33+00:00
cyclone_idai_2019,2019-03-16__api-fast__generic,machine,api-fast,api-fast/generic,2019-03-16,shelter,Shelter and non-food items,partial,0.5,0.95,ok,,111,f95ded46,qwen/qwen3.8-flash,d81067a03a00f410894590fee79ebce565d22129c4f425f9f8102b7eb920f28e,sync,False,2026-08-31T01:12:33+00:00
cyclone_idai_2019,2019-03-16__api-fast__schema_guided,machine,api-fast,api-fast/schema_guided,2019-03-16,currency_and_metadata,Data currency and report metadata,partial,0.5,0.95,ok,,187,df5be9b4,qwen/qwen3.8-flash,1c1cf6b4a083871adb63906aa099f326611cc5827c7e707785974fc730c399a9,sync,False,2026-08-31T01:12:33+00:00
cyclone_idai_2019,2019-03-16__api-fast__schema_guided,machine,api-fast,api-fast/schema_guided,2019-03-16,sourcing,Sourcing and attribution,present,1.0,1.0,ok,,153,82b6c6b5,qwen/qwen3.8-flash,8204ee14f2df465aa14fa441bef00adb031e457474bc4269bac35dd9c7ccfc9d,sync,False,2026-08-31T01:12:33+00:00
cyclone_idai_2019,2019-03-16__api-fast__schema_guided,machine,api-fast,api-fast/schema_guided,2019-03-16,casualties,Casualty and affected-population figures,,,,invalid,unparsable JSON (empty output),0,,qwen/qwen3.8-flash,e183cde5b80d5c39b6b4930e122f5a9801f332d081d127275bc153f3f433642e,sync,False,2026-08-31T01:12:33+00:00
cyclone_idai_2019,2019-03-16__api-fast__schema_guided,machine,api-fast,api-fast/schema_guided,2019-03-16,displacement,Displacement and accommodation sites,,,,invalid,unparsable JSON (empty output),0,,qwen/qwen3.8-flash,f2fe45475e9dd29b333b1cd85b6c65c48ddc3a5efd1a80ce996671ca949bb62a,sync,False,2026-08-31T01:12:33+00:00
cyclone_idai_2019,2019-03-16__api-fast__schema_guided,machine,api-fast,api-fast/schema_guided,2019-03-16,health,"Health, disease outbreak and nutrition",absent,0.0,1.0,ok,,0,,qwen/qwen3.8-flash,c77ac02ed84fccff434dd1beec89d53d5d3c579aaff76619e31366010fe58ece,sync,False,2026-08-31T01:12:33+00:00
cyclone_idai_2019,2019-03-16__api-fast__schema_guided,machine,api-fast,api-fast/schema_guided,2019-03-16,damage,"Physical, economic and agricultural damage",present,1.0,1.0,ok,,150,23f53982,qwen/qwen3.8-flash,46c0a89452fe08997466c82ef302429534810fe81d559dde335ba3b0fac6b450,sync,False,2026-08-31T01:12:33+00:00
cyclone_idai_2019,2019-03-16__api-fast__schema_guided,machine,api-fast,api-fast/schema_guided,2019-03-16,funding,Funding status and donor contributions,partial,0.5,1.0,ok,,105,031cdc67,qwen/qwen3.8-flash,1166c027210fcc39e9ed4dbbc795fc4f557585426161eebeb122d6d82b59113e,sync,False,2026-08-31T01:12:33+00:00
cyclone_idai_2019,2019-03-16__api-fast__schema_guided,machine,api-fast,api-fast/schema_guided,2019-03-16,education,Education impact and response,present,1.0,1.0,ok,,164,f561d0a4,qwen/qwen3.8-flash,a276faaed558b3a54f881bfb1b96968104b3d8c72df7a6132b3799f405f51223,sync,False,2026-08-31T01:12:33+00:00
cyclone_idai_2019,2019-03-16__api-fast__schema_guided,machine,api-fast,api-fast/schema_guided,2019-03-16,wash,WASH needs and response,partial,0.5,0.95,ok,,209,8460a367,qwen/qwen3.8-flash,b1fd9045616cac2b234e08df3e18b9738ffe2aa8561804b4431aa0f9ee1ef48d,sync,False,2026-08-31T01:12:33+00:00
cyclone_idai_2019,2019-03-16__api-fast__schema_guided,machine,api-fast,api-fast/schema_guided,2019-03-16,food,Food security and assistance reach,partial,0.5,0.95,ok,,165,e58b2817,qwen/qwen3.8-flash,c0941fd657911d0146bd46cb1d0eb7a69d0c09549e7f0029cc0387aed4b2f549,sync,False,2026-08-31T01:12:33+00:00
cyclone_idai_2019,2019-03-16__api-fast__schema_guided,machine,api-fast,api-fast/schema_guided,2019-03-16,access,Access constraints,present,1.0,1.0,ok,,187,e922522d,qwen/qwen3.8-flash,a90c72fcad8e790e05106702a5e9c6701a9a3d813fda7a73bd2355547160a859,sync,False,2026-08-31T01:12:33+00:00
cyclone_idai_2019,2019-03-16__api-fast__schema_guided,machine,api-fast,api-fast/schema_guided,2019-03-16,coordination,Coordination arrangements,present,1.0,1.0,ok,,170,19b950e2,qwen/qwen3.8-flash,7194ea6c1b3a76309ca1927304f9d7bbb8eac3c464d15203419f430ba2a7b7cd,sync,False,2026-08-31T01:12:33+00:00
cyclone_idai_2019,2019-03-16__api-fast__schema_guided,machine,api-fast,api-fast/schema_guided,2019-03-16,needs_gaps,Sector needs and gaps,present,1.0,1.0,ok,,196,b4dd9cdf,qwen/qwen3.8-flash,2c270f02c265dfa07b58b7b2a6065df9a3d314c42f4352ce791c8a4f95ed3cc9,sync,False,2026-08-31T01:12:33+00:00
cyclone_idai_2019,2019-03-16__api-fast__schema_guided,machine,api-fast,api-fast/schema_guided,2019-03-16,response_actions,Sector response activities,present,1.0,1.0,ok,,133,7a1a5d96,qwen/qwen3.8-flash,fd791364dcafb7c746e0e76746f9125b57219934e16de8355fc91bb396131f9c,sync,False,2026-08-31T01:12:33+00:00
cyclone_idai_2019,2019-03-16__api-fast__schema_guided,machine,api-fast,api-fast/schema_guided,2019-03-16,shelter,Shelter and non-food items,partial,0.5,0.95,ok,,117,df6292a6,qwen/qwen3.8-flash,0c5b4d9585fa11291f980b63f842dbd622a1f114fdc78d771231f9cf44ab0768,sync,False,2026-08-31T01:12:33+00:00
cyclone_idai_2019,2019-03-16__api-strong__generic,machine,api-strong,api-strong/generic,2019-03-16,currency_and_metadata,Data currency and report metadata,present,1.0,1.0,ok,,106,e254714b,qwen/qwen3.8-flash,452858109f7ddd545798472b157386a57d3ca643bad274fcfbcc8e6fefcb4387,sync,False,2026-08-31T01:12:33+00:00
cyclone_idai_2019,2019-03-16__api-strong__generic,machine,api-strong,api-strong/generic,2019-03-16,sourcing,Sourcing and attribution,present,1.0,0.95,ok,,209,7874b143,qwen/qwen3.8-flash,5315eadf0955d2499a9de2decae6c199e3a9c698d3a0519aac0617e8774ac45a,sync,False,2026-08-31T01:12:33+00:00
cyclone_idai_2019,2019-03-16__api-strong__generic,machine,api-strong,api-strong/generic,2019-03-16,casualties,Casualty and affected-population figures,present,1.0,0.95,ok,,162,d7c2da7a,qwen/qwen3.8-flash,c4bae5b1158790043cc29289a3ec9dd95eda381dd45d08e913f6da9ab3a696b4,sync,False,2026-08-31T01:12:33+00:00
cyclone_idai_2019,2019-03-16__api-strong__generic,machine,api-strong,api-strong/generic,2019-03-16,displacement,Displacement and accommodation sites,partial,0.5,0.95,ok,,144,6d877cc1,qwen/qwen3.8-flash,6c94d1806d5d8a55d045b188b57969bad77e9159fac56d0952e1e20cde37293a,sync,False,2026-08-31T01:12:33+00:00
cyclone_idai_2019,2019-03-16__api-strong__generic,machine,api-strong,api-strong/generic,2019-03-16,health,"Health, disease outbreak and nutrition",absent,0.0,1.0,ok,,0,,qwen/qwen3.8-flash,d1a1d0662e30a1de154e14347ddcd70f9564ce97871ee9e1e6b678530edc6575,sync,False,2026-08-31T01:12:33+00:00
cyclone_idai_2019,2019-03-16__api-strong__generic,machine,api-strong,api-strong/generic,2019-03-16,damage,"Physical, economic and agricultural damage",present,1.0,1.0,ok,,227,2c015e7b,qwen/qwen3.8-flash,3568243da1982490ada1f7d616a35d2213ea70b3a38e8bac7e23843e6dbfaba5,sync,False,2026-08-31T01:12:33+00:00
cyclone_idai_2019,2019-03-16__api-strong__generic,machine,api-strong,api-strong/generic,2019-03-16,funding,Funding status and donor contributions,partial,0.5,0.9,ok,,187,681c1529,qwen/qwen3.8-flash,4613492ad38d62ef887ef00439d6131a6ed2b8dadc8ab91ae0c0bb4680b917b2,sync,False,2026-08-31T01:12:33+00:00
cyclone_idai_2019,2019-03-16__api-strong__generic,machine,api-strong,api-strong/generic,2019-03-16,education,Education impact and response,partial,0.5,0.95,ok,,182,584a8ee2,qwen/qwen3.8-flash,93e52d55dc31ccbf1e3d24ff0c8e0fc797f28c591d84e9f9295edb82731a7bf1,sync,False,2026-08-31T01:12:33+00:00
cyclone_idai_2019,2019-03-16__api-strong__generic,machine,api-strong,api-strong/generic,2019-03-16,wash,WASH needs and response,partial,0.5,0.85,ok,,169,9ec5f93f,qwen/qwen3.8-flash,f7b369c9e4bdcbddd448712c858fb70e1a85bedf44e4e32a263c3c160b9920ca,sync,False,2026-08-31T01:12:33+00:00
cyclone_idai_2019,2019-03-16__api-strong__generic,machine,api-strong,api-strong/generic,2019-03-16,food,Food security and assistance reach,partial,0.5,0.95,ok,,46,f6546fb0,qwen/qwen3.8-flash,5f0116323cb226ea4bd32bac28b471d5abb1105d512bcda615cba14ed9568406,sync,False,2026-08-31T01:12:33+00:00
cyclone_idai_2019,2019-03-16__api-strong__generic,machine,api-strong,api-strong/generic,2019-03-16,access,Access constraints,present,1.0,1.0,ok,,138,32745a25,qwen/qwen3.8-flash,d3d4bf5a5cf8cd246221b44fd1177a4b429934ea3d7fb64316a2c734ec72cf59,sync,False,2026-08-31T01:12:33+00:00
cyclone_idai_2019,2019-03-16__api-strong__generic,machine,api-strong,api-strong/generic,2019-03-16,coordination,Coordination arrangements,present,1.0,0.95,ok,,172,37c685bd,qwen/qwen3.8-flash,e2bdd33da526c7aa1cfd7f9f64ae6354d8840d0af26bed259794aed5df5ebf12,sync,False,2026-08-31T01:12:33+00:00
cyclone_idai_2019,2019-03-16__api-strong__generic,machine,api-strong,api-strong/generic,2019-03-16,needs_gaps,Sector needs and gaps,partial,0.5,0.95,ok,,158,3a6424a2,qwen/qwen3.8-flash,601a77ae5e5e332eb51cf01d1697b10430ff2777f7f7ac0049b1463c8c3ab559,sync,False,2026-08-31T01:12:33+00:00
cyclone_idai_2019,2019-03-16__api-strong__generic,machine,api-strong,api-strong/generic,2019-03-16,response_actions,Sector response activities,present,1.0,0.9,ok,,170,8e917065,qwen/qwen3.8-flash,1b6d34acae77f92674b36718674aaeb6ce8f3ad44ad1d33960546d62b117db32,sync,False,2026-08-31T01:12:33+00:00
cyclone_idai_2019,2019-03-16__api-strong__generic,machine,api-strong,api-strong/generic,2019-03-16,shelter,Shelter and non-food items,partial,0.5,0.95,ok,,131,4cb7a42a,qwen/qwen3.8-flash,2c58ff52321939d30b1bc3a2a49fc10b7356e54548687ce43a0d1a6cc1675c4e,sync,False,2026-08-31T01:12:33+00:00
cyclone_idai_2019,2019-03-16__api-strong__schema_guided,machine,api-strong,api-strong/schema_guided,2019-03-16,currency_and_metadata,Data currency and report metadata,partial,0.5,1.0,ok,,169,04f19f97,qwen/qwen3.8-flash,4f3faf2bd060d7327b5db96c3f9164512a4c3aab8fc6af237cdc8cc1089ee962,sync,False,2026-08-31T01:12:33+00:00
cyclone_idai_2019,2019-03-16__api-strong__schema_guided,machine,api-strong,api-strong/schema_guided,2019-03-16,sourcing,Sourcing and attribution,present,1.0,1.0,ok,,210,12c416f6,qwen/qwen3.8-flash,4cdbb45f92aa6300f6d97ffdbd9c461d75db2cd17687f5d1b27040f0cc67792d,sync,False,2026-08-31T01:12:33+00:00
cyclone_idai_2019,2019-03-16__api-strong__schema_guided,machine,api-strong,api-strong/schema_guided,2019-03-16,casualties,Casualty and affected-population figures,present,1.0,1.0,ok,,161,a102f21c,qwen/qwen3.8-flash,748d9a114d6cbd5eb663cf76907d2b957891ef75ae33ea6be0a78f418224861f,sync,False,2026-08-31T01:12:33+00:00
cyclone_idai_2019,2019-03-16__api-strong__schema_guided,machine,api-strong,api-strong/schema_guided,2019-03-16,displacement,Displacement and accommodation sites,partial,0.5,0.95,ok,,96,344409ca,qwen/qwen3.8-flash,5163744cd44dfca3bcbd19e9c722d28d194d670926a7145a6a733f97a354fc22,sync,False,2026-08-31T01:12:33+00:00
cyclone_idai_2019,2019-03-16__api-strong__schema_guided,machine,api-strong,api-strong/schema_guided,2019-03-16,health,"Health, disease outbreak and nutrition",absent,0.0,1.0,ok,,0,,qwen/qwen3.8-flash,dbfc7cf4850c048f189a8e90986652d3e72090d49f24afd78b68dba5dd2e64fb,sync,False,2026-08-31T01:12:33+00:00
cyclone_idai_2019,2019-03-16__api-strong__schema_guided,machine,api-strong,api-strong/schema_guided,2019-03-16,damage,"Physical, economic and agricultural damage",present,1.0,1.0,ok,,192,15d914c7,qwen/qwen3.8-flash,1258595d28e8bae54944a0b21db61b3183f41c10252ffbb582eecd6e99260430,sync,False,2026-08-31T01:12:33+00:00
cyclone_idai_2019,2019-03-16__api-strong__schema_guided,machine,api-strong,api-strong/schema_guided,2019-03-16,funding,Funding status and donor contributions,partial,0.5,1.0,ok,,158,94497b81,qwen/qwen3.8-flash,3042c02a4a94855825c1e9232dbdee6aaaaf06882dfc62124b205ab46ed8bb7c,sync,False,2026-08-31T01:12:33+00:00
cyclone_idai_2019,2019-03-16__api-strong__schema_guided,machine,api-strong,api-strong/schema_guided,2019-03-16,education,Education impact and response,present,1.0,0.95,ok,,187,16722ebe,qwen/qwen3.8-flash,4bcf9f42953e43ad77b4cabc5735c7ee5de4ca545c87aa2c2b9688497f6d96ae,sync,False,2026-08-31T01:12:33+00:00
cyclone_idai_2019,2019-03-16__api-strong__schema_guided,machine,api-strong,api-strong/schema_guided,2019-03-16,wash,WASH needs and response,partial,0.5,0.9,ok,,157,10ff2deb,qwen/qwen3.8-flash,c58a4eb30ae2de276fda9a2390ab839873c0c6e6f21ad9b633bd14acd530db3a,sync,False,2026-08-31T01:12:33+00:00
cyclone_idai_2019,2019-03-16__api-strong__schema_guided,machine,api-strong,api-strong/schema_guided,2019-03-16,food,Food security and assistance reach,partial,0.5,1.0,ok,,203,9154553b,qwen/qwen3.8-flash,111cdb26273e19a7465ef1bbc14cf97774ee3c23028115cf345e87b1c528a194,sync,False,2026-08-31T01:12:33+00:00
cyclone_idai_2019,2019-03-16__api-strong__schema_guided,machine,api-strong,api-strong/schema_guided,2019-03-16,access,Access constraints,present,1.0,1.0,ok,,165,d4779397,qwen/qwen3.8-flash,8339919c121bb5301eabc63d637001abe1112f08ef9abbd0b0b370440c8c1a9d,sync,False,2026-08-31T01:12:33+00:00
cyclone_idai_2019,2019-03-16__api-strong__schema_guided,machine,api-strong,api-strong/schema_guided,2019-03-16,coordination,Coordination arrangements,present,1.0,1.0,ok,,192,8da27e62,qwen/qwen3.8-flash,746dc8cc957b1e5b03a2d2190d720d1331f0daed1b4a4e961e48867404c088c6,sync,False,2026-08-31T01:12:33+00:00
cyclone_idai_2019,2019-03-16__api-strong__schema_guided,machine,api-strong,api-strong/schema_guided,2019-03-16,needs_gaps,Sector needs and gaps,present,1.0,0.95,ok,,185,d9738b1b,qwen/qwen3.8-flash,29c6610ca4e1c2de1c91a9d145128ca15b9d237a10bd6605bc02ddd1de3b7445,sync,False,2026-08-31T01:12:33+00:00
cyclone_idai_2019,2019-03-16__api-strong__schema_guided,machine,api-strong,api-strong/schema_guided,2019-03-16,response_actions,Sector response activities,present,1.0,0.95,ok,,198,8d96f028,qwen/qwen3.8-flash,4ceea73eaff6f8b805b28c3d5619526f4cbc2d0f233c7f3d46cd3c9bd0da8cc4,sync,False,2026-08-31T01:12:33+00:00
cyclone_idai_2019,2019-03-16__api-strong__schema_guided,machine,api-strong,api-strong/schema_guided,2019-03-16,shelter,Shelter and non-food items,present,1.0,0.95,ok,,181,1ba6cc95,qwen/qwen3.8-flash,1a62adb227fd03fae14121b9121c7671439f8480d2c3766c0888259d3bcc5cb4,sync,False,2026-08-31T01:12:33+00:00
cyclone_idai_2019,2019-03-17__api-fast__generic,machine,api-fast,api-fast/generic,2019-03-17,currency_and_metadata,Data currency and report metadata,partial,0.5,0.95,ok,,107,72bb4d09,qwen/qwen3.8-flash,81dc4130448c66fe854fa706090c46b990a5657e4ba9edb429b5f22f37402053,sync,False,2026-08-31T01:12:33+00:00
cyclone_idai_2019,2019-03-17__api-fast__generic,machine,api-fast,api-fast/generic,2019-03-17,sourcing,Sourcing and attribution,present,1.0,1.0,ok,,92,7ac027c9,qwen/qwen3.8-flash,4cf08d8577c92fdf06b56b3335f7753e55122173f7ad7d61c9755e03787cab3e,sync,False,2026-08-31T01:12:33+00:00
cyclone_idai_2019,2019-03-17__api-fast__generic,machine,api-fast,api-fast/generic,2019-03-17,casualties,Casualty and affected-population figures,present,1.0,1.0,ok,,174,5174b1c4,qwen/qwen3.8-flash,b9514da536a5e14a7a46b45801d5dc3f28c52cef0d085098bb0f2edc7d087123,sync,False,2026-08-31T01:12:33+00:00
cyclone_idai_2019,2019-03-17__api-fast__generic,machine,api-fast,api-fast/generic,2019-03-17,displacement,Displacement and accommodation sites,partial,0.5,0.95,ok,,136,8c2ea740,qwen/qwen3.8-flash,e38dedbe98d523ec0c22e6977c573e2a881a25f15b9eedba8419e45bbb944e97,sync,False,2026-08-31T01:12:33+00:00
cyclone_idai_2019,2019-03-17__api-fast__generic,machine,api-fast,api-fast/generic,2019-03-17,health,"Health, disease outbreak and nutrition",absent,0.0,1.0,ok,,0,,qwen/qwen3.8-flash,1ae8379b7ff081f60450de2b6c815f1edfbcab2312dc37a89e73275fecdf2297,sync,False,2026-08-31T01:12:33+00:00
cyclone_idai_2019,2019-03-17__api-fast__generic,machine,api-fast,api-fast/generic,2019-03-17,damage,"Physical, economic and agricultural damage",present,1.0,0.95,ok,,128,59f0ee4e,qwen/qwen3.8-flash,66896ff3d50067a30c72560ba19e7e237a83d50e30c00a524ce9066b34c16985,sync,False,2026-08-31T01:12:33+00:00
cyclone_idai_2019,2019-03-17__api-fast__generic,machine,api-fast,api-fast/generic,2019-03-17,funding,Funding status and donor contributions,partial,0.5,0.95,ok,,167,d283af5e,qwen/qwen3.8-flash,cc86c70b987d11c6c820f38daeae7b29673024db5cabac7aa44385ee60a98929,sync,False,2026-08-31T01:12:33+00:00
cyclone_idai_2019,2019-03-17__api-fast__generic,machine,api-fast,api-fast/generic,2019-03-17,education,Education impact and response,present,1.0,1.0,ok,,125,ccf964e4,qwen/qwen3.8-flash,b4252fe8bdb27801592e0e0bcedd6e5a9e0ba47ea8ee55dbe20e6a64409a711e,sync,False,2026-08-31T01:12:33+00:00
cyclone_idai_2019,2019-03-17__api-fast__generic,machine,api-fast,api-fast/generic,2019-03-17,wash,WASH needs and response,partial,0.5,0.95,ok,,65,0bdef5e1,qwen/qwen3.8-flash,1b745658a7a1f416c085f6dcb9bb88de4e7496d27a293c50f5f7ffe21beb618d,sync,False,2026-08-31T01:12:33+00:00
cyclone_idai_2019,2019-03-17__api-fast__generic,machine,api-fast,api-fast/generic,2019-03-17,food,Food security and assistance reach,partial,0.5,0.95,ok,,107,4c250726,qwen/qwen3.8-flash,97c2ed998fcb09541cfde3ce5872b4a954c9be291a2fb7535726f212e5c6849f,sync,False,2026-08-31T01:12:33+00:00
cyclone_idai_2019,2019-03-17__api-fast__generic,machine,api-fast,api-fast/generic,2019-03-17,access,Access constraints,present,1.0,1.0,ok,,196,333f2426,qwen/qwen3.8-flash,a2236e0f16d750cc49ae151a41f3ff72f39cca918d87bc68624f1bb1fed97e20,sync,False,2026-08-31T01:12:33+00:00
cyclone_idai_2019,2019-03-17__api-fast__generic,machine,api-fast,api-fast/generic,2019-03-17,coordination,Coordination arrangements,present,1.0,0.9,ok,,157,69f8947d,qwen/qwen3.8-flash,f2c556151a1bdf44bd0a2792891b34d0cfcea74788fe3cd11f5b8daeca07fb0e,sync,False,2026-08-31T01:12:33+00:00
cyclone_idai_2019,2019-03-17__api-fast__generic,machine,api-fast,api-fast/generic,2019-03-17,needs_gaps,Sector needs and gaps,present,1.0,0.9,ok,,93,19466987,qwen/qwen3.8-flash,d616a3373fbd52bc80fe5f07870c9c357c7be4468fb3cdade85d1e08c2fbbb55,sync,False,2026-08-31T01:12:33+00:00
cyclone_idai_2019,2019-03-17__api-fast__generic,machine,api-fast,api-fast/generic,2019-03-17,response_actions,Sector response activities,present,1.0,0.95,ok,,233,ed7cbe53,qwen/qwen3.8-flash,28726bf56a8d4c9ab5ca89fd34dc8b78cbdaf05ac85bdccbac487ab13db07d54,sync,False,2026-08-31T01:12:33+00:00
cyclone_idai_2019,2019-03-17__api-fast__generic,machine,api-fast,api-fast/generic,2019-03-17,shelter,Shelter and non-food items,partial,0.5,0.95,ok,,52,895d893e,qwen/qwen3.8-flash,682ce09e80141267a90ff1f3e45fffe6dff283e01ede16fcdf20d2a1b71bd6eb,sync,False,2026-08-31T01:12:33+00:00
cyclone_idai_2019,2019-03-17__api-fast__schema_guided,machine,api-fast,api-fast/schema_guided,2019-03-17,currency_and_metadata,Data currency and report metadata,,,,invalid,unparsable JSON (empty output),0,,qwen/qwen3.8-flash,f22b55f21b7463a9e893c23d154f4303944545cf7ed5e3141148d512ffc8ce12,sync,False,2026-08-31T01:12:33+00:00
cyclone_idai_2019,2019-03-17__api-fast__schema_guided,machine,api-fast,api-fast/schema_guided,2019-03-17,sourcing,Sourcing and attribution,present,1.0,1.0,ok,,161,19033b49,qwen/qwen3.8-flash,b381387c7a1dedf68944757dfae8e46c01c59f12529815d3df2bf0a80bd3681e,sync,False,2026-08-31T01:12:33+00:00
cyclone_idai_2019,2019-03-17__api-fast__schema_guided,machine,api-fast,api-fast/schema_guided,2019-03-17,casualties,Casualty and affected-population figures,present,1.0,1.0,ok,,179,909d6837,qwen/qwen3.8-flash,0f53d902f43c2dfd2aae9b30c6e14c0be30dec091acc142dd1a48059f628724b,sync,False,2026-08-31T01:12:33+00:00
cyclone_idai_2019,2019-03-17__api-fast__schema_guided,machine,api-fast,api-fast/schema_guided,2019-03-17,displacement,Displacement and accommodation sites,partial,0.5,0.95,ok,,180,0d729aeb,qwen/qwen3.8-flash,605c3af4d6895807ff0c07a46b7d52345744ddbc81b90521cb5ef6e17d2ef394,sync,False,2026-08-31T01:12:33+00:00
cyclone_idai_2019,2019-03-17__api-fast__schema_guided,machine,api-fast,api-fast/schema_guided,2019-03-17,health,"Health, disease outbreak and nutrition",absent,0.0,1.0,ok,,0,,qwen/qwen3.8-flash,1df966b29b23b5960560e46443158fe642a0bd304154ef665a724c5db22a4f76,sync,False,2026-08-31T01:12:33+00:00
cyclone_idai_2019,2019-03-17__api-fast__schema_guided,machine,api-fast,api-fast/schema_guided,2019-03-17,damage,"Physical, economic and agricultural damage",present,1.0,1.0,ok,,140,4cbf8aa7,qwen/qwen3.8-flash,90c98cd27498da4643006611e32e2c246a94450364f79399c9fca9be5447a975,sync,False,2026-08-31T01:12:33+00:00
cyclone_idai_2019,2019-03-17__api-fast__schema_guided,machine,api-fast,api-fast/schema_guided,2019-03-17,funding,Funding status and donor contributions,partial,0.5,1.0,ok,,158,f0f33d50,qwen/qwen3.8-flash,527d90661d9b53332817271c3bb3c841033a9f19fe67093c0965537606d0fc83,sync,False,2026-08-31T01:12:33+00:00
cyclone_idai_2019,2019-03-17__api-fast__schema_guided,machine,api-fast,api-fast/schema_guided,2019-03-17,education,Education impact and response,present,1.0,1.0,ok,,136,9ee80931,qwen/qwen3.8-flash,dfad74f37d6797974929fe62fce08365be68faf6d5711f6c38bd28080d75a94b,sync,False,2026-08-31T01:12:33+00:00
cyclone_idai_2019,2019-03-17__api-fast__schema_guided,machine,api-fast,api-fast/schema_guided,2019-03-17,wash,WASH needs and response,partial,0.5,1.0,ok,,99,32b7a65f,qwen/qwen3.8-flash,25c0b87803ac8234c27c420e632b2c76c748cb8a774e3582fa760524db8aa9a3,sync,False,2026-08-31T01:12:33+00:00
cyclone_idai_2019,2019-03-17__api-fast__schema_guided,machine,api-fast,api-fast/schema_guided,2019-03-17,food,Food security and assistance reach,partial,0.5,0.95,ok,,113,67250459,qwen/qwen3.8-flash,17a3f4bac540baabe66704e8686490d1564051d5fc80c3e40785f2d4259b8a56,sync,False,2026-08-31T01:12:33+00:00
cyclone_idai_2019,2019-03-17__api-fast__schema_guided,machine,api-fast,api-fast/schema_guided,2019-03-17,access,Access constraints,present,1.0,1.0,ok,,187,cde2da87,qwen/qwen3.8-flash,c6161e3fa6da734cdcbb1e34ebc00e9969eaedbc0050be054b829e45123bb487,sync,False,2026-08-31T01:12:33+00:00
cyclone_idai_2019,2019-03-17__api-fast__schema_guided,machine,api-fast,api-fast/schema_guided,2019-03-17,coordination,Coordination arrangements,present,1.0,1.0,ok,,157,79710f28,qwen/qwen3.8-flash,6666253b850d595209a7749da10efe6b6bbf1d6df33e00204b3f85b17d9246cd,sync,False,2026-08-31T01:12:33+00:00
cyclone_idai_2019,2019-03-17__api-fast__schema_guided,machine,api-fast,api-fast/schema_guided,2019-03-17,needs_gaps,Sector needs and gaps,present,1.0,1.0,ok,,204,a76b3d56,qwen/qwen3.8-flash,bc05c3a291908f27bf777d8476cca03a7d2991e2fca045206b226a43253a5280,sync,False,2026-08-31T01:12:33+00:00
cyclone_idai_2019,2019-03-17__api-fast__schema_guided,machine,api-fast,api-fast/schema_guided,2019-03-17,response_actions,Sector response activities,present,1.0,0.95,ok,,188,a39ffaec,qwen/qwen3.8-flash,83732e86fb6908c37ced6d98e344c45f34f6a0c22385b775dba25571ed7dafc9,sync,False,2026-08-31T01:12:33+00:00
cyclone_idai_2019,2019-03-17__api-fast__schema_guided,machine,api-fast,api-fast/schema_guided,2019-03-17,shelter,Shelter and non-food items,present,1.0,0.95,ok,,91,efd85f66,qwen/qwen3.8-flash,7e4589738c1684e99c8bca333d4f0f98105ff7f11c0b9c24ceee45f904c2f51b,sync,False,2026-08-31T01:12:33+00:00
cyclone_idai_2019,2019-03-17__api-strong__generic,machine,api-strong,api-strong/generic,2019-03-17,currency_and_metadata,Data currency and report metadata,present,1.0,1.0,ok,,141,8d8cbd82,qwen/qwen3.8-flash,9ecc14bd51451c025cbcdb6c5fb2d2933f3a899412487477dad6fe5169440efa,sync,False,2026-08-31T01:12:33+00:00
cyclone_idai_2019,2019-03-17__api-strong__generic,machine,api-strong,api-strong/generic,2019-03-17,sourcing,Sourcing and attribution,present,1.0,0.95,ok,,89,7d94d304,qwen/qwen3.8-flash,12109c58a6bebb82c2879f9e325f98d11ca6ea2b3025a8065c6632aef7d6b6e4,sync,False,2026-08-31T01:12:33+00:00
cyclone_idai_2019,2019-03-17__api-strong__generic,machine,api-strong,api-strong/generic,2019-03-17,casualties,Casualty and affected-population figures,present,1.0,0.95,ok,,155,7656be7b,qwen/qwen3.8-flash,7337983e4f1cefaaef0178710a27c65a3ae24fa16fca7256dba240ed44a3ca3d,sync,False,2026-08-31T01:12:33+00:00
cyclone_idai_2019,2019-03-17__api-strong__generic,machine,api-strong,api-strong/generic,2019-03-17,displacement,Displacement and accommodation sites,partial,0.5,0.95,ok,,142,87b0d0dc,qwen/qwen3.8-flash,167459e6d5615ca12db6b0272cb03da17d93c701e9c8ddbfe71f6315665cadbb,sync,False,2026-08-31T01:12:33+00:00
cyclone_idai_2019,2019-03-17__api-strong__generic,machine,api-strong,api-strong/generic,2019-03-17,health,"Health, disease outbreak and nutrition",absent,0.0,1.0,ok,,0,,qwen/qwen3.8-flash,fc5aa1d204e7f156636a00c1c5cb911b6d78b15098a4c02b485dabc360e7e002,sync,False,2026-08-31T01:12:33+00:00
cyclone_idai_2019,2019-03-17__api-strong__generic,machine,api-strong,api-strong/generic,2019-03-17,damage,"Physical, economic and agricultural damage",present,1.0,0.95,ok,,152,8023c45a,qwen/qwen3.8-flash,10153cf27e4e71a93617f7406e681a53108be478e12df24fa9bae0564bc7b4e4,sync,False,2026-08-31T01:12:33+00:00
cyclone_idai_2019,2019-03-17__api-strong__generic,machine,api-strong,api-strong/generic,2019-03-17,funding,Funding status and donor contributions,present,1.0,0.95,ok,,165,d3c9497c,qwen/qwen3.8-flash,ae26d90faf35dc9e07b76a7758ec56c364c215098e77a4b555581a534f71922d,sync,False,2026-08-31T01:12:33+00:00
cyclone_idai_2019,2019-03-17__api-strong__generic,machine,api-strong,api-strong/generic,2019-03-17,education,Education impact and response,partial,0.5,0.9,ok,,139,ac8ad770,qwen/qwen3.8-flash,73d4e86ef9737aa1f1988df8050ab3417efe1a50203ee50bcf39459cd4958725,sync,False,2026-08-31T01:12:33+00:00
cyclone_idai_2019,2019-03-17__api-strong__generic,machine,api-strong,api-strong/generic,2019-03-17,wash,WASH needs and response,partial,0.5,0.95,ok,,95,f6254259,qwen/qwen3.8-flash,eb709597dfca6c52acb5787275dbae5539e448fabda95337af4894af9a239ec4,sync,False,2026-08-31T01:12:33+00:00
cyclone_idai_2019,2019-03-17__api-strong__generic,machine,api-strong,api-strong/generic,2019-03-17,food,Food security and assistance reach,partial,0.5,0.95,ok,,98,b81515f5,qwen/qwen3.8-flash,e50b9c95a6f01ad414a433b24817b6634d5b01641a11ea1b276f49b4db08bfcd,sync,False,2026-08-31T01:12:33+00:00
cyclone_idai_2019,2019-03-17__api-strong__generic,machine,api-strong,api-strong/generic,2019-03-17,access,Access constraints,present,1.0,1.0,ok,,165,b202a315,qwen/qwen3.8-flash,d44854937f5b0b0c58df8310d01d37b1489b591df2425a180ac25fa1fac52f0b,sync,False,2026-08-31T01:12:33+00:00
cyclone_idai_2019,2019-03-17__api-strong__generic,machine,api-strong,api-strong/generic,2019-03-17,coordination,Coordination arrangements,present,1.0,0.95,ok,,118,d200f3b4,qwen/qwen3.8-flash,99b4ec55cb7f16a17420eb3ce72149bbc5e4350b3738333eaa13080240ca3878,sync,False,2026-08-31T01:12:33+00:00
cyclone_idai_2019,2019-03-17__api-strong__generic,machine,api-strong,api-strong/generic,2019-03-17,needs_gaps,Sector needs and gaps,partial,0.5,0.95,ok,,126,fe4f3171,qwen/qwen3.8-flash,42c10e9ca2bf639f6c4cb1565fe6ca29675d13f106befe3a20b9873f3286798c,sync,False,2026-08-31T01:12:33+00:00
cyclone_idai_2019,2019-03-17__api-strong__generic,machine,api-strong,api-strong/generic,2019-03-17,response_actions,Sector response activities,present,1.0,0.95,ok,,194,91badc6a,qwen/qwen3.8-flash,5d30bce22c4445de9323541986fea55a90b5aefeb98e8b9ed3eb020b34ff2510,sync,False,2026-08-31T01:12:33+00:00
cyclone_idai_2019,2019-03-17__api-strong__generic,machine,api-strong,api-strong/generic,2019-03-17,shelter,Shelter and non-food items,absent,0.0,1.0,ok,,0,,qwen/qwen3.8-flash,de074548841733b5af2a107a936a162bce46b802148c8507ae3dd75988e45b0d,sync,False,2026-08-31T01:12:33+00:00
cyclone_idai_2019,2019-03-17__api-strong__schema_guided,machine,api-strong,api-strong/schema_guided,2019-03-17,currency_and_metadata,Data currency and report metadata,,,,invalid,unparsable JSON (empty output),0,,qwen/qwen3.8-flash,bb9efb79e91166cca5b3bb97f39465c37210a2af2ea4d00f3e73a76b99857cc4,sync,False,2026-08-31T01:12:33+00:00
cyclone_idai_2019,2019-03-17__api-strong__schema_guided,machine,api-strong,api-strong/schema_guided,2019-03-17,sourcing,Sourcing and attribution,present,1.0,1.0,ok,,255,1a501857,qwen/qwen3.8-flash,a8a89c460612923a56f8a91db17f3dca498daa9fd4868393d28e9d5120fbacfa,sync,False,2026-08-31T01:12:33+00:00
cyclone_idai_2019,2019-03-17__api-strong__schema_guided,machine,api-strong,api-strong/schema_guided,2019-03-17,casualties,Casualty and affected-population figures,present,1.0,0.95,ok,,89,83eac907,qwen/qwen3.8-flash,2ec5c1b5d87f70d112ac836263485616ddd05922ca684a31ec5c157f610ad231,sync,False,2026-08-31T01:12:33+00:00
cyclone_idai_2019,2019-03-17__api-strong__schema_guided,machine,api-strong,api-strong/schema_guided,2019-03-17,displacement,Displacement and accommodation sites,partial,0.5,0.9,ok,,130,18f7ff20,qwen/qwen3.8-flash,b936c4d1c7adce79d676b3cdb3c9564ec390bd7c58de6f30c949ed346a1fe03e,sync,False,2026-08-31T01:12:33+00:00
cyclone_idai_2019,2019-03-17__api-strong__schema_guided,machine,api-strong,api-strong/schema_guided,2019-03-17,health,"Health, disease outbreak and nutrition",absent,0.0,1.0,ok,,0,,qwen/qwen3.8-flash,5b2b33bfdf826ad3604097690b07612843dd1483a5665448fa13de7ddfc68b9d,sync,False,2026-08-31T01:12:33+00:00
cyclone_idai_2019,2019-03-17__api-strong__schema_guided,machine,api-strong,api-strong/schema_guided,2019-03-17,damage,"Physical, economic and agricultural damage",present,1.0,1.0,ok,,131,fa65996e,qwen/qwen3.8-flash,576ac699f52cc0946caee845062a3d446c2e1a571e1145a4954d37d5bb0d7897,sync,False,2026-08-31T01:12:33+00:00
cyclone_idai_2019,2019-03-17__api-strong__schema_guided,machine,api-strong,api-strong/schema_guided,2019-03-17,funding,Funding status and donor contributions,present,1.0,0.95,ok,,180,b8a576cf,qwen/qwen3.8-flash,6d5c2582d726194a22b7d2cc2738990cca1fecd6a209772302c2357570ae76e3,sync,False,2026-08-31T01:12:33+00:00
cyclone_idai_2019,2019-03-17__api-strong__schema_guided,machine,api-strong,api-strong/schema_guided,2019-03-17,education,Education impact and response,partial,0.5,1.0,ok,,122,f766e5af,qwen/qwen3.8-flash,8285ef8a9fbc9d448dfe50499af5050edd960fd8a820a23b5a1bad9af02a2905,sync,False,2026-08-31T01:12:33+00:00
cyclone_idai_2019,2019-03-17__api-strong__schema_guided,machine,api-strong,api-strong/schema_guided,2019-03-17,wash,WASH needs and response,partial,0.5,0.9,ok,,81,31748f4f,qwen/qwen3.8-flash,7659429529501c97fff1f20532b5c226b7232432a150dca6a5514003fe3ce1fa,sync,False,2026-08-31T01:12:33+00:00
cyclone_idai_2019,2019-03-17__api-strong__schema_guided,machine,api-strong,api-strong/schema_guided,2019-03-17,food,Food security and assistance reach,partial,0.5,0.95,ok,,209,32533f69,qwen/qwen3.8-flash,59781df0cdbeda8321f25941f2516aa7a403308f2aa79e8dd3835acfb99cf66b,sync,False,2026-08-31T01:12:33+00:00
cyclone_idai_2019,2019-03-17__api-strong__schema_guided,machine,api-strong,api-strong/schema_guided,2019-03-17,access,Access constraints,present,1.0,1.0,ok,,171,74c61190,qwen/qwen3.8-flash,ebb93f085e58c95fc2a2497e374377c8f3f939606941ce36172615457dc16209,sync,False,2026-08-31T01:12:33+00:00
cyclone_idai_2019,2019-03-17__api-strong__schema_guided,machine,api-strong,api-strong/schema_guided,2019-03-17,coordination,Coordination arrangements,,,,invalid,unparsable JSON (empty output),0,,qwen/qwen3.8-flash,40545efada8a43c6774f205f1fc5a10bfc3b7c3408606b8768552c400a05905c,sync,False,2026-08-31T01:12:33+00:00
cyclone_idai_2019,2019-03-17__api-strong__schema_guided,machine,api-strong,api-strong/schema_guided,2019-03-17,needs_gaps,Sector needs and gaps,present,1.0,1.0,ok,,224,200e34bb,qwen/qwen3.8-flash,3e8a90a45408389af90f28ea9b954e79495f9cc86cc0d2ba4ca59415e58bb4c5,sync,False,2026-08-31T01:12:33+00:00
cyclone_idai_2019,2019-03-17__api-strong__schema_guided,machine,api-strong,api-strong/schema_guided,2019-03-17,response_actions,Sector response activities,present,1.0,1.0,ok,,227,819497e5,qwen/qwen3.8-flash,336a09553c74ea3b7aa1084fd140ac46f9fbe6ddd5042b5e1ca65c17f0b0a88d,sync,False,2026-08-31T01:12:33+00:00
cyclone_idai_2019,2019-03-17__api-strong__schema_guided,machine,api-strong,api-strong/schema_guided,2019-03-17,shelter,Shelter and non-food items,partial,0.5,0.95,ok,,108,b336ded3,qwen/qwen3.8-flash,323b957dcaab9d1bf2863949da64022613296ee7d1f40beff1d54b5e2fbdef9e,sync,False,2026-08-31T01:12:33+00:00
cyclone_idai_2019,2019-03-18__api-fast__generic,machine,api-fast,api-fast/generic,2019-03-18,currency_and_metadata,Data currency and report metadata,present,1.0,0.95,ok,,127,32b72f90,qwen/qwen3.8-flash,774e58395076be3840e6e0211930997a79ed68593ac1b1529969396f0a6feb63,sync,False,2026-08-31T01:12:33+00:00
cyclone_idai_2019,2019-03-18__api-fast__generic,machine,api-fast,api-fast/generic,2019-03-18,sourcing,Sourcing and attribution,,,,invalid,unparsable JSON (empty output),0,,qwen/qwen3.8-flash,596093fbb37e8429f0a1c89fa67bc665acf5e34847ca1a38fbff4de9a3228574,sync,False,2026-08-31T01:12:33+00:00
cyclone_idai_2019,2019-03-18__api-fast__generic,machine,api-fast,api-fast/generic,2019-03-18,casualties,Casualty and affected-population figures,present,1.0,0.95,ok,,108,5359c557,qwen/qwen3.8-flash,9e10caae46bf25d672e53866c287c29f1a01b24af839092e1df30bf0ffa1aed1,sync,False,2026-08-31T01:12:33+00:00
cyclone_idai_2019,2019-03-18__api-fast__generic,machine,api-fast,api-fast/generic,2019-03-18,displacement,Displacement and accommodation sites,partial,0.5,0.95,ok,,90,bfcb9559,qwen/qwen3.8-flash,591b6224dd882f24a50c8ec9dc8a13194841e5d608fc63f5bd728353a546e670,sync,False,2026-08-31T01:12:33+00:00
cyclone_idai_2019,2019-03-18__api-fast__generic,machine,api-fast,api-fast/generic,2019-03-18,health,"Health, disease outbreak and nutrition",partial,0.5,0.95,ok,,227,73359755,qwen/qwen3.8-flash,7ae1e4b06117d2123213883ffd24c5719b24c59dda72bf9e7920fdc2e7f73d4f,sync,False,2026-08-31T01:12:33+00:00
cyclone_idai_2019,2019-03-18__api-fast__generic,machine,api-fast,api-fast/generic,2019-03-18,damage,"Physical, economic and agricultural damage",present,1.0,0.95,ok,,183,c19a9971,qwen/qwen3.8-flash,1e88d28581bea24a153d8c0263652c320e4747a8db56c52599a6ecb7223f6b3a,sync,False,2026-08-31T01:12:33+00:00
cyclone_idai_2019,2019-03-18__api-fast__generic,machine,api-fast,api-fast/generic,2019-03-18,funding,Funding status and donor contributions,present,1.0,0.95,ok,,160,630102bc,qwen/qwen3.8-flash,3f6cd9afa21dc97cfba9556d1d429c7864f811a0cc23cf78f89ef1e3715636a0,sync,False,2026-08-31T01:12:33+00:00
cyclone_idai_2019,2019-03-18__api-fast__generic,machine,api-fast,api-fast/generic,2019-03-18,education,Education impact and response,partial,0.5,0.95,ok,,229,9dea7157,qwen/qwen3.8-flash,4a650efa41ec27ce8414ad502ad3648547dc81601c83e44a664102916c5caab2,sync,False,2026-08-31T01:12:33+00:00
cyclone_idai_2019,2019-03-18__api-fast__generic,machine,api-fast,api-fast/generic,2019-03-18,wash,WASH needs and response,partial,0.5,0.95,ok,,132,afaf7336,qwen/qwen3.8-flash,de2effcd1d3b89bbf0ed166761ca8558c9f95f9216524b1769e4edb61e42e9e3,sync,False,2026-08-31T01:12:33+00:00
cyclone_idai_2019,2019-03-18__api-fast__generic,machine,api-fast,api-fast/generic,2019-03-18,food,Food security and assistance reach,present,1.0,0.85,ok,,132,411c28f2,qwen/qwen3.8-flash,e039e9a26ed0b98345d7d28ddbc8f2e37a17e876d60f5abea54f80fd41d34045,sync,False,2026-08-31T01:12:33+00:00
cyclone_idai_2019,2019-03-18__api-fast__generic,machine,api-fast,api-fast/generic,2019-03-18,access,Access constraints,present,1.0,1.0,ok,,182,15f746b4,qwen/qwen3.8-flash,7347d912447eddd257683033b1d02915724ee60ff7790cbc756505e44e6757a0,sync,False,2026-08-31T01:12:33+00:00
cyclone_idai_2019,2019-03-18__api-fast__generic,machine,api-fast,api-fast/generic,2019-03-18,coordination,Coordination arrangements,partial,0.5,0.95,ok,,177,624025e1,qwen/qwen3.8-flash,093d56b4b676369b8c8511e00dd1a808096c707e3c303fe9e3e24fb0b8798bbd,sync,False,2026-08-31T01:12:33+00:00
cyclone_idai_2019,2019-03-18__api-fast__generic,machine,api-fast,api-fast/generic,2019-03-18,needs_gaps,Sector needs and gaps,present,1.0,0.95,ok,,170,25235b7a,qwen/qwen3.8-flash,8a799125d4d6f7f14f9d79181a6be915def99a84c2d2f04c6e9eca23d45658c3,sync,False,2026-08-31T01:12:33+00:00
cyclone_idai_2019,2019-03-18__api-fast__generic,machine,api-fast,api-fast/generic,2019-03-18,response_actions,Sector response activities,present,1.0,0.95,ok,,169,568af7ef,qwen/qwen3.8-flash,f41e5893032e8b37f20f4deed9dc61086f42414bca9673dc7284166db8df9c87,sync,False,2026-08-31T01:12:33+00:00
cyclone_idai_2019,2019-03-18__api-fast__generic,machine,api-fast,api-fast/generic,2019-03-18,shelter,Shelter and non-food items,partial,0.5,0.95,ok,,152,46cc4fbf,qwen/qwen3.8-flash,4318d6f06b973dcc7c1b07d3fbc882b5a07d0c753b9abb65b6e8f29a7a1b35db,sync,False,2026-08-31T01:12:33+00:00
cyclone_idai_2019,2019-03-18__api-fast__schema_guided,machine,api-fast,api-fast/schema_guided,2019-03-18,currency_and_metadata,Data currency and report metadata,partial,0.5,1.0,ok,,167,d2cb9306,qwen/qwen3.8-flash,95d27eeadc2f78fc558294757f1ff5a3ca56f122aac45d40424875754ef8061b,sync,False,2026-08-31T01:12:33+00:00
cyclone_idai_2019,2019-03-18__api-fast__schema_guided,machine,api-fast,api-fast/schema_guided,2019-03-18,sourcing,Sourcing and attribution,present,1.0,1.0,ok,,193,77ded6d9,qwen/qwen3.8-flash,d881d8644bad5bbb034dae787e9783e3a7d0271abeb7bdca4b53d71a66f217ec,sync,False,2026-08-31T01:12:33+00:00
cyclone_idai_2019,2019-03-18__api-fast__schema_guided,machine,api-fast,api-fast/schema_guided,2019-03-18,casualties,Casualty and affected-population figures,present,1.0,1.0,ok,,94,55e6a0d4,qwen/qwen3.8-flash,fb44001f90a053aee470e36d7869d56b180b5992715d0d4f1d183b559fdf440b,sync,False,2026-08-31T01:12:33+00:00
cyclone_idai_2019,2019-03-18__api-fast__schema_guided,machine,api-fast,api-fast/schema_guided,2019-03-18,displacement,Displacement and accommodation sites,partial,0.5,0.95,ok,,138,b46c251e,qwen/qwen3.8-flash,2ec9a4ba2b514c60a2d858975ce31a0b8c22a0b13df771f08e33c6c4ac522274,sync,False,2026-08-31T01:12:33+00:00
cyclone_idai_2019,2019-03-18__api-fast__schema_guided,machine,api-fast,api-fast/schema_guided,2019-03-18,health,"Health, disease outbreak and nutrition",partial,0.5,0.95,ok,,155,c722b776,qwen/qwen3.8-flash,753e880521864f209e263cd1957435387694dca33d0a20858b166a4c24e9d6bd,sync,False,2026-08-31T01:12:33+00:00
cyclone_idai_2019,2019-03-18__api-fast__schema_guided,machine,api-fast,api-fast/schema_guided,2019-03-18,damage,"Physical, economic and agricultural damage",present,1.0,1.0,ok,,192,88bc7a2d,qwen/qwen3.8-flash,02007f23fc6ffe5ee07b22c997b44aac36f47ce2d0d1fecf6112f78ccdd3d93d,sync,False,2026-08-31T01:12:33+00:00
cyclone_idai_2019,2019-03-18__api-fast__schema_guided,machine,api-fast,api-fast/schema_guided,2019-03-18,funding,Funding status and donor contributions,present,1.0,0.95,ok,,149,dee2542d,qwen/qwen3.8-flash,6e904ae45caea204814dcdf362ba2784479e89453543e49454e0fa5f179a01ae,sync,False,2026-08-31T01:12:33+00:00
cyclone_idai_2019,2019-03-18__api-fast__schema_guided,machine,api-fast,api-fast/schema_guided,2019-03-18,education,Education impact and response,partial,0.5,0.9,ok,,161,3fc740ac,qwen/qwen3.8-flash,e0bca0e58b8cf6ffdfad1832f468363e54a2e5f16ce025b8567c5142e545f0ce,sync,False,2026-08-31T01:12:33+00:00
cyclone_idai_2019,2019-03-18__api-fast__schema_guided,machine,api-fast,api-fast/schema_guided,2019-03-18,wash,WASH needs and response,present,1.0,0.95,ok,,181,3a0ad439,qwen/qwen3.8-flash,db49b99794bfef3e9b06149fdc150019bc7d129ff02cc6addbacc8e0fe4a0e2d,sync,False,2026-08-31T01:12:33+00:00
cyclone_idai_2019,2019-03-18__api-fast__schema_guided,machine,api-fast,api-fast/schema_guided,2019-03-18,food,Food security and assistance reach,partial,0.5,0.95,ok,,134,f8a29c78,qwen/qwen3.8-flash,e115138a1a914275a9c5414c1f6636e88fe5c20f4a30715646d603d3131071e8,sync,False,2026-08-31T01:12:33+00:00
cyclone_idai_2019,2019-03-18__api-fast__schema_guided,machine,api-fast,api-fast/schema_guided,2019-03-18,access,Access constraints,present,1.0,1.0,ok,,170,1482d040,qwen/qwen3.8-flash,b3fba2df2201b193bb02d26f8c3a8a1b1d03395eee8ce66a8723e3ece15df3dd,sync,False,2026-08-31T01:12:33+00:00
cyclone_idai_2019,2019-03-18__api-fast__schema_guided,machine,api-fast,api-fast/schema_guided,2019-03-18,coordination,Coordination arrangements,present,1.0,1.0,ok,,222,87185351,qwen/qwen3.8-flash,11cfb0d29ae85ccded0ee0355357ae70b6cce799b9b03c7d8c8a88610863e05d,sync,False,2026-08-31T01:12:33+00:00
cyclone_idai_2019,2019-03-18__api-fast__schema_guided,machine,api-fast,api-fast/schema_guided,2019-03-18,needs_gaps,Sector needs and gaps,present,1.0,0.95,ok,,148,6d91c559,qwen/qwen3.8-flash,89948d424b035daba03413fd008f0335228423c073002120794e158b0c8b1e60,sync,False,2026-08-31T01:12:33+00:00
cyclone_idai_2019,2019-03-18__api-fast__schema_guided,machine,api-fast,api-fast/schema_guided,2019-03-18,response_actions,Sector response activities,present,1.0,1.0,ok,,156,8d640353,qwen/qwen3.8-flash,3b1d3b7441dfeb0535507621a1fc33db425a43e3620fe8abc4e921910047aa60,sync,False,2026-08-31T01:12:33+00:00
cyclone_idai_2019,2019-03-18__api-fast__schema_guided,machine,api-fast,api-fast/schema_guided,2019-03-18,shelter,Shelter and non-food items,present,1.0,0.9,ok,,104,4c8636c6,qwen/qwen3.8-flash,2030ce44300d42f4b7aaa2f1cf55e7082e4e719cdda3220d31516a0944ce66d6,sync,False,2026-08-31T01:12:33+00:00
cyclone_idai_2019,2019-03-18__api-strong__generic,machine,api-strong,api-strong/generic,2019-03-18,currency_and_metadata,Data currency and report metadata,present,1.0,0.9,ok,,165,2102965f,qwen/qwen3.8-flash,36af31a420627764f0201f687b1cacaac753bb6fe5135768fb3ab70ed80a39c4,sync,False,2026-08-31T01:12:33+00:00
cyclone_idai_2019,2019-03-18__api-strong__generic,machine,api-strong,api-strong/generic,2019-03-18,sourcing,Sourcing and attribution,present,1.0,1.0,ok,,146,caf7b90f,qwen/qwen3.8-flash,6ba542b5f3b6317d45dd5ca6d1ba3312f3028aba3e24879111c2dffc2bc22daf,sync,False,2026-08-31T01:12:33+00:00
cyclone_idai_2019,2019-03-18__api-strong__generic,machine,api-strong,api-strong/generic,2019-03-18,casualties,Casualty and affected-population figures,present,1.0,1.0,ok,,116,9c8134e3,qwen/qwen3.8-flash,6fa5fa2e3d9ec39d21d8866064c15283a820e221022081cbe7d7ce3809ba99cb,sync,False,2026-08-31T01:12:33+00:00
cyclone_idai_2019,2019-03-18__api-strong__generic,machine,api-strong,api-strong/generic,2019-03-18,displacement,Displacement and accommodation sites,partial,0.5,0.9,ok,,125,ea6b903b,qwen/qwen3.8-flash,1f8d6361e9e4004da44a982acb48cb15327658e5a02b565bbb572b4a24cd0f48,sync,False,2026-08-31T01:12:33+00:00
cyclone_idai_2019,2019-03-18__api-strong__generic,machine,api-strong,api-strong/generic,2019-03-18,health,"Health, disease outbreak and nutrition",partial,0.5,0.95,ok,,110,e80c1be1,qwen/qwen3.8-flash,0cb2064baece058af5d9aaa3a9454295423e6d204de322551db45272bf3fdc5d,sync,False,2026-08-31T01:12:33+00:00
cyclone_idai_2019,2019-03-18__api-strong__generic,machine,api-strong,api-strong/generic,2019-03-18,damage,"Physical, economic and agricultural damage",present,1.0,1.0,ok,,226,5cccc31e,qwen/qwen3.8-flash,935c5d1fa81efe2539ad48ab638256a11a086e746c259786a5132787ee00eefa,sync,False,2026-08-31T01:12:33+00:00
cyclone_idai_2019,2019-03-18__api-strong__generic,machine,api-strong,api-strong/generic,2019-03-18,funding,Funding status and donor contributions,present,1.0,0.95,ok,,159,1613a628,qwen/qwen3.8-flash,5d7d81c158d3a8734685c3bce323299ee5f19ced53d9faa6dbbbdd85ead29308,sync,False,2026-08-31T01:12:33+00:00
cyclone_idai_2019,2019-03-18__api-strong__generic,machine,api-strong,api-strong/generic,2019-03-18,education,Education impact and response,partial,0.5,0.95,ok,,145,f674a6b3,qwen/qwen3.8-flash,34c8e3d89ea8221b1e76a7ddba50767b598f6df740c6b9d90c0de5e1fe09d902,sync,False,2026-08-31T01:12:33+00:00
cyclone_idai_2019,2019-03-18__api-strong__generic,machine,api-strong,api-strong/generic,2019-03-18,wash,WASH needs and response,partial,0.5,0.95,ok,,178,329bf09b,qwen/qwen3.8-flash,4a0a57ed72b8ee20daf2dc45787212365b5dbe29011161ddacb1c21919b567ed,sync,False,2026-08-31T01:12:33+00:00
cyclone_idai_2019,2019-03-18__api-strong__generic,machine,api-strong,api-strong/generic,2019-03-18,food,Food security and assistance reach,partial,0.5,0.9,ok,,125,ea6b903b,qwen/qwen3.8-flash,5918f431b83c2500c56dd5a6330f18cf35ae7605a5707dc15aaa252303cd64df,sync,False,2026-08-31T01:12:33+00:00
cyclone_idai_2019,2019-03-18__api-strong__generic,machine,api-strong,api-strong/generic,2019-03-18,access,Access constraints,present,1.0,1.0,ok,,203,e5dd5874,qwen/qwen3.8-flash,1e7ec65094663e2d49c91d2aea0abe9ffa6ff5f51f7804140732cf0eb9814ea5,sync,False,2026-08-31T01:12:33+00:00
cyclone_idai_2019,2019-03-18__api-strong__generic,machine,api-strong,api-strong/generic,2019-03-18,coordination,Coordination arrangements,partial,0.5,0.9,ok,,153,5caa3d7d,qwen/qwen3.8-flash,ee9ad74c4c28e64199cf1c6efdc8a2323b96e26964e4d50daf32153a0722ba94,sync,False,2026-08-31T01:12:33+00:00
cyclone_idai_2019,2019-03-18__api-strong__generic,machine,api-strong,api-strong/generic,2019-03-18,needs_gaps,Sector needs and gaps,present,1.0,0.9,ok,,171,2dd04f0d,qwen/qwen3.8-flash,6dfbab7c6b6b3e0d0481937f007d1ddbf16d84aa9d2921e70f47c5ebe8ab0d7c,sync,False,2026-08-31T01:12:33+00:00
cyclone_idai_2019,2019-03-18__api-strong__generic,machine,api-strong,api-strong/generic,2019-03-18,response_actions,Sector response activities,present,1.0,1.0,ok,,191,e90bffd4,qwen/qwen3.8-flash,81adcda5d5c8ab6c37bea6372508c416e5e7cf4da2ffccca48afc702f53909de,sync,False,2026-08-31T01:12:33+00:00
cyclone_idai_2019,2019-03-18__api-strong__generic,machine,api-strong,api-strong/generic,2019-03-18,shelter,Shelter and non-food items,partial,0.5,0.95,ok,,210,4349da4e,qwen/qwen3.8-flash,d7d6c7242f7c54b1c414376601cbdefafd91f799f59005a5043c0a0c4d3e9914,sync,False,2026-08-31T01:12:33+00:00
cyclone_idai_2019,2019-03-18__api-strong__schema_guided,machine,api-strong,api-strong/schema_guided,2019-03-18,currency_and_metadata,Data currency and report metadata,partial,0.5,0.95,ok,,137,aaebb80c,qwen/qwen3.8-flash,cabb0a8ce3e65365b0b522469e285f11287bb52650ae7dbd6a8ee76cacc57201,sync,False,2026-08-31T01:12:33+00:00
cyclone_idai_2019,2019-03-18__api-strong__schema_guided,machine,api-strong,api-strong/schema_guided,2019-03-18,sourcing,Sourcing and attribution,present,1.0,1.0,ok,,128,8d06e71f,qwen/qwen3.8-flash,bb1c792390c728953d1077d961c5404131d8e13c8ce76b844754e7b44a98ea12,sync,False,2026-08-31T01:12:33+00:00
cyclone_idai_2019,2019-03-18__api-strong__schema_guided,machine,api-strong,api-strong/schema_guided,2019-03-18,casualties,Casualty and affected-population figures,present,1.0,1.0,ok,,199,bad490f0,qwen/qwen3.8-flash,2a87a87827ee3535ea2ba563440aa914386373154d9be6d7e617bf7c78a321d4,sync,False,2026-08-31T01:12:33+00:00
cyclone_idai_2019,2019-03-18__api-strong__schema_guided,machine,api-strong,api-strong/schema_guided,2019-03-18,displacement,Displacement and accommodation sites,partial,0.5,0.9,ok,,167,820d5dff,qwen/qwen3.8-flash,bbd98c7ba340106557d4486dd3a40bb366a75ec4cc6c914b3c2bb3ed9bcc51c9,sync,False,2026-08-31T01:12:33+00:00
cyclone_idai_2019,2019-03-18__api-strong__schema_guided,machine,api-strong,api-strong/schema_guided,2019-03-18,health,"Health, disease outbreak and nutrition",absent,0.0,1.0,ok,,0,,qwen/qwen3.8-flash,ce1936c19c286ba1c9e6f81f740e943cfc2f0257e36f17e7885ec94dad056d83,sync,False,2026-08-31T01:12:33+00:00
cyclone_idai_2019,2019-03-18__api-strong__schema_guided,machine,api-strong,api-strong/schema_guided,2019-03-18,damage,"Physical, economic and agricultural damage",present,1.0,1.0,ok,,178,591cfcda,qwen/qwen3.8-flash,8f2b427af7d0d37b3a174455fb3df886dd030b545b407ff13daa2ef302817b75,sync,False,2026-08-31T01:12:33+00:00
cyclone_idai_2019,2019-03-18__api-strong__schema_guided,machine,api-strong,api-strong/schema_guided,2019-03-18,funding,Funding status and donor contributions,present,1.0,0.95,ok,,182,1cd25b4d,qwen/qwen3.8-flash,2dc47adf25813f0bad074753598784ae0bbfb4c4e99c3a0b24a0bcaf18b29d1c,sync,False,2026-08-31T01:12:33+00:00
cyclone_idai_2019,2019-03-18__api-strong__schema_guided,machine,api-strong,api-strong/schema_guided,2019-03-18,education,Education impact and response,partial,0.5,1.0,ok,,136,a4fd3a41,qwen/qwen3.8-flash,eaf649d70d71c19ddc8d9855bc43a5ecda3629f9917e8f8ff4dde054ca752e83,sync,False,2026-08-31T01:12:33+00:00
cyclone_idai_2019,2019-03-18__api-strong__schema_guided,machine,api-strong,api-strong/schema_guided,2019-03-18,wash,WASH needs and response,present,1.0,1.0,ok,,165,cef94129,qwen/qwen3.8-flash,3d69d8c2aee2252587cf26e8a0afb032b288b338aa8b16ecf43a0acf8acf934a,sync,False,2026-08-31T01:12:33+00:00
cyclone_idai_2019,2019-03-18__api-strong__schema_guided,machine,api-strong,api-strong/schema_guided,2019-03-18,food,Food security and assistance reach,present,1.0,0.95,ok,,183,5c9498aa,qwen/qwen3.8-flash,81447cbb9a3da0c17b8bd912942d7fe9bb109aab65ea4650d8e7123990bd1427,sync,False,2026-08-31T01:12:33+00:00
cyclone_idai_2019,2019-03-18__api-strong__schema_guided,machine,api-strong,api-strong/schema_guided,2019-03-18,access,Access constraints,present,1.0,1.0,ok,,219,1ca73d6e,qwen/qwen3.8-flash,0551eb44ed61159252122b808bb6f452e94eaf92031c2f17f30ad6e8350a8a25,sync,False,2026-08-31T01:12:33+00:00
cyclone_idai_2019,2019-03-18__api-strong__schema_guided,machine,api-strong,api-strong/schema_guided,2019-03-18,coordination,Coordination arrangements,,,,invalid,unparsable JSON (empty output),0,,qwen/qwen3.8-flash,523b46c67ec03dfd1d4edb14740658d591100a33fc1b16c75362629cbd36afaa,sync,False,2026-08-31T01:12:33+00:00
cyclone_idai_2019,2019-03-18__api-strong__schema_guided,machine,api-strong,api-strong/schema_guided,2019-03-18,needs_gaps,Sector needs and gaps,present,1.0,0.95,ok,,225,3820bec3,qwen/qwen3.8-flash,75dbe1df936361ca9f5d0a765a996e4b001f2d4796be739acce2327eaa0b2151,sync,False,2026-08-31T01:12:33+00:00
cyclone_idai_2019,2019-03-18__api-strong__schema_guided,machine,api-strong,api-strong/schema_guided,2019-03-18,response_actions,Sector response activities,present,1.0,1.0,ok,,169,56a01f9a,qwen/qwen3.8-flash,7f0f1c69368cf47ede925c28f93459cdedb5b1a6bec086e3f096f34a5cd90958,sync,False,2026-08-31T01:12:33+00:00
cyclone_idai_2019,2019-03-18__api-strong__schema_guided,machine,api-strong,api-strong/schema_guided,2019-03-18,shelter,Shelter and non-food items,,,,invalid,"unparsable JSON (Expecting ',' delimiter at pos 188)",0,,qwen/qwen3.8-flash,07185b1d0a31f9a2b7aeca667bd939d01ce71dd6bf7a080d510db56ea767f264,sync,False,2026-08-31T01:12:33+00:00
cyclone_idai_2019,2019-03-19__api-fast__generic,machine,api-fast,api-fast/generic,2019-03-19,currency_and_metadata,Data currency and report metadata,partial,0.5,0.9,ok,,144,c2271005,qwen/qwen3.8-flash,d860fbaf6e72cf09bfbd5d4851e4bec223bda1cd48d64c3490c966296bfc5c80,sync,False,2026-08-31T01:12:33+00:00
cyclone_idai_2019,2019-03-19__api-fast__generic,machine,api-fast,api-fast/generic,2019-03-19,sourcing,Sourcing and attribution,present,1.0,1.0,ok,,119,545a9ec9,qwen/qwen3.8-flash,ac957b40388db0c62675b43f101cc4e290a31252df2163e163d9022f5f8222bf,sync,False,2026-08-31T01:12:33+00:00
cyclone_idai_2019,2019-03-19__api-fast__generic,machine,api-fast,api-fast/generic,2019-03-19,casualties,Casualty and affected-population figures,present,1.0,0.95,ok,,200,5ed95cb0,qwen/qwen3.8-flash,ba02c0d5d68575c79d4d53537a8a3d90c62152a2df2fcbf1773183fe5677018d,sync,False,2026-08-31T01:12:33+00:00
cyclone_idai_2019,2019-03-19__api-fast__generic,machine,api-fast,api-fast/generic,2019-03-19,displacement,Displacement and accommodation sites,partial,0.5,0.95,ok,,135,f9dd27fc,qwen/qwen3.8-flash,b1c9a7228e6d0af0b4a510f4b579c19df0fb49a24246a6cc1c2ccee47887063b,sync,False,2026-08-31T01:12:33+00:00
cyclone_idai_2019,2019-03-19__api-fast__generic,machine,api-fast,api-fast/generic,2019-03-19,health,"Health, disease outbreak and nutrition",absent,0.0,1.0,ok,,0,,qwen/qwen3.8-flash,135419fd881e527c729bb856331c24ec3c71d0a28abebbfe8144faeb5308cf31,sync,False,2026-08-31T01:12:33+00:00
cyclone_idai_2019,2019-03-19__api-fast__generic,machine,api-fast,api-fast/generic,2019-03-19,damage,"Physical, economic and agricultural damage",present,1.0,1.0,ok,,149,a536bffd,qwen/qwen3.8-flash,51ac8b48be04a90e620bc37f1b329ec79a623c5ffa8a9cb70d95c643168a6e46,sync,False,2026-08-31T01:12:33+00:00
cyclone_idai_2019,2019-03-19__api-fast__generic,machine,api-fast,api-fast/generic,2019-03-19,funding,Funding status and donor contributions,present,1.0,1.0,ok,,174,522f7ff8,qwen/qwen3.8-flash,f565753fe5d2166dc23bdab8592b0cf92eb036b2651a40271672ca2b08accee0,sync,False,2026-08-31T01:12:33+00:00
cyclone_idai_2019,2019-03-19__api-fast__generic,machine,api-fast,api-fast/generic,2019-03-19,education,Education impact and response,partial,0.5,1.0,ok,,113,8709c4dd,qwen/qwen3.8-flash,051404ca1f372ded0413ecc4298d3ef5e10e580fd324c72848a5bb63ba862c11,sync,False,2026-08-31T01:12:33+00:00
cyclone_idai_2019,2019-03-19__api-fast__generic,machine,api-fast,api-fast/generic,2019-03-19,wash,WASH needs and response,partial,0.5,0.95,ok,,289,01921afd,qwen/qwen3.8-flash,fb8deef118ffce77ef06b8423e930f8a47f6c96d60bd5fcd90d4658d19084bae,sync,False,2026-08-31T01:12:33+00:00
cyclone_idai_2019,2019-03-19__api-fast__generic,machine,api-fast,api-fast/generic,2019-03-19,food,Food security and assistance reach,present,1.0,0.95,ok,,148,ab833356,qwen/qwen3.8-flash,265410c1d364bf464801b5f57b668a912dc3fe03dd85f6cb576db10703b7f99d,sync,False,2026-08-31T01:12:33+00:00
cyclone_idai_2019,2019-03-19__api-fast__generic,machine,api-fast,api-fast/generic,2019-03-19,access,Access constraints,present,1.0,0.95,ok,,165,f7a63516,qwen/qwen3.8-flash,099854d794f3acc7c4c57554d6f812f13ed1861d0e4ab974ab34fe018594ff85,sync,False,2026-08-31T01:12:33+00:00
cyclone_idai_2019,2019-03-19__api-fast__generic,machine,api-fast,api-fast/generic,2019-03-19,coordination,Coordination arrangements,partial,0.5,0.95,ok,,158,c63eeb20,qwen/qwen3.8-flash,706280e040fc0e47f51601a03afbd83735c0a7f7bc78a8402c30af2a4ff661fe,sync,False,2026-08-31T01:12:33+00:00
cyclone_idai_2019,2019-03-19__api-fast__generic,machine,api-fast,api-fast/generic,2019-03-19,needs_gaps,Sector needs and gaps,present,1.0,0.95,ok,,184,96e55511,qwen/qwen3.8-flash,89efda224fc4bfe9094ae017f7bde6f2527b9fc5f65d3948b5557ac7aa87acc5,sync,False,2026-08-31T01:12:33+00:00
cyclone_idai_2019,2019-03-19__api-fast__generic,machine,api-fast,api-fast/generic,2019-03-19,response_actions,Sector response activities,present,1.0,1.0,ok,,172,536d167f,qwen/qwen3.8-flash,0626489848f74ad214913ecea24df3354a749a610718d8646981c185ef2ef7a7,sync,False,2026-08-31T01:12:33+00:00
cyclone_idai_2019,2019-03-19__api-fast__generic,machine,api-fast,api-fast/generic,2019-03-19,shelter,Shelter and non-food items,partial,0.5,0.95,ok,,118,a606259e,qwen/qwen3.8-flash,091b2c16cb30dc2069fb69595c34da5e05f2c0c332eb29ea6bf2bc8acdac2f53,sync,False,2026-08-31T01:12:33+00:00
cyclone_idai_2019,2019-03-19__api-fast__schema_guided,machine,api-fast,api-fast/schema_guided,2019-03-19,currency_and_metadata,Data currency and report metadata,absent,0.0,1.0,ok,,0,,qwen/qwen3.8-flash,7c8ddffe92831e213580b9092ac9978f9d2afbdcfe79bcab2fb1311d4777b4d9,sync,False,2026-08-31T01:12:33+00:00
cyclone_idai_2019,2019-03-19__api-fast__schema_guided,machine,api-fast,api-fast/schema_guided,2019-03-19,sourcing,Sourcing and attribution,present,1.0,1.0,ok,,148,42d7024e,qwen/qwen3.8-flash,9af96fe1c534893025d0b2d17c8e96082d32055498f3bc6c0c63da708c22d857,sync,False,2026-08-31T01:12:33+00:00
cyclone_idai_2019,2019-03-19__api-fast__schema_guided,machine,api-fast,api-fast/schema_guided,2019-03-19,casualties,Casualty and affected-population figures,present,1.0,1.0,ok,,183,b8be6575,qwen/qwen3.8-flash,183ff0e0102265a2186d60c0332f235ecbdea4acd47cb956b9407b081a127ffc,sync,False,2026-08-31T01:12:33+00:00
cyclone_idai_2019,2019-03-19__api-fast__schema_guided,machine,api-fast,api-fast/schema_guided,2019-03-19,displacement,Displacement and accommodation sites,partial,0.5,0.9,ok,,153,8d891f84,qwen/qwen3.8-flash,b862d0884d2c6f635f9d02932f7df85333663741b3dd5c98cc74dddf9d38176b,sync,False,2026-08-31T01:12:33+00:00
cyclone_idai_2019,2019-03-19__api-fast__schema_guided,machine,api-fast,api-fast/schema_guided,2019-03-19,health,"Health, disease outbreak and nutrition",partial,0.5,0.9,ok,,135,ade033da,qwen/qwen3.8-flash,4e37b473469c9d41e5e0909a7311dd594159b4c7916a97910fbe593a593ee5c0,sync,False,2026-08-31T01:12:33+00:00
cyclone_idai_2019,2019-03-19__api-fast__schema_guided,machine,api-fast,api-fast/schema_guided,2019-03-19,damage,"Physical, economic and agricultural damage",present,1.0,1.0,ok,,153,452f69ea,qwen/qwen3.8-flash,4e2cf3948e4d3c9956ffb77e18cfc6f057f7eb0279daeddd485eb9ea3a7685bc,sync,False,2026-08-31T01:12:33+00:00
cyclone_idai_2019,2019-03-19__api-fast__schema_guided,machine,api-fast,api-fast/schema_guided,2019-03-19,funding,Funding status and donor contributions,present,1.0,1.0,ok,,137,a2bb6cf8,qwen/qwen3.8-flash,c3fe884da1eee0df8b0159fdb4fd8920cd634848eb65e911a7e510939d303973,sync,False,2026-08-31T01:12:33+00:00
cyclone_idai_2019,2019-03-19__api-fast__schema_guided,machine,api-fast,api-fast/schema_guided,2019-03-19,education,Education impact and response,partial,0.5,0.95,ok,,222,d9b1efaa,qwen/qwen3.8-flash,1190ddefddb919e5f7be7cf4d1f50d3dcb523da59b0f885ba02abb77109ffbb5,sync,False,2026-08-31T01:12:33+00:00
cyclone_idai_2019,2019-03-19__api-fast__schema_guided,machine,api-fast,api-fast/schema_guided,2019-03-19,wash,WASH needs and response,present,1.0,0.95,ok,,154,f4ff7b62,qwen/qwen3.8-flash,88865c7000e3f00c84bf7a7af353a3d1090726b395555d083f010b05473090eb,sync,False,2026-08-31T01:12:33+00:00
cyclone_idai_2019,2019-03-19__api-fast__schema_guided,machine,api-fast,api-fast/schema_guided,2019-03-19,food,Food security and assistance reach,present,1.0,1.0,ok,,211,74bcf929,qwen/qwen3.8-flash,b4564901946c1be0b12082aa243daf710ccaf0220c9807bb67fa06a610d7523c,sync,False,2026-08-31T01:12:33+00:00
cyclone_idai_2019,2019-03-19__api-fast__schema_guided,machine,api-fast,api-fast/schema_guided,2019-03-19,access,Access constraints,present,1.0,1.0,ok,,285,2f4f4b6d,qwen/qwen3.8-flash,98e7042913549093d0edc14e8e138bdf117fb1d93d17d1389b49ebdfc2e67f36,sync,False,2026-08-31T01:12:33+00:00
cyclone_idai_2019,2019-03-19__api-fast__schema_guided,machine,api-fast,api-fast/schema_guided,2019-03-19,coordination,Coordination arrangements,present,1.0,0.95,ok,,229,04fd798a,qwen/qwen3.8-flash,d22e6bcbd1190c8a1575c42d82bebb83d1ec559c9eaee2ab9779f511b712d6cb,sync,False,2026-08-31T01:12:33+00:00
cyclone_idai_2019,2019-03-19__api-fast__schema_guided,machine,api-fast,api-fast/schema_guided,2019-03-19,needs_gaps,Sector needs and gaps,present,1.0,0.95,ok,,218,fa0e7931,qwen/qwen3.8-flash,5b8d87ec3481b550df899f129a3fb07ffe70916d864ae477ffb662a5c0fad4b5,sync,False,2026-08-31T01:12:33+00:00
cyclone_idai_2019,2019-03-19__api-fast__schema_guided,machine,api-fast,api-fast/schema_guided,2019-03-19,response_actions,Sector response activities,present,1.0,1.0,ok,,192,cfa0826f,qwen/qwen3.8-flash,5e40db9ce6966fd488b41bfdf120d0aa6f081d2d60996559c90ac68347e0e42b,sync,False,2026-08-31T01:12:33+00:00
cyclone_idai_2019,2019-03-19__api-fast__schema_guided,machine,api-fast,api-fast/schema_guided,2019-03-19,shelter,Shelter and non-food items,partial,0.5,0.95,ok,,180,27ffde14,qwen/qwen3.8-flash,070df1b72c1e8c327ad57639fa3aeec2ed0fc32c1c6d20783f43620d4d58df9a,sync,False,2026-08-31T01:12:33+00:00
cyclone_idai_2019,2019-03-19__api-strong__generic,machine,api-strong,api-strong/generic,2019-03-19,currency_and_metadata,Data currency and report metadata,partial,0.5,0.95,ok,,153,a1def3c1,qwen/qwen3.8-flash,87db4552449959a9bdefafff3f07cf0b377d53a6c34f5fd46ade51207dd7755f,sync,False,2026-08-31T01:12:33+00:00
cyclone_idai_2019,2019-03-19__api-strong__generic,machine,api-strong,api-strong/generic,2019-03-19,sourcing,Sourcing and attribution,present,1.0,1.0,ok,,72,57c06326,qwen/qwen3.8-flash,5ed7ec22337087bfb76fc0518a91fa827802f3edfa1e8e741dcbdce9fe0a5374,sync,False,2026-08-31T01:12:33+00:00
cyclone_idai_2019,2019-03-19__api-strong__generic,machine,api-strong,api-strong/generic,2019-03-19,casualties,Casualty and affected-population figures,present,1.0,0.95,ok,,196,bb3ff8dd,qwen/qwen3.8-flash,347ff3f0efaaa5b4084213935103f2db7b88ddf45ee8d0d7da09bf1bbfc69315,sync,False,2026-08-31T01:12:33+00:00
cyclone_idai_2019,2019-03-19__api-strong__generic,machine,api-strong,api-strong/generic,2019-03-19,displacement,Displacement and accommodation sites,partial,0.5,0.95,ok,,151,537866ae,qwen/qwen3.8-flash,33b5f12ac66b09c0c49e3dcf5e6d130ac31e6d1f5f11285edb240e1c8315c55b,sync,False,2026-08-31T01:12:33+00:00
cyclone_idai_2019,2019-03-19__api-strong__generic,machine,api-strong,api-strong/generic,2019-03-19,health,"Health, disease outbreak and nutrition",absent,0.0,1.0,ok,,0,,qwen/qwen3.8-flash,f4e6f0643800bb0cd9411df34606400754274d4a8885b7845f0e8b2c186b08c7,sync,False,2026-08-31T01:12:33+00:00
cyclone_idai_2019,2019-03-19__api-strong__generic,machine,api-strong,api-strong/generic,2019-03-19,damage,"Physical, economic and agricultural damage",present,1.0,1.0,ok,,107,4277fd27,qwen/qwen3.8-flash,25ed696e36575e811044fdc3578b9cb8e6e32bd2e381f3c2822ca2329149dbda,sync,False,2026-08-31T01:12:33+00:00
cyclone_idai_2019,2019-03-19__api-strong__generic,machine,api-strong,api-strong/generic,2019-03-19,funding,Funding status and donor contributions,,,,invalid,unparsable JSON (empty output),0,,qwen/qwen3.8-flash,ce13633bd932a79249437eff697902e9f124094afb48239b693e74ef979b5d01,sync,False,2026-08-31T01:12:33+00:00
cyclone_idai_2019,2019-03-19__api-strong__generic,machine,api-strong,api-strong/generic,2019-03-19,education,Education impact and response,partial,0.5,0.9,ok,,203,e11931cc,qwen/qwen3.8-flash,60bd586e47f919d2fdb197300b0a860f9d31a29a6fc07f9eb11964aa1eeae983,sync,False,2026-08-31T01:12:33+00:00
cyclone_idai_2019,2019-03-19__api-strong__generic,machine,api-strong,api-strong/generic,2019-03-19,wash,WASH needs and response,partial,0.5,0.95,ok,,207,852e4d65,qwen/qwen3.8-flash,a689df122f5b8ed218f00b8eca8b21b412af2ff4a101ac8bebcdc29d6f648ce0,sync,False,2026-08-31T01:12:33+00:00
cyclone_idai_2019,2019-03-19__api-strong__generic,machine,api-strong,api-strong/generic,2019-03-19,food,Food security and assistance reach,partial,0.5,0.95,ok,,142,dd39c5ae,qwen/qwen3.8-flash,45e0f467376847b117d69163480308dcf2936fbbd9cbed6929078d558b136b62,sync,False,2026-08-31T01:12:33+00:00
cyclone_idai_2019,2019-03-19__api-strong__generic,machine,api-strong,api-strong/generic,2019-03-19,access,Access constraints,present,1.0,1.0,ok,,160,821de78d,qwen/qwen3.8-flash,2a4b7f4d7f9f9e125aa493828c074336589ab00469c01b7c23174eecda49d779,sync,False,2026-08-31T01:12:33+00:00
cyclone_idai_2019,2019-03-19__api-strong__generic,machine,api-strong,api-strong/generic,2019-03-19,coordination,Coordination arrangements,partial,0.5,0.9,ok,,199,9bd00949,qwen/qwen3.8-flash,e59ca3b78602bd7d9d6708fe7275e651404b889c9e3819ae7de20160f60f56ee,sync,False,2026-08-31T01:12:33+00:00
cyclone_idai_2019,2019-03-19__api-strong__generic,machine,api-strong,api-strong/generic,2019-03-19,needs_gaps,Sector needs and gaps,present,1.0,0.95,ok,,143,8d6a5676,qwen/qwen3.8-flash,97b127af3b54e24952a3e769506387239768a21c886d948400ee139acdb9a4d3,sync,False,2026-08-31T01:12:33+00:00
cyclone_idai_2019,2019-03-19__api-strong__generic,machine,api-strong,api-strong/generic,2019-03-19,response_actions,Sector response activities,present,1.0,1.0,ok,,210,b25f0445,qwen/qwen3.8-flash,74e8d23b353e3ae5142fcb12a24d7e6dc2831e11ec9566f84ff277859a6f2b96,sync,False,2026-08-31T01:12:33+00:00
cyclone_idai_2019,2019-03-19__api-strong__generic,machine,api-strong,api-strong/generic,2019-03-19,shelter,Shelter and non-food items,partial,0.5,0.95,ok,,128,71fe3985,qwen/qwen3.8-flash,8080c34cd0284cef9a3ba35e2154c0ab1f5d43cc5c0fb5853c5197650668aa21,sync,False,2026-08-31T01:12:33+00:00
cyclone_idai_2019,2019-03-19__api-strong__schema_guided,machine,api-strong,api-strong/schema_guided,2019-03-19,currency_and_metadata,Data currency and report metadata,partial,0.5,1.0,ok,,143,614ed21f,qwen/qwen3.8-flash,8c013cfb8b738e67f2438f077255b7a3c871c26b900c2fd08a2cccfe9fb1910d,sync,False,2026-08-31T01:12:33+00:00
cyclone_idai_2019,2019-03-19__api-strong__schema_guided,machine,api-strong,api-strong/schema_guided,2019-03-19,sourcing,Sourcing and attribution,present,1.0,0.95,ok,,201,36c1f61b,qwen/qwen3.8-flash,042f00de969a20fe68f1038dd07fa225e5d53d67b37e6784bdb1195ed8acce67,sync,False,2026-08-31T01:12:33+00:00
cyclone_idai_2019,2019-03-19__api-strong__schema_guided,machine,api-strong,api-strong/schema_guided,2019-03-19,casualties,Casualty and affected-population figures,present,1.0,1.0,ok,,207,5dc74014,qwen/qwen3.8-flash,a78a62988dff51adb50e9717eb6625a9379b1fe0a74357ed56300240cd603d77,sync,False,2026-08-31T01:12:33+00:00
cyclone_idai_2019,2019-03-19__api-strong__schema_guided,machine,api-strong,api-strong/schema_guided,2019-03-19,displacement,Displacement and accommodation sites,present,1.0,0.9,ok,,227,23da59b5,qwen/qwen3.8-flash,23eec7b6ca8c1dbeae629a3cfc54ee91ff98da8796181f0a0b6cdf2f8dbfe351,sync,False,2026-08-31T01:12:33+00:00
cyclone_idai_2019,2019-03-19__api-strong__schema_guided,machine,api-strong,api-strong/schema_guided,2019-03-19,health,"Health, disease outbreak and nutrition",partial,0.5,1.0,ok,,220,b61d111e,qwen/qwen3.8-flash,7f298dcbbdf7569236cdd6de37e67e6cdc7296b8280214da6bc11d16f8abe299,sync,False,2026-08-31T01:12:33+00:00
cyclone_idai_2019,2019-03-19__api-strong__schema_guided,machine,api-strong,api-strong/schema_guided,2019-03-19,damage,"Physical, economic and agricultural damage",,,,invalid,unparsable JSON (empty output),0,,qwen/qwen3.8-flash,440d6aec98cc68ed4a9c845c8f6f1ca5969bf7ec0239d153c3c190b8a72cc1a0,sync,False,2026-08-31T01:12:33+00:00
cyclone_idai_2019,2019-03-19__api-strong__schema_guided,machine,api-strong,api-strong/schema_guided,2019-03-19,funding,Funding status and donor contributions,present,1.0,1.0,ok,,204,552cb6f8,qwen/qwen3.8-flash,474846d6fdb34ac4f94fa25fa56898e170fd674e13676e0bd3121cf6c54ecdeb,sync,False,2026-08-31T01:12:33+00:00
cyclone_idai_2019,2019-03-19__api-strong__schema_guided,machine,api-strong,api-strong/schema_guided,2019-03-19,education,Education impact and response,,,,invalid,unparsable JSON (empty output),0,,qwen/qwen3.8-flash,6701679abb4a1b34d45466a2e7b4ac531e4ffc356b8484b95bbbd56057aba726,sync,False,2026-08-31T01:12:33+00:00
cyclone_idai_2019,2019-03-19__api-strong__schema_guided,machine,api-strong,api-strong/schema_guided,2019-03-19,wash,WASH needs and response,present,1.0,1.0,ok,,199,cc151e87,qwen/qwen3.8-flash,6d04975016783a8833d2ed901a606341629376d0eefe2fcb4906a74ccb4dbc68,sync,False,2026-08-31T01:12:33+00:00
cyclone_idai_2019,2019-03-19__api-strong__schema_guided,machine,api-strong,api-strong/schema_guided,2019-03-19,food,Food security and assistance reach,present,1.0,1.0,ok,,172,331869f1,qwen/qwen3.8-flash,982f65a31595c66f493228d981bb6709fd9ab1e526fc82bec9d502ed81dd409b,sync,False,2026-08-31T01:12:33+00:00
cyclone_idai_2019,2019-03-19__api-strong__schema_guided,machine,api-strong,api-strong/schema_guided,2019-03-19,access,Access constraints,present,1.0,1.0,ok,,159,7d344eca,qwen/qwen3.8-flash,f6b6b71459cdf8c9f552b9d28690c9899fcf3d72acacaad876e77788064bb893,sync,False,2026-08-31T01:12:33+00:00
cyclone_idai_2019,2019-03-19__api-strong__schema_guided,machine,api-strong,api-strong/schema_guided,2019-03-19,coordination,Coordination arrangements,present,1.0,0.95,ok,,201,ddb0fb4e,qwen/qwen3.8-flash,4198f1e4aca9508a85db23f47a766539e702d20812ec14f01f7abc08bafbbb55,sync,False,2026-08-31T01:12:33+00:00
cyclone_idai_2019,2019-03-19__api-strong__schema_guided,machine,api-strong,api-strong/schema_guided,2019-03-19,needs_gaps,Sector needs and gaps,present,1.0,0.95,ok,,209,75621b4a,qwen/qwen3.8-flash,07f5b4f4684ea2cbffcac3061d437291915379d661a5ab2fbc925fa1c3193011,sync,False,2026-08-31T01:12:33+00:00
cyclone_idai_2019,2019-03-19__api-strong__schema_guided,machine,api-strong,api-strong/schema_guided,2019-03-19,response_actions,Sector response activities,present,1.0,0.95,ok,,200,4508a65b,qwen/qwen3.8-flash,cb87440bc11abf8e8adb4c49fb65e76f42649401aeb1ba25d3a44a6e2f2b0cc9,sync,False,2026-08-31T01:12:33+00:00
cyclone_idai_2019,2019-03-19__api-strong__schema_guided,machine,api-strong,api-strong/schema_guided,2019-03-19,shelter,Shelter and non-food items,present,1.0,1.0,ok,,236,ce39c8df,qwen/qwen3.8-flash,1e0512ae32162a277ee2c9eb41fa15b9ea7374bd236ab57af387c82099ac9da2,sync,False,2026-08-31T01:12:33+00:00
cyclone_idai_2019,2019-03-20__api-fast__generic,machine,api-fast,api-fast/generic,2019-03-20,currency_and_metadata,Data currency and report metadata,partial,0.5,0.95,ok,,183,1c1d59dd,qwen/qwen3.8-flash,6f8c51ba563cbd60d93f08e98f256ef3d5e2ad910dd6412bd815e710b2538899,sync,False,2026-08-31T01:12:33+00:00
cyclone_idai_2019,2019-03-20__api-fast__generic,machine,api-fast,api-fast/generic,2019-03-20,sourcing,Sourcing and attribution,partial,0.5,0.95,ok,,77,71703749,qwen/qwen3.8-flash,d490b934e8d1632cccbcced7a86957a89fb18eaba6c9eeb5985a14041cfb6bac,sync,False,2026-08-31T01:12:33+00:00
cyclone_idai_2019,2019-03-20__api-fast__generic,machine,api-fast,api-fast/generic,2019-03-20,casualties,Casualty and affected-population figures,present,1.0,0.95,ok,,140,132ff658,qwen/qwen3.8-flash,dfcaba1b164f3300bd8d030ac28a1dc38d10c979d05e8c489feaf6184a4c5cb9,sync,False,2026-08-31T01:12:33+00:00
cyclone_idai_2019,2019-03-20__api-fast__generic,machine,api-fast,api-fast/generic,2019-03-20,displacement,Displacement and accommodation sites,partial,0.5,0.9,ok,,87,f98a5f29,qwen/qwen3.8-flash,152aee1887bb26db6edb292c8268547eef6f7b0e1aa9e1998170842b1e354d52,sync,False,2026-08-31T01:12:33+00:00
cyclone_idai_2019,2019-03-20__api-fast__generic,machine,api-fast,api-fast/generic,2019-03-20,health,"Health, disease outbreak and nutrition",partial,0.5,1.0,ok,,141,2cf7ca39,qwen/qwen3.8-flash,6974c92e74ad1dd80aa2b944ba24ef1115ac51225cf4f1d12cf603aee3a9cead,sync,False,2026-08-31T01:12:33+00:00
cyclone_idai_2019,2019-03-20__api-fast__generic,machine,api-fast,api-fast/generic,2019-03-20,damage,"Physical, economic and agricultural damage",present,1.0,1.0,ok,,136,dd5ab1aa,qwen/qwen3.8-flash,6b9ebee522c07053ec275a6c769f74a67a9945b75490d5200bf283d40373f7dd,sync,False,2026-08-31T01:12:33+00:00
cyclone_idai_2019,2019-03-20__api-fast__generic,machine,api-fast,api-fast/generic,2019-03-20,funding,Funding status and donor contributions,present,1.0,1.0,ok,,175,dcac6c66,qwen/qwen3.8-flash,67ecd76ebc19bc6c288dc58c025e87a20c942e72b860b418a2322cb8fb21b875,sync,False,2026-08-31T01:12:33+00:00
cyclone_idai_2019,2019-03-20__api-fast__generic,machine,api-fast,api-fast/generic,2019-03-20,education,Education impact and response,partial,0.5,0.95,ok,,97,7ddf4d30,qwen/qwen3.8-flash,ba67f1de110a94f35238307aaa5567237674af7ddee12a4b842da65d75504c0d,sync,False,2026-08-31T01:12:33+00:00
cyclone_idai_2019,2019-03-20__api-fast__generic,machine,api-fast,api-fast/generic,2019-03-20,wash,WASH needs and response,partial,0.5,0.95,ok,,117,f2115b2a,qwen/qwen3.8-flash,1363249a72bd356f1944a075f5b967b20078a452a79c1cf2425ee0a35288a810,sync,False,2026-08-31T01:12:33+00:00
cyclone_idai_2019,2019-03-20__api-fast__generic,machine,api-fast,api-fast/generic,2019-03-20,food,Food security and assistance reach,partial,0.5,0.9,ok,,160,6363e4eb,qwen/qwen3.8-flash,8c1694b03d40efc2117a757220a9e02a159666e2a6e490e1380994ec97e22362,sync,False,2026-08-31T01:12:33+00:00
cyclone_idai_2019,2019-03-20__api-fast__generic,machine,api-fast,api-fast/generic,2019-03-20,access,Access constraints,partial,0.5,0.85,ok,,177,0aa1b595,qwen/qwen3.8-flash,c93bcd2198a5d8b3ce9639ca59b45c7f2a2b7805165fd96004eeb29c209512b4,sync,False,2026-08-31T01:12:33+00:00
cyclone_idai_2019,2019-03-20__api-fast__generic,machine,api-fast,api-fast/generic,2019-03-20,coordination,Coordination arrangements,partial,0.5,0.9,ok,,205,2d14af5b,qwen/qwen3.8-flash,0dcba2a9a9f78bc0743ecb184703ac3393f360b8c9a41759a82917265a64389d,sync,False,2026-08-31T01:12:33+00:00
cyclone_idai_2019,2019-03-20__api-fast__generic,machine,api-fast,api-fast/generic,2019-03-20,needs_gaps,Sector needs and gaps,partial,0.5,0.95,ok,,61,de787594,qwen/qwen3.8-flash,c0c0f7350fc1e25a117c3cf5c4d939f1f3bd67a6e3df809083fdf0abf37d369f,sync,False,2026-08-31T01:12:33+00:00
cyclone_idai_2019,2019-03-20__api-fast__generic,machine,api-fast,api-fast/generic,2019-03-20,response_actions,Sector response activities,present,1.0,1.0,ok,,203,4152b782,qwen/qwen3.8-flash,ae57d444dc63484724b8240a145fa36e9557d49615c1d6370eec61138c30355b,sync,False,2026-08-31T01:12:33+00:00
cyclone_idai_2019,2019-03-20__api-fast__generic,machine,api-fast,api-fast/generic,2019-03-20,shelter,Shelter and non-food items,partial,0.5,0.95,ok,,137,6ff1a4e0,qwen/qwen3.8-flash,d588070b4e18b30e63a99a2e8c5ced94b852962b8e77c72e423cd523e93ffd6a,sync,False,2026-08-31T01:12:33+00:00
cyclone_idai_2019,2019-03-20__api-fast__schema_guided,machine,api-fast,api-fast/schema_guided,2019-03-20,currency_and_metadata,Data currency and report metadata,absent,0.0,1.0,ok,,0,,qwen/qwen3.8-flash,e8086e3442a2055fadb4335851b6b518b4859ae750f0a90e9540806c139b920c,sync,False,2026-08-31T01:12:33+00:00
cyclone_idai_2019,2019-03-20__api-fast__schema_guided,machine,api-fast,api-fast/schema_guided,2019-03-20,sourcing,Sourcing and attribution,present,1.0,1.0,ok,,205,c3cbf6b2,qwen/qwen3.8-flash,5d403930a882f57be437f7078ab5de741942106b099e54a87dada3b9469e6e20,sync,False,2026-08-31T01:12:33+00:00
cyclone_idai_2019,2019-03-20__api-fast__schema_guided,machine,api-fast,api-fast/schema_guided,2019-03-20,casualties,Casualty and affected-population figures,present,1.0,1.0,ok,,183,b93a09b4,qwen/qwen3.8-flash,0f1b723847b8ede344470b9b9ec75a6e41591274063407dc80d868fadeaff298,sync,False,2026-08-31T01:12:33+00:00
cyclone_idai_2019,2019-03-20__api-fast__schema_guided,machine,api-fast,api-fast/schema_guided,2019-03-20,displacement,Displacement and accommodation sites,partial,0.5,1.0,ok,,156,41eac464,qwen/qwen3.8-flash,47e7640900ec48aaca3456414e0f8588ba850d4bae48ce2e476891e6f1b981e1,sync,False,2026-08-31T01:12:33+00:00
cyclone_idai_2019,2019-03-20__api-fast__schema_guided,machine,api-fast,api-fast/schema_guided,2019-03-20,health,"Health, disease outbreak and nutrition",partial,0.5,0.95,ok,,168,7ce79b9e,qwen/qwen3.8-flash,5aab92b35c8d3d8ff64ae034c26e7a1bff6eddf6c086780bf80b306b416a6afa,sync,False,2026-08-31T01:12:33+00:00
cyclone_idai_2019,2019-03-20__api-fast__schema_guided,machine,api-fast,api-fast/schema_guided,2019-03-20,damage,"Physical, economic and agricultural damage",present,1.0,0.95,ok,,167,6052743c,qwen/qwen3.8-flash,c8a608489f51199c7815a4f6c789bed85e9504830a4dd69917836bfa8e468601,sync,False,2026-08-31T01:12:33+00:00
cyclone_idai_2019,2019-03-20__api-fast__schema_guided,machine,api-fast,api-fast/schema_guided,2019-03-20,funding,Funding status and donor contributions,present,1.0,1.0,ok,,204,0dfc0e2b,qwen/qwen3.8-flash,f8b1fe277a87b53ad96bb7d92d839aa40eb7731bfd35c778de66d477873a5c28,sync,False,2026-08-31T01:12:33+00:00
cyclone_idai_2019,2019-03-20__api-fast__schema_guided,machine,api-fast,api-fast/schema_guided,2019-03-20,education,Education impact and response,present,1.0,0.95,ok,,201,df8f332f,qwen/qwen3.8-flash,06b26e690c4cf6f4b095dfd2ae390ce6cf888d77b9dad8cb0d902701e5d49a43,sync,False,2026-08-31T01:12:33+00:00
cyclone_idai_2019,2019-03-20__api-fast__schema_guided,machine,api-fast,api-fast/schema_guided,2019-03-20,wash,WASH needs and response,present,1.0,1.0,ok,,180,d2f721ec,qwen/qwen3.8-flash,cead3b8c9b49be8c7d48fec17cf537d13f37f241ffb245e5f560f09675e04d75,sync,False,2026-08-31T01:12:33+00:00
cyclone_idai_2019,2019-03-20__api-fast__schema_guided,machine,api-fast,api-fast/schema_guided,2019-03-20,food,Food security and assistance reach,present,1.0,0.95,ok,,179,5d4da2b7,qwen/qwen3.8-flash,65ee258b38bfd010ab9cf217e5970aaed3835977ddb823af0915b77c607b483b,sync,False,2026-08-31T01:12:33+00:00
cyclone_idai_2019,2019-03-20__api-fast__schema_guided,machine,api-fast,api-fast/schema_guided,2019-03-20,access,Access constraints,present,1.0,1.0,ok,,172,dc8e78b3,qwen/qwen3.8-flash,0789b1dc8e1aba9f52454d225d94484b7ad7c558f3d85ba2c7ced89e8cb75dd3,sync,False,2026-08-31T01:12:33+00:00
cyclone_idai_2019,2019-03-20__api-fast__schema_guided,machine,api-fast,api-fast/schema_guided,2019-03-20,coordination,Coordination arrangements,present,1.0,1.0,ok,,214,b0407025,qwen/qwen3.8-flash,0c3f3f69336a75c6f2d9b5ae578b8661efc6816500aec241e51003d40d135a67,sync,False,2026-08-31T01:12:33+00:00
cyclone_idai_2019,2019-03-20__api-fast__schema_guided,machine,api-fast,api-fast/schema_guided,2019-03-20,needs_gaps,Sector needs and gaps,present,1.0,0.9,ok,,181,96ce1463,qwen/qwen3.8-flash,4ede54c0cc8053cfb94f171681388d871a41d7ef05054ee57fd8237c9ecadd19,sync,False,2026-08-31T01:12:33+00:00
cyclone_idai_2019,2019-03-20__api-fast__schema_guided,machine,api-fast,api-fast/schema_guided,2019-03-20,response_actions,Sector response activities,present,1.0,0.95,ok,,110,5cc70f2c,qwen/qwen3.8-flash,77cc87694339147fe88242eb3f93aa93a777087fa05188ec4509c5731669d3e7,sync,False,2026-08-31T01:12:33+00:00
cyclone_idai_2019,2019-03-20__api-fast__schema_guided,machine,api-fast,api-fast/schema_guided,2019-03-20,shelter,Shelter and non-food items,present,1.0,0.95,ok,,183,2aa679c8,qwen/qwen3.8-flash,3204d21f146d14f7e812a5f9abe93266043117a443a54b393ea9b4f61d56871c,sync,False,2026-08-31T01:12:33+00:00
cyclone_idai_2019,2019-03-20__api-strong__generic,machine,api-strong,api-strong/generic,2019-03-20,currency_and_metadata,Data currency and report metadata,partial,0.5,0.95,ok,,104,770231da,qwen/qwen3.8-flash,774861345b0a7544cf0721fa3dd014462eb49c069b8483ba8b16875ce9dc62e4,sync,False,2026-08-31T01:12:33+00:00
cyclone_idai_2019,2019-03-20__api-strong__generic,machine,api-strong,api-strong/generic,2019-03-20,sourcing,Sourcing and attribution,present,1.0,1.0,ok,,55,ce992d81,qwen/qwen3.8-flash,9cdccc883b6fcf348feee41748126fee8855ed29eb1a1a413b14e6fcb002745e,sync,False,2026-08-31T01:12:33+00:00
cyclone_idai_2019,2019-03-20__api-strong__generic,machine,api-strong,api-strong/generic,2019-03-20,casualties,Casualty and affected-population figures,present,1.0,1.0,ok,,169,d115f669,qwen/qwen3.8-flash,67e5161f6545c573847e55cd74a31696ddbc0693ebedcc16043c8be39f472ca2,sync,False,2026-08-31T01:12:33+00:00
cyclone_idai_2019,2019-03-20__api-strong__generic,machine,api-strong,api-strong/generic,2019-03-20,displacement,Displacement and accommodation sites,partial,0.5,0.95,ok,,157,20e4eeec,qwen/qwen3.8-flash,773a5aee139dfcb8c42fa6c1f8772612a2bc22420f3b5bba14a9c207ea0bef4f,sync,False,2026-08-31T01:12:33+00:00
cyclone_idai_2019,2019-03-20__api-strong__generic,machine,api-strong,api-strong/generic,2019-03-20,health,"Health, disease outbreak and nutrition",partial,0.5,0.95,ok,,91,b4879d3d,qwen/qwen3.8-flash,790b38512ed97a29d23951f806d326a7e67aed7278b8afcf13103686891bb42e,sync,False,2026-08-31T01:12:33+00:00
cyclone_idai_2019,2019-03-20__api-strong__generic,machine,api-strong,api-strong/generic,2019-03-20,damage,"Physical, economic and agricultural damage",present,1.0,0.95,ok,,193,8574cc3e,qwen/qwen3.8-flash,663c58478be9bb0ae7732342004f8cecb30d8edaf5d64a646faf0609374816e9,sync,False,2026-08-31T01:12:33+00:00
cyclone_idai_2019,2019-03-20__api-strong__generic,machine,api-strong,api-strong/generic,2019-03-20,funding,Funding status and donor contributions,,,,invalid,unparsable JSON (Unterminated string starting at at pos 35),0,,qwen/qwen3.8-flash,3ccac85ece8edf2599bb8351700ab712ce917fe8eafeae5b2fc7000d87a6bbc8,sync,False,2026-08-31T01:12:33+00:00
cyclone_idai_2019,2019-03-20__api-strong__generic,machine,api-strong,api-strong/generic,2019-03-20,education,Education impact and response,partial,0.5,1.0,ok,,16,748094c7,qwen/qwen3.8-flash,83b1a5eb1d1166dac96c3c826807ae8c901938849430227d6885cdeede7bc88d,sync,False,2026-08-31T01:12:33+00:00
cyclone_idai_2019,2019-03-20__api-strong__generic,machine,api-strong,api-strong/generic,2019-03-20,wash,WASH needs and response,present,1.0,1.0,ok,,181,db3c4386,qwen/qwen3.8-flash,b1be69122a0c6a5436902a14d5cddfc721456fdf11c5486299d769e30c7efe49,sync,False,2026-08-31T01:12:33+00:00
cyclone_idai_2019,2019-03-20__api-strong__generic,machine,api-strong,api-strong/generic,2019-03-20,food,Food security and assistance reach,partial,0.5,0.9,ok,,148,eb6662fe,qwen/qwen3.8-flash,6092036ee59512ab8bf1a4c8999e562cb803e17d1e98427fde711435f4680c43,sync,False,2026-08-31T01:12:33+00:00
cyclone_idai_2019,2019-03-20__api-strong__generic,machine,api-strong,api-strong/generic,2019-03-20,access,Access constraints,present,1.0,1.0,ok,,100,ffe1bc49,qwen/qwen3.8-flash,2dc84ed7d4174a19ef6f7ca997655a7e1ba1a6293a4b07d208af42ace8dba97f,sync,False,2026-08-31T01:12:33+00:00
cyclone_idai_2019,2019-03-20__api-strong__generic,machine,api-strong,api-strong/generic,2019-03-20,coordination,Coordination arrangements,present,1.0,0.95,ok,,180,9520929b,qwen/qwen3.8-flash,5ac7c0b3a98f710e2c0f466d0bf8d154194b0904d711b7b7a5c603788a5d4f55,sync,False,2026-08-31T01:12:33+00:00
cyclone_idai_2019,2019-03-20__api-strong__generic,machine,api-strong,api-strong/generic,2019-03-20,needs_gaps,Sector needs and gaps,,,,invalid,unparsable JSON (empty output),0,,qwen/qwen3.8-flash,f887e00fa6a6d933187eec3431f54482adb2102b9693871992eb5a066b4c30ac,sync,False,2026-08-31T01:12:33+00:00
cyclone_idai_2019,2019-03-20__api-strong__generic,machine,api-strong,api-strong/generic,2019-03-20,response_actions,Sector response activities,present,1.0,1.0,ok,,153,ad7f59f3,qwen/qwen3.8-flash,0004fd32d2cc3231b6bb195e8faa1353a30850ad72b849a836c1e69b53790180,sync,False,2026-08-31T01:12:33+00:00
cyclone_idai_2019,2019-03-20__api-strong__generic,machine,api-strong,api-strong/generic,2019-03-20,shelter,Shelter and non-food items,present,1.0,0.95,ok,,201,9c61f814,qwen/qwen3.8-flash,2ac708a83721ccb7df1b249a0de97220a48d20d3c64431948a7dc8818b2a2aad,sync,False,2026-08-31T01:12:33+00:00
cyclone_idai_2019,2019-03-20__api-strong__schema_guided,machine,api-strong,api-strong/schema_guided,2019-03-20,currency_and_metadata,Data currency and report metadata,partial,0.5,0.95,ok,,92,23cef311,qwen/qwen3.8-flash,949c6e528c0f3790ab31122b459d1cd6a6bd0bb3242c85a7894b7797e8848421,sync,False,2026-08-31T01:12:33+00:00
cyclone_idai_2019,2019-03-20__api-strong__schema_guided,machine,api-strong,api-strong/schema_guided,2019-03-20,sourcing,Sourcing and attribution,present,1.0,1.0,ok,,143,202b823a,qwen/qwen3.8-flash,6862ad8c1a31e6cb06b29129cffa82e8a696712a96908d6fc653dad8f580a4ce,sync,False,2026-08-31T01:12:33+00:00
cyclone_idai_2019,2019-03-20__api-strong__schema_guided,machine,api-strong,api-strong/schema_guided,2019-03-20,casualties,Casualty and affected-population figures,present,1.0,1.0,ok,,102,6b68ba5c,qwen/qwen3.8-flash,da074a991826d702994e0283869353bb098b491d3c6f05042df14363f2a15992,sync,False,2026-08-31T01:12:33+00:00
cyclone_idai_2019,2019-03-20__api-strong__schema_guided,machine,api-strong,api-strong/schema_guided,2019-03-20,displacement,Displacement and accommodation sites,partial,0.5,0.95,ok,,268,c617414e,qwen/qwen3.8-flash,7f58ccae0a31322ecf550b9eef8f1b78956f78530aa171dbcbadc4df58e686fc,sync,False,2026-08-31T01:12:33+00:00
cyclone_idai_2019,2019-03-20__api-strong__schema_guided,machine,api-strong,api-strong/schema_guided,2019-03-20,health,"Health, disease outbreak and nutrition",partial,0.5,0.95,ok,,215,145f7545,qwen/qwen3.8-flash,73b9502daf2673aaa2bfe0629905549307a617062ed40fc91f6d48ec79ec97ba,sync,False,2026-08-31T01:12:33+00:00
cyclone_idai_2019,2019-03-20__api-strong__schema_guided,machine,api-strong,api-strong/schema_guided,2019-03-20,damage,"Physical, economic and agricultural damage",present,1.0,1.0,ok,,129,6445560d,qwen/qwen3.8-flash,7158d6717c71084018e2fbc4801c9646978a02f75c7f377553ed37628b6f9d53,sync,False,2026-08-31T01:12:33+00:00
cyclone_idai_2019,2019-03-20__api-strong__schema_guided,machine,api-strong,api-strong/schema_guided,2019-03-20,funding,Funding status and donor contributions,present,1.0,0.95,ok,,182,d1597244,qwen/qwen3.8-flash,e243a59e99ee36e966f2396f927f705c205d0d3fde66f5b9ec4e45eea7a5f229,sync,False,2026-08-31T01:12:33+00:00
cyclone_idai_2019,2019-03-20__api-strong__schema_guided,machine,api-strong,api-strong/schema_guided,2019-03-20,education,Education impact and response,partial,0.5,0.95,ok,,157,4917d0d6,qwen/qwen3.8-flash,07e84f638487f4e343b5e8f95321e56d97adfa3bcff14761fe0fca6e4b7a79fd,sync,False,2026-08-31T01:12:33+00:00
cyclone_idai_2019,2019-03-20__api-strong__schema_guided,machine,api-strong,api-strong/schema_guided,2019-03-20,wash,WASH needs and response,present,1.0,0.95,ok,,107,e5eace37,qwen/qwen3.8-flash,601f7c32a50546317bb45a0879c20161579fdecaef093faa6545d359dee87171,sync,False,2026-08-31T01:12:33+00:00
cyclone_idai_2019,2019-03-20__api-strong__schema_guided,machine,api-strong,api-strong/schema_guided,2019-03-20,food,Food security and assistance reach,,,,invalid,unparsable JSON (empty output),0,,qwen/qwen3.8-flash,6e839666731e233712ac1e554999f53b4d0aad2b89a5b468b1ff5b09504ed515,sync,False,2026-08-31T01:12:33+00:00
cyclone_idai_2019,2019-03-20__api-strong__schema_guided,machine,api-strong,api-strong/schema_guided,2019-03-20,access,Access constraints,present,1.0,0.95,ok,,180,0ee29692,qwen/qwen3.8-flash,1fd4358673b43bb88a477bb6df185ce78e3e114b0331f8f4f6186a4282e82f19,sync,False,2026-08-31T01:12:33+00:00
cyclone_idai_2019,2019-03-20__api-strong__schema_guided,machine,api-strong,api-strong/schema_guided,2019-03-20,coordination,Coordination arrangements,present,1.0,0.95,ok,,204,b14ed53c,qwen/qwen3.8-flash,faeb71a8e329323b62d0d130d38de8f2a2d2349cbfeaecd161dae0a71ae05206,sync,False,2026-08-31T01:12:33+00:00
cyclone_idai_2019,2019-03-20__api-strong__schema_guided,machine,api-strong,api-strong/schema_guided,2019-03-20,needs_gaps,Sector needs and gaps,present,1.0,1.0,ok,,197,8285a484,qwen/qwen3.8-flash,5de56ba52d62734399f2cd2cdda3dc10a77d80d70725abe9685ad490c02b0330,sync,False,2026-08-31T01:12:33+00:00
cyclone_idai_2019,2019-03-20__api-strong__schema_guided,machine,api-strong,api-strong/schema_guided,2019-03-20,response_actions,Sector response activities,present,1.0,1.0,ok,,162,1c2adca6,qwen/qwen3.8-flash,c406b9e0b2211487b02c90df27525c0d742c9bd63572657ed79cd873003afccb,sync,False,2026-08-31T01:12:33+00:00
cyclone_idai_2019,2019-03-20__api-strong__schema_guided,machine,api-strong,api-strong/schema_guided,2019-03-20,shelter,Shelter and non-food items,present,1.0,0.95,ok,,204,6e594c89,qwen/qwen3.8-flash,9e474957f865ec533f15b9602d95b4f790d6bf59ce560da9c30e531f6feb857c,sync,False,2026-08-31T01:12:33+00:00
cyclone_idai_2019,2019-03-21__api-fast__generic,machine,api-fast,api-fast/generic,2019-03-21,currency_and_metadata,Data currency and report metadata,partial,0.5,0.95,ok,,23,a94383ba,qwen/qwen3.8-flash,d932af69bd73fb68dc74971f790c057618e977f680592833176735cbb6d07f94,sync,False,2026-08-31T01:12:33+00:00
cyclone_idai_2019,2019-03-21__api-fast__generic,machine,api-fast,api-fast/generic,2019-03-21,sourcing,Sourcing and attribution,present,1.0,1.0,ok,,148,865c1d97,qwen/qwen3.8-flash,cf9163219af253cc735ce685fe2fe7cc835790453de0d50daeba976101f50812,sync,False,2026-08-31T01:12:33+00:00
cyclone_idai_2019,2019-03-21__api-fast__generic,machine,api-fast,api-fast/generic,2019-03-21,casualties,Casualty and affected-population figures,present,1.0,1.0,ok,,111,5eed4de0,qwen/qwen3.8-flash,d4e3457a72a766be04a8bec4d006dcb2c26c7931df45f3fb5b26f83314f214fb,sync,False,2026-08-31T01:12:33+00:00
cyclone_idai_2019,2019-03-21__api-fast__generic,machine,api-fast,api-fast/generic,2019-03-21,displacement,Displacement and accommodation sites,partial,0.5,0.9,ok,,145,5adfa062,qwen/qwen3.8-flash,08f9788a0abc5584183be319caf41e89e1e0cd1a9f0f699c8abb49e10946361f,sync,False,2026-08-31T01:12:33+00:00
cyclone_idai_2019,2019-03-21__api-fast__generic,machine,api-fast,api-fast/generic,2019-03-21,health,"Health, disease outbreak and nutrition",partial,0.5,1.0,ok,,126,141fdce2,qwen/qwen3.8-flash,f625cb068689b34059a00250dfc1afedc7f3676e63ee34fd962785f0b24e0c51,sync,False,2026-08-31T01:12:33+00:00
cyclone_idai_2019,2019-03-21__api-fast__generic,machine,api-fast,api-fast/generic,2019-03-21,damage,"Physical, economic and agricultural damage",partial,0.5,0.95,ok,,163,c843924c,qwen/qwen3.8-flash,90a5fddcbac864c41fb6ab5069d290a167c29f021dd19102124616902387de52,sync,False,2026-08-31T01:12:33+00:00
cyclone_idai_2019,2019-03-21__api-fast__generic,machine,api-fast,api-fast/generic,2019-03-21,funding,Funding status and donor contributions,present,1.0,1.0,ok,,143,7ba2811f,qwen/qwen3.8-flash,fd805cb528c3f56fddc21138a0bbb0af96e609aceb9213f25d56dfc3649a2317,sync,False,2026-08-31T01:12:33+00:00
cyclone_idai_2019,2019-03-21__api-fast__generic,machine,api-fast,api-fast/generic,2019-03-21,education,Education impact and response,partial,0.5,0.95,ok,,166,b2cfee64,qwen/qwen3.8-flash,601955e1cddbeb33053c885b3697d38ac48bd8349ffa244c8c03b9f535feb1ce,sync,False,2026-08-31T01:12:33+00:00
cyclone_idai_2019,2019-03-21__api-fast__generic,machine,api-fast,api-fast/generic,2019-03-21,wash,WASH needs and response,partial,0.5,0.95,ok,,113,d0ef0460,qwen/qwen3.8-flash,de5b69a45dd0bc0dee27646cc58fc58b9b80f2997de82638d86a574c75e5aab3,sync,False,2026-08-31T01:12:33+00:00
cyclone_idai_2019,2019-03-21__api-fast__generic,machine,api-fast,api-fast/generic,2019-03-21,food,Food security and assistance reach,partial,0.5,0.9,ok,,168,a5ac24ae,qwen/qwen3.8-flash,f2796d17bba4effb6cb9537d844d731377c25d96dd0f6322f414c8799ae44ca0,sync,False,2026-08-31T01:12:33+00:00
cyclone_idai_2019,2019-03-21__api-fast__generic,machine,api-fast,api-fast/generic,2019-03-21,access,Access constraints,present,1.0,1.0,ok,,128,48a6759d,qwen/qwen3.8-flash,31d219e9605dec22064f863f9d5ba2d111d44901c04cd8773af0fcf3d3fdd553,sync,False,2026-08-31T01:12:33+00:00
cyclone_idai_2019,2019-03-21__api-fast__generic,machine,api-fast,api-fast/generic,2019-03-21,coordination,Coordination arrangements,partial,0.5,0.9,ok,,190,bf3e13fb,qwen/qwen3.8-flash,fe70c3da05ad284f8e959eab26d8a8487b93d49b43ce3e444a3d7f8359541b3f,sync,False,2026-08-31T01:12:33+00:00
cyclone_idai_2019,2019-03-21__api-fast__generic,machine,api-fast,api-fast/generic,2019-03-21,needs_gaps,Sector needs and gaps,present,1.0,0.95,ok,,215,528238a4,qwen/qwen3.8-flash,901f53f20f6f5a17ced8a7bafdcf45142e1f0a2d8faa64e8f5cb7e3b2cf292f9,sync,False,2026-08-31T01:12:33+00:00
cyclone_idai_2019,2019-03-21__api-fast__generic,machine,api-fast,api-fast/generic,2019-03-21,response_actions,Sector response activities,present,1.0,1.0,ok,,201,50cbb75c,qwen/qwen3.8-flash,32149cafefd707363dd1acc1b63f4dfdee3f625402c915f6e87c994861c0e3a7,sync,False,2026-08-31T01:12:33+00:00
cyclone_idai_2019,2019-03-21__api-fast__generic,machine,api-fast,api-fast/generic,2019-03-21,shelter,Shelter and non-food items,partial,0.5,0.95,ok,,176,cb9924b6,qwen/qwen3.8-flash,2261aa64c833170f7b1838e4107320ff37c376b0835fe4f503d45156f7eaac7c,sync,False,2026-08-31T01:12:33+00:00
cyclone_idai_2019,2019-03-21__api-fast__schema_guided,machine,api-fast,api-fast/schema_guided,2019-03-21,currency_and_metadata,Data currency and report metadata,present,1.0,1.0,ok,,253,a21c11c3,qwen/qwen3.8-flash,139383f24971da60dd6fb0accc4b75acc1bd42cbc86b1f3ed37a209118b1b36e,sync,False,2026-08-31T01:12:33+00:00
cyclone_idai_2019,2019-03-21__api-fast__schema_guided,machine,api-fast,api-fast/schema_guided,2019-03-21,sourcing,Sourcing and attribution,present,1.0,1.0,ok,,201,695fb2c5,qwen/qwen3.8-flash,295fc3be995237f282232b8d27fce292270e856728a94f9b4773cf9ac5fe3eac,sync,False,2026-08-31T01:12:33+00:00
cyclone_idai_2019,2019-03-21__api-fast__schema_guided,machine,api-fast,api-fast/schema_guided,2019-03-21,casualties,Casualty and affected-population figures,present,1.0,1.0,ok,,90,4c4645d0,qwen/qwen3.8-flash,b0a77378106941d9c1447e6f89ba551964a4d50d79b480f7828a07a429c01443,sync,False,2026-08-31T01:12:33+00:00
cyclone_idai_2019,2019-03-21__api-fast__schema_guided,machine,api-fast,api-fast/schema_guided,2019-03-21,displacement,Displacement and accommodation sites,present,1.0,0.9,ok,,207,c51164fb,qwen/qwen3.8-flash,8079921cef641e939c230a8b316c405a8fbf4a310a811a76b26c35b3b26ea367,sync,False,2026-08-31T01:12:33+00:00
cyclone_idai_2019,2019-03-21__api-fast__schema_guided,machine,api-fast,api-fast/schema_guided,2019-03-21,health,"Health, disease outbreak and nutrition",partial,0.5,1.0,ok,,166,96e2eb78,qwen/qwen3.8-flash,7cfc44854bfe5a3e4e6f4286940e0b61d8f2de2a9808e0b481b4456b2ad3274c,sync,False,2026-08-31T01:12:33+00:00
cyclone_idai_2019,2019-03-21__api-fast__schema_guided,machine,api-fast,api-fast/schema_guided,2019-03-21,damage,"Physical, economic and agricultural damage",present,1.0,0.9,ok,,205,602a7c25,qwen/qwen3.8-flash,50ee04177d30d83ca2d928234e8ad47953c26aaf6114ffbb36c5602e5576942c,sync,False,2026-08-31T01:12:33+00:00
cyclone_idai_2019,2019-03-21__api-fast__schema_guided,machine,api-fast,api-fast/schema_guided,2019-03-21,funding,Funding status and donor contributions,present,1.0,1.0,ok,,169,d226cf16,qwen/qwen3.8-flash,d7a089e21c4b9c7e87e890edd42a23eb4d52e11536fad26edafd4b7d72de1c07,sync,False,2026-08-31T01:12:33+00:00
cyclone_idai_2019,2019-03-21__api-fast__schema_guided,machine,api-fast,api-fast/schema_guided,2019-03-21,education,Education impact and response,partial,0.5,0.95,ok,,174,e282ac5f,qwen/qwen3.8-flash,afe51a15f6c29a90f7910362f6d26be8085027842ac753e0961dc7e43a58c242,sync,False,2026-08-31T01:12:33+00:00
cyclone_idai_2019,2019-03-21__api-fast__schema_guided,machine,api-fast,api-fast/schema_guided,2019-03-21,wash,WASH needs and response,partial,0.5,0.95,ok,,218,7a61e923,qwen/qwen3.8-flash,7a4bbd8926da2e96a923a37de82b9bc0439e5b846766ae67d1a4167b98ca004c,sync,False,2026-08-31T01:12:33+00:00
cyclone_idai_2019,2019-03-21__api-fast__schema_guided,machine,api-fast,api-fast/schema_guided,2019-03-21,food,Food security and assistance reach,present,1.0,0.8,ok,,151,83fc5b05,qwen/qwen3.8-flash,c18c197ad4ebb000147eb9167f3c6942fe6bd7d9e05c2f4c3fecbd9d98f6d539,sync,False,2026-08-31T01:12:33+00:00
cyclone_idai_2019,2019-03-21__api-fast__schema_guided,machine,api-fast,api-fast/schema_guided,2019-03-21,access,Access constraints,present,1.0,1.0,ok,,186,37220a72,qwen/qwen3.8-flash,a73fabe90908148dfa424f5d7eb42eafa3dfb785c53aa6dc0f4e837cb4a66a57,sync,False,2026-08-31T01:12:33+00:00
cyclone_idai_2019,2019-03-21__api-fast__schema_guided,machine,api-fast,api-fast/schema_guided,2019-03-21,coordination,Coordination arrangements,present,1.0,1.0,ok,,200,f348308e,qwen/qwen3.8-flash,9cc903a4e8f36c124d2cbae78312f436b61d05c17724f57c7414d17532100187,sync,False,2026-08-31T01:12:33+00:00
cyclone_idai_2019,2019-03-21__api-fast__schema_guided,machine,api-fast,api-fast/schema_guided,2019-03-21,needs_gaps,Sector needs and gaps,present,1.0,1.0,ok,,165,a5541929,qwen/qwen3.8-flash,9624b206cc56636fafc3a2c6afa9ce6ddfd07889e4c429683c40269029c5d224,sync,False,2026-08-31T01:12:33+00:00
cyclone_idai_2019,2019-03-21__api-fast__schema_guided,machine,api-fast,api-fast/schema_guided,2019-03-21,response_actions,Sector response activities,present,1.0,1.0,ok,,161,4c84992f,qwen/qwen3.8-flash,bd56049e717e708fc3889d11260b9f330bb8910df74f13a8ad5fc3c0a6fe5bc1,sync,False,2026-08-31T01:12:33+00:00
cyclone_idai_2019,2019-03-21__api-fast__schema_guided,machine,api-fast,api-fast/schema_guided,2019-03-21,shelter,Shelter and non-food items,,,,invalid,unparsable JSON (empty output),0,,qwen/qwen3.8-flash,5f5efe68940ef9ebc10a59068b1e932ca18d49c7e78a2a1a7d4c4656584488bb,sync,False,2026-08-31T01:12:33+00:00
cyclone_idai_2019,2019-03-21__api-strong__generic,machine,api-strong,api-strong/generic,2019-03-21,currency_and_metadata,Data currency and report metadata,partial,0.5,1.0,ok,,146,1bf8459b,qwen/qwen3.8-flash,16bc0233e622ef23dc6e01685837d9089af371a04795627f78ab89b132d15321,sync,False,2026-08-31T01:12:33+00:00
cyclone_idai_2019,2019-03-21__api-strong__generic,machine,api-strong,api-strong/generic,2019-03-21,sourcing,Sourcing and attribution,present,1.0,1.0,ok,,98,f7177d24,qwen/qwen3.8-flash,d57c92348b887b808ea39d6811ab02d961aa4e5a35353c22247e46292886f925,sync,False,2026-08-31T01:12:33+00:00
cyclone_idai_2019,2019-03-21__api-strong__generic,machine,api-strong,api-strong/generic,2019-03-21,casualties,Casualty and affected-population figures,present,1.0,1.0,ok,,100,2bd842c7,qwen/qwen3.8-flash,eb2b28cb4208016cadb31b3d0951c03b8e61aeb3c5c43d3b4aa055f38d89d2fd,sync,False,2026-08-31T01:12:33+00:00
cyclone_idai_2019,2019-03-21__api-strong__generic,machine,api-strong,api-strong/generic,2019-03-21,displacement,Displacement and accommodation sites,partial,0.5,1.0,ok,,154,545ffa17,qwen/qwen3.8-flash,bff4693916a544915c7e8f53daebf54eff9b4a9e60b9757026e99f942e1edbb2,sync,False,2026-08-31T01:12:33+00:00
cyclone_idai_2019,2019-03-21__api-strong__generic,machine,api-strong,api-strong/generic,2019-03-21,health,"Health, disease outbreak and nutrition",partial,0.5,0.95,ok,,199,f6d994da,qwen/qwen3.8-flash,5e063e5596f920b368e9b530c09167c50dbde40490373c8832d7185ef45106cc,sync,False,2026-08-31T01:12:33+00:00
cyclone_idai_2019,2019-03-21__api-strong__generic,machine,api-strong,api-strong/generic,2019-03-21,damage,"Physical, economic and agricultural damage",partial,0.5,1.0,ok,,205,86d3ed9b,qwen/qwen3.8-flash,8e03b9c4437b50183bc0c2a97c22939c75254f9115363508937b7f1a8d827853,sync,False,2026-08-31T01:12:33+00:00
cyclone_idai_2019,2019-03-21__api-strong__generic,machine,api-strong,api-strong/generic,2019-03-21,funding,Funding status and donor contributions,present,1.0,0.95,ok,,162,33a0ad87,qwen/qwen3.8-flash,7d389554ec94b1aecaeb0b8921e6809ca57d5143c032ee6b9d4521dd9ac8bb6f,sync,False,2026-08-31T01:12:33+00:00
cyclone_idai_2019,2019-03-21__api-strong__generic,machine,api-strong,api-strong/generic,2019-03-21,education,Education impact and response,partial,0.5,0.95,ok,,124,dbb4ce33,qwen/qwen3.8-flash,98f2c7c09f9e59b996e3e47d0cdbc9b03af67dc1c2abe41be629481a97f00562,sync,False,2026-08-31T01:12:33+00:00
cyclone_idai_2019,2019-03-21__api-strong__generic,machine,api-strong,api-strong/generic,2019-03-21,wash,WASH needs and response,,,,invalid,unparsable JSON (empty output),0,,qwen/qwen3.8-flash,5f6a8ce70a8c26d4a13ded8724b444fb5c7716ac8ea57308737787038e650d13,sync,False,2026-08-31T01:12:33+00:00
cyclone_idai_2019,2019-03-21__api-strong__generic,machine,api-strong,api-strong/generic,2019-03-21,food,Food security and assistance reach,partial,0.5,0.95,ok,,189,15696af7,qwen/qwen3.8-flash,afe7ff2eb82f606c5a622bd503e36d033325991288aea11c315f5caca71b3bbf,sync,False,2026-08-31T01:12:33+00:00
cyclone_idai_2019,2019-03-21__api-strong__generic,machine,api-strong,api-strong/generic,2019-03-21,access,Access constraints,present,1.0,1.0,ok,,166,18761112,qwen/qwen3.8-flash,5e8458ee791f8c904458ddb634e58e551a130f1d440d12f1d8426b10cae274e7,sync,False,2026-08-31T01:12:33+00:00
cyclone_idai_2019,2019-03-21__api-strong__generic,machine,api-strong,api-strong/generic,2019-03-21,coordination,Coordination arrangements,partial,0.5,0.85,ok,,194,017aee6b,qwen/qwen3.8-flash,edb0fc3b79856cb6968df1b26513b674d13bd40d6cb99e492417b8a0083feed5,sync,False,2026-08-31T01:12:33+00:00
cyclone_idai_2019,2019-03-21__api-strong__generic,machine,api-strong,api-strong/generic,2019-03-21,needs_gaps,Sector needs and gaps,,,,invalid,unparsable JSON (empty output),0,,qwen/qwen3.8-flash,eae254f0c2cb46118345dde48702f257e47815cbdb68768702727d94aca94922,sync,False,2026-08-31T01:12:33+00:00
cyclone_idai_2019,2019-03-21__api-strong__generic,machine,api-strong,api-strong/generic,2019-03-21,response_actions,Sector response activities,present,1.0,0.95,ok,,99,247e3036,qwen/qwen3.8-flash,e13585d21c6ecb2f2f54ff516d96ed9dd3d108b84be0df09961049f8de9bb78f,sync,False,2026-08-31T01:12:33+00:00
cyclone_idai_2019,2019-03-21__api-strong__generic,machine,api-strong,api-strong/generic,2019-03-21,shelter,Shelter and non-food items,partial,0.5,1.0,ok,,160,f8949004,qwen/qwen3.8-flash,f15583bb8449fa0dc95bf32d675a950f1101ffc4443a0f99626ec8075feac70e,sync,False,2026-08-31T01:12:33+00:00
cyclone_idai_2019,2019-03-21__api-strong__schema_guided,machine,api-strong,api-strong/schema_guided,2019-03-21,currency_and_metadata,Data currency and report metadata,absent,0.0,1.0,ok,,0,,qwen/qwen3.8-flash,a9428c6a3ab379f2b2bf23d97d111820d0e3f0bc8aa2d8aa2a3b8ae9493c883d,sync,False,2026-08-31T01:12:33+00:00
cyclone_idai_2019,2019-03-21__api-strong__schema_guided,machine,api-strong,api-strong/schema_guided,2019-03-21,sourcing,Sourcing and attribution,present,1.0,1.0,ok,,135,0cdae12a,qwen/qwen3.8-flash,27e709dfdb3d0d3f76323f46230199749e478e9adddcd8ca28ee3e5e233dc3bf,sync,False,2026-08-31T01:12:33+00:00
cyclone_idai_2019,2019-03-21__api-strong__schema_guided,machine,api-strong,api-strong/schema_guided,2019-03-21,casualties,Casualty and affected-population figures,present,1.0,1.0,ok,,149,fbc72f8d,qwen/qwen3.8-flash,086190cee832f4145011599b57b0659f628d5903d9bcd42143d011e3cec06ff1,sync,False,2026-08-31T01:12:33+00:00
cyclone_idai_2019,2019-03-21__api-strong__schema_guided,machine,api-strong,api-strong/schema_guided,2019-03-21,displacement,Displacement and accommodation sites,partial,0.5,0.95,ok,,139,e77eb4db,qwen/qwen3.8-flash,b7d1b9349a0091fbf1d97a3ea663f911538378660f97ac5b9077fa5221b11863,sync,False,2026-08-31T01:12:33+00:00
cyclone_idai_2019,2019-03-21__api-strong__schema_guided,machine,api-strong,api-strong/schema_guided,2019-03-21,health,"Health, disease outbreak and nutrition",partial,0.5,0.95,ok,,176,42b9e529,qwen/qwen3.8-flash,f6452f1869f3254c9e067d1672f5e6c07f6f90ec5f684e762a1d1ae50a0fc1b2,sync,False,2026-08-31T01:12:33+00:00
cyclone_idai_2019,2019-03-21__api-strong__schema_guided,machine,api-strong,api-strong/schema_guided,2019-03-21,damage,"Physical, economic and agricultural damage",present,1.0,0.95,ok,,186,95096894,qwen/qwen3.8-flash,ebe8fdc6e823508346fb8998a23429d04917086ecb7f63eebdad26f4145a5595,sync,False,2026-08-31T01:12:33+00:00
cyclone_idai_2019,2019-03-21__api-strong__schema_guided,machine,api-strong,api-strong/schema_guided,2019-03-21,funding,Funding status and donor contributions,present,1.0,1.0,ok,,201,d7d7ca7b,qwen/qwen3.8-flash,510a3fa82635cca20bba621b41cb3b3741658caffff7c7dde50bfaae9e4a1533,sync,False,2026-08-31T01:12:33+00:00
cyclone_idai_2019,2019-03-21__api-strong__schema_guided,machine,api-strong,api-strong/schema_guided,2019-03-21,education,Education impact and response,partial,0.5,0.95,ok,,162,3756c041,qwen/qwen3.8-flash,9d1316d2de7d00808de8c632ca856fcc6a8c0e227fee297db650c5c0d7b4de4b,sync,False,2026-08-31T01:12:33+00:00
cyclone_idai_2019,2019-03-21__api-strong__schema_guided,machine,api-strong,api-strong/schema_guided,2019-03-21,wash,WASH needs and response,present,1.0,1.0,ok,,245,d0d77eb4,qwen/qwen3.8-flash,ec9f6d38c0609172188dcfe5d08579435be98825c58a0707f6674d5f0cf0d38c,sync,False,2026-08-31T01:12:33+00:00
cyclone_idai_2019,2019-03-21__api-strong__schema_guided,machine,api-strong,api-strong/schema_guided,2019-03-21,food,Food security and assistance reach,partial,0.5,0.95,ok,,147,637a4bf0,qwen/qwen3.8-flash,9dd9e24e6829fcfd5124dcbf957f574087813c206d8e9a3ebf77ac6dce7239f2,sync,False,2026-08-31T01:12:33+00:00
cyclone_idai_2019,2019-03-21__api-strong__schema_guided,machine,api-strong,api-strong/schema_guided,2019-03-21,access,Access constraints,present,1.0,1.0,ok,,191,53d993eb,qwen/qwen3.8-flash,338b648e7bd994d8a24fd821fb71d7f87b18e569bfff0554beb2a444966603d3,sync,False,2026-08-31T01:12:33+00:00
cyclone_idai_2019,2019-03-21__api-strong__schema_guided,machine,api-strong,api-strong/schema_guided,2019-03-21,coordination,Coordination arrangements,present,1.0,0.95,ok,,241,31c302eb,qwen/qwen3.8-flash,5843ea01fb685be9a4904752636f3d6c1a0c854c8700db8892f1481777077595,sync,False,2026-08-31T01:12:33+00:00
cyclone_idai_2019,2019-03-21__api-strong__schema_guided,machine,api-strong,api-strong/schema_guided,2019-03-21,needs_gaps,Sector needs and gaps,present,1.0,0.98,ok,,199,8d82428d,qwen/qwen3.8-flash,11152ab63e97373b79e31b6b38915d577324c36441d80ae480e5d98e018eed2d,sync,False,2026-08-31T01:12:33+00:00
cyclone_idai_2019,2019-03-21__api-strong__schema_guided,machine,api-strong,api-strong/schema_guided,2019-03-21,response_actions,Sector response activities,present,1.0,1.0,ok,,205,944967ac,qwen/qwen3.8-flash,d262fc836f1218d67806216b847162fc6e89be74ff601d4c6b4dc34bc329c47c,sync,False,2026-08-31T01:12:33+00:00
cyclone_idai_2019,2019-03-21__api-strong__schema_guided,machine,api-strong,api-strong/schema_guided,2019-03-21,shelter,Shelter and non-food items,present,1.0,1.0,ok,,137,bc9a57c9,qwen/qwen3.8-flash,87895f3587de43b79f7c1c364c10cdfc2ad378ff7ee5f80cce63b3a556be73cf,sync,False,2026-08-31T01:12:33+00:00
cyclone_idai_2019,2019-03-22__api-fast__generic,machine,api-fast,api-fast/generic,2019-03-22,currency_and_metadata,Data currency and report metadata,partial,0.5,0.95,ok,,113,63a6aa2f,qwen/qwen3.8-flash,687c8a8a27727b4de2da9cd921fab72a20d01d96f5ffbc82e0a8c0530bef77cc,sync,False,2026-08-31T01:12:33+00:00
cyclone_idai_2019,2019-03-22__api-fast__generic,machine,api-fast,api-fast/generic,2019-03-22,sourcing,Sourcing and attribution,present,1.0,0.95,ok,,204,699ec42a,qwen/qwen3.8-flash,24902cd00a1fe006376f4cb0412d1517a970c2304551ef899afedb6a0d17ac70,sync,False,2026-08-31T01:12:33+00:00
cyclone_idai_2019,2019-03-22__api-fast__generic,machine,api-fast,api-fast/generic,2019-03-22,casualties,Casualty and affected-population figures,present,1.0,1.0,ok,,84,246a52a2,qwen/qwen3.8-flash,9874f73230bc63c3f0f5ae8c786bda44966d046951611cb501435e2f5012f09f,sync,False,2026-08-31T01:12:33+00:00
cyclone_idai_2019,2019-03-22__api-fast__generic,machine,api-fast,api-fast/generic,2019-03-22,displacement,Displacement and accommodation sites,partial,0.5,0.95,ok,,142,a89cd5bc,qwen/qwen3.8-flash,6299d2a3ea0771e1c49234220fe3337001d587ffe040107d8a397a25d9349d93,sync,False,2026-08-31T01:12:33+00:00
cyclone_idai_2019,2019-03-22__api-fast__generic,machine,api-fast,api-fast/generic,2019-03-22,health,"Health, disease outbreak and nutrition",partial,0.5,0.95,ok,,119,dbf2d130,qwen/qwen3.8-flash,5cc128fa0cb24608ab4ddf79d6c09076f4d1b53a0f8ffc9902b6e4b6d2bfba3a,sync,False,2026-08-31T01:12:33+00:00
cyclone_idai_2019,2019-03-22__api-fast__generic,machine,api-fast,api-fast/generic,2019-03-22,damage,"Physical, economic and agricultural damage",present,1.0,0.95,ok,,151,4723fb19,qwen/qwen3.8-flash,f9fbb66f5b0c8069b20ae578ac8fb87e53b9943769408e0b247dd248f7fdb7ed,sync,False,2026-08-31T01:12:33+00:00
cyclone_idai_2019,2019-03-22__api-fast__generic,machine,api-fast,api-fast/generic,2019-03-22,funding,Funding status and donor contributions,partial,0.5,1.0,ok,,208,ade2f979,qwen/qwen3.8-flash,ddf7fca9104d669b5d0101cfcef538cb7ad9e9ea6e74f56ac2a1486122fc0270,sync,False,2026-08-31T01:12:33+00:00
cyclone_idai_2019,2019-03-22__api-fast__generic,machine,api-fast,api-fast/generic,2019-03-22,education,Education impact and response,absent,0.0,1.0,ok,,0,,qwen/qwen3.8-flash,592c0c729fffdc825e714f7250fc75ba4c8851867123da931313d80c27d2d8f3,sync,False,2026-08-31T01:12:33+00:00
cyclone_idai_2019,2019-03-22__api-fast__generic,machine,api-fast,api-fast/generic,2019-03-22,wash,WASH needs and response,partial,0.5,0.95,ok,,148,50739bbc,qwen/qwen3.8-flash,ce63a1689ed133ef07fa9dc907226e8fc568f8eead5fc1e1fc76b735bb8bdda1,sync,False,2026-08-31T01:12:33+00:00
cyclone_idai_2019,2019-03-22__api-fast__generic,machine,api-fast,api-fast/generic,2019-03-22,food,Food security and assistance reach,partial,0.5,1.0,ok,,118,9eb1be94,qwen/qwen3.8-flash,8dd31a96dc5010fb2d395b0c5dba2df0f2f7e583596096f1760b19388bcf4a08,sync,False,2026-08-31T01:12:33+00:00
cyclone_idai_2019,2019-03-22__api-fast__generic,machine,api-fast,api-fast/generic,2019-03-22,access,Access constraints,present,1.0,1.0,ok,,173,409f1562,qwen/qwen3.8-flash,f3a5ccb219160fa3547cf8afe15a4a5e95498cd18ed4e21bc320d951014826ab,sync,False,2026-08-31T01:12:33+00:00
cyclone_idai_2019,2019-03-22__api-fast__generic,machine,api-fast,api-fast/generic,2019-03-22,coordination,Coordination arrangements,partial,0.5,0.95,ok,,144,bb0aab69,qwen/qwen3.8-flash,93c973f11690a0c859b9a1940fb9ca1dbd1a1c33b2843fa8a3ca2851344b0bce,sync,False,2026-08-31T01:12:33+00:00
cyclone_idai_2019,2019-03-22__api-fast__generic,machine,api-fast,api-fast/generic,2019-03-22,needs_gaps,Sector needs and gaps,present,1.0,0.95,ok,,213,442918c5,qwen/qwen3.8-flash,f6a43497af6839b26ca4992ec22a6fe175d9c4fffc27307e09ed0c9e70f0d019,sync,False,2026-08-31T01:12:33+00:00
cyclone_idai_2019,2019-03-22__api-fast__generic,machine,api-fast,api-fast/generic,2019-03-22,response_actions,Sector response activities,present,1.0,1.0,ok,,179,88a8db80,qwen/qwen3.8-flash,eb979339c0613d7d28d1cacb27ef923c686c54aea6d77d57d95e2a2e3a711959,sync,False,2026-08-31T01:12:33+00:00
cyclone_idai_2019,2019-03-22__api-fast__generic,machine,api-fast,api-fast/generic,2019-03-22,shelter,Shelter and non-food items,partial,0.5,0.95,ok,,182,d7e7abac,qwen/qwen3.8-flash,31eca9b475a043511b3388ec618b4f4d481d5284da22676e3fa3ed6c27c4797a,sync,False,2026-08-31T01:12:33+00:00
cyclone_idai_2019,2019-03-22__api-fast__schema_guided,machine,api-fast,api-fast/schema_guided,2019-03-22,currency_and_metadata,Data currency and report metadata,partial,0.5,1.0,ok,,208,81085b41,qwen/qwen3.8-flash,6471e4bbfd03d9bfa250a1bd030ccc513790b12e632bf97d6daf133eddc2996d,sync,False,2026-08-31T01:12:33+00:00
cyclone_idai_2019,2019-03-22__api-fast__schema_guided,machine,api-fast,api-fast/schema_guided,2019-03-22,sourcing,Sourcing and attribution,present,1.0,1.0,ok,,148,3a96a6ae,qwen/qwen3.8-flash,64f0a6ee6d0469d117608f11775ad3d8b874aacc6045e52d40d2e0dbf35b2368,sync,False,2026-08-31T01:12:33+00:00
cyclone_idai_2019,2019-03-22__api-fast__schema_guided,machine,api-fast,api-fast/schema_guided,2019-03-22,casualties,Casualty and affected-population figures,present,1.0,1.0,ok,,101,e2583567,qwen/qwen3.8-flash,7165b4f008c7fafa54f6d8fb9ea177650ce48cc9d2784f3420a81bc964126926,sync,False,2026-08-31T01:12:33+00:00
cyclone_idai_2019,2019-03-22__api-fast__schema_guided,machine,api-fast,api-fast/schema_guided,2019-03-22,displacement,Displacement and accommodation sites,present,1.0,0.9,ok,,181,997e8d08,qwen/qwen3.8-flash,5be022710ee28dd75bed4a5418df0d6bf3181f1690308db01e384b686ea14962,sync,False,2026-08-31T01:12:33+00:00
cyclone_idai_2019,2019-03-22__api-fast__schema_guided,machine,api-fast,api-fast/schema_guided,2019-03-22,health,"Health, disease outbreak and nutrition",partial,0.5,0.95,ok,,183,932ea1f0,qwen/qwen3.8-flash,422bcca6f106a0c8dd4abd7baf3ed9a007cead9df9e43aed41daf0f766656b99,sync,False,2026-08-31T01:12:33+00:00
cyclone_idai_2019,2019-03-22__api-fast__schema_guided,machine,api-fast,api-fast/schema_guided,2019-03-22,damage,"Physical, economic and agricultural damage",present,1.0,0.95,ok,,168,b900cef7,qwen/qwen3.8-flash,7174ba4fa37e50e23741d612fcbe3ae53715c5507cef5e1e98be702e90d5748f,sync,False,2026-08-31T01:12:33+00:00
cyclone_idai_2019,2019-03-22__api-fast__schema_guided,machine,api-fast,api-fast/schema_guided,2019-03-22,funding,Funding status and donor contributions,partial,0.5,1.0,ok,,144,77530b36,qwen/qwen3.8-flash,716e31af0ba3b3b7de28b480c6e94fc0baec5ac38b6ca126e68de53a6af68140,sync,False,2026-08-31T01:12:33+00:00
cyclone_idai_2019,2019-03-22__api-fast__schema_guided,machine,api-fast,api-fast/schema_guided,2019-03-22,education,Education impact and response,partial,0.5,0.95,ok,,189,6e400028,qwen/qwen3.8-flash,e7a16fcf55cb87fd39150a7f58f65857a60ac95d8ff96860af91c4a3aea16f17,sync,False,2026-08-31T01:12:33+00:00
cyclone_idai_2019,2019-03-22__api-fast__schema_guided,machine,api-fast,api-fast/schema_guided,2019-03-22,wash,WASH needs and response,present,1.0,0.95,ok,,117,b5a320be,qwen/qwen3.8-flash,95b1026d7e62c942ad63df57ed804bc0903d6039fbdeee9e7622577ec10afdc1,sync,False,2026-08-31T01:12:33+00:00
cyclone_idai_2019,2019-03-22__api-fast__schema_guided,machine,api-fast,api-fast/schema_guided,2019-03-22,food,Food security and assistance reach,present,1.0,0.95,ok,,152,fdee09ea,qwen/qwen3.8-flash,a7181eb48b427bace65a02644f8ff0e0dc9a48400d2e4b10e1366a2706326823,sync,False,2026-08-31T01:12:33+00:00
cyclone_idai_2019,2019-03-22__api-fast__schema_guided,machine,api-fast,api-fast/schema_guided,2019-03-22,access,Access constraints,present,1.0,1.0,ok,,135,a4c26d69,qwen/qwen3.8-flash,58398d7ab3092b071efbb10ba01d5301e988dd0b3b5edd0e02ca0ff296339974,sync,False,2026-08-31T01:12:33+00:00
cyclone_idai_2019,2019-03-22__api-fast__schema_guided,machine,api-fast,api-fast/schema_guided,2019-03-22,coordination,Coordination arrangements,present,1.0,0.95,ok,,201,64c7d20b,qwen/qwen3.8-flash,7fb67d9aa7e39c6242104ffb8a28c7f28a07ef5a732824d8de9f08eeeefb9d41,sync,False,2026-08-31T01:12:33+00:00
cyclone_idai_2019,2019-03-22__api-fast__schema_guided,machine,api-fast,api-fast/schema_guided,2019-03-22,needs_gaps,Sector needs and gaps,present,1.0,0.95,ok,,135,f9303c4d,qwen/qwen3.8-flash,269dfa9323fc9ca0307708b7f0752db4309d778201d3512ba1416443e1d919dd,sync,False,2026-08-31T01:12:33+00:00
cyclone_idai_2019,2019-03-22__api-fast__schema_guided,machine,api-fast,api-fast/schema_guided,2019-03-22,response_actions,Sector response activities,present,1.0,1.0,ok,,206,6bbbda98,qwen/qwen3.8-flash,d0c96ce693858e18fc2b37c2ba62ebe7c8ad670f8f5a83a79ee46aaf18fbe432,sync,False,2026-08-31T01:12:33+00:00
cyclone_idai_2019,2019-03-22__api-fast__schema_guided,machine,api-fast,api-fast/schema_guided,2019-03-22,shelter,Shelter and non-food items,present,1.0,0.95,ok,,191,f03944a8,qwen/qwen3.8-flash,ec4b8f0ad6247b40575ee2bff919419ea8e0344606ceb327aa8f3096d693f69c,sync,False,2026-08-31T01:12:33+00:00
cyclone_idai_2019,2019-03-22__api-strong__generic,machine,api-strong,api-strong/generic,2019-03-22,currency_and_metadata,Data currency and report metadata,partial,0.5,0.95,ok,,46,7989c7f8,qwen/qwen3.8-flash,5469fb4108c98eb67ac28b3a46c8df0ceed71bd7c2f98f9d8e5a4eefe1a4a318,sync,False,2026-08-31T01:12:33+00:00
cyclone_idai_2019,2019-03-22__api-strong__generic,machine,api-strong,api-strong/generic,2019-03-22,sourcing,Sourcing and attribution,present,1.0,0.95,ok,,53,fa7f2c6c,qwen/qwen3.8-flash,7284b844f6c5001afb1bf4f809905297b103860293270fc8baac1ec1f5287fe3,sync,False,2026-08-31T01:12:33+00:00
cyclone_idai_2019,2019-03-22__api-strong__generic,machine,api-strong,api-strong/generic,2019-03-22,casualties,Casualty and affected-population figures,present,1.0,1.0,ok,,184,fd4e74e2,qwen/qwen3.8-flash,f37251ea17f33d220a03759d3e96672bfa2a1ffff8289e3dd9761fce7264ad1c,sync,False,2026-08-31T01:12:33+00:00
cyclone_idai_2019,2019-03-22__api-strong__generic,machine,api-strong,api-strong/generic,2019-03-22,displacement,Displacement and accommodation sites,present,1.0,0.95,ok,,150,fa1d4046,qwen/qwen3.8-flash,e1ee6a9cc0f7cb96cd0daa8a8d42fca80807a51bd63c77803f704d028a2a4150,sync,False,2026-08-31T01:12:33+00:00
cyclone_idai_2019,2019-03-22__api-strong__generic,machine,api-strong,api-strong/generic,2019-03-22,health,"Health, disease outbreak and nutrition",partial,0.5,0.9,ok,,140,826c6382,qwen/qwen3.8-flash,1c388702abcfe3b11f211acd00966d0e1829c0a27889bcdeb0b17bd1a9dac01c,sync,False,2026-08-31T01:12:33+00:00
cyclone_idai_2019,2019-03-22__api-strong__generic,machine,api-strong,api-strong/generic,2019-03-22,damage,"Physical, economic and agricultural damage",present,1.0,1.0,ok,,142,399897ef,qwen/qwen3.8-flash,82d8ac24cb84719e4dc4b9cd634468c7f5913fb87e09d2b29b48e299e62fa08a,sync,False,2026-08-31T01:12:33+00:00
cyclone_idai_2019,2019-03-22__api-strong__generic,machine,api-strong,api-strong/generic,2019-03-22,funding,Funding status and donor contributions,present,1.0,0.95,ok,,97,578daa9f,qwen/qwen3.8-flash,4ab4f02a7bb7a219dcf8686d3f9b0389493a51071e7365b8f28eb85c93ca6771,sync,False,2026-08-31T01:12:33+00:00
cyclone_idai_2019,2019-03-22__api-strong__generic,machine,api-strong,api-strong/generic,2019-03-22,education,Education impact and response,partial,0.5,0.9,ok,,127,81b0abe4,qwen/qwen3.8-flash,5302d82a39defc53f856ff5d1824fb08a3ad91e0f405b51275e6b84e35d1158b,sync,False,2026-08-31T01:12:33+00:00
cyclone_idai_2019,2019-03-22__api-strong__generic,machine,api-strong,api-strong/generic,2019-03-22,wash,WASH needs and response,present,1.0,0.95,ok,,196,585ad6fe,qwen/qwen3.8-flash,d174fd0862993d846f6c2cbd0a754a8c295b24de4902cd5ff482c9c4546be866,sync,False,2026-08-31T01:12:33+00:00
cyclone_idai_2019,2019-03-22__api-strong__generic,machine,api-strong,api-strong/generic,2019-03-22,food,Food security and assistance reach,present,1.0,0.95,ok,,98,c8187da3,qwen/qwen3.8-flash,e07b53ff51d8a132951e6820d560886a50f44510377241cdaa571b26a51f04e1,sync,False,2026-08-31T01:12:33+00:00
cyclone_idai_2019,2019-03-22__api-strong__generic,machine,api-strong,api-strong/generic,2019-03-22,access,Access constraints,present,1.0,1.0,ok,,197,bed94cdc,qwen/qwen3.8-flash,bf2f4a20a93dd40e67d4abe9903f407efd15509689b5d55b1bb726e2fa0e4f1a,sync,False,2026-08-31T01:12:33+00:00
cyclone_idai_2019,2019-03-22__api-strong__generic,machine,api-strong,api-strong/generic,2019-03-22,coordination,Coordination arrangements,absent,0.0,0.95,ok,,0,,qwen/qwen3.8-flash,48bf0a63cc0c3c7a0ca4fbb4796634e0bfd8ca41a04b5c4e81fe371cb6a02102,sync,False,2026-08-31T01:12:33+00:00
cyclone_idai_2019,2019-03-22__api-strong__generic,machine,api-strong,api-strong/generic,2019-03-22,needs_gaps,Sector needs and gaps,present,1.0,0.95,ok,,202,ca75d28a,qwen/qwen3.8-flash,d84e00c39830d97a6c7c498e846fb50d6ab7e5d3c2d3c1bf2d4c0e5198b8f442,sync,False,2026-08-31T01:12:33+00:00
cyclone_idai_2019,2019-03-22__api-strong__generic,machine,api-strong,api-strong/generic,2019-03-22,response_actions,Sector response activities,present,1.0,1.0,ok,,180,05a23d47,qwen/qwen3.8-flash,e6f2f592b160d7679de3ebd7f926d9877c1bd1d2f6efed54ccaf26b92f335e3d,sync,False,2026-08-31T01:12:33+00:00
cyclone_idai_2019,2019-03-22__api-strong__generic,machine,api-strong,api-strong/generic,2019-03-22,shelter,Shelter and non-food items,present,1.0,0.95,ok,,222,ee2ad7e2,qwen/qwen3.8-flash,f44ac265894b088e20d84f0424ba487c67cd1c256755d77bd14627b4fe306fc6,sync,False,2026-08-31T01:12:33+00:00
cyclone_idai_2019,2019-03-22__api-strong__schema_guided,machine,api-strong,api-strong/schema_guided,2019-03-22,currency_and_metadata,Data currency and report metadata,partial,0.5,1.0,ok,,156,ba2935d1,qwen/qwen3.8-flash,a5e021f8402fdeec2cdb1eb0c8d68bad1130c986fd4d06335a842773aaae5c00,sync,False,2026-08-31T01:12:33+00:00
cyclone_idai_2019,2019-03-22__api-strong__schema_guided,machine,api-strong,api-strong/schema_guided,2019-03-22,sourcing,Sourcing and attribution,present,1.0,0.95,ok,,205,70845908,qwen/qwen3.8-flash,15db4b405476d9c86dd3d431743c38a3e78c88c5638199b2dc9cbf1890a67b62,sync,False,2026-08-31T01:12:33+00:00
cyclone_idai_2019,2019-03-22__api-strong__schema_guided,machine,api-strong,api-strong/schema_guided,2019-03-22,casualties,Casualty and affected-population figures,present,1.0,1.0,ok,,100,192f9201,qwen/qwen3.8-flash,5a7a9a35ff176cd413911773d64dc266c4665a0e3c089dda66826b693a9384ae,sync,False,2026-08-31T01:12:33+00:00
cyclone_idai_2019,2019-03-22__api-strong__schema_guided,machine,api-strong,api-strong/schema_guided,2019-03-22,displacement,Displacement and accommodation sites,present,1.0,0.95,ok,,219,3e31c05d,qwen/qwen3.8-flash,97ee3c6e75bb81e06ce9efbadfc1210ed1eed2e89c2594b6000684d209efbafc,sync,False,2026-08-31T01:12:33+00:00
cyclone_idai_2019,2019-03-22__api-strong__schema_guided,machine,api-strong,api-strong/schema_guided,2019-03-22,health,"Health, disease outbreak and nutrition",partial,0.5,0.95,ok,,170,4aa5038b,qwen/qwen3.8-flash,e18d6b85da9a0e115e22bd9618e17b51e24ae9436f76844f5a365c4cf848e6db,sync,False,2026-08-31T01:12:33+00:00
cyclone_idai_2019,2019-03-22__api-strong__schema_guided,machine,api-strong,api-strong/schema_guided,2019-03-22,damage,"Physical, economic and agricultural damage",present,1.0,1.0,ok,,189,43029f26,qwen/qwen3.8-flash,a97688d695dc035b47a3f2c2839c1674aded76846ee336434ddfc7dd2516f83e,sync,False,2026-08-31T01:12:33+00:00
cyclone_idai_2019,2019-03-22__api-strong__schema_guided,machine,api-strong,api-strong/schema_guided,2019-03-22,funding,Funding status and donor contributions,partial,0.5,1.0,ok,,186,d9ab7fbf,qwen/qwen3.8-flash,42d790e5bac2eba5ae61390aa09423bd9e3853c09c6cd953e2e9f73ecc02f1da,sync,False,2026-08-31T01:12:33+00:00
cyclone_idai_2019,2019-03-22__api-strong__schema_guided,machine,api-strong,api-strong/schema_guided,2019-03-22,education,Education impact and response,partial,0.5,0.95,ok,,126,19f01fbb,qwen/qwen3.8-flash,91e3bfb01f61db8bbacd8ab55671aea013ebde0fe555a14b5168d7c806d51163,sync,False,2026-08-31T01:12:33+00:00
cyclone_idai_2019,2019-03-22__api-strong__schema_guided,machine,api-strong,api-strong/schema_guided,2019-03-22,wash,WASH needs and response,present,1.0,1.0,ok,,183,0a5e0093,qwen/qwen3.8-flash,c7b6bdd96fd62904ca450dc7b30bc6720a03b0ae4f366ec795d463cee6b287df,sync,False,2026-08-31T01:12:33+00:00
cyclone_idai_2019,2019-03-22__api-strong__schema_guided,machine,api-strong,api-strong/schema_guided,2019-03-22,food,Food security and assistance reach,present,1.0,0.95,ok,,181,19c1e0c1,qwen/qwen3.8-flash,713ce5376adcf02c5d93cc412e567360ca41cb546b32b189a58993093f0ae922,sync,False,2026-08-31T01:12:33+00:00
cyclone_idai_2019,2019-03-22__api-strong__schema_guided,machine,api-strong,api-strong/schema_guided,2019-03-22,access,Access constraints,present,1.0,1.0,ok,,208,c2a5620f,qwen/qwen3.8-flash,4685857bd9f0bc774d824dd477d08ab2d872b8f1c7256cb6f508e6f58d2145af,sync,False,2026-08-31T01:12:33+00:00
cyclone_idai_2019,2019-03-22__api-strong__schema_guided,machine,api-strong,api-strong/schema_guided,2019-03-22,coordination,Coordination arrangements,present,1.0,0.95,ok,,204,37ad6e36,qwen/qwen3.8-flash,6513149b3f57f8bb4c5737deafb67b9505661117713b76f73b4f90c529318d6f,sync,False,2026-08-31T01:12:33+00:00
cyclone_idai_2019,2019-03-22__api-strong__schema_guided,machine,api-strong,api-strong/schema_guided,2019-03-22,needs_gaps,Sector needs and gaps,present,1.0,0.95,ok,,185,6d73232b,qwen/qwen3.8-flash,6802ecf21d9a45e50d3be673b953355587d89c88985db9f50e4d36d67f652bcc,sync,False,2026-08-31T01:12:33+00:00
cyclone_idai_2019,2019-03-22__api-strong__schema_guided,machine,api-strong,api-strong/schema_guided,2019-03-22,response_actions,Sector response activities,present,1.0,1.0,ok,,188,667dbc90,qwen/qwen3.8-flash,109d590580144eac53cb68ec894d4bbf7743823a897ac52d96cc0fb8b9e24f54,sync,False,2026-08-31T01:12:33+00:00
cyclone_idai_2019,2019-03-22__api-strong__schema_guided,machine,api-strong,api-strong/schema_guided,2019-03-22,shelter,Shelter and non-food items,present,1.0,0.95,ok,,115,5ac6322b,qwen/qwen3.8-flash,7ae87da5d4f233f00ca65c882bb1c708e315ec150d2d0158bf27e8889ee88233,sync,False,2026-08-31T01:12:33+00:00
cyclone_idai_2019,2019-03-23__api-fast__generic,machine,api-fast,api-fast/generic,2019-03-23,currency_and_metadata,Data currency and report metadata,partial,0.5,0.95,ok,,181,63206765,qwen/qwen3.8-flash,1aef0a3075949543a91bc9ecc7c496725ee2d11665f154713cce189593a8b5a3,sync,False,2026-08-31T01:12:33+00:00
cyclone_idai_2019,2019-03-23__api-fast__generic,machine,api-fast,api-fast/generic,2019-03-23,sourcing,Sourcing and attribution,present,1.0,1.0,ok,,112,54977153,qwen/qwen3.8-flash,41b79ddba4d7d1d49b5892d6fd4ff8d4b205b3282ecf2e4c083fdf141b41c2e3,sync,False,2026-08-31T01:12:33+00:00
cyclone_idai_2019,2019-03-23__api-fast__generic,machine,api-fast,api-fast/generic,2019-03-23,casualties,Casualty and affected-population figures,present,1.0,0.95,ok,,133,54bfc0e7,qwen/qwen3.8-flash,5507114ceb3ff179a44bafcf01d6cd0302a14e4b894640459320f25dc9a07d71,sync,False,2026-08-31T01:12:33+00:00
cyclone_idai_2019,2019-03-23__api-fast__generic,machine,api-fast,api-fast/generic,2019-03-23,displacement,Displacement and accommodation sites,absent,0.0,1.0,ok,,0,,qwen/qwen3.8-flash,5c82145ae5b376d113867fdd0d15c832c74be7344c34cf241b28c9fce374d859,sync,False,2026-08-31T01:12:33+00:00
cyclone_idai_2019,2019-03-23__api-fast__generic,machine,api-fast,api-fast/generic,2019-03-23,health,"Health, disease outbreak and nutrition",partial,0.5,0.95,ok,,118,f87c4380,qwen/qwen3.8-flash,b02691c78f616cc3cb0401cf65c37a3be9ea962a082bde08173a88a263fd567d,sync,False,2026-08-31T01:12:33+00:00
cyclone_idai_2019,2019-03-23__api-fast__generic,machine,api-fast,api-fast/generic,2019-03-23,damage,"Physical, economic and agricultural damage",,,,invalid,unparsable JSON (empty output),0,,qwen/qwen3.8-flash,b35bed0c1a39d609a4526fcc33467e3d54478c057067f687020f311824d0e5a1,sync,False,2026-08-31T01:12:33+00:00
cyclone_idai_2019,2019-03-23__api-fast__generic,machine,api-fast,api-fast/generic,2019-03-23,funding,Funding status and donor contributions,present,1.0,0.95,ok,,176,033fcb1d,qwen/qwen3.8-flash,ced0243f83fb23a4073865261e5696174c34d5008bff1b12ad8e7a2e808daf99,sync,False,2026-08-31T01:12:33+00:00
cyclone_idai_2019,2019-03-23__api-fast__generic,machine,api-fast,api-fast/generic,2019-03-23,education,Education impact and response,partial,0.5,0.95,ok,,224,43c9e574,qwen/qwen3.8-flash,2679f51f4947c1302481468f660f5fadff75fe74a1b4ab58e905ad43b8c51d7a,sync,False,2026-08-31T01:12:33+00:00
cyclone_idai_2019,2019-03-23__api-fast__generic,machine,api-fast,api-fast/generic,2019-03-23,wash,WASH needs and response,partial,0.5,0.95,ok,,188,f44f6855,qwen/qwen3.8-flash,95414be66891ec23b6a8b921126bb471a07db42a62b8aeb4dad0242bef4afb1e,sync,False,2026-08-31T01:12:33+00:00
cyclone_idai_2019,2019-03-23__api-fast__generic,machine,api-fast,api-fast/generic,2019-03-23,food,Food security and assistance reach,partial,0.5,1.0,ok,,151,ff41dc98,qwen/qwen3.8-flash,7f8d26823601c591073be5f7c5b00e28310f609455b8a1f9ed3b514fd24b952e,sync,False,2026-08-31T01:12:33+00:00
cyclone_idai_2019,2019-03-23__api-fast__generic,machine,api-fast,api-fast/generic,2019-03-23,access,Access constraints,present,1.0,0.98,ok,,166,128ad22a,qwen/qwen3.8-flash,cc4ab3686485f1e80d504186fd22d1b5afaacbd84b44b31077ee2994e6875ffb,sync,False,2026-08-31T01:12:33+00:00
cyclone_idai_2019,2019-03-23__api-fast__generic,machine,api-fast,api-fast/generic,2019-03-23,coordination,Coordination arrangements,present,1.0,0.95,ok,,168,5cc081c0,qwen/qwen3.8-flash,1ad80deb2a66e850521a05f320503e23f496283b2b59df64c5faaf71d07b7592,sync,False,2026-08-31T01:12:33+00:00
cyclone_idai_2019,2019-03-23__api-fast__generic,machine,api-fast,api-fast/generic,2019-03-23,needs_gaps,Sector needs and gaps,present,1.0,0.95,ok,,193,17d2657a,qwen/qwen3.8-flash,a6c691c7c5c2ded67fd73a0f60be469b34ca0ad9a3eb82d5fe4b2c93d1e6c6ef,sync,False,2026-08-31T01:12:33+00:00
cyclone_idai_2019,2019-03-23__api-fast__generic,machine,api-fast,api-fast/generic,2019-03-23,response_actions,Sector response activities,present,1.0,1.0,ok,,157,1bf80559,qwen/qwen3.8-flash,40dae352e20cfa354fd013e933518364c7a4c5520e7f487c9ceffe1e7ae5cbc0,sync,False,2026-08-31T01:12:33+00:00
cyclone_idai_2019,2019-03-23__api-fast__generic,machine,api-fast,api-fast/generic,2019-03-23,shelter,Shelter and non-food items,partial,0.5,0.95,ok,,186,4ba27391,qwen/qwen3.8-flash,e7e0f63178c825b958a4d5677f2b51a16d3ce91f2545f1b3ee475ebc56d2486a,sync,False,2026-08-31T01:12:33+00:00
cyclone_idai_2019,2019-03-23__api-fast__schema_guided,machine,api-fast,api-fast/schema_guided,2019-03-23,currency_and_metadata,Data currency and report metadata,partial,0.5,1.0,ok,,170,368199ab,qwen/qwen3.8-flash,edfb50542f5370753f39ded51c8c575ae359f49ded4aa543b39c76f9e88ce86c,sync,False,2026-08-31T01:12:33+00:00
cyclone_idai_2019,2019-03-23__api-fast__schema_guided,machine,api-fast,api-fast/schema_guided,2019-03-23,sourcing,Sourcing and attribution,present,1.0,1.0,ok,,182,37262f3e,qwen/qwen3.8-flash,352e69e399e4b18727b3ec57e93ad227601f5ec33b37329169349bb5edc1725c,sync,False,2026-08-31T01:12:33+00:00
cyclone_idai_2019,2019-03-23__api-fast__schema_guided,machine,api-fast,api-fast/schema_guided,2019-03-23,casualties,Casualty and affected-population figures,present,1.0,1.0,ok,,148,0945deba,qwen/qwen3.8-flash,3f2fe2faf79e711d97540d827044f30ad889fa2fb50462daf17f8b47a097a07c,sync,False,2026-08-31T01:12:33+00:00
cyclone_idai_2019,2019-03-23__api-fast__schema_guided,machine,api-fast,api-fast/schema_guided,2019-03-23,displacement,Displacement and accommodation sites,partial,0.5,1.0,ok,,170,361a4472,qwen/qwen3.8-flash,8eb073c3a94cf493475e3544527311e6264a1c4d85909ccbde08be90492e1a99,sync,False,2026-08-31T01:12:33+00:00
cyclone_idai_2019,2019-03-23__api-fast__schema_guided,machine,api-fast,api-fast/schema_guided,2019-03-23,health,"Health, disease outbreak and nutrition",partial,0.5,0.95,ok,,157,f8fd1c3d,qwen/qwen3.8-flash,e274b51f119908e9f88e1eef7036def34b3b86c28c6c2b48b9cddb5deabb8415,sync,False,2026-08-31T01:12:33+00:00
cyclone_idai_2019,2019-03-23__api-fast__schema_guided,machine,api-fast,api-fast/schema_guided,2019-03-23,damage,"Physical, economic and agricultural damage",present,1.0,1.0,ok,,196,0b8a6a45,qwen/qwen3.8-flash,f77f79f088384b6dd585a232ba6c73583d9a2aaa50fc7cae063f6c841d65ab77,sync,False,2026-08-31T01:12:33+00:00
cyclone_idai_2019,2019-03-23__api-fast__schema_guided,machine,api-fast,api-fast/schema_guided,2019-03-23,funding,Funding status and donor contributions,present,1.0,1.0,ok,,206,85a2e26d,qwen/qwen3.8-flash,06673ee50fb654e71d997d40b139e7aeed51e26fd4f5463fd038b37e96e94b94,sync,False,2026-08-31T01:12:33+00:00
cyclone_idai_2019,2019-03-23__api-fast__schema_guided,machine,api-fast,api-fast/schema_guided,2019-03-23,education,Education impact and response,present,1.0,1.0,ok,,86,502f8830,qwen/qwen3.8-flash,3a17e3edfd1df04403eac70db4ed96776c9035dbfbf61a6b13f92249d92d8068,sync,False,2026-08-31T01:12:33+00:00
cyclone_idai_2019,2019-03-23__api-fast__schema_guided,machine,api-fast,api-fast/schema_guided,2019-03-23,wash,WASH needs and response,,,,invalid,unparsable JSON (empty output),0,,qwen/qwen3.8-flash,50928e4eeb2c2965e467926216ac34151899fcc5f0068eb333aeb27cdbb803c7,sync,False,2026-08-31T01:12:33+00:00
cyclone_idai_2019,2019-03-23__api-fast__schema_guided,machine,api-fast,api-fast/schema_guided,2019-03-23,food,Food security and assistance reach,,,,invalid,unparsable JSON (empty output),0,,qwen/qwen3.8-flash,b2adc28a8742c385469482781bb86058fe1c180e523330ec77f1cfa89a280cf6,sync,False,2026-08-31T01:12:33+00:00
cyclone_idai_2019,2019-03-23__api-fast__schema_guided,machine,api-fast,api-fast/schema_guided,2019-03-23,access,Access constraints,,,,invalid,unparsable JSON (empty output),0,,qwen/qwen3.8-flash,38c2fcc878fdbe678725a6a34f2349b6fcac5949dd352528002c6bb7f8ad69be,sync,False,2026-08-31T01:12:33+00:00
cyclone_idai_2019,2019-03-23__api-fast__schema_guided,machine,api-fast,api-fast/schema_guided,2019-03-23,coordination,Coordination arrangements,present,1.0,0.95,ok,,279,a6ef45da,qwen/qwen3.8-flash,82ff02c72e9e844b6aaa03e7f8e9a95c1f78c747bd3e8f7cd0fb551b0c628184,sync,False,2026-08-31T01:12:33+00:00
cyclone_idai_2019,2019-03-23__api-fast__schema_guided,machine,api-fast,api-fast/schema_guided,2019-03-23,needs_gaps,Sector needs and gaps,present,1.0,1.0,ok,,180,121a3a54,qwen/qwen3.8-flash,bbe727dcfbaaa274f9d83ef4ce4deda1d065c868c38acc3a9ce0c7665e68743a,sync,False,2026-08-31T01:12:33+00:00
cyclone_idai_2019,2019-03-23__api-fast__schema_guided,machine,api-fast,api-fast/schema_guided,2019-03-23,response_actions,Sector response activities,present,1.0,1.0,ok,,171,1447aef0,qwen/qwen3.8-flash,4c6e8bb107d78572d555b9da4e2637092b58304f13759208fc31a57dc158d282,sync,False,2026-08-31T01:12:33+00:00
cyclone_idai_2019,2019-03-23__api-fast__schema_guided,machine,api-fast,api-fast/schema_guided,2019-03-23,shelter,Shelter and non-food items,present,1.0,0.95,ok,,164,375e07e3,qwen/qwen3.8-flash,ba4e9605eed65fdd8e68fe077c9ddee4a48d2846ab3389e75ca92f0a0c63c202,sync,False,2026-08-31T01:12:33+00:00
cyclone_idai_2019,2019-03-23__api-strong__generic,machine,api-strong,api-strong/generic,2019-03-23,currency_and_metadata,Data currency and report metadata,partial,0.5,0.95,ok,,46,b614988c,qwen/qwen3.8-flash,be753880571c41071f55888afb989ef8043d5c2f380fafb1b8b70cbe968eb442,sync,False,2026-08-31T01:12:33+00:00
cyclone_idai_2019,2019-03-23__api-strong__generic,machine,api-strong,api-strong/generic,2019-03-23,sourcing,Sourcing and attribution,present,1.0,1.0,ok,,201,dba2b3cc,qwen/qwen3.8-flash,edad2c6b700d08c02933e7645ad8043fb2d588ac8c13ae3d1633393f8094b9df,sync,False,2026-08-31T01:12:33+00:00
cyclone_idai_2019,2019-03-23__api-strong__generic,machine,api-strong,api-strong/generic,2019-03-23,casualties,Casualty and affected-population figures,present,1.0,1.0,ok,,142,16df95c0,qwen/qwen3.8-flash,d85d81cf5bdadcac8dc3ba8de70bdf3566d8f1e5d0d824fc0740b37ae4a82262,sync,False,2026-08-31T01:12:33+00:00
cyclone_idai_2019,2019-03-23__api-strong__generic,machine,api-strong,api-strong/generic,2019-03-23,displacement,Displacement and accommodation sites,partial,0.5,0.95,ok,,203,39ac308a,qwen/qwen3.8-flash,1abe79118b5a4eb711a8962e3b21aab39a20c9cad9c6c8d8c424e421dfc4fc96,sync,False,2026-08-31T01:12:33+00:00
cyclone_idai_2019,2019-03-23__api-strong__generic,machine,api-strong,api-strong/generic,2019-03-23,health,"Health, disease outbreak and nutrition",partial,0.5,0.95,ok,,186,7bb37c66,qwen/qwen3.8-flash,f81237ef3a6c5f5f98665dde9e5bce9b7e1e04c8ee154a278dc17f851a15b4bd,sync,False,2026-08-31T01:12:33+00:00
cyclone_idai_2019,2019-03-23__api-strong__generic,machine,api-strong,api-strong/generic,2019-03-23,damage,"Physical, economic and agricultural damage",,,,invalid,unparsable JSON (empty output),0,,qwen/qwen3.8-flash,d348644c8bdfa44a992bd877d5bf63c7c9d9347791e4d082a07d02639bb8f109,sync,False,2026-08-31T01:12:33+00:00
cyclone_idai_2019,2019-03-23__api-strong__generic,machine,api-strong,api-strong/generic,2019-03-23,funding,Funding status and donor contributions,present,1.0,0.95,ok,,154,24b088bd,qwen/qwen3.8-flash,1dbd6bdfc93909180d14ab4101a514c431cc6808c002c6f9c3d2d0f816119584,sync,False,2026-08-31T01:12:33+00:00
cyclone_idai_2019,2019-03-23__api-strong__generic,machine,api-strong,api-strong/generic,2019-03-23,education,Education impact and response,partial,0.5,0.95,ok,,52,14c4dfdd,qwen/qwen3.8-flash,192e23b9f47c82de18cffe9e64f2c8eb56e121bb1bdc612b5e7f2140bda9a00f,sync,False,2026-08-31T01:12:33+00:00
cyclone_idai_2019,2019-03-23__api-strong__generic,machine,api-strong,api-strong/generic,2019-03-23,wash,WASH needs and response,partial,0.5,0.9,ok,,191,ee726ecb,qwen/qwen3.8-flash,1b60ca9f1e0d0b57a0f0456f617be0068729a1098af6999548209e5fdb518e8d,sync,False,2026-08-31T01:12:33+00:00
cyclone_idai_2019,2019-03-23__api-strong__generic,machine,api-strong,api-strong/generic,2019-03-23,food,Food security and assistance reach,present,1.0,0.9,ok,,168,a50e7d6c,qwen/qwen3.8-flash,53d719a60c727688f36627566d3a38daa32e4129f6e0ad901df4ecdabef0f999,sync,False,2026-08-31T01:12:33+00:00
cyclone_idai_2019,2019-03-23__api-strong__generic,machine,api-strong,api-strong/generic,2019-03-23,access,Access constraints,present,1.0,0.95,ok,,188,108cb228,qwen/qwen3.8-flash,4d273ef54a0c18bc4e84c33e85ea4f412408634e453a01f519ea309226d55b6e,sync,False,2026-08-31T01:12:33+00:00
cyclone_idai_2019,2019-03-23__api-strong__generic,machine,api-strong,api-strong/generic,2019-03-23,coordination,Coordination arrangements,partial,0.5,0.9,ok,,127,de7941e4,qwen/qwen3.8-flash,898464739d778bc1de9b96aaad8918c51cf7efe6ab56133bebcf26954f4269df,sync,False,2026-08-31T01:12:33+00:00
cyclone_idai_2019,2019-03-23__api-strong__generic,machine,api-strong,api-strong/generic,2019-03-23,needs_gaps,Sector needs and gaps,,,,invalid,unparsable JSON (empty output),0,,qwen/qwen3.8-flash,c0d16bbeaf2b662b974f273d2ecd17d968f3355b1a9d22ce9ea6ae2edd5715fd,sync,False,2026-08-31T01:12:33+00:00
cyclone_idai_2019,2019-03-23__api-strong__generic,machine,api-strong,api-strong/generic,2019-03-23,response_actions,Sector response activities,present,1.0,1.0,ok,,191,bd159312,qwen/qwen3.8-flash,18524cb69cbc4fcf25da82929e011ccfb5ccc68877b066c4a390b7ab06b3b965,sync,False,2026-08-31T01:12:33+00:00
cyclone_idai_2019,2019-03-23__api-strong__generic,machine,api-strong,api-strong/generic,2019-03-23,shelter,Shelter and non-food items,present,1.0,0.95,ok,,207,b2f06715,qwen/qwen3.8-flash,c543b8772bb9e59103bf1dd9bf26d0ebb8455420c7f94192906316d75c515795,sync,False,2026-08-31T01:12:33+00:00
cyclone_idai_2019,2019-03-23__api-strong__schema_guided,machine,api-strong,api-strong/schema_guided,2019-03-23,currency_and_metadata,Data currency and report metadata,partial,0.5,1.0,ok,,148,765948a0,qwen/qwen3.8-flash,ded9b2b97d9d35235f04b00c45c9e300f12636ee9d39f794c6140f468fddeec8,sync,False,2026-08-31T01:12:33+00:00
cyclone_idai_2019,2019-03-23__api-strong__schema_guided,machine,api-strong,api-strong/schema_guided,2019-03-23,sourcing,Sourcing and attribution,present,1.0,0.95,ok,,163,01cd217f,qwen/qwen3.8-flash,2afc9c95c0a812639b68c5c7c01181f351e73ce88d134e0c9318bdc8678c37e2,sync,False,2026-08-31T01:12:33+00:00
cyclone_idai_2019,2019-03-23__api-strong__schema_guided,machine,api-strong,api-strong/schema_guided,2019-03-23,casualties,Casualty and affected-population figures,present,1.0,1.0,ok,,182,27310756,qwen/qwen3.8-flash,9538cf32d7083d5fcd04ac477f390049e0631b374a1f8bac0e4ebb36f36cc5c8,sync,False,2026-08-31T01:12:33+00:00
cyclone_idai_2019,2019-03-23__api-strong__schema_guided,machine,api-strong,api-strong/schema_guided,2019-03-23,displacement,Displacement and accommodation sites,partial,0.5,0.95,ok,,142,9c66e1f0,qwen/qwen3.8-flash,6304bbe5a8eaf7e816879de4a4cde5d108985a52e346981ea4ae28d72272c1d4,sync,False,2026-08-31T01:12:33+00:00
cyclone_idai_2019,2019-03-23__api-strong__schema_guided,machine,api-strong,api-strong/schema_guided,2019-03-23,health,"Health, disease outbreak and nutrition",partial,0.5,0.95,ok,,147,294f3d95,qwen/qwen3.8-flash,12c5ff711b0d25b7f68eacd92f3c3b960a401bdf9c2c9b17217d28c6379ba077,sync,False,2026-08-31T01:12:33+00:00
cyclone_idai_2019,2019-03-23__api-strong__schema_guided,machine,api-strong,api-strong/schema_guided,2019-03-23,damage,"Physical, economic and agricultural damage",,,,invalid,unparsable JSON (empty output),0,,qwen/qwen3.8-flash,1f5e7148f62b1ac608040e5330e79005b3d7bfccd406d6a7c4cbcdbca2a14e3c,sync,False,2026-08-31T01:12:33+00:00
cyclone_idai_2019,2019-03-23__api-strong__schema_guided,machine,api-strong,api-strong/schema_guided,2019-03-23,funding,Funding status and donor contributions,present,1.0,1.0,ok,,156,87b2a11c,qwen/qwen3.8-flash,4a57e3ed1e3a5d2df89cd2f3299fcadadef56f5c0d58b0fd91e2d9c97b3cf984,sync,False,2026-08-31T01:12:33+00:00
cyclone_idai_2019,2019-03-23__api-strong__schema_guided,machine,api-strong,api-strong/schema_guided,2019-03-23,education,Education impact and response,partial,0.5,0.95,ok,,133,cd2f6481,qwen/qwen3.8-flash,be56237ba5ac6ce1bfd93f5878eac8cc4a940883843151e7e969a9b9a18961fe,sync,False,2026-08-31T01:12:33+00:00
cyclone_idai_2019,2019-03-23__api-strong__schema_guided,machine,api-strong,api-strong/schema_guided,2019-03-23,wash,WASH needs and response,present,1.0,0.95,ok,,150,26ec3266,qwen/qwen3.8-flash,936d011f4ebdc7e260fdb06386d4b28fd4abcb95a4b9ae2cd869ed27a3323794,sync,False,2026-08-31T01:12:33+00:00
cyclone_idai_2019,2019-03-23__api-strong__schema_guided,machine,api-strong,api-strong/schema_guided,2019-03-23,food,Food security and assistance reach,present,1.0,0.95,ok,,199,83f09c3c,qwen/qwen3.8-flash,41e686e861bdb053308a472c6bbfacc59ef1142c38edbecf8fb28ec6868424cd,sync,False,2026-08-31T01:12:33+00:00
cyclone_idai_2019,2019-03-23__api-strong__schema_guided,machine,api-strong,api-strong/schema_guided,2019-03-23,access,Access constraints,present,1.0,1.0,ok,,198,ccc7c726,qwen/qwen3.8-flash,1b9eefcc80a1192ed0e2c6bc6157178e1c5be23cab292422e0883b36c5d6ce08,sync,False,2026-08-31T01:12:33+00:00
cyclone_idai_2019,2019-03-23__api-strong__schema_guided,machine,api-strong,api-strong/schema_guided,2019-03-23,coordination,Coordination arrangements,partial,0.5,0.95,ok,,197,5d80ca0b,qwen/qwen3.8-flash,4c0a089e0ed2b04773477e910c756ce76bcb9633c072064e394786f23882fcb6,sync,False,2026-08-31T01:12:33+00:00
cyclone_idai_2019,2019-03-23__api-strong__schema_guided,machine,api-strong,api-strong/schema_guided,2019-03-23,needs_gaps,Sector needs and gaps,present,1.0,1.0,ok,,244,a8d047a4,qwen/qwen3.8-flash,e519a34b1a172f51fa3bfdbac6fd05e100aa9c7ef692638b13b46f2ebd287548,sync,False,2026-08-31T01:12:33+00:00
cyclone_idai_2019,2019-03-23__api-strong__schema_guided,machine,api-strong,api-strong/schema_guided,2019-03-23,response_actions,Sector response activities,present,1.0,1.0,ok,,199,113efde5,qwen/qwen3.8-flash,e6b1b16ebfc21b1ac95cd1cc282c47c1963b99e7c966c05297f1d903caa309cf,sync,False,2026-08-31T01:12:33+00:00
cyclone_idai_2019,2019-03-23__api-strong__schema_guided,machine,api-strong,api-strong/schema_guided,2019-03-23,shelter,Shelter and non-food items,partial,0.5,0.9,ok,,188,d6e65c81,qwen/qwen3.8-flash,ea265c4f6193afbae04ee07655fca89d369d276965ba9407cefef78af44db27d,sync,False,2026-08-31T01:12:33+00:00
cyclone_idai_2019,2019-03-24__api-fast__generic,machine,api-fast,api-fast/generic,2019-03-24,currency_and_metadata,Data currency and report metadata,partial,0.5,0.9,ok,,65,f1cc1fce,qwen/qwen3.8-flash,1d26723914c517dc53ef4603af5fbbf5c380cf2732ebe13f22bccb714373d80f,sync,False,2026-08-31T01:12:33+00:00
cyclone_idai_2019,2019-03-24__api-fast__generic,machine,api-fast,api-fast/generic,2019-03-24,sourcing,Sourcing and attribution,present,1.0,1.0,ok,,123,4834564b,qwen/qwen3.8-flash,cd83f2aacdf91bc33254e183c76e25428d7265e0db094fd7bde2edaa48fcae77,sync,False,2026-08-31T01:12:33+00:00
cyclone_idai_2019,2019-03-24__api-fast__generic,machine,api-fast,api-fast/generic,2019-03-24,casualties,Casualty and affected-population figures,present,1.0,1.0,ok,,123,4834564b,qwen/qwen3.8-flash,57eea9db98e59ac390efce266e59b8fc1fa011d726a87098d66a298f6df1e0b9,sync,False,2026-08-31T01:12:33+00:00
cyclone_idai_2019,2019-03-24__api-fast__generic,machine,api-fast,api-fast/generic,2019-03-24,displacement,Displacement and accommodation sites,partial,0.5,0.95,ok,,66,70493f52,qwen/qwen3.8-flash,20a957a9122d905d20784714f0c160770d612ec8cc26d924ce95f75d89e2bfdf,sync,False,2026-08-31T01:12:33+00:00
cyclone_idai_2019,2019-03-24__api-fast__generic,machine,api-fast,api-fast/generic,2019-03-24,health,"Health, disease outbreak and nutrition",partial,0.5,0.9,ok,,130,1b724b89,qwen/qwen3.8-flash,c2225a99a0a9fc4dbb476e38f9d74350d775cd0fd86bbfd4022772e549ac5f48,sync,False,2026-08-31T01:12:33+00:00
cyclone_idai_2019,2019-03-24__api-fast__generic,machine,api-fast,api-fast/generic,2019-03-24,damage,"Physical, economic and agricultural damage",present,1.0,1.0,ok,,165,59aa438b,qwen/qwen3.8-flash,237eb35e03395b1a09884d0687dffc5884f81c9504ca9699e5d13ec6f3cf0afc,sync,False,2026-08-31T01:12:33+00:00
cyclone_idai_2019,2019-03-24__api-fast__generic,machine,api-fast,api-fast/generic,2019-03-24,funding,Funding status and donor contributions,present,1.0,0.9,ok,,150,e2ad77db,qwen/qwen3.8-flash,d8a466acbf023a171a8e300dbf2812e69be0f148dbdd1082ddc61d0530b17edc,sync,False,2026-08-31T01:12:33+00:00
cyclone_idai_2019,2019-03-24__api-fast__generic,machine,api-fast,api-fast/generic,2019-03-24,education,Education impact and response,partial,0.5,0.95,ok,,127,f871ebb8,qwen/qwen3.8-flash,357a05771d2a7f5b63b3eb92e122b63c5b83e3d43c4fd432ea7e8fd915fe978a,sync,False,2026-08-31T01:12:33+00:00
cyclone_idai_2019,2019-03-24__api-fast__generic,machine,api-fast,api-fast/generic,2019-03-24,wash,WASH needs and response,partial,0.5,0.9,ok,,130,1b724b89,qwen/qwen3.8-flash,8e30fe030ddbae2f54f892e5d1e387a698bf6cc107834a27ea6b57bc25c2e5dd,sync,False,2026-08-31T01:12:33+00:00
cyclone_idai_2019,2019-03-24__api-fast__generic,machine,api-fast,api-fast/generic,2019-03-24,food,Food security and assistance reach,partial,0.5,0.95,ok,,166,3f79dc0a,qwen/qwen3.8-flash,ef54267f9a9fc9a51683233d2b98a55f9270e75878975a1edc5b80cde14124f3,sync,False,2026-08-31T01:12:33+00:00
cyclone_idai_2019,2019-03-24__api-fast__generic,machine,api-fast,api-fast/generic,2019-03-24,access,Access constraints,partial,0.5,0.95,ok,,107,712595d7,qwen/qwen3.8-flash,e8ea8d139521efe6d812e93d0c49ad60d5fe45353196ecd4bc53159e643fced4,sync,False,2026-08-31T01:12:33+00:00
cyclone_idai_2019,2019-03-24__api-fast__generic,machine,api-fast,api-fast/generic,2019-03-24,coordination,Coordination arrangements,partial,0.5,0.95,ok,,109,8281ed0e,qwen/qwen3.8-flash,026d1afc348db38d32d20b664945cddbfe598baed42646ddb427a8cfc6884440,sync,False,2026-08-31T01:12:33+00:00
cyclone_idai_2019,2019-03-24__api-fast__generic,machine,api-fast,api-fast/generic,2019-03-24,needs_gaps,Sector needs and gaps,present,1.0,0.95,ok,,134,4add7d4a,qwen/qwen3.8-flash,05f2c207ed84a0ca683b867f185bcc5010dc062817c346bebe55ef05304b6d16,sync,False,2026-08-31T01:12:33+00:00
cyclone_idai_2019,2019-03-24__api-fast__generic,machine,api-fast,api-fast/generic,2019-03-24,response_actions,Sector response activities,present,1.0,1.0,ok,,184,0dae124c,qwen/qwen3.8-flash,f2e8e96e534a9b97b55ec5869fa53b267032086afb619456f95421d81002d5af,sync,False,2026-08-31T01:12:33+00:00
cyclone_idai_2019,2019-03-24__api-fast__generic,machine,api-fast,api-fast/generic,2019-03-24,shelter,Shelter and non-food items,partial,0.5,0.95,ok,,164,1c18b978,qwen/qwen3.8-flash,3bcc4b517f080fe7b4d8ef931270594af4fd5f40aa95e9c88855a3d6352d1400,sync,False,2026-08-31T01:12:33+00:00
cyclone_idai_2019,2019-03-24__api-fast__schema_guided,machine,api-fast,api-fast/schema_guided,2019-03-24,currency_and_metadata,Data currency and report metadata,partial,0.5,1.0,ok,,177,71ca5057,qwen/qwen3.8-flash,cfb9a2b207d53b19b12d1b6fcd823c69fc29493e3f1f5a7e6cbe4314e59f97f7,sync,False,2026-08-31T01:12:33+00:00
cyclone_idai_2019,2019-03-24__api-fast__schema_guided,machine,api-fast,api-fast/schema_guided,2019-03-24,sourcing,Sourcing and attribution,present,1.0,1.0,ok,,212,f9d627b5,qwen/qwen3.8-flash,cb49678344aa6915c389de8f1129a56f94d6f0c7818de1e945ffa32396874560,sync,False,2026-08-31T01:12:33+00:00
cyclone_idai_2019,2019-03-24__api-fast__schema_guided,machine,api-fast,api-fast/schema_guided,2019-03-24,casualties,Casualty and affected-population figures,present,1.0,1.0,ok,,192,0473ed78,qwen/qwen3.8-flash,16d09bd856b11e454a735b03d0eedff59e4db37fae2dbbb2f37d2dba88687482,sync,False,2026-08-31T01:12:33+00:00
cyclone_idai_2019,2019-03-24__api-fast__schema_guided,machine,api-fast,api-fast/schema_guided,2019-03-24,displacement,Displacement and accommodation sites,partial,0.5,1.0,ok,,105,922e00f0,qwen/qwen3.8-flash,c2d3b2c42dd1c24673355a552d4b372c412c7dbc71f4260bc8ce1b23c01cb360,sync,False,2026-08-31T01:12:33+00:00
cyclone_idai_2019,2019-03-24__api-fast__schema_guided,machine,api-fast,api-fast/schema_guided,2019-03-24,health,"Health, disease outbreak and nutrition",partial,0.5,0.95,ok,,210,c38b02e5,qwen/qwen3.8-flash,6dfb7a77a6a8dedf710857313f6f2e4b85cab1505e488bcc042c32b4e2af3800,sync,False,2026-08-31T01:12:33+00:00
cyclone_idai_2019,2019-03-24__api-fast__schema_guided,machine,api-fast,api-fast/schema_guided,2019-03-24,damage,"Physical, economic and agricultural damage",present,1.0,0.95,ok,,157,e59ac6ee,qwen/qwen3.8-flash,9910f57531d74485b96665dcedc66aea9d9f88cdd035e34b76dbfaa06a7c9d67,sync,False,2026-08-31T01:12:33+00:00
cyclone_idai_2019,2019-03-24__api-fast__schema_guided,machine,api-fast,api-fast/schema_guided,2019-03-24,funding,Funding status and donor contributions,present,1.0,0.95,ok,,179,503ce7a3,qwen/qwen3.8-flash,da8d6648b43d9e27f6be49c878f5abc332d90bfed11aaaebefdd3e103e8c94dc,sync,False,2026-08-31T01:12:33+00:00
cyclone_idai_2019,2019-03-24__api-fast__schema_guided,machine,api-fast,api-fast/schema_guided,2019-03-24,education,Education impact and response,partial,0.5,1.0,ok,,209,33f0c9a2,qwen/qwen3.8-flash,8f715c0c4aeebcef1a4e74dffc6f6b471f37fb23be6f52f7c4133410446642ee,sync,False,2026-08-31T01:12:33+00:00
cyclone_idai_2019,2019-03-24__api-fast__schema_guided,machine,api-fast,api-fast/schema_guided,2019-03-24,wash,WASH needs and response,partial,0.5,0.95,ok,,257,7194c8d8,qwen/qwen3.8-flash,3fdea1d7fc1880c983571753117c7f41a55e5595aeabecd770dc08263580fefc,sync,False,2026-08-31T01:12:33+00:00
cyclone_idai_2019,2019-03-24__api-fast__schema_guided,machine,api-fast,api-fast/schema_guided,2019-03-24,food,Food security and assistance reach,present,1.0,1.0,ok,,185,ae4f3937,qwen/qwen3.8-flash,8f2e198786973ce437a3b7942528e264b76f1ceadc986a5d150d35819942498e,sync,False,2026-08-31T01:12:33+00:00
cyclone_idai_2019,2019-03-24__api-fast__schema_guided,machine,api-fast,api-fast/schema_guided,2019-03-24,access,Access constraints,present,1.0,1.0,ok,,146,fd3ce5ef,qwen/qwen3.8-flash,de8a7b0f73e58deb4073c7a654664a728c6c9d228a93af13a14290ff6bdd3ef0,sync,False,2026-08-31T01:12:33+00:00
cyclone_idai_2019,2019-03-24__api-fast__schema_guided,machine,api-fast,api-fast/schema_guided,2019-03-24,coordination,Coordination arrangements,partial,0.5,0.95,ok,,172,7ae8e557,qwen/qwen3.8-flash,83059eca997e47127853d5d2290555ac9b97890f065d9c8079b07ae06365bbd9,sync,False,2026-08-31T01:12:33+00:00
cyclone_idai_2019,2019-03-24__api-fast__schema_guided,machine,api-fast,api-fast/schema_guided,2019-03-24,needs_gaps,Sector needs and gaps,present,1.0,0.95,ok,,184,e0b8f57b,qwen/qwen3.8-flash,7abcc541fe2a9947f2d08b92bc4bcac31d30bcb20cc41ff7f722d227d241fe0c,sync,False,2026-08-31T01:12:33+00:00
cyclone_idai_2019,2019-03-24__api-fast__schema_guided,machine,api-fast,api-fast/schema_guided,2019-03-24,response_actions,Sector response activities,present,1.0,1.0,ok,,185,a87e299f,qwen/qwen3.8-flash,0ea96ad740fe9cb3e1a4e10793cfe962643cc53ffcc5dd48f9d11301bacc4c47,sync,False,2026-08-31T01:12:33+00:00
cyclone_idai_2019,2019-03-24__api-fast__schema_guided,machine,api-fast,api-fast/schema_guided,2019-03-24,shelter,Shelter and non-food items,partial,0.5,0.95,ok,,160,5e7c7983,qwen/qwen3.8-flash,5a17fbd61b083b4b78f394ab9702f9e19fff8a15ffea678579e092875ece52d0,sync,False,2026-08-31T01:12:33+00:00
cyclone_idai_2019,2019-03-24__api-strong__generic,machine,api-strong,api-strong/generic,2019-03-24,currency_and_metadata,Data currency and report metadata,partial,0.5,0.95,ok,,153,9ef0cf9e,qwen/qwen3.8-flash,c09b0ca20bc0f4789deb55b5d742c6df1e2e91ac5090fcfc8d3d508161b9d1b2,sync,False,2026-08-31T01:12:33+00:00
cyclone_idai_2019,2019-03-24__api-strong__generic,machine,api-strong,api-strong/generic,2019-03-24,sourcing,Sourcing and attribution,present,1.0,1.0,ok,,130,f5dad926,qwen/qwen3.8-flash,1ae1c956fbc30618e835479a89c21d9fcc64e2a4312f2d155b39eac735277a41,sync,False,2026-08-31T01:12:33+00:00
cyclone_idai_2019,2019-03-24__api-strong__generic,machine,api-strong,api-strong/generic,2019-03-24,casualties,Casualty and affected-population figures,present,1.0,1.0,ok,,222,be1b32c4,qwen/qwen3.8-flash,85a85125744b1fac88d3bba9567f405266a2687fc4029ae3b7a62ed0d09be765,sync,False,2026-08-31T01:12:33+00:00
cyclone_idai_2019,2019-03-24__api-strong__generic,machine,api-strong,api-strong/generic,2019-03-24,displacement,Displacement and accommodation sites,partial,0.5,1.0,ok,,121,00e15a40,qwen/qwen3.8-flash,71aa7d6546f176ec010ebf3c211bbbe7952ad4860afe902c019282532acd7098,sync,False,2026-08-31T01:12:33+00:00
cyclone_idai_2019,2019-03-24__api-strong__generic,machine,api-strong,api-strong/generic,2019-03-24,health,"Health, disease outbreak and nutrition",partial,0.5,0.95,ok,,189,704345b1,qwen/qwen3.8-flash,3f5fe36bc70504cbdb21c80cd51f1c979c417caa4d8874e45330a0276d5f25e5,sync,False,2026-08-31T01:12:33+00:00
cyclone_idai_2019,2019-03-24__api-strong__generic,machine,api-strong,api-strong/generic,2019-03-24,damage,"Physical, economic and agricultural damage",present,1.0,0.95,ok,,175,07ec4504,qwen/qwen3.8-flash,a4a61face04cec03346e3229aa8cabadaa97c97778d02fd3fbe874dc19f92792,sync,False,2026-08-31T01:12:33+00:00
cyclone_idai_2019,2019-03-24__api-strong__generic,machine,api-strong,api-strong/generic,2019-03-24,funding,Funding status and donor contributions,partial,0.5,0.95,ok,,206,dbe14b7d,qwen/qwen3.8-flash,2520f1f53dbbf1b636a6f5d5aa2b7668bf9cc68fad01cbbb971551dddd15cdf8,sync,False,2026-08-31T01:12:33+00:00
cyclone_idai_2019,2019-03-24__api-strong__generic,machine,api-strong,api-strong/generic,2019-03-24,education,Education impact and response,partial,0.5,0.85,ok,,161,e4b79c34,qwen/qwen3.8-flash,859e93e3e3caf5ad95ed64eee09f10ee4b68f7d85891439d74952bc879406e7e,sync,False,2026-08-31T01:12:33+00:00
cyclone_idai_2019,2019-03-24__api-strong__generic,machine,api-strong,api-strong/generic,2019-03-24,wash,WASH needs and response,partial,0.5,0.95,ok,,160,1f2cc73c,qwen/qwen3.8-flash,2d9032bf21d9978b94bb94635defb90776217b7f8ddb8f68ad53c7c7933f24f2,sync,False,2026-08-31T01:12:33+00:00
cyclone_idai_2019,2019-03-24__api-strong__generic,machine,api-strong,api-strong/generic,2019-03-24,food,Food security and assistance reach,partial,0.5,0.9,ok,,164,39ce70ec,qwen/qwen3.8-flash,ecaee99b7527f08e9861244d4691b16a04a3d73410ac3ca6f11835a5362c5145,sync,False,2026-08-31T01:12:33+00:00
cyclone_idai_2019,2019-03-24__api-strong__generic,machine,api-strong,api-strong/generic,2019-03-24,access,Access constraints,present,1.0,0.95,ok,,212,691acce4,qwen/qwen3.8-flash,a89f8f08ba00fc9f7b1ea103aff0d7376f84951d956fc916d6cab4904f50b5f1,sync,False,2026-08-31T01:12:33+00:00
cyclone_idai_2019,2019-03-24__api-strong__generic,machine,api-strong,api-strong/generic,2019-03-24,coordination,Coordination arrangements,absent,0.0,1.0,ok,,0,,qwen/qwen3.8-flash,543c96974c7d9e76dae5d40dc3348ab3599788e16f9a419a6b730799c8becc75,sync,False,2026-08-31T01:12:33+00:00
cyclone_idai_2019,2019-03-24__api-strong__generic,machine,api-strong,api-strong/generic,2019-03-24,needs_gaps,Sector needs and gaps,present,1.0,0.95,ok,,222,256f6ae8,qwen/qwen3.8-flash,edb598e08586ea9c727778076bdb9d27d42873b53215896b9920e2193820cff6,sync,False,2026-08-31T01:12:33+00:00
cyclone_idai_2019,2019-03-24__api-strong__generic,machine,api-strong,api-strong/generic,2019-03-24,response_actions,Sector response activities,present,1.0,1.0,ok,,198,1c59ec32,qwen/qwen3.8-flash,74a6293fcea1499edf70405a8797711237cf42a2ac318dfba9fc6388764c03c6,sync,False,2026-08-31T01:12:33+00:00
cyclone_idai_2019,2019-03-24__api-strong__generic,machine,api-strong,api-strong/generic,2019-03-24,shelter,Shelter and non-food items,present,1.0,0.95,ok,,176,da7ea968,qwen/qwen3.8-flash,e061c7c0341d1b21efbabb03b7a9b3785dcc22de4ef0910896ec59b41c8e47ea,sync,False,2026-08-31T01:12:33+00:00
cyclone_idai_2019,2019-03-24__api-strong__schema_guided,machine,api-strong,api-strong/schema_guided,2019-03-24,currency_and_metadata,Data currency and report metadata,partial,0.5,1.0,ok,,130,b48cb5e2,qwen/qwen3.8-flash,d4858dfbf6517a22c9e38e511e1ab7acdff3dac2b08a95086cd2de27ead86445,sync,False,2026-08-31T01:12:33+00:00
cyclone_idai_2019,2019-03-24__api-strong__schema_guided,machine,api-strong,api-strong/schema_guided,2019-03-24,sourcing,Sourcing and attribution,present,1.0,1.0,ok,,159,b73caa56,qwen/qwen3.8-flash,948e40c0f8ab2260d8d05208640d3535218f4cd540207683e9f49c40990603f1,sync,False,2026-08-31T01:12:33+00:00
cyclone_idai_2019,2019-03-24__api-strong__schema_guided,machine,api-strong,api-strong/schema_guided,2019-03-24,casualties,Casualty and affected-population figures,present,1.0,0.95,ok,,180,9b669e0d,qwen/qwen3.8-flash,65c065b20e2dd4454e9f42238d23e38790771eac2adf7a9b0ad83ff50963992f,sync,False,2026-08-31T01:12:33+00:00
cyclone_idai_2019,2019-03-24__api-strong__schema_guided,machine,api-strong,api-strong/schema_guided,2019-03-24,displacement,Displacement and accommodation sites,partial,0.5,1.0,ok,,146,8cb0e3e4,qwen/qwen3.8-flash,4d576d2835e5ee2d2df349063eb9caec11f6da4f5dbc086f88223cda3a8a6bae,sync,False,2026-08-31T01:12:33+00:00
cyclone_idai_2019,2019-03-24__api-strong__schema_guided,machine,api-strong,api-strong/schema_guided,2019-03-24,health,"Health, disease outbreak and nutrition",partial,0.5,0.95,ok,,153,ce7f0a13,qwen/qwen3.8-flash,04b05fb088b5e025351ed9ac9bf361a727ac1ecc614b15fdfbadcd7e233b5583,sync,False,2026-08-31T01:12:33+00:00
cyclone_idai_2019,2019-03-24__api-strong__schema_guided,machine,api-strong,api-strong/schema_guided,2019-03-24,damage,"Physical, economic and agricultural damage",present,1.0,1.0,ok,,182,15a0ed16,qwen/qwen3.8-flash,0f64e8fd73e76e8f4f843aed7d5a09f6118bb5f4f0cf9ea266dee6f9b8de9e9e,sync,False,2026-08-31T01:12:33+00:00
cyclone_idai_2019,2019-03-24__api-strong__schema_guided,machine,api-strong,api-strong/schema_guided,2019-03-24,funding,Funding status and donor contributions,present,1.0,0.95,ok,,182,7fac13e9,qwen/qwen3.8-flash,2f9f1fe0d4ff3a8361b8b8829f5076ad37aa8b114d9f7b9e27ea0c2f7ac38e87,sync,False,2026-08-31T01:12:33+00:00
cyclone_idai_2019,2019-03-24__api-strong__schema_guided,machine,api-strong,api-strong/schema_guided,2019-03-24,education,Education impact and response,partial,0.5,0.9,ok,,110,8c6e4fad,qwen/qwen3.8-flash,a179ff65086b76d0872418570fce0398decb42aaa81e478631aead5f7250d1d8,sync,False,2026-08-31T01:12:33+00:00
cyclone_idai_2019,2019-03-24__api-strong__schema_guided,machine,api-strong,api-strong/schema_guided,2019-03-24,wash,WASH needs and response,partial,0.5,0.95,ok,,195,60bc4c59,qwen/qwen3.8-flash,258211f3b530af7d9cbc4c6be6b6a2e10d499bd83c1a35484470ba5872441edc,sync,False,2026-08-31T01:12:33+00:00
cyclone_idai_2019,2019-03-24__api-strong__schema_guided,machine,api-strong,api-strong/schema_guided,2019-03-24,food,Food security and assistance reach,partial,0.5,0.9,ok,,210,31ffcf9c,qwen/qwen3.8-flash,598fef09b090512c87baab41418f010dadcf2eed09f8eb3f93ac23ab75bf7ce1,sync,False,2026-08-31T01:12:33+00:00
cyclone_idai_2019,2019-03-24__api-strong__schema_guided,machine,api-strong,api-strong/schema_guided,2019-03-24,access,Access constraints,present,1.0,1.0,ok,,151,7e339bcd,qwen/qwen3.8-flash,753207f6c4462c07c6633a5215634c11c02e0b888ca3b5dddcb0257a80601969,sync,False,2026-08-31T01:12:33+00:00
cyclone_idai_2019,2019-03-24__api-strong__schema_guided,machine,api-strong,api-strong/schema_guided,2019-03-24,coordination,Coordination arrangements,partial,0.5,0.9,ok,,138,7f857590,qwen/qwen3.8-flash,95b330ec44a88a2760493c520e1c3e3cfb00cfa458cd85332f51057c65eb8bbd,sync,False,2026-08-31T01:12:33+00:00
cyclone_idai_2019,2019-03-24__api-strong__schema_guided,machine,api-strong,api-strong/schema_guided,2019-03-24,needs_gaps,Sector needs and gaps,present,1.0,0.95,ok,,232,048abcc5,qwen/qwen3.8-flash,abb6889be00afed519d3a9fe6eba739c79546848fe924dae94f594086b139127,sync,False,2026-08-31T01:12:33+00:00
cyclone_idai_2019,2019-03-24__api-strong__schema_guided,machine,api-strong,api-strong/schema_guided,2019-03-24,response_actions,Sector response activities,present,1.0,1.0,ok,,217,90331043,qwen/qwen3.8-flash,2441bad3e28f50deaebc659b759edf754ea7abaf7e20377b35f38e39856e8db3,sync,False,2026-08-31T01:12:33+00:00
cyclone_idai_2019,2019-03-24__api-strong__schema_guided,machine,api-strong,api-strong/schema_guided,2019-03-24,shelter,Shelter and non-food items,,,,invalid,unparsable JSON (empty output),0,,qwen/qwen3.8-flash,df513b3208635553fe9a80bb30f1e69be1b6719809e15b3c7a51dab62a9bb2a3,sync,False,2026-08-31T01:12:33+00:00
cyclone_idai_2019,2019-03-25__api-fast__generic,machine,api-fast,api-fast/generic,2019-03-25,currency_and_metadata,Data currency and report metadata,partial,0.5,0.9,ok,,181,80bc9009,qwen/qwen3.8-flash,35e6255431b29ffa4048b26b07eb058e1fe9e2ff9a4c3485d93c442a9071e22a,sync,False,2026-08-31T01:12:33+00:00
cyclone_idai_2019,2019-03-25__api-fast__generic,machine,api-fast,api-fast/generic,2019-03-25,sourcing,Sourcing and attribution,present,1.0,0.95,ok,,113,68a2860f,qwen/qwen3.8-flash,94ffc751d07556bed96ed5a487ef885052dfcca5d76536d7be8feab645b7638b,sync,False,2026-08-31T01:12:33+00:00
cyclone_idai_2019,2019-03-25__api-fast__generic,machine,api-fast,api-fast/generic,2019-03-25,casualties,Casualty and affected-population figures,present,1.0,0.95,ok,,155,fd82ce40,qwen/qwen3.8-flash,6f39a60bffee7a75ede54933a13a96c82f563f425fdc7610daddbae21fe224ff,sync,False,2026-08-31T01:12:33+00:00
cyclone_idai_2019,2019-03-25__api-fast__generic,machine,api-fast,api-fast/generic,2019-03-25,displacement,Displacement and accommodation sites,partial,0.5,0.95,ok,,166,d2182b21,qwen/qwen3.8-flash,01ae534c3c4de3523c21d101224fb72b618c4915276f283332fea644f821eca9,sync,False,2026-08-31T01:12:33+00:00
cyclone_idai_2019,2019-03-25__api-fast__generic,machine,api-fast,api-fast/generic,2019-03-25,health,"Health, disease outbreak and nutrition",partial,0.5,0.95,ok,,121,11dca61f,qwen/qwen3.8-flash,d43034eda671dadf7696f1f73f899c0db50e1e45c69e0c79de53802724754e1a,sync,False,2026-08-31T01:12:33+00:00
cyclone_idai_2019,2019-03-25__api-fast__generic,machine,api-fast,api-fast/generic,2019-03-25,damage,"Physical, economic and agricultural damage",present,1.0,0.95,ok,,201,3e5ad6b3,qwen/qwen3.8-flash,e321111c3dafb738fe5473895c5dd8d60dec7cf415a08132791f6a60b381bd82,sync,False,2026-08-31T01:12:33+00:00
cyclone_idai_2019,2019-03-25__api-fast__generic,machine,api-fast,api-fast/generic,2019-03-25,funding,Funding status and donor contributions,present,1.0,1.0,ok,,209,03f982c4,qwen/qwen3.8-flash,0f72884f6c1f839a1c1fb06a697013dd2127d31083b6ba2340410efdc5248602,sync,False,2026-08-31T01:12:33+00:00
cyclone_idai_2019,2019-03-25__api-fast__generic,machine,api-fast,api-fast/generic,2019-03-25,education,Education impact and response,present,1.0,0.95,ok,,135,070e0893,qwen/qwen3.8-flash,d2478a15160dc796072899d2de59bf268f6dc663729ce08edf99b19f44c40149,sync,False,2026-08-31T01:12:33+00:00
cyclone_idai_2019,2019-03-25__api-fast__generic,machine,api-fast,api-fast/generic,2019-03-25,wash,WASH needs and response,present,1.0,1.0,ok,,176,93fa9759,qwen/qwen3.8-flash,fc4d5d204fbbcb9a37df3854d2726d7e1dac2a5abb21b1f51351afefb4127935,sync,False,2026-08-31T01:12:33+00:00
cyclone_idai_2019,2019-03-25__api-fast__generic,machine,api-fast,api-fast/generic,2019-03-25,food,Food security and assistance reach,present,1.0,0.95,ok,,149,a9c303e7,qwen/qwen3.8-flash,fffd7fa5bc1563f5322bf70af715fa8c960bd112326ff65cbecf2eead8e7f2f3,sync,False,2026-08-31T01:12:33+00:00
cyclone_idai_2019,2019-03-25__api-fast__generic,machine,api-fast,api-fast/generic,2019-03-25,access,Access constraints,present,1.0,0.95,ok,,180,705a3f24,qwen/qwen3.8-flash,5ec86f33f5bd7d7e7689729b83f753ece62313bccc84023f38d19c1e3f0254aa,sync,False,2026-08-31T01:12:33+00:00
cyclone_idai_2019,2019-03-25__api-fast__generic,machine,api-fast,api-fast/generic,2019-03-25,coordination,Coordination arrangements,present,1.0,0.95,ok,,214,877e22cb,qwen/qwen3.8-flash,2826579fcc22549ac51550c7c034957264d37dcfb699ee095d613218a8dcad88,sync,False,2026-08-31T01:12:33+00:00
cyclone_idai_2019,2019-03-25__api-fast__generic,machine,api-fast,api-fast/generic,2019-03-25,needs_gaps,Sector needs and gaps,present,1.0,0.95,ok,,99,4cee884a,qwen/qwen3.8-flash,06728273ea825ae157cd9805cd7f512d48aadaf47a4716036df8e621ac288db3,sync,False,2026-08-31T01:12:33+00:00
cyclone_idai_2019,2019-03-25__api-fast__generic,machine,api-fast,api-fast/generic,2019-03-25,response_actions,Sector response activities,present,1.0,1.0,ok,,153,4f3f0556,qwen/qwen3.8-flash,17fb4aa71eaa66e472d99847b8874397c15d0ecf3b76316cfd0b0c7ff010df7d,sync,False,2026-08-31T01:12:33+00:00
cyclone_idai_2019,2019-03-25__api-fast__generic,machine,api-fast,api-fast/generic,2019-03-25,shelter,Shelter and non-food items,partial,0.5,0.95,ok,,142,83a22250,qwen/qwen3.8-flash,98f0f1235ae88033881d37a793367bbaec3b30a4cf1a491a655c0a8bcd468764,sync,False,2026-08-31T01:12:33+00:00
cyclone_idai_2019,2019-03-25__api-fast__schema_guided,machine,api-fast,api-fast/schema_guided,2019-03-25,currency_and_metadata,Data currency and report metadata,present,1.0,0.95,ok,,172,8c33e4cc,qwen/qwen3.8-flash,9565455afb87fb973ee1d458505c425792b331ef4073ef5f50afac646da90633,sync,False,2026-08-31T01:12:33+00:00
cyclone_idai_2019,2019-03-25__api-fast__schema_guided,machine,api-fast,api-fast/schema_guided,2019-03-25,sourcing,Sourcing and attribution,present,1.0,1.0,ok,,183,38a54793,qwen/qwen3.8-flash,88f06efc267fee85adcc2791e8323eed3c699f8f6ea133be6502b3b445637d06,sync,False,2026-08-31T01:12:33+00:00
cyclone_idai_2019,2019-03-25__api-fast__schema_guided,machine,api-fast,api-fast/schema_guided,2019-03-25,casualties,Casualty and affected-population figures,present,1.0,1.0,ok,,181,250fefee,qwen/qwen3.8-flash,1f410589090d8dddc7cc1f903ab76d28ccd4d3e12ea336b45f3a937ff4793e08,sync,False,2026-08-31T01:12:33+00:00
cyclone_idai_2019,2019-03-25__api-fast__schema_guided,machine,api-fast,api-fast/schema_guided,2019-03-25,displacement,Displacement and accommodation sites,present,1.0,0.95,ok,,158,b403f5aa,qwen/qwen3.8-flash,8b45723f168553f00dfcdc69ef4d2d574af9d936ea3231e5362c09243c906599,sync,False,2026-08-31T01:12:33+00:00
cyclone_idai_2019,2019-03-25__api-fast__schema_guided,machine,api-fast,api-fast/schema_guided,2019-03-25,health,"Health, disease outbreak and nutrition",partial,0.5,0.95,ok,,141,54d51011,qwen/qwen3.8-flash,5e9d96e10b05bc48edc8b4d63f5af110d65ed4c1c16ee86d4e53c0ee42410050,sync,False,2026-08-31T01:12:33+00:00
cyclone_idai_2019,2019-03-25__api-fast__schema_guided,machine,api-fast,api-fast/schema_guided,2019-03-25,damage,"Physical, economic and agricultural damage",present,1.0,0.95,ok,,199,2424efc2,qwen/qwen3.8-flash,a35d30bc53176312344fa03efe16be3fd0f032b9914b798d5e250b30c80be376,sync,False,2026-08-31T01:12:33+00:00
cyclone_idai_2019,2019-03-25__api-fast__schema_guided,machine,api-fast,api-fast/schema_guided,2019-03-25,funding,Funding status and donor contributions,present,1.0,1.0,ok,,171,1126987f,qwen/qwen3.8-flash,aa7feaf21527c37fdd4e019e70c9b7cd545897abac680f0ccc374e1678160193,sync,False,2026-08-31T01:12:33+00:00
cyclone_idai_2019,2019-03-25__api-fast__schema_guided,machine,api-fast,api-fast/schema_guided,2019-03-25,education,Education impact and response,partial,0.5,0.95,ok,,193,d0ade234,qwen/qwen3.8-flash,c28d2105a24f20ccaed11c9d906f49d31473137db7c3104665fc9a9ab0297739,sync,False,2026-08-31T01:12:33+00:00
cyclone_idai_2019,2019-03-25__api-fast__schema_guided,machine,api-fast,api-fast/schema_guided,2019-03-25,wash,WASH needs and response,present,1.0,1.0,ok,,138,bbaeabdb,qwen/qwen3.8-flash,74abfa07edb42806669242ba37a3d64dd13bbe1c0dfc6aca83c9ff72b0d95858,sync,False,2026-08-31T01:12:33+00:00
cyclone_idai_2019,2019-03-25__api-fast__schema_guided,machine,api-fast,api-fast/schema_guided,2019-03-25,food,Food security and assistance reach,present,1.0,0.95,ok,,210,0fbfa07e,qwen/qwen3.8-flash,509eee43ed2ff89691a9797e88361e59d33e52618ff224da7f6d16863e344836,sync,False,2026-08-31T01:12:33+00:00
cyclone_idai_2019,2019-03-25__api-fast__schema_guided,machine,api-fast,api-fast/schema_guided,2019-03-25,access,Access constraints,present,1.0,1.0,ok,,188,13d5ed8a,qwen/qwen3.8-flash,d17232294948942e608ba964c11c878b077719ce0f308c6a77b1c4acd138e466,sync,False,2026-08-31T01:12:33+00:00
cyclone_idai_2019,2019-03-25__api-fast__schema_guided,machine,api-fast,api-fast/schema_guided,2019-03-25,coordination,Coordination arrangements,present,1.0,1.0,ok,,332,e7c7af56,qwen/qwen3.8-flash,f8741f7b57f4cb7c9ddd8a7dd5915937e00e62ffcb4ce146a020b2abeca3d843,sync,False,2026-08-31T01:12:33+00:00
cyclone_idai_2019,2019-03-25__api-fast__schema_guided,machine,api-fast,api-fast/schema_guided,2019-03-25,needs_gaps,Sector needs and gaps,,,,invalid,unparsable JSON (empty output),0,,qwen/qwen3.8-flash,9e07ac2ad083a39ecea120903d101ef36f18f985c8296233c3ebc0a882d5dae4,sync,False,2026-08-31T01:12:33+00:00
cyclone_idai_2019,2019-03-25__api-fast__schema_guided,machine,api-fast,api-fast/schema_guided,2019-03-25,response_actions,Sector response activities,present,1.0,1.0,ok,,199,94095320,qwen/qwen3.8-flash,c3985aa5d0083cfd848e9dfb7b57d1776cc7485f29431f1d745d62862681c585,sync,False,2026-08-31T01:12:33+00:00
cyclone_idai_2019,2019-03-25__api-fast__schema_guided,machine,api-fast,api-fast/schema_guided,2019-03-25,shelter,Shelter and non-food items,present,1.0,0.9,ok,,188,13b8e25c,qwen/qwen3.8-flash,dcc892db59a5e3f49640d698c29012c3d717f6fba6a9399b25f74062b0f9882e,sync,False,2026-08-31T01:12:33+00:00
cyclone_idai_2019,2019-03-25__api-strong__generic,machine,api-strong,api-strong/generic,2019-03-25,currency_and_metadata,Data currency and report metadata,present,1.0,0.95,ok,,170,88ff1439,qwen/qwen3.8-flash,22a3af8ec5b1909eef78539156cc076d1b24574a20269ca8191ce1eec7761475,sync,False,2026-08-31T01:12:33+00:00
cyclone_idai_2019,2019-03-25__api-strong__generic,machine,api-strong,api-strong/generic,2019-03-25,sourcing,Sourcing and attribution,present,1.0,1.0,ok,,95,4c1e178c,qwen/qwen3.8-flash,c44bfdd3270746840e437bc7abe16339f9dfe932e4d0fab1025897e0c042e280,sync,False,2026-08-31T01:12:33+00:00
cyclone_idai_2019,2019-03-25__api-strong__generic,machine,api-strong,api-strong/generic,2019-03-25,casualties,Casualty and affected-population figures,present,1.0,0.95,ok,,172,85bebfb3,qwen/qwen3.8-flash,2c3b4413bf12324d83e17cd398082a773c6f263a9b61155a9794c6804c3538a7,sync,False,2026-08-31T01:12:33+00:00
cyclone_idai_2019,2019-03-25__api-strong__generic,machine,api-strong,api-strong/generic,2019-03-25,displacement,Displacement and accommodation sites,partial,0.5,0.95,ok,,75,32424ea3,qwen/qwen3.8-flash,1851318ddd8b86788da8cdc3174640db9dc50c2eeefc82b87c3eb4fd17e97638,sync,False,2026-08-31T01:12:33+00:00
cyclone_idai_2019,2019-03-25__api-strong__generic,machine,api-strong,api-strong/generic,2019-03-25,health,"Health, disease outbreak and nutrition",partial,0.5,0.95,ok,,97,970fbcce,qwen/qwen3.8-flash,b7c786c62d3f48adfc1a3e447b8f22da555f56567634b95e4651f81eb0274362,sync,False,2026-08-31T01:12:33+00:00
cyclone_idai_2019,2019-03-25__api-strong__generic,machine,api-strong,api-strong/generic,2019-03-25,damage,"Physical, economic and agricultural damage",present,1.0,0.95,ok,,135,10e7288a,qwen/qwen3.8-flash,b726e34a36bdedb17b5548a052430ffa5700cc35ee742a350ba72b883ebc7b7f,sync,False,2026-08-31T01:12:33+00:00
cyclone_idai_2019,2019-03-25__api-strong__generic,machine,api-strong,api-strong/generic,2019-03-25,funding,Funding status and donor contributions,present,1.0,0.95,ok,,171,44541c20,qwen/qwen3.8-flash,dde8e10ccd691959d49cd36f193453337c43d66d7043e37dcaedbfca5eae134a,sync,False,2026-08-31T01:12:33+00:00
cyclone_idai_2019,2019-03-25__api-strong__generic,machine,api-strong,api-strong/generic,2019-03-25,education,Education impact and response,present,1.0,0.9,ok,,84,c97ac552,qwen/qwen3.8-flash,a914910fe9c6724d99e4af99a5dea737177138d2c3d4a31bbee5a115a5085087,sync,False,2026-08-31T01:12:33+00:00
cyclone_idai_2019,2019-03-25__api-strong__generic,machine,api-strong,api-strong/generic,2019-03-25,wash,WASH needs and response,present,1.0,1.0,ok,,154,915626d9,qwen/qwen3.8-flash,3697e14af5161f6105014f778fc2b83b56df9c3e920d4a4c7d544af38297ddbc,sync,False,2026-08-31T01:12:33+00:00
cyclone_idai_2019,2019-03-25__api-strong__generic,machine,api-strong,api-strong/generic,2019-03-25,food,Food security and assistance reach,present,1.0,0.95,ok,,187,a0d6e068,qwen/qwen3.8-flash,449bfa5baf558f725c6738fe6608f3257e95571763ca3b8b2c0dde64638cd64a,sync,False,2026-08-31T01:12:33+00:00
cyclone_idai_2019,2019-03-25__api-strong__generic,machine,api-strong,api-strong/generic,2019-03-25,access,Access constraints,present,1.0,0.95,ok,,102,0102fafd,qwen/qwen3.8-flash,d3ecf87a7829c84e68c6ed0b5b61538aead297cdd887abe562bbce7d0eef6f0f,sync,False,2026-08-31T01:12:33+00:00
cyclone_idai_2019,2019-03-25__api-strong__generic,machine,api-strong,api-strong/generic,2019-03-25,coordination,Coordination arrangements,absent,0.0,1.0,ok,,0,,qwen/qwen3.8-flash,e38c667240c31f30644e7d2278f69f76cd530554f525a787f37073c271cd0c6d,sync,False,2026-08-31T01:12:33+00:00
cyclone_idai_2019,2019-03-25__api-strong__generic,machine,api-strong,api-strong/generic,2019-03-25,needs_gaps,Sector needs and gaps,present,1.0,0.9,ok,,170,445b6ae0,qwen/qwen3.8-flash,37787462fb3207feed61b6a4edcc01c47c84b22b10fcf4d145d536869767ab49,sync,False,2026-08-31T01:12:33+00:00
cyclone_idai_2019,2019-03-25__api-strong__generic,machine,api-strong,api-strong/generic,2019-03-25,response_actions,Sector response activities,present,1.0,1.0,ok,,196,506dba61,qwen/qwen3.8-flash,e423c7531f04843b0dfc3cf56af7cf22a1274bcb8335e8ade875297017f264ad,sync,False,2026-08-31T01:12:33+00:00
cyclone_idai_2019,2019-03-25__api-strong__generic,machine,api-strong,api-strong/generic,2019-03-25,shelter,Shelter and non-food items,present,1.0,0.95,ok,,180,bc7bf1e6,qwen/qwen3.8-flash,5cb464f3c52d3921413ed5d95cab1d4effd0b2bd33e20f7be16661c562cd693d,sync,False,2026-08-31T01:12:33+00:00
cyclone_idai_2019,2019-03-25__api-strong__schema_guided,machine,api-strong,api-strong/schema_guided,2019-03-25,currency_and_metadata,Data currency and report metadata,present,1.0,1.0,ok,,151,4a53eb3b,qwen/qwen3.8-flash,b84173cc986cb13e6a2b5d3e34cacde33c8fa0fcdcded3704fd1dffed1fa41af,sync,False,2026-08-31T01:12:33+00:00
cyclone_idai_2019,2019-03-25__api-strong__schema_guided,machine,api-strong,api-strong/schema_guided,2019-03-25,sourcing,Sourcing and attribution,present,1.0,1.0,ok,,159,3be72d02,qwen/qwen3.8-flash,58a44f70c7d0b496ca527298a987f74776ecea5c24fdfc8aacffeef09f3e7189,sync,False,2026-08-31T01:12:33+00:00
cyclone_idai_2019,2019-03-25__api-strong__schema_guided,machine,api-strong,api-strong/schema_guided,2019-03-25,casualties,Casualty and affected-population figures,present,1.0,1.0,ok,,176,1876040e,qwen/qwen3.8-flash,7231a63009aa41124b62685558783b5ccc0be91b0f1580b515c1fb332282d66a,sync,False,2026-08-31T01:12:33+00:00
cyclone_idai_2019,2019-03-25__api-strong__schema_guided,machine,api-strong,api-strong/schema_guided,2019-03-25,displacement,Displacement and accommodation sites,partial,0.5,0.95,ok,,139,b86603ce,qwen/qwen3.8-flash,4bc916d9db082a0d79f7f13ec063fe4b40530f791dc60af6c190926cafc3b4fd,sync,False,2026-08-31T01:12:33+00:00
cyclone_idai_2019,2019-03-25__api-strong__schema_guided,machine,api-strong,api-strong/schema_guided,2019-03-25,health,"Health, disease outbreak and nutrition",partial,0.5,1.0,ok,,158,e3114e66,qwen/qwen3.8-flash,dad7b4f64112710547b853ee9b261cfa7e51a97a5a5061e70101649c9b19203c,sync,False,2026-08-31T01:12:33+00:00
cyclone_idai_2019,2019-03-25__api-strong__schema_guided,machine,api-strong,api-strong/schema_guided,2019-03-25,damage,"Physical, economic and agricultural damage",present,1.0,1.0,ok,,147,d386fe12,qwen/qwen3.8-flash,d40a5f86b0aa7f157a861ecb34004ccd897eb094c34fa42d67ed96d3a7f9c718,sync,False,2026-08-31T01:12:33+00:00
cyclone_idai_2019,2019-03-25__api-strong__schema_guided,machine,api-strong,api-strong/schema_guided,2019-03-25,funding,Funding status and donor contributions,present,1.0,1.0,ok,,170,0364df1f,qwen/qwen3.8-flash,ba95b5fcec1da12e46dec51844a91c2f3a19fcd78f6c8ecac66518f9ebff9a15,sync,False,2026-08-31T01:12:33+00:00
cyclone_idai_2019,2019-03-25__api-strong__schema_guided,machine,api-strong,api-strong/schema_guided,2019-03-25,education,Education impact and response,partial,0.5,0.95,ok,,119,615751d5,qwen/qwen3.8-flash,946bd8d8ea56bbce1cfdb7f792810d132871648fc27c7b4e1aa1163d9daa0bbc,sync,False,2026-08-31T01:12:33+00:00
cyclone_idai_2019,2019-03-25__api-strong__schema_guided,machine,api-strong,api-strong/schema_guided,2019-03-25,wash,WASH needs and response,present,1.0,1.0,ok,,205,8a6fd2ef,qwen/qwen3.8-flash,afffeabb00fd37931db1776bcf36151190427e1696f370ba21af2c8637c11a88,sync,False,2026-08-31T01:12:33+00:00
cyclone_idai_2019,2019-03-25__api-strong__schema_guided,machine,api-strong,api-strong/schema_guided,2019-03-25,food,Food security and assistance reach,present,1.0,1.0,ok,,183,7187cfdf,qwen/qwen3.8-flash,3b958e11fe487ba7cf5cd25dd965e7f1701ba7132f789aa0195ea5d7028eaa37,sync,False,2026-08-31T01:12:33+00:00
cyclone_idai_2019,2019-03-25__api-strong__schema_guided,machine,api-strong,api-strong/schema_guided,2019-03-25,access,Access constraints,present,1.0,1.0,ok,,178,3a294b4f,qwen/qwen3.8-flash,989dff9e4341ae79fde177889e6f79ce8c2318266279148f629b546f2c353225,sync,False,2026-08-31T01:12:33+00:00
cyclone_idai_2019,2019-03-25__api-strong__schema_guided,machine,api-strong,api-strong/schema_guided,2019-03-25,coordination,Coordination arrangements,present,1.0,0.95,ok,,209,4a241084,qwen/qwen3.8-flash,fde0c12ea229405c7042e700b66c661ea94400c0d3fbe50d06ae39264e222384,sync,False,2026-08-31T01:12:33+00:00
cyclone_idai_2019,2019-03-25__api-strong__schema_guided,machine,api-strong,api-strong/schema_guided,2019-03-25,needs_gaps,Sector needs and gaps,present,1.0,0.95,ok,,205,38f21ef4,qwen/qwen3.8-flash,0147a076644f3084b606277f01619dd58d0ce5db5ce5e66afd04c91198de8049,sync,False,2026-08-31T01:12:33+00:00
cyclone_idai_2019,2019-03-25__api-strong__schema_guided,machine,api-strong,api-strong/schema_guided,2019-03-25,response_actions,Sector response activities,present,1.0,1.0,ok,,144,06cc5212,qwen/qwen3.8-flash,931721ed856cf21f8209afe5d15f738a96e23a8c48169f9adba4e9fc019177ae,sync,False,2026-08-31T01:12:33+00:00
cyclone_idai_2019,2019-03-25__api-strong__schema_guided,machine,api-strong,api-strong/schema_guided,2019-03-25,shelter,Shelter and non-food items,present,1.0,1.0,ok,,209,90e784d8,qwen/qwen3.8-flash,6b10eeb8499e2436917faa09659ff9239fee8bd905e475dc2ef806aae56bc1fe,sync,False,2026-08-31T01:12:33+00:00
cyclone_idai_2019,2019-03-26__api-fast__generic,machine,api-fast,api-fast/generic,2019-03-26,currency_and_metadata,Data currency and report metadata,partial,0.5,0.95,ok,,164,c94274c1,qwen/qwen3.8-flash,ee85de17f240fbcb3fbc562ed2cf02a9674e6d8db71bd81b0a34b2ec7fcdf073,sync,False,2026-08-31T01:12:33+00:00
cyclone_idai_2019,2019-03-26__api-fast__generic,machine,api-fast,api-fast/generic,2019-03-26,sourcing,Sourcing and attribution,present,1.0,1.0,ok,,190,7fa1aea3,qwen/qwen3.8-flash,2cd87e7cc795d4f15913bc9fd1371a90e81c63f803fa54768682fd4c66010e9c,sync,False,2026-08-31T01:12:33+00:00
cyclone_idai_2019,2019-03-26__api-fast__generic,machine,api-fast,api-fast/generic,2019-03-26,casualties,Casualty and affected-population figures,present,1.0,1.0,ok,,205,9f7dadbb,qwen/qwen3.8-flash,bb890b137120f089bed667fa18a2e1756baf1848f0c5417e257a9817e5f1b988,sync,False,2026-08-31T01:12:33+00:00
cyclone_idai_2019,2019-03-26__api-fast__generic,machine,api-fast,api-fast/generic,2019-03-26,displacement,Displacement and accommodation sites,partial,0.5,0.95,ok,,97,475cfd1a,qwen/qwen3.8-flash,e32d586a6595fcbe0de1e513d3dd4d4e1545fb07141907a2ac6e7c1e226fac67,sync,False,2026-08-31T01:12:33+00:00
cyclone_idai_2019,2019-03-26__api-fast__generic,machine,api-fast,api-fast/generic,2019-03-26,health,"Health, disease outbreak and nutrition",partial,0.5,0.95,ok,,158,bf7421a9,qwen/qwen3.8-flash,16302b190a45296bd096ae8228d037c1fdfec7c68b14cb639e5944cf9383a3ba,sync,False,2026-08-31T01:12:33+00:00
cyclone_idai_2019,2019-03-26__api-fast__generic,machine,api-fast,api-fast/generic,2019-03-26,damage,"Physical, economic and agricultural damage",present,1.0,0.95,ok,,116,9745a9dc,qwen/qwen3.8-flash,4e9599b65a2dac81fde4d95cdad79225e2eefa3e519aa301f2eb9873d8d9d144,sync,False,2026-08-31T01:12:33+00:00
cyclone_idai_2019,2019-03-26__api-fast__generic,machine,api-fast,api-fast/generic,2019-03-26,funding,Funding status and donor contributions,,,,invalid,unparsable JSON (empty output),0,,qwen/qwen3.8-flash,a45f103ff84cfe72f205919167ae17af8fa5d1bb6ec598274c9b2828d1bf513c,sync,False,2026-08-31T01:12:33+00:00
cyclone_idai_2019,2019-03-26__api-fast__generic,machine,api-fast,api-fast/generic,2019-03-26,education,Education impact and response,partial,0.5,0.95,ok,,108,2fbe409d,qwen/qwen3.8-flash,802e5af5d292176c7fc262c62cd15574e7c2880b4ceffd77ebae1137f9980bce,sync,False,2026-08-31T01:12:33+00:00
cyclone_idai_2019,2019-03-26__api-fast__generic,machine,api-fast,api-fast/generic,2019-03-26,wash,WASH needs and response,partial,0.5,0.95,ok,,141,29eec586,qwen/qwen3.8-flash,6c5d52481ccaf46cc72735b49fe8a9ecc0a5b1bef1d02dfe23acb1c54ca2e318,sync,False,2026-08-31T01:12:33+00:00
cyclone_idai_2019,2019-03-26__api-fast__generic,machine,api-fast,api-fast/generic,2019-03-26,food,Food security and assistance reach,partial,0.5,0.95,ok,,109,8751a7ef,qwen/qwen3.8-flash,b56fdb81debec81a9b330079c397077757f6b49e52e146e21ea020a9bc012813,sync,False,2026-08-31T01:12:33+00:00
cyclone_idai_2019,2019-03-26__api-fast__generic,machine,api-fast,api-fast/generic,2019-03-26,access,Access constraints,partial,0.5,0.75,ok,,145,40da0de1,qwen/qwen3.8-flash,99d1a45fe257ef9f4513d85c021919bffda8f12e529931ec3ea46d7e6ec5a0b7,sync,False,2026-08-31T01:12:33+00:00
cyclone_idai_2019,2019-03-26__api-fast__generic,machine,api-fast,api-fast/generic,2019-03-26,coordination,Coordination arrangements,partial,0.5,0.9,ok,,75,03d29e2e,qwen/qwen3.8-flash,d4ad315650b14b55d6491278f41506334d9710c3509b3a8e848591718e72b473,sync,False,2026-08-31T01:12:33+00:00
cyclone_idai_2019,2019-03-26__api-fast__generic,machine,api-fast,api-fast/generic,2019-03-26,needs_gaps,Sector needs and gaps,present,1.0,0.95,ok,,147,3a721437,qwen/qwen3.8-flash,c991338cd1f386fb94657c5370fb437f45f28bd6d94b102ff16edd66b8ae6dcf,sync,False,2026-08-31T01:12:33+00:00
cyclone_idai_2019,2019-03-26__api-fast__generic,machine,api-fast,api-fast/generic,2019-03-26,response_actions,Sector response activities,present,1.0,1.0,ok,,233,28823332,qwen/qwen3.8-flash,7e82a99dd672ecefda53381e6f9561cc0daddeb882dde049a5f5acddb02574a1,sync,False,2026-08-31T01:12:33+00:00
cyclone_idai_2019,2019-03-26__api-fast__generic,machine,api-fast,api-fast/generic,2019-03-26,shelter,Shelter and non-food items,present,1.0,1.0,ok,,125,d6cfe570,qwen/qwen3.8-flash,5ba1853f2783df5a10bd2be55cf5a6be6b96245ad8084df1c8718a95daff0224,sync,False,2026-08-31T01:12:33+00:00
cyclone_idai_2019,2019-03-26__api-strong__generic,machine,api-strong,api-strong/generic,2019-03-26,currency_and_metadata,Data currency and report metadata,partial,0.5,0.95,ok,,114,0c75af4d,qwen/qwen3.8-flash,0291219fe7bfad69004ff028ec00eee2edd8f7a341dbb2e3f4b492b9953a0a29,sync,False,2026-08-31T01:12:33+00:00
cyclone_idai_2019,2019-03-26__api-strong__generic,machine,api-strong,api-strong/generic,2019-03-26,sourcing,Sourcing and attribution,,,,invalid,unparsable JSON (empty output),0,,qwen/qwen3.8-flash,506f143b363ddf51fea07e1c1cd5220896a11c96957bb6a4123b45bf3527cbc4,sync,False,2026-08-31T01:12:33+00:00
cyclone_idai_2019,2019-03-26__api-strong__generic,machine,api-strong,api-strong/generic,2019-03-26,casualties,Casualty and affected-population figures,present,1.0,0.95,ok,,156,1e057fc3,qwen/qwen3.8-flash,7d7b9c6a312471b6caf1046969d74c32fab737b1802936cbcda0bad291d661c6,sync,False,2026-08-31T01:12:33+00:00
cyclone_idai_2019,2019-03-26__api-strong__generic,machine,api-strong,api-strong/generic,2019-03-26,displacement,Displacement and accommodation sites,partial,0.5,0.95,ok,,137,b175e4da,qwen/qwen3.8-flash,11bd76dfd7fc5308f563bc9eaf37a5f56dcc88426f6a087de7d712ac94030ad4,sync,False,2026-08-31T01:12:33+00:00
cyclone_idai_2019,2019-03-26__api-strong__generic,machine,api-strong,api-strong/generic,2019-03-26,health,"Health, disease outbreak and nutrition",partial,0.5,0.95,ok,,173,ff0fff98,qwen/qwen3.8-flash,2e6f27ed4c7cb78eb1935766a3a858f72700e39a33f022791c182ccaaaee7fe6,sync,False,2026-08-31T01:12:33+00:00
cyclone_idai_2019,2019-03-26__api-strong__generic,machine,api-strong,api-strong/generic,2019-03-26,damage,"Physical, economic and agricultural damage",present,1.0,0.95,ok,,153,957b605c,qwen/qwen3.8-flash,1312184e7e0753ad2226ba0552d1c9462527a66e01f44f6675c7398abf79579a,sync,False,2026-08-31T01:12:33+00:00
cyclone_idai_2019,2019-03-26__api-strong__generic,machine,api-strong,api-strong/generic,2019-03-26,funding,Funding status and donor contributions,,,,invalid,unparsable JSON (empty output),0,,qwen/qwen3.8-flash,364007f2b20a7313f6624a40b20b600602c18065a553a77749487e70e74d2568,sync,False,2026-08-31T01:12:33+00:00
cyclone_idai_2019,2019-03-26__api-strong__generic,machine,api-strong,api-strong/generic,2019-03-26,education,Education impact and response,partial,0.5,0.9,ok,,105,4a53ec64,qwen/qwen3.8-flash,c853af5e4ec8b999dc73bd4fea0ff3df7d4e2ed4e158c7bfa1dc21185a7e7ede,sync,False,2026-08-31T01:12:33+00:00
cyclone_idai_2019,2019-03-26__api-strong__generic,machine,api-strong,api-strong/generic,2019-03-26,wash,WASH needs and response,present,1.0,0.95,ok,,160,df546ea4,qwen/qwen3.8-flash,d8533030a1eb983c90bd3517ab3f61c5a98fe92242b02ac5eab521e353ccc2b0,sync,False,2026-08-31T01:12:33+00:00
cyclone_idai_2019,2019-03-26__api-strong__generic,machine,api-strong,api-strong/generic,2019-03-26,food,Food security and assistance reach,present,1.0,1.0,ok,,199,8eaa5e14,qwen/qwen3.8-flash,ce579ff953bd44daf466b3fe995a77623543c272827682c2c470cded7dbe321c,sync,False,2026-08-31T01:12:33+00:00
cyclone_idai_2019,2019-03-26__api-strong__generic,machine,api-strong,api-strong/generic,2019-03-26,access,Access constraints,present,1.0,1.0,ok,,177,e93fa341,qwen/qwen3.8-flash,ec37943ce72b5df5badd539fd86c55381bf84e6d57ae47c7580b19cf39e527bf,sync,False,2026-08-31T01:12:33+00:00
cyclone_idai_2019,2019-03-26__api-strong__generic,machine,api-strong,api-strong/generic,2019-03-26,coordination,Coordination arrangements,present,1.0,1.0,ok,,116,a972dbea,qwen/qwen3.8-flash,efacc6483f421d34377999838f183a1b3ebd33438ec0914b2251deffdce29efa,sync,False,2026-08-31T01:12:33+00:00
cyclone_idai_2019,2019-03-26__api-strong__generic,machine,api-strong,api-strong/generic,2019-03-26,needs_gaps,Sector needs and gaps,present,1.0,0.95,ok,,120,de107b14,qwen/qwen3.8-flash,f1999a2d51958dce0d6ef9ba5281a2e85726b407f32ea023ec1d91c9e832c038,sync,False,2026-08-31T01:12:33+00:00
cyclone_idai_2019,2019-03-26__api-strong__generic,machine,api-strong,api-strong/generic,2019-03-26,response_actions,Sector response activities,present,1.0,1.0,ok,,166,28bebc0e,qwen/qwen3.8-flash,eb9df52156048f092725ced05810a4afc03051b57df2c5bc6799ef58709549f6,sync,False,2026-08-31T01:12:33+00:00
cyclone_idai_2019,2019-03-26__api-strong__generic,machine,api-strong,api-strong/generic,2019-03-26,shelter,Shelter and non-food items,present,1.0,1.0,ok,,157,ea5cd6d4,qwen/qwen3.8-flash,0dd5079212c790de3bbc4af86629b32eb4650bf1a33cba363272d9dcb883e9f7,sync,False,2026-08-31T01:12:33+00:00
cyclone_idai_2019,2019-03-26__api-strong__schema_guided,machine,api-strong,api-strong/schema_guided,2019-03-26,currency_and_metadata,Data currency and report metadata,partial,0.5,0.95,ok,,132,b2607b58,qwen/qwen3.8-flash,70950b3ef32d2dd24424cd06b5977ee1e45d2eb2851cc8c92a0b306797286cd6,sync,False,2026-08-31T01:12:33+00:00
cyclone_idai_2019,2019-03-26__api-strong__schema_guided,machine,api-strong,api-strong/schema_guided,2019-03-26,sourcing,Sourcing and attribution,present,1.0,1.0,ok,,202,52a597a2,qwen/qwen3.8-flash,a835270f8a51fdb8ec8179e899abf6b7e303eccf050f8097e4a3f9eefa18b8b3,sync,False,2026-08-31T01:12:33+00:00
cyclone_idai_2019,2019-03-26__api-strong__schema_guided,machine,api-strong,api-strong/schema_guided,2019-03-26,casualties,Casualty and affected-population figures,present,1.0,1.0,ok,,135,02ad00a3,qwen/qwen3.8-flash,2008c0bf5411f5d44236ba4356ed3d0fd00d54dadea7577ecb044317aa2ebf36,sync,False,2026-08-31T01:12:33+00:00
cyclone_idai_2019,2019-03-26__api-strong__schema_guided,machine,api-strong,api-strong/schema_guided,2019-03-26,displacement,Displacement and accommodation sites,present,1.0,0.95,ok,,193,2df1168d,qwen/qwen3.8-flash,911522f4193225e79268f942366c08ae1bc780c4f0e2dcc6b10b9b228d60a35c,sync,False,2026-08-31T01:12:33+00:00
cyclone_idai_2019,2019-03-26__api-strong__schema_guided,machine,api-strong,api-strong/schema_guided,2019-03-26,health,"Health, disease outbreak and nutrition",partial,0.5,1.0,ok,,137,911fdaba,qwen/qwen3.8-flash,25df595799b4d222544b76a7d3453d4f3ad873844f4d608b03fc1785722ed20f,sync,False,2026-08-31T01:12:33+00:00
cyclone_idai_2019,2019-03-26__api-strong__schema_guided,machine,api-strong,api-strong/schema_guided,2019-03-26,damage,"Physical, economic and agricultural damage",present,1.0,1.0,ok,,164,93a3aae5,qwen/qwen3.8-flash,f2f7302d2b3df6ecd091f01a8810059f3c265730138dfd27c8d6b6788a51ef5f,sync,False,2026-08-31T01:12:33+00:00
cyclone_idai_2019,2019-03-26__api-strong__schema_guided,machine,api-strong,api-strong/schema_guided,2019-03-26,funding,Funding status and donor contributions,,,,invalid,unparsable JSON (empty output),0,,qwen/qwen3.8-flash,92854384cfbec6a7c7e4f636b75484b19a2696a2b94d5cd06dcd08b31c4f4b9d,sync,False,2026-08-31T01:12:33+00:00
cyclone_idai_2019,2019-03-26__api-strong__schema_guided,machine,api-strong,api-strong/schema_guided,2019-03-26,education,Education impact and response,partial,0.5,0.95,ok,,171,5f803c51,qwen/qwen3.8-flash,8effcc07eb2266793d37ee38b8a3e8634a4a434bd76f43bdcfeaeea716acec0e,sync,False,2026-08-31T01:12:33+00:00
cyclone_idai_2019,2019-03-26__api-strong__schema_guided,machine,api-strong,api-strong/schema_guided,2019-03-26,wash,WASH needs and response,present,1.0,1.0,ok,,186,257b0b44,qwen/qwen3.8-flash,dfc0fabb12e699636f4c975c3a9fb6caacb852f1734321bd78061c76023c319f,sync,False,2026-08-31T01:12:33+00:00
cyclone_idai_2019,2019-03-26__api-strong__schema_guided,machine,api-strong,api-strong/schema_guided,2019-03-26,food,Food security and assistance reach,present,1.0,0.95,ok,,198,3f109a35,qwen/qwen3.8-flash,a22f8d8227bd3e130aaedfa82459071d8816fe2f29d361a94d382a6ad12da064,sync,False,2026-08-31T01:12:33+00:00
cyclone_idai_2019,2019-03-26__api-strong__schema_guided,machine,api-strong,api-strong/schema_guided,2019-03-26,access,Access constraints,present,1.0,1.0,ok,,198,205c69ef,qwen/qwen3.8-flash,14120db5b243ec6599944f3822ca8133dd88b7578b550bc721cd7dc4f2a1492f,sync,False,2026-08-31T01:12:33+00:00
cyclone_idai_2019,2019-03-26__api-strong__schema_guided,machine,api-strong,api-strong/schema_guided,2019-03-26,coordination,Coordination arrangements,present,1.0,0.95,ok,,158,d6fdebd8,qwen/qwen3.8-flash,d1d7cf4caf1aa5985e62c23fe0a5a72269e40ecf32a8c256e296b7da01ea7a1b,sync,False,2026-08-31T01:12:33+00:00
cyclone_idai_2019,2019-03-26__api-strong__schema_guided,machine,api-strong,api-strong/schema_guided,2019-03-26,needs_gaps,Sector needs and gaps,present,1.0,1.0,ok,,143,a54bfe4c,qwen/qwen3.8-flash,5836f69a560b6398c67e732fa226f1f292ba61d84f50abd8f852b440399a6612,sync,False,2026-08-31T01:12:33+00:00
cyclone_idai_2019,2019-03-26__api-strong__schema_guided,machine,api-strong,api-strong/schema_guided,2019-03-26,response_actions,Sector response activities,present,1.0,0.95,ok,,140,59ea2696,qwen/qwen3.8-flash,74b16d0c97b89caea2e16a7a95fcb01dfad05839d5bc10a4df84f242b8533f2a,sync,False,2026-08-31T01:12:33+00:00
cyclone_idai_2019,2019-03-26__api-strong__schema_guided,machine,api-strong,api-strong/schema_guided,2019-03-26,shelter,Shelter and non-food items,present,1.0,0.95,ok,,199,09a7b03b,qwen/qwen3.8-flash,2437edb80aa5825b3e425be5988c8284eee4b1be5da1e8f0cafe3846e941892e,sync,False,2026-08-31T01:12:33+00:00
cyclone_idai_2019,2019-03-27__api-fast__generic,machine,api-fast,api-fast/generic,2019-03-27,currency_and_metadata,Data currency and report metadata,partial,0.5,0.95,ok,,88,7796318a,qwen/qwen3.8-flash,3585034c02d3635afc828dac89120b15f3b025a0b55db7db44b733b429b28fbe,sync,False,2026-08-31T01:12:33+00:00
cyclone_idai_2019,2019-03-27__api-fast__generic,machine,api-fast,api-fast/generic,2019-03-27,sourcing,Sourcing and attribution,present,1.0,0.95,ok,,86,516ee000,qwen/qwen3.8-flash,68f779d16ed25e86ccb1640adce96f9101a0a1f177593f34a9a5de8209e88ec0,sync,False,2026-08-31T01:12:33+00:00
cyclone_idai_2019,2019-03-27__api-fast__generic,machine,api-fast,api-fast/generic,2019-03-27,casualties,Casualty and affected-population figures,present,1.0,0.95,ok,,115,b04f588f,qwen/qwen3.8-flash,704462b860e382ff92148230255368f03706748feb9e5deed66c4098c5e603dd,sync,False,2026-08-31T01:12:33+00:00
cyclone_idai_2019,2019-03-27__api-fast__generic,machine,api-fast,api-fast/generic,2019-03-27,displacement,Displacement and accommodation sites,partial,0.5,1.0,ok,,110,f54b0635,qwen/qwen3.8-flash,b694806e4b6cf0ef941060712f6152259179d1298748527af01aeff2dd20b000,sync,False,2026-08-31T01:12:33+00:00
cyclone_idai_2019,2019-03-27__api-fast__generic,machine,api-fast,api-fast/generic,2019-03-27,health,"Health, disease outbreak and nutrition",partial,0.5,0.9,ok,,200,1ce0e0da,qwen/qwen3.8-flash,6cf75f0148b528ab221d58f010ad9cddf565325d850eb882e07998223d6c5b9f,sync,False,2026-08-31T01:12:33+00:00
cyclone_idai_2019,2019-03-27__api-fast__generic,machine,api-fast,api-fast/generic,2019-03-27,damage,"Physical, economic and agricultural damage",present,1.0,1.0,ok,,168,f04b9f36,qwen/qwen3.8-flash,2a7b12b733d3a6f81c502528ba30e5decf8197146e9dac8f267c957b0d2948cf,sync,False,2026-08-31T01:12:33+00:00
cyclone_idai_2019,2019-03-27__api-fast__generic,machine,api-fast,api-fast/generic,2019-03-27,funding,Funding status and donor contributions,present,1.0,0.95,ok,,94,dfbbaf7d,qwen/qwen3.8-flash,6afce55b843ca94b783a4e245e054c7bf09689e78726bc1af97c41171884d84d,sync,False,2026-08-31T01:12:33+00:00
cyclone_idai_2019,2019-03-27__api-fast__generic,machine,api-fast,api-fast/generic,2019-03-27,education,Education impact and response,present,1.0,0.95,ok,,97,dfe5a914,qwen/qwen3.8-flash,7669b5c78074350dd2d43abfab9162cbccf77c630714f18906f1e6e73616c0eb,sync,False,2026-08-31T01:12:33+00:00
cyclone_idai_2019,2019-03-27__api-fast__generic,machine,api-fast,api-fast/generic,2019-03-27,wash,WASH needs and response,present,1.0,0.95,ok,,146,1214e53a,qwen/qwen3.8-flash,868e396de9134db887efbf44108031af6d220f1ae6bce8e2f193521e7124a4c9,sync,False,2026-08-31T01:12:33+00:00
cyclone_idai_2019,2019-03-27__api-fast__generic,machine,api-fast,api-fast/generic,2019-03-27,food,Food security and assistance reach,present,1.0,0.85,ok,,187,4b70ef27,qwen/qwen3.8-flash,fef1639ce3e7a0f608cd1c7b6b1f1754f19bdbf5d7861a4e98cdc86c907d84a7,sync,False,2026-08-31T01:12:33+00:00
cyclone_idai_2019,2019-03-27__api-fast__generic,machine,api-fast,api-fast/generic,2019-03-27,access,Access constraints,present,1.0,1.0,ok,,154,0dee9d3a,qwen/qwen3.8-flash,7192635591cb761d344cca3252b4a247a06d39094a52b65f2f095ffafe907c2c,sync,False,2026-08-31T01:12:33+00:00
cyclone_idai_2019,2019-03-27__api-fast__generic,machine,api-fast,api-fast/generic,2019-03-27,coordination,Coordination arrangements,present,1.0,0.95,ok,,165,85bfdda6,qwen/qwen3.8-flash,ec6b71d265035f6a392ffe843ff361a812a03f909f4e8692a70b157a6214872d,sync,False,2026-08-31T01:12:33+00:00
cyclone_idai_2019,2019-03-27__api-fast__generic,machine,api-fast,api-fast/generic,2019-03-27,needs_gaps,Sector needs and gaps,partial,0.5,0.9,ok,,131,9f668635,qwen/qwen3.8-flash,8301c1172d0bf7371eca490056a694de52679c193f69810b21a63d05a0d84593,sync,False,2026-08-31T01:12:33+00:00
cyclone_idai_2019,2019-03-27__api-fast__generic,machine,api-fast,api-fast/generic,2019-03-27,response_actions,Sector response activities,present,1.0,1.0,ok,,111,89427a96,qwen/qwen3.8-flash,4fe26ee40075ab96621baa7315ef97b3431a5069167bb1104a86e51a8f4692bc,sync,False,2026-08-31T01:12:33+00:00
cyclone_idai_2019,2019-03-27__api-fast__generic,machine,api-fast,api-fast/generic,2019-03-27,shelter,Shelter and non-food items,partial,0.5,1.0,ok,,132,5eb720dc,qwen/qwen3.8-flash,4f208156e50d4132ca8c0eca333f7fe5070270af83075af5185eed5a2204e121,sync,False,2026-08-31T01:12:33+00:00
cyclone_idai_2019,2019-03-27__api-fast__schema_guided,machine,api-fast,api-fast/schema_guided,2019-03-27,currency_and_metadata,Data currency and report metadata,partial,0.5,1.0,ok,,140,7d7696a9,qwen/qwen3.8-flash,396e931482ec401174540eed293af37bee06fc17c735ed8a9291088ac57fde73,sync,False,2026-08-31T01:12:33+00:00
cyclone_idai_2019,2019-03-27__api-fast__schema_guided,machine,api-fast,api-fast/schema_guided,2019-03-27,sourcing,Sourcing and attribution,present,1.0,1.0,ok,,193,91ab2937,qwen/qwen3.8-flash,23546ca3cafc8cfc459b234b1235b3372c1f4fbcfe3deed30ebd0a383e2d292e,sync,False,2026-08-31T01:12:33+00:00
cyclone_idai_2019,2019-03-27__api-fast__schema_guided,machine,api-fast,api-fast/schema_guided,2019-03-27,casualties,Casualty and affected-population figures,present,1.0,0.95,ok,,145,35d48500,qwen/qwen3.8-flash,aeda37b42404eacdc5732e1bbd48e67f821b5cc9d2d225869f791d7c52e3c108,sync,False,2026-08-31T01:12:33+00:00
cyclone_idai_2019,2019-03-27__api-fast__schema_guided,machine,api-fast,api-fast/schema_guided,2019-03-27,displacement,Displacement and accommodation sites,partial,0.5,0.95,ok,,135,1ee47e0b,qwen/qwen3.8-flash,4135257d5fa64860a380e4c734c270aaebb702e475d69e721791b9b248fc4d2a,sync,False,2026-08-31T01:12:33+00:00
cyclone_idai_2019,2019-03-27__api-fast__schema_guided,machine,api-fast,api-fast/schema_guided,2019-03-27,health,"Health, disease outbreak and nutrition",present,1.0,0.95,ok,,146,70fbf879,qwen/qwen3.8-flash,0f04beb1144f78d63cf707a4119c766f872bccc6bbc84113ee998ad50c89509a,sync,False,2026-08-31T01:12:33+00:00
cyclone_idai_2019,2019-03-27__api-fast__schema_guided,machine,api-fast,api-fast/schema_guided,2019-03-27,damage,"Physical, economic and agricultural damage",present,1.0,0.95,ok,,196,d5dbb720,qwen/qwen3.8-flash,6cc0a3e58d60e06608bf7cefb44028ca3b44e1f5f262a4d294390fb34c54782a,sync,False,2026-08-31T01:12:33+00:00
cyclone_idai_2019,2019-03-27__api-fast__schema_guided,machine,api-fast,api-fast/schema_guided,2019-03-27,funding,Funding status and donor contributions,present,1.0,0.95,ok,,204,bb639218,qwen/qwen3.8-flash,aa1245f16f46139cc6255d73882d76f63cbbe5229a4cd47d35196b19f2e44494,sync,False,2026-08-31T01:12:33+00:00
cyclone_idai_2019,2019-03-27__api-fast__schema_guided,machine,api-fast,api-fast/schema_guided,2019-03-27,education,Education impact and response,partial,0.5,0.95,ok,,151,f71a8753,qwen/qwen3.8-flash,1b1dfc0309c634040f41ea2f199cdc6ea66829d0aae225546204b34738f34d22,sync,False,2026-08-31T01:12:33+00:00
cyclone_idai_2019,2019-03-27__api-fast__schema_guided,machine,api-fast,api-fast/schema_guided,2019-03-27,wash,WASH needs and response,present,1.0,1.0,ok,,217,ca757bcc,qwen/qwen3.8-flash,a3e8f449545739d1e9c04d5b63df41e6fabd960cacbfefd135e954116acd1559,sync,False,2026-08-31T01:12:33+00:00
cyclone_idai_2019,2019-03-27__api-fast__schema_guided,machine,api-fast,api-fast/schema_guided,2019-03-27,food,Food security and assistance reach,present,1.0,1.0,ok,,177,b95bf945,qwen/qwen3.8-flash,2721678ca2bbc2052660cb2b8b23510ed2e2ab1925adc721fa3cb795126efbdc,sync,False,2026-08-31T01:12:33+00:00
cyclone_idai_2019,2019-03-27__api-fast__schema_guided,machine,api-fast,api-fast/schema_guided,2019-03-27,access,Access constraints,present,1.0,1.0,ok,,140,c4f59daf,qwen/qwen3.8-flash,a1466d0fab842b1f697ae66efee87f55554128cd7b61f1a3193dad65b76f57c3,sync,False,2026-08-31T01:12:33+00:00
cyclone_idai_2019,2019-03-27__api-fast__schema_guided,machine,api-fast,api-fast/schema_guided,2019-03-27,coordination,Coordination arrangements,present,1.0,1.0,ok,,161,c7391344,qwen/qwen3.8-flash,e8f2c15ba48510306d8b49e11201bd4afb6ce46a36472e71c39462cef945c490,sync,False,2026-08-31T01:12:33+00:00
cyclone_idai_2019,2019-03-27__api-fast__schema_guided,machine,api-fast,api-fast/schema_guided,2019-03-27,needs_gaps,Sector needs and gaps,present,1.0,0.95,ok,,168,c3788aec,qwen/qwen3.8-flash,80010faa0705a249100b3887448c742fc0367ce4477a4b323679f95d914f7568,sync,False,2026-08-31T01:12:33+00:00
cyclone_idai_2019,2019-03-27__api-fast__schema_guided,machine,api-fast,api-fast/schema_guided,2019-03-27,response_actions,Sector response activities,present,1.0,1.0,ok,,183,e1d2abf0,qwen/qwen3.8-flash,b13d15c6fae628e10fb69fece300cd7e3e881f120b5704d908667220b6824565,sync,False,2026-08-31T01:12:33+00:00
cyclone_idai_2019,2019-03-27__api-fast__schema_guided,machine,api-fast,api-fast/schema_guided,2019-03-27,shelter,Shelter and non-food items,present,1.0,1.0,ok,,147,3371b757,qwen/qwen3.8-flash,58e00b24a9c19e37f844fd3dd98ed55665cb710ca274f930487e696c77aa7941,sync,False,2026-08-31T01:12:33+00:00
cyclone_idai_2019,2019-03-27__api-strong__generic,machine,api-strong,api-strong/generic,2019-03-27,currency_and_metadata,Data currency and report metadata,partial,0.5,1.0,ok,,100,44b03efb,qwen/qwen3.8-flash,f044f97cff8ece06de866c0d8a6667f368bb50646506b52c63278c2550acce0d,sync,False,2026-08-31T01:12:33+00:00
cyclone_idai_2019,2019-03-27__api-strong__generic,machine,api-strong,api-strong/generic,2019-03-27,sourcing,Sourcing and attribution,present,1.0,1.0,ok,,144,75099a35,qwen/qwen3.8-flash,681a9ca86adcd2a896cb4728b975a77a3fed0b15ba84438fd284ed399c8600c9,sync,False,2026-08-31T01:12:33+00:00
cyclone_idai_2019,2019-03-27__api-strong__generic,machine,api-strong,api-strong/generic,2019-03-27,casualties,Casualty and affected-population figures,present,1.0,1.0,ok,,165,f3fe4b57,qwen/qwen3.8-flash,8f724392a72f070a59dcc97d69486ea058d21c715781975c44eba4cdc10bfcc9,sync,False,2026-08-31T01:12:33+00:00
cyclone_idai_2019,2019-03-27__api-strong__generic,machine,api-strong,api-strong/generic,2019-03-27,displacement,Displacement and accommodation sites,partial,0.5,0.95,ok,,86,a167f8fe,qwen/qwen3.8-flash,f43cd00caba8164c04d21e6b4a364440cbe5901a9fd5c34b9064654ccefd2323,sync,False,2026-08-31T01:12:33+00:00
cyclone_idai_2019,2019-03-27__api-strong__generic,machine,api-strong,api-strong/generic,2019-03-27,health,"Health, disease outbreak and nutrition",present,1.0,0.95,ok,,135,1cc23066,qwen/qwen3.8-flash,ad97b58b3d58ab7cf58ff268b43c55495984a4fd11f6099ee86d2e035c2b765a,sync,False,2026-08-31T01:12:33+00:00
cyclone_idai_2019,2019-03-27__api-strong__generic,machine,api-strong,api-strong/generic,2019-03-27,damage,"Physical, economic and agricultural damage",present,1.0,1.0,ok,,160,d61c72e0,qwen/qwen3.8-flash,c6a9023b1d04cc922fbcdc5078903a71ce75a3f98bfb1c2f2b4524bb505b966f,sync,False,2026-08-31T01:12:33+00:00
cyclone_idai_2019,2019-03-27__api-strong__generic,machine,api-strong,api-strong/generic,2019-03-27,funding,Funding status and donor contributions,present,1.0,1.0,ok,,171,553dbff6,qwen/qwen3.8-flash,34cce90ca84226cdfb7680babb52e413f794fcc4e760a696ce040ad27e36da29,sync,False,2026-08-31T01:12:33+00:00
cyclone_idai_2019,2019-03-27__api-strong__generic,machine,api-strong,api-strong/generic,2019-03-27,education,Education impact and response,partial,0.5,0.95,ok,,200,09a58875,qwen/qwen3.8-flash,7138f2992761a757aeb7c24b52e58168428a21ac3d3162d1d9026a773081b403,sync,False,2026-08-31T01:12:33+00:00
cyclone_idai_2019,2019-03-27__api-strong__generic,machine,api-strong,api-strong/generic,2019-03-27,wash,WASH needs and response,present,1.0,1.0,ok,,163,52e7c981,qwen/qwen3.8-flash,72f3c5bddc2b0281ec0e6d3cb8cfd504e988fe46b01209bc352dd119c36318b3,sync,False,2026-08-31T01:12:33+00:00
cyclone_idai_2019,2019-03-27__api-strong__generic,machine,api-strong,api-strong/generic,2019-03-27,food,Food security and assistance reach,present,1.0,0.95,ok,,78,49c5db1e,qwen/qwen3.8-flash,23c454aa5e53e06025428a07f6e30c425b881a604d1e8af39d72a82fd07abbc8,sync,False,2026-08-31T01:12:33+00:00
cyclone_idai_2019,2019-03-27__api-strong__generic,machine,api-strong,api-strong/generic,2019-03-27,access,Access constraints,present,1.0,0.95,ok,,129,057278d3,qwen/qwen3.8-flash,f9e2e4c26fa78fa44696ef4e4975e949bdd4ec7b15d1f4eddf72a5f90c9a4d23,sync,False,2026-08-31T01:12:33+00:00
cyclone_idai_2019,2019-03-27__api-strong__generic,machine,api-strong,api-strong/generic,2019-03-27,coordination,Coordination arrangements,present,1.0,0.85,ok,,87,fc45f8fb,qwen/qwen3.8-flash,535cbec137a9abb7f497f5685d6f6a7aeeb6e279f84eeb08d0756022a32727a0,sync,False,2026-08-31T01:12:33+00:00
cyclone_idai_2019,2019-03-27__api-strong__generic,machine,api-strong,api-strong/generic,2019-03-27,needs_gaps,Sector needs and gaps,partial,0.5,0.9,ok,,283,1667cb11,qwen/qwen3.8-flash,f600e412e31478f6faef24ca965dcb32dc003fcfbe60d7873d9f5b50196831c9,sync,False,2026-08-31T01:12:33+00:00
cyclone_idai_2019,2019-03-27__api-strong__generic,machine,api-strong,api-strong/generic,2019-03-27,response_actions,Sector response activities,present,1.0,1.0,ok,,194,64636842,qwen/qwen3.8-flash,2f3e89c47857bf6a294159d074b2c1d9677194a0853cd2956e0fdec393627954,sync,False,2026-08-31T01:12:33+00:00
cyclone_idai_2019,2019-03-27__api-strong__generic,machine,api-strong,api-strong/generic,2019-03-27,shelter,Shelter and non-food items,present,1.0,1.0,ok,,85,e118e370,qwen/qwen3.8-flash,aa9c96756924a49d9642dad86bc902815cda8dcf7bdabd4774fd10628f3a3682,sync,False,2026-08-31T01:12:33+00:00
cyclone_idai_2019,2019-03-27__api-strong__schema_guided,machine,api-strong,api-strong/schema_guided,2019-03-27,currency_and_metadata,Data currency and report metadata,partial,0.5,1.0,ok,,169,08c11a28,qwen/qwen3.8-flash,0eee697cb887de641bcb1825065f24f33e934bed4ce2eabb2a70a97298c161e7,sync,False,2026-08-31T01:12:33+00:00
cyclone_idai_2019,2019-03-27__api-strong__schema_guided,machine,api-strong,api-strong/schema_guided,2019-03-27,sourcing,Sourcing and attribution,present,1.0,1.0,ok,,202,8dc8ba91,qwen/qwen3.8-flash,f46d617970775f47a3d2f3f6366be12a7887b41ce31d6d93517b5281ecf2c8f9,sync,False,2026-08-31T01:12:33+00:00
cyclone_idai_2019,2019-03-27__api-strong__schema_guided,machine,api-strong,api-strong/schema_guided,2019-03-27,casualties,Casualty and affected-population figures,present,1.0,1.0,ok,,195,6010172d,qwen/qwen3.8-flash,d9e1d5ea1cdeff9c1cfb3f6144fb1ce2ba0c21dc0a3022a4e01fcf77815c4981,sync,False,2026-08-31T01:12:33+00:00
cyclone_idai_2019,2019-03-27__api-strong__schema_guided,machine,api-strong,api-strong/schema_guided,2019-03-27,displacement,Displacement and accommodation sites,partial,0.5,1.0,ok,,183,44643b56,qwen/qwen3.8-flash,23b9be71eee24658c0e1dda7eb3965989060e303e45d4fb51370c01167536e4a,sync,False,2026-08-31T01:12:33+00:00
cyclone_idai_2019,2019-03-27__api-strong__schema_guided,machine,api-strong,api-strong/schema_guided,2019-03-27,health,"Health, disease outbreak and nutrition",present,1.0,0.95,ok,,153,e892d913,qwen/qwen3.8-flash,6846237f670dc4b513f27f45f7c3b6b644f2e681e578a52236b74b6712d37f46,sync,False,2026-08-31T01:12:33+00:00
cyclone_idai_2019,2019-03-27__api-strong__schema_guided,machine,api-strong,api-strong/schema_guided,2019-03-27,damage,"Physical, economic and agricultural damage",present,1.0,1.0,ok,,231,bd0c1c9e,qwen/qwen3.8-flash,28c62d6c4d2f25d42625a9b4c3362b5899c7636e2717dcd51bdbecdd6478c871,sync,False,2026-08-31T01:12:33+00:00
cyclone_idai_2019,2019-03-27__api-strong__schema_guided,machine,api-strong,api-strong/schema_guided,2019-03-27,funding,Funding status and donor contributions,present,1.0,1.0,ok,,170,8c3d93b2,qwen/qwen3.8-flash,824275430780a1085bc1403496117d0c2f6dffdd412c55409e67be621afcbac2,sync,False,2026-08-31T01:12:33+00:00
cyclone_idai_2019,2019-03-27__api-strong__schema_guided,machine,api-strong,api-strong/schema_guided,2019-03-27,education,Education impact and response,partial,0.5,0.95,ok,,138,ae26c1d2,qwen/qwen3.8-flash,3f9eb9992ad0c6a162d6a371f74d6e1d4fa41b22337d8dba54584bc359a54d24,sync,False,2026-08-31T01:12:33+00:00
cyclone_idai_2019,2019-03-27__api-strong__schema_guided,machine,api-strong,api-strong/schema_guided,2019-03-27,wash,WASH needs and response,present,1.0,1.0,ok,,172,7e335797,qwen/qwen3.8-flash,3e1659b1cc0c78935ac8bc8f501f765303c7323c75de3ac993b789180542ff5a,sync,False,2026-08-31T01:12:33+00:00
cyclone_idai_2019,2019-03-27__api-strong__schema_guided,machine,api-strong,api-strong/schema_guided,2019-03-27,food,Food security and assistance reach,partial,0.5,1.0,ok,,99,7c20a18b,qwen/qwen3.8-flash,dcb45951d966a5f199584d7a6643e24882f9cf3bb6411c823be3d2d5ada71332,sync,False,2026-08-31T01:12:33+00:00
cyclone_idai_2019,2019-03-27__api-strong__schema_guided,machine,api-strong,api-strong/schema_guided,2019-03-27,access,Access constraints,present,1.0,1.0,ok,,204,2ad64698,qwen/qwen3.8-flash,6252413eba359217004498c4b3bf696a5583c1e2ea7e3a38645527db67ef22c6,sync,False,2026-08-31T01:12:33+00:00
cyclone_idai_2019,2019-03-27__api-strong__schema_guided,machine,api-strong,api-strong/schema_guided,2019-03-27,coordination,Coordination arrangements,present,1.0,1.0,ok,,181,829e220b,qwen/qwen3.8-flash,8d8feb32bafd466fbce543cf61b157669d420d21c8ca08f71871aa17800940ad,sync,False,2026-08-31T01:12:33+00:00
cyclone_idai_2019,2019-03-27__api-strong__schema_guided,machine,api-strong,api-strong/schema_guided,2019-03-27,needs_gaps,Sector needs and gaps,present,1.0,1.0,ok,,161,01253512,qwen/qwen3.8-flash,205678ca7d01218d0c4f9875a25195d96f64eaac3bfded5b697ff705da28ce4b,sync,False,2026-08-31T01:12:33+00:00
cyclone_idai_2019,2019-03-27__api-strong__schema_guided,machine,api-strong,api-strong/schema_guided,2019-03-27,response_actions,Sector response activities,present,1.0,1.0,ok,,138,cd1d0fd4,qwen/qwen3.8-flash,e8acce3ebbf2eb2494f03ed6fa31fc04f586bbc55d0ba58ca6d2aec0cf28e608,sync,False,2026-08-31T01:12:33+00:00
cyclone_idai_2019,2019-03-27__api-strong__schema_guided,machine,api-strong,api-strong/schema_guided,2019-03-27,shelter,Shelter and non-food items,present,1.0,0.95,ok,,193,ed1b2ae0,qwen/qwen3.8-flash,43e554439b5a52a94286da16595e1b6e6f16f0fc938f065a1ec43a60b43528be,sync,False,2026-08-31T01:12:33+00:00
cyclone_idai_2019,2019-03-28__api-fast__generic,machine,api-fast,api-fast/generic,2019-03-28,currency_and_metadata,Data currency and report metadata,partial,0.5,1.0,ok,,136,ccf6d538,qwen/qwen3.8-flash,1d093e82df901c38ed564979a4882c33bd3c1d129f31ce8a61ff189a2fe07c83,sync,False,2026-08-31T01:12:33+00:00
cyclone_idai_2019,2019-03-28__api-fast__generic,machine,api-fast,api-fast/generic,2019-03-28,sourcing,Sourcing and attribution,present,1.0,1.0,ok,,92,41d123ea,qwen/qwen3.8-flash,a2a894c3b2fb5e191d009e203cf2ecb70c036c5d3b1ebcd64d3ac80febda255d,sync,False,2026-08-31T01:12:33+00:00
cyclone_idai_2019,2019-03-28__api-fast__generic,machine,api-fast,api-fast/generic,2019-03-28,casualties,Casualty and affected-population figures,present,1.0,0.95,ok,,141,a1a4ee1a,qwen/qwen3.8-flash,2349bf8151cc845d0d906e65c9c94700d471fff8fb6d023ebd3bde6efecdfc32,sync,False,2026-08-31T01:12:33+00:00
cyclone_idai_2019,2019-03-28__api-fast__generic,machine,api-fast,api-fast/generic,2019-03-28,displacement,Displacement and accommodation sites,partial,0.5,1.0,ok,,77,e44a5c2c,qwen/qwen3.8-flash,d3c12f1ec40bfa9fd70585862ac36d16db4bb8757b47af8d4dd67b350c7a098e,sync,False,2026-08-31T01:12:33+00:00
cyclone_idai_2019,2019-03-28__api-fast__generic,machine,api-fast,api-fast/generic,2019-03-28,health,"Health, disease outbreak and nutrition",partial,0.5,0.95,ok,,177,7789b115,qwen/qwen3.8-flash,41db4910cde306038f1784ebaaf72fc4404345d4fffd17f7ae66a54181606f79,sync,False,2026-08-31T01:12:33+00:00
cyclone_idai_2019,2019-03-28__api-fast__generic,machine,api-fast,api-fast/generic,2019-03-28,damage,"Physical, economic and agricultural damage",present,1.0,0.95,ok,,186,408b841c,qwen/qwen3.8-flash,779fa237450690dcc443a57ca67ca5114428ec812e75b13768a0e762afec895d,sync,False,2026-08-31T01:12:33+00:00
cyclone_idai_2019,2019-03-28__api-fast__generic,machine,api-fast,api-fast/generic,2019-03-28,funding,Funding status and donor contributions,present,1.0,0.95,ok,,259,4a853655,qwen/qwen3.8-flash,27d8ceb57ecd0540052e12cc07b5b85697efffb1901133aebf42fa0d0dc128c4,sync,False,2026-08-31T01:12:33+00:00
cyclone_idai_2019,2019-03-28__api-fast__generic,machine,api-fast,api-fast/generic,2019-03-28,education,Education impact and response,partial,0.5,0.9,ok,,153,c53b3051,qwen/qwen3.8-flash,a33dc5fe89729963f9975976e1313328ba4d9ec8d6d0133f03cef1d35a1c0297,sync,False,2026-08-31T01:12:33+00:00
cyclone_idai_2019,2019-03-28__api-fast__generic,machine,api-fast,api-fast/generic,2019-03-28,wash,WASH needs and response,,,,invalid,unparsable JSON (Unterminated string starting at at pos 23),0,,qwen/qwen3.8-flash,1d46132e7f8486c64fd39adaf127a194890943c44b785847bab144b78f1fe798,sync,False,2026-08-31T01:12:33+00:00
cyclone_idai_2019,2019-03-28__api-fast__generic,machine,api-fast,api-fast/generic,2019-03-28,food,Food security and assistance reach,partial,0.5,0.95,ok,,162,c1e849bf,qwen/qwen3.8-flash,8d3e1814481c1f505195cc27e296b00a049731127f4119300322a322e125fdf3,sync,False,2026-08-31T01:12:33+00:00
cyclone_idai_2019,2019-03-28__api-fast__generic,machine,api-fast,api-fast/generic,2019-03-28,access,Access constraints,present,1.0,1.0,ok,,129,b1212fa7,qwen/qwen3.8-flash,a3a4ed64ce7b6240ebdb0ccf37d615f4fb836cdd82d92278ed7a2dcb79af70bb,sync,False,2026-08-31T01:12:33+00:00
cyclone_idai_2019,2019-03-28__api-fast__generic,machine,api-fast,api-fast/generic,2019-03-28,coordination,Coordination arrangements,present,1.0,0.95,ok,,152,666e3a26,qwen/qwen3.8-flash,d0371760d6d87f299f33a3135e7a1bae9fdbc800afa87f8ebd4c3b01bbefc2e4,sync,False,2026-08-31T01:12:33+00:00
cyclone_idai_2019,2019-03-28__api-fast__generic,machine,api-fast,api-fast/generic,2019-03-28,needs_gaps,Sector needs and gaps,,,,invalid,unparsable JSON (empty output),0,,qwen/qwen3.8-flash,6e1933a63d317986a90b3ad48ab6666d140bb1f3de1e1ab1f91f1b36344e6296,sync,False,2026-08-31T01:12:33+00:00
cyclone_idai_2019,2019-03-28__api-fast__generic,machine,api-fast,api-fast/generic,2019-03-28,response_actions,Sector response activities,present,1.0,0.95,ok,,149,48060b63,qwen/qwen3.8-flash,fee64fcee6d28760c4cf618730ee192626af53c953ba4e7e579f24c5b5ba0857,sync,False,2026-08-31T01:12:33+00:00
cyclone_idai_2019,2019-03-28__api-fast__generic,machine,api-fast,api-fast/generic,2019-03-28,shelter,Shelter and non-food items,partial,0.5,0.9,ok,,156,e33b4342,qwen/qwen3.8-flash,70e9a6e5f5644c7f1413cc242de3fe35c500edce8e90a072ffb96c9bfef09e58,sync,False,2026-08-31T01:12:33+00:00
cyclone_idai_2019,2019-03-28__api-fast__schema_guided,machine,api-fast,api-fast/schema_guided,2019-03-28,currency_and_metadata,Data currency and report metadata,partial,0.5,1.0,ok,,194,232eac3f,qwen/qwen3.8-flash,3d0183f8a0b67e4ae03f3d5a0f0523b00b369f5fe28540e3fa277c3acfd42216,sync,False,2026-08-31T01:12:33+00:00
cyclone_idai_2019,2019-03-28__api-fast__schema_guided,machine,api-fast,api-fast/schema_guided,2019-03-28,sourcing,Sourcing and attribution,present,1.0,1.0,ok,,149,cd9defc0,qwen/qwen3.8-flash,03af24a4f2b7d3abf8e72f369a4c0cfd2715c216588dcc4330d73dfc21f1f19f,sync,False,2026-08-31T01:12:33+00:00
cyclone_idai_2019,2019-03-28__api-fast__schema_guided,machine,api-fast,api-fast/schema_guided,2019-03-28,casualties,Casualty and affected-population figures,present,1.0,1.0,ok,,109,b45cd53a,qwen/qwen3.8-flash,ce1fafc17416e58d527e65b09e9e437aaa96520846ed56910636d555b600281f,sync,False,2026-08-31T01:12:33+00:00
cyclone_idai_2019,2019-03-28__api-fast__schema_guided,machine,api-fast,api-fast/schema_guided,2019-03-28,displacement,Displacement and accommodation sites,partial,0.5,0.95,ok,,139,427f64ab,qwen/qwen3.8-flash,68d00f33d1efb80939d49f68362219b000bf4ad52fed2d7b58ca8fe68129da7e,sync,False,2026-08-31T01:12:33+00:00
cyclone_idai_2019,2019-03-28__api-fast__schema_guided,machine,api-fast,api-fast/schema_guided,2019-03-28,health,"Health, disease outbreak and nutrition",,,,invalid,unparsable JSON (empty output),0,,qwen/qwen3.8-flash,c8962b1267520d6e95f8dc902670dffabc581b81fa39d52ec1b5d39102009977,sync,False,2026-08-31T01:12:33+00:00
cyclone_idai_2019,2019-03-28__api-fast__schema_guided,machine,api-fast,api-fast/schema_guided,2019-03-28,damage,"Physical, economic and agricultural damage",present,1.0,1.0,ok,,127,bd2cfd55,qwen/qwen3.8-flash,2c95d0fc164d80995b16297cc8563bebac7269d1149f48f6463e3e41ec120188,sync,False,2026-08-31T01:12:33+00:00
cyclone_idai_2019,2019-03-28__api-fast__schema_guided,machine,api-fast,api-fast/schema_guided,2019-03-28,funding,Funding status and donor contributions,present,1.0,0.95,ok,,206,0cb67cbd,qwen/qwen3.8-flash,431d9fb7a2bc068947c58fe8e403416054aeb26a4539312d43af6229ec02e4f6,sync,False,2026-08-31T01:12:33+00:00
cyclone_idai_2019,2019-03-28__api-fast__schema_guided,machine,api-fast,api-fast/schema_guided,2019-03-28,education,Education impact and response,partial,0.5,1.0,ok,,162,43e677a5,qwen/qwen3.8-flash,266c198cdb637ef298640773fd9bd384a23a6887e7914d7f56116fc10006b5ff,sync,False,2026-08-31T01:12:33+00:00
cyclone_idai_2019,2019-03-28__api-fast__schema_guided,machine,api-fast,api-fast/schema_guided,2019-03-28,wash,WASH needs and response,,,,invalid,unparsable JSON (empty output),0,,qwen/qwen3.8-flash,6fc54e54df6288da145703bd58f318312f5477960afaa1bb0c2f7dc4f2731ecd,sync,False,2026-08-31T01:12:33+00:00
cyclone_idai_2019,2019-03-28__api-fast__schema_guided,machine,api-fast,api-fast/schema_guided,2019-03-28,food,Food security and assistance reach,present,1.0,0.95,ok,,163,460f3fcc,qwen/qwen3.8-flash,a0ff776ccf2cd365102e02387a099b1a3a4b484d35b99b26425688a04b46a90f,sync,False,2026-08-31T01:12:33+00:00
cyclone_idai_2019,2019-03-28__api-fast__schema_guided,machine,api-fast,api-fast/schema_guided,2019-03-28,access,Access constraints,present,1.0,0.95,ok,,186,027ecce7,qwen/qwen3.8-flash,f3a18a202e65254dbd798282ec3b240b17afef9709ee521423aa7a7a06517ac3,sync,False,2026-08-31T01:12:33+00:00
cyclone_idai_2019,2019-03-28__api-fast__schema_guided,machine,api-fast,api-fast/schema_guided,2019-03-28,coordination,Coordination arrangements,present,1.0,1.0,ok,,205,2d575331,qwen/qwen3.8-flash,89944675b258b44ca1c594921d7f767a2d310f5fad37f3a7a330aa1f20838c5f,sync,False,2026-08-31T01:12:33+00:00
cyclone_idai_2019,2019-03-28__api-fast__schema_guided,machine,api-fast,api-fast/schema_guided,2019-03-28,needs_gaps,Sector needs and gaps,present,1.0,0.95,ok,,215,53063e08,qwen/qwen3.8-flash,d13a3fe5194aa0c21c225eb08e4de2622f15385f3979a68372a94dc8dcb08c92,sync,False,2026-08-31T01:12:33+00:00
cyclone_idai_2019,2019-03-28__api-fast__schema_guided,machine,api-fast,api-fast/schema_guided,2019-03-28,response_actions,Sector response activities,present,1.0,1.0,ok,,272,61f68466,qwen/qwen3.8-flash,e5fb22e5b4f4f9573343cff0f68c5a282f3d6e648bc6883a79f49872c392acef,sync,False,2026-08-31T01:12:33+00:00
cyclone_idai_2019,2019-03-28__api-fast__schema_guided,machine,api-fast,api-fast/schema_guided,2019-03-28,shelter,Shelter and non-food items,partial,0.5,0.95,ok,,179,c2502302,qwen/qwen3.8-flash,1769cef7ef0b20a710e89a0cbc09af29f96d306c84d5edde3b225ae524203278,sync,False,2026-08-31T01:12:33+00:00
cyclone_idai_2019,2019-03-28__api-strong__generic,machine,api-strong,api-strong/generic,2019-03-28,currency_and_metadata,Data currency and report metadata,partial,0.5,0.9,ok,,153,bf33dea5,qwen/qwen3.8-flash,122b479ccf46d0cf737528c6349ca6da0ae05573b24b5ca620e7001d6a9249f9,sync,False,2026-08-31T01:12:33+00:00
cyclone_idai_2019,2019-03-28__api-strong__generic,machine,api-strong,api-strong/generic,2019-03-28,sourcing,Sourcing and attribution,present,1.0,0.95,ok,,122,e81e0d5b,qwen/qwen3.8-flash,aae1ce59d75672f437ff5d908d6d459aa17bee4a36e25bf8d46d73ce826cabc2,sync,False,2026-08-31T01:12:33+00:00
cyclone_idai_2019,2019-03-28__api-strong__generic,machine,api-strong,api-strong/generic,2019-03-28,casualties,Casualty and affected-population figures,present,1.0,0.95,ok,,154,d5bb1858,qwen/qwen3.8-flash,5870e9c9efac56f16eae02ebd246ed9cde0adc2ca5377514475f15d4c0b9dfdc,sync,False,2026-08-31T01:12:33+00:00
cyclone_idai_2019,2019-03-28__api-strong__generic,machine,api-strong,api-strong/generic,2019-03-28,displacement,Displacement and accommodation sites,partial,0.5,0.95,ok,,41,a0be2370,qwen/qwen3.8-flash,ad02cb326d7262d744062e9e70a280dc04eeaf262203bab0fe183c23bf12e121,sync,False,2026-08-31T01:12:33+00:00
cyclone_idai_2019,2019-03-28__api-strong__generic,machine,api-strong,api-strong/generic,2019-03-28,health,"Health, disease outbreak and nutrition",partial,0.5,0.9,ok,,179,e35b0601,qwen/qwen3.8-flash,2e20b2f48a04d6b1989b814dd378cba7fab5d496b2f9ffb96ed2d0b67fa5f839,sync,False,2026-08-31T01:12:33+00:00
cyclone_idai_2019,2019-03-28__api-strong__generic,machine,api-strong,api-strong/generic,2019-03-28,damage,"Physical, economic and agricultural damage",present,1.0,0.95,ok,,157,4e19b7dd,qwen/qwen3.8-flash,233e9c8f5f972877e053062a459adf16ae6d13b18f44f77d682e5bce727ad7d0,sync,False,2026-08-31T01:12:33+00:00
cyclone_idai_2019,2019-03-28__api-strong__generic,machine,api-strong,api-strong/generic,2019-03-28,funding,Funding status and donor contributions,present,1.0,0.95,ok,,151,aecf29b4,qwen/qwen3.8-flash,ee0847180f444e871300f85a3df120ca584f43eec3ebf38ff9be347922792583,sync,False,2026-08-31T01:12:33+00:00
cyclone_idai_2019,2019-03-28__api-strong__generic,machine,api-strong,api-strong/generic,2019-03-28,education,Education impact and response,partial,0.5,0.95,ok,,124,8dfdfc62,qwen/qwen3.8-flash,35a84c354e3105b5c7051b9df0b7bdfc28ba0496163c699af15faf6247deec96,sync,False,2026-08-31T01:12:33+00:00
cyclone_idai_2019,2019-03-28__api-strong__generic,machine,api-strong,api-strong/generic,2019-03-28,wash,WASH needs and response,partial,0.5,0.95,ok,,194,242d4b98,qwen/qwen3.8-flash,32411ce8b53703c91986192076120901c0bc86e23e7d2b2fc0501b6180142253,sync,False,2026-08-31T01:12:33+00:00
cyclone_idai_2019,2019-03-28__api-strong__generic,machine,api-strong,api-strong/generic,2019-03-28,food,Food security and assistance reach,present,1.0,0.95,ok,,202,1e97a03b,qwen/qwen3.8-flash,814ae245849319567e513239fd5c58e59b18edd4dec2686d3b97eb8a563db5b3,sync,False,2026-08-31T01:12:33+00:00
cyclone_idai_2019,2019-03-28__api-strong__generic,machine,api-strong,api-strong/generic,2019-03-28,access,Access constraints,present,1.0,0.95,ok,,165,8bea9153,qwen/qwen3.8-flash,10f4e64597b755e19af7b269333879524c5f4b72489729933655f6160e1ed550,sync,False,2026-08-31T01:12:33+00:00
cyclone_idai_2019,2019-03-28__api-strong__generic,machine,api-strong,api-strong/generic,2019-03-28,coordination,Coordination arrangements,partial,0.5,0.95,ok,,192,a9efef37,qwen/qwen3.8-flash,d7bba9c38ecd37e9d8c68a6e291dba3b215c94f22584473d1b97a2cf39418aa7,sync,False,2026-08-31T01:12:33+00:00
cyclone_idai_2019,2019-03-28__api-strong__generic,machine,api-strong,api-strong/generic,2019-03-28,needs_gaps,Sector needs and gaps,partial,0.5,0.85,ok,,181,96d318c8,qwen/qwen3.8-flash,3248d13396dd07213c44547f0a7da5baeca452287b6973cd536f5a57a2036c63,sync,False,2026-08-31T01:12:33+00:00
cyclone_idai_2019,2019-03-28__api-strong__generic,machine,api-strong,api-strong/generic,2019-03-28,response_actions,Sector response activities,present,1.0,1.0,ok,,156,5fbc905f,qwen/qwen3.8-flash,8c783b2d8802ea51d574e23139289609082bf36ba19435ed01dc131bb28ed91e,sync,False,2026-08-31T01:12:33+00:00
cyclone_idai_2019,2019-03-28__api-strong__generic,machine,api-strong,api-strong/generic,2019-03-28,shelter,Shelter and non-food items,partial,0.5,0.9,ok,,119,98830300,qwen/qwen3.8-flash,5cbd8bd0c52978996e54ea5901572ff5e9549f0d81b9e35ac4b790f552420817,sync,False,2026-08-31T01:12:33+00:00
cyclone_idai_2019,2019-03-28__api-strong__schema_guided,machine,api-strong,api-strong/schema_guided,2019-03-28,currency_and_metadata,Data currency and report metadata,partial,0.5,1.0,ok,,157,e092b4cd,qwen/qwen3.8-flash,8cdb4bc340f89306b89415f531dec567d63377d1f5c673c3fab8a6ce97330b11,sync,False,2026-08-31T01:12:33+00:00
cyclone_idai_2019,2019-03-28__api-strong__schema_guided,machine,api-strong,api-strong/schema_guided,2019-03-28,sourcing,Sourcing and attribution,present,1.0,1.0,ok,,208,f48601bb,qwen/qwen3.8-flash,cedb104b7d37f39f011499628068fc21a6d68a9e056af3782dee71640ea1e34f,sync,False,2026-08-31T01:12:33+00:00
cyclone_idai_2019,2019-03-28__api-strong__schema_guided,machine,api-strong,api-strong/schema_guided,2019-03-28,casualties,Casualty and affected-population figures,present,1.0,1.0,ok,,163,77302f5f,qwen/qwen3.8-flash,a94c31e3b1aa5ef8507a54baa09dace886882f8c4c044d93db699d3646c239cb,sync,False,2026-08-31T01:12:33+00:00
cyclone_idai_2019,2019-03-28__api-strong__schema_guided,machine,api-strong,api-strong/schema_guided,2019-03-28,displacement,Displacement and accommodation sites,partial,0.5,0.95,ok,,127,a61cc35f,qwen/qwen3.8-flash,2fcfd87253132f86332e9804050a3f44a123ca5e5450c68048bb57e2e8adf86b,sync,False,2026-08-31T01:12:33+00:00
cyclone_idai_2019,2019-03-28__api-strong__schema_guided,machine,api-strong,api-strong/schema_guided,2019-03-28,health,"Health, disease outbreak and nutrition",present,1.0,1.0,ok,,167,128bb6a6,qwen/qwen3.8-flash,387c7ac3e9ee6b5306b4e0bde283a4c4bcc624044978593deceeda1960fa854d,sync,False,2026-08-31T01:12:33+00:00
cyclone_idai_2019,2019-03-28__api-strong__schema_guided,machine,api-strong,api-strong/schema_guided,2019-03-28,damage,"Physical, economic and agricultural damage",present,1.0,1.0,ok,,149,f8d72495,qwen/qwen3.8-flash,87ef2d146bb7f85a823b98ad33aeb2cac33237e7f6480e21a5879ddbe08f2185,sync,False,2026-08-31T01:12:33+00:00
cyclone_idai_2019,2019-03-28__api-strong__schema_guided,machine,api-strong,api-strong/schema_guided,2019-03-28,funding,Funding status and donor contributions,present,1.0,0.95,ok,,185,e7d90b34,qwen/qwen3.8-flash,ed0a230dd984613bda459adc635e8569c29090d42d13423400d092d8b2108f99,sync,False,2026-08-31T01:12:33+00:00
cyclone_idai_2019,2019-03-28__api-strong__schema_guided,machine,api-strong,api-strong/schema_guided,2019-03-28,education,Education impact and response,partial,0.5,0.95,ok,,218,91f81c01,qwen/qwen3.8-flash,87ceea9e635d361d80d34f02bce5deb89a3105fb97f98eeedd379de178efaded,sync,False,2026-08-31T01:12:33+00:00
cyclone_idai_2019,2019-03-28__api-strong__schema_guided,machine,api-strong,api-strong/schema_guided,2019-03-28,wash,WASH needs and response,present,1.0,1.0,ok,,221,5b8db2ac,qwen/qwen3.8-flash,ce5211af6f933563d76c01ae923f417ab577247444bf25e49f760e2a084e7c12,sync,False,2026-08-31T01:12:33+00:00
cyclone_idai_2019,2019-03-28__api-strong__schema_guided,machine,api-strong,api-strong/schema_guided,2019-03-28,food,Food security and assistance reach,,,,invalid,unparsable JSON (empty output),0,,qwen/qwen3.8-flash,1df9e393dd3b44fdf81cc4fde0e6a8894364faa759c408ecc5550626174abde8,sync,False,2026-08-31T01:12:33+00:00
cyclone_idai_2019,2019-03-28__api-strong__schema_guided,machine,api-strong,api-strong/schema_guided,2019-03-28,access,Access constraints,present,1.0,1.0,ok,,169,6854cdf7,qwen/qwen3.8-flash,981c486203245bfcbbb7dd0513985a33b5f4f483df4a77c2b13fb291b7b4e64e,sync,False,2026-08-31T01:12:33+00:00
cyclone_idai_2019,2019-03-28__api-strong__schema_guided,machine,api-strong,api-strong/schema_guided,2019-03-28,coordination,Coordination arrangements,present,1.0,1.0,ok,,195,55dd894b,qwen/qwen3.8-flash,2d19868f6d19f509d2dc7ca875be4084a2a910ec77bef8fdf4397cd8ecfb73d7,sync,False,2026-08-31T01:12:33+00:00
cyclone_idai_2019,2019-03-28__api-strong__schema_guided,machine,api-strong,api-strong/schema_guided,2019-03-28,needs_gaps,Sector needs and gaps,present,1.0,1.0,ok,,167,31a90c85,qwen/qwen3.8-flash,35c9c1bf744306ded15a2fa9d044e817afc2c4183b76b86a7b12e397464e2b49,sync,False,2026-08-31T01:12:33+00:00
cyclone_idai_2019,2019-03-28__api-strong__schema_guided,machine,api-strong,api-strong/schema_guided,2019-03-28,response_actions,Sector response activities,present,1.0,1.0,ok,,145,a90167a7,qwen/qwen3.8-flash,6a58f10b2f71bb859b54d298cc52402f3e3746711913fd9004f780ef51b65b91,sync,False,2026-08-31T01:12:33+00:00
cyclone_idai_2019,2019-03-28__api-strong__schema_guided,machine,api-strong,api-strong/schema_guided,2019-03-28,shelter,Shelter and non-food items,partial,0.5,0.95,ok,,128,8badc913,qwen/qwen3.8-flash,8c17ca9675d993d553f2836e0771ebefa7308078215a6cd4f8ae11297933ac8d,sync,False,2026-08-31T01:12:33+00:00
cyclone_idai_2019,2019-03-29__api-fast__generic,machine,api-fast,api-fast/generic,2019-03-29,currency_and_metadata,Data currency and report metadata,partial,0.5,0.95,ok,,107,f0065b2a,qwen/qwen3.8-flash,287dd0634e63c45980681f5eca03721b4db474cc1a2da861521d27b797b41000,sync,False,2026-08-31T01:12:33+00:00
cyclone_idai_2019,2019-03-29__api-fast__generic,machine,api-fast,api-fast/generic,2019-03-29,sourcing,Sourcing and attribution,present,1.0,0.95,ok,,191,e145f44e,qwen/qwen3.8-flash,3d69d20b3863a838183ab192cf44bfa2733bb12e7244554d09fdb3b27850dba9,sync,False,2026-08-31T01:12:33+00:00
cyclone_idai_2019,2019-03-29__api-fast__generic,machine,api-fast,api-fast/generic,2019-03-29,casualties,Casualty and affected-population figures,present,1.0,0.95,ok,,166,41a97bce,qwen/qwen3.8-flash,b7e74743f755b011c8c990a66bc89f2bc05915f13abff61415a694e1cc2b45ed,sync,False,2026-08-31T01:12:33+00:00
cyclone_idai_2019,2019-03-29__api-fast__generic,machine,api-fast,api-fast/generic,2019-03-29,displacement,Displacement and accommodation sites,partial,0.5,0.9,ok,,213,183aab00,qwen/qwen3.8-flash,5678e8917192f1751f937127301f6c5fc72dfaa17ba0590ea6ba2eaea45f4c22,sync,False,2026-08-31T01:12:33+00:00
cyclone_idai_2019,2019-03-29__api-fast__generic,machine,api-fast,api-fast/generic,2019-03-29,health,"Health, disease outbreak and nutrition",present,1.0,0.95,ok,,152,39cfbf7c,qwen/qwen3.8-flash,f1ed024c79ec9120cb5887fc290092ddb53a1f57e480b1825b9d910655ad55f5,sync,False,2026-08-31T01:12:33+00:00
cyclone_idai_2019,2019-03-29__api-fast__generic,machine,api-fast,api-fast/generic,2019-03-29,damage,"Physical, economic and agricultural damage",present,1.0,0.95,ok,,144,607f7145,qwen/qwen3.8-flash,07f31e7f5d18dd878552928a7953f940fa06672b904a4ae3d1cc36ff54f1fd7c,sync,False,2026-08-31T01:12:33+00:00
cyclone_idai_2019,2019-03-29__api-fast__generic,machine,api-fast,api-fast/generic,2019-03-29,funding,Funding status and donor contributions,present,1.0,1.0,ok,,162,ee0b868e,qwen/qwen3.8-flash,1865bf7d17f0c2a9fcd1fe64f34a0a7966316cc974e9a5608013094a0fb039a3,sync,False,2026-08-31T01:12:33+00:00
cyclone_idai_2019,2019-03-29__api-fast__generic,machine,api-fast,api-fast/generic,2019-03-29,education,Education impact and response,partial,0.5,0.95,ok,,84,dc6e2168,qwen/qwen3.8-flash,b558ed17b9fc01c41d2428fa3db717bdd7d3deb6b21a36b76ee4aaccce134312,sync,False,2026-08-31T01:12:33+00:00
cyclone_idai_2019,2019-03-29__api-fast__generic,machine,api-fast,api-fast/generic,2019-03-29,wash,WASH needs and response,partial,0.5,0.95,ok,,178,66615488,qwen/qwen3.8-flash,d7cfa6fc2ed42fe9bf8f6e93bcc8d8c3b03cfc63cd3af4ac93b5f3d3f9460821,sync,False,2026-08-31T01:12:33+00:00
cyclone_idai_2019,2019-03-29__api-fast__generic,machine,api-fast,api-fast/generic,2019-03-29,food,Food security and assistance reach,present,1.0,0.95,ok,,84,daba323d,qwen/qwen3.8-flash,bf79bf7f1b46f308b5229ba88e9166bd5ba69c8f9cd8e87b23b16291c5601aaa,sync,False,2026-08-31T01:12:33+00:00
cyclone_idai_2019,2019-03-29__api-fast__generic,machine,api-fast,api-fast/generic,2019-03-29,access,Access constraints,present,1.0,0.95,ok,,130,e84b1b68,qwen/qwen3.8-flash,dd6ebc9b4d84d5df8a390a0f0c276184aea04f1b85551635acc660c28f8803fd,sync,False,2026-08-31T01:12:33+00:00
cyclone_idai_2019,2019-03-29__api-fast__generic,machine,api-fast,api-fast/generic,2019-03-29,coordination,Coordination arrangements,partial,0.5,0.9,ok,,134,39b5cedc,qwen/qwen3.8-flash,b7cc5f778814828dc76299cd7bb972097e83489298b2152e420602bf736e0db4,sync,False,2026-08-31T01:12:33+00:00
cyclone_idai_2019,2019-03-29__api-fast__generic,machine,api-fast,api-fast/generic,2019-03-29,needs_gaps,Sector needs and gaps,,,,invalid,unparsable JSON (empty output),0,,qwen/qwen3.8-flash,c641ebb9281747055a0e5e2948d617b52f6b108bdf358ef055e71a82f3dc7e3b,sync,False,2026-08-31T01:12:33+00:00
cyclone_idai_2019,2019-03-29__api-fast__generic,machine,api-fast,api-fast/generic,2019-03-29,response_actions,Sector response activities,present,1.0,1.0,ok,,175,c38fc1e2,qwen/qwen3.8-flash,95dd709b00edd73438ffe773ed5c13d290a6736e65568427a8e19e778fdb9891,sync,False,2026-08-31T01:12:33+00:00
cyclone_idai_2019,2019-03-29__api-fast__generic,machine,api-fast,api-fast/generic,2019-03-29,shelter,Shelter and non-food items,present,1.0,1.0,ok,,148,fad4ef03,qwen/qwen3.8-flash,e54519907300dcccf4ba5611c657447927d9dcc95d9f1499589bcabc0c2d5ef2,sync,False,2026-08-31T01:12:33+00:00
cyclone_idai_2019,2019-03-29__api-fast__schema_guided,machine,api-fast,api-fast/schema_guided,2019-03-29,currency_and_metadata,Data currency and report metadata,partial,0.5,1.0,ok,,163,e9fb1839,qwen/qwen3.8-flash,afb5c5160a1351f38452eb4586be002ba7d8256425660ee83926bcf2b8c98a22,sync,False,2026-08-31T01:12:33+00:00
cyclone_idai_2019,2019-03-29__api-fast__schema_guided,machine,api-fast,api-fast/schema_guided,2019-03-29,sourcing,Sourcing and attribution,present,1.0,1.0,ok,,188,0a2dd64b,qwen/qwen3.8-flash,bd1688b884f36616f9281ec3f0902348f29ef9afb38504789e52c32efd2fca96,sync,False,2026-08-31T01:12:33+00:00
cyclone_idai_2019,2019-03-29__api-fast__schema_guided,machine,api-fast,api-fast/schema_guided,2019-03-29,casualties,Casualty and affected-population figures,present,1.0,1.0,ok,,193,fe6d5647,qwen/qwen3.8-flash,4798443801ffc590bf97e3f94c02141d343a936311571ade4af87b70a9b56681,sync,False,2026-08-31T01:12:33+00:00
cyclone_idai_2019,2019-03-29__api-fast__schema_guided,machine,api-fast,api-fast/schema_guided,2019-03-29,displacement,Displacement and accommodation sites,partial,0.5,0.95,ok,,144,c7c218df,qwen/qwen3.8-flash,5741477d8a512a6c108a473d5d1415fba04ddb7470da3f6d1aecc44b497fbffc,sync,False,2026-08-31T01:12:33+00:00
cyclone_idai_2019,2019-03-29__api-fast__schema_guided,machine,api-fast,api-fast/schema_guided,2019-03-29,health,"Health, disease outbreak and nutrition",present,1.0,0.95,ok,,173,4163f1c5,qwen/qwen3.8-flash,f906d8e99392ba206eb13dd9d7c89c03899af00e6ee9405fa0b01b07b06c939e,sync,False,2026-08-31T01:12:33+00:00
cyclone_idai_2019,2019-03-29__api-fast__schema_guided,machine,api-fast,api-fast/schema_guided,2019-03-29,damage,"Physical, economic and agricultural damage",present,1.0,0.95,ok,,86,08655976,qwen/qwen3.8-flash,cab2bb59234c0c7978e386dcb772b0ec4e9c6aba797ea27d279eccee7cb16cc2,sync,False,2026-08-31T01:12:33+00:00
cyclone_idai_2019,2019-03-29__api-fast__schema_guided,machine,api-fast,api-fast/schema_guided,2019-03-29,funding,Funding status and donor contributions,present,1.0,0.95,ok,,90,52720749,qwen/qwen3.8-flash,d2f3ea13f0c508e2763d628bf14fc5d8f2575245d9872ff88369fcb1404703bb,sync,False,2026-08-31T01:12:33+00:00
cyclone_idai_2019,2019-03-29__api-fast__schema_guided,machine,api-fast,api-fast/schema_guided,2019-03-29,education,Education impact and response,partial,0.5,0.95,ok,,153,a188b678,qwen/qwen3.8-flash,33e675d4bda810d1e11fab361f5921fc14737962843d1a6dea5d0ecb5104c1ef,sync,False,2026-08-31T01:12:33+00:00
cyclone_idai_2019,2019-03-29__api-fast__schema_guided,machine,api-fast,api-fast/schema_guided,2019-03-29,wash,WASH needs and response,present,1.0,1.0,ok,,192,58ef8902,qwen/qwen3.8-flash,ecf8316c86c22138a8804f9abcfd83cb4e4ffa98e7a1d4a558413a3237df6f12,sync,False,2026-08-31T01:12:33+00:00
cyclone_idai_2019,2019-03-29__api-fast__schema_guided,machine,api-fast,api-fast/schema_guided,2019-03-29,food,Food security and assistance reach,partial,0.5,0.95,ok,,161,7806a08a,qwen/qwen3.8-flash,0ed775a84ce5dfc008900c7ba3eca9366ee0390c1d0706a55e0a188e13be2e0b,sync,False,2026-08-31T01:12:33+00:00
cyclone_idai_2019,2019-03-29__api-fast__schema_guided,machine,api-fast,api-fast/schema_guided,2019-03-29,access,Access constraints,present,1.0,1.0,ok,,178,c2f7579b,qwen/qwen3.8-flash,8176d9e78b9032c3587ce8064494a5f1e6ddb759fb16d0d30e1076c2ca694284,sync,False,2026-08-31T01:12:33+00:00
cyclone_idai_2019,2019-03-29__api-fast__schema_guided,machine,api-fast,api-fast/schema_guided,2019-03-29,coordination,Coordination arrangements,present,1.0,0.95,ok,,195,1c65e9c1,qwen/qwen3.8-flash,74cbd7aaae4a72f53a55bfd9f6a554df994e2059654c29fe5f446078938750b7,sync,False,2026-08-31T01:12:33+00:00
cyclone_idai_2019,2019-03-29__api-fast__schema_guided,machine,api-fast,api-fast/schema_guided,2019-03-29,needs_gaps,Sector needs and gaps,,,,invalid,unparsable JSON (empty output),0,,qwen/qwen3.8-flash,73dc66538fea8f33112dc75f1f6ea2b18f5c04595b8280164b364270ec950a21,sync,False,2026-08-31T01:12:33+00:00
cyclone_idai_2019,2019-03-29__api-fast__schema_guided,machine,api-fast,api-fast/schema_guided,2019-03-29,response_actions,Sector response activities,present,1.0,1.0,ok,,125,a4f5a8e0,qwen/qwen3.8-flash,6de4f417fcc815be9a2487556993f8d237cad11fdd2795cb39d8d6381126bf26,sync,False,2026-08-31T01:12:33+00:00
cyclone_idai_2019,2019-03-29__api-fast__schema_guided,machine,api-fast,api-fast/schema_guided,2019-03-29,shelter,Shelter and non-food items,partial,0.5,0.9,ok,,131,d9d9248a,qwen/qwen3.8-flash,755eb9be766e1abd5f7d18d66c0c20eeba70b678a12d9e18c2e1224c71ef5951,sync,False,2026-08-31T01:12:33+00:00
cyclone_idai_2019,2019-03-29__api-strong__generic,machine,api-strong,api-strong/generic,2019-03-29,currency_and_metadata,Data currency and report metadata,partial,0.5,0.95,ok,,194,e2219555,qwen/qwen3.8-flash,2b66676d6f0505977bae117156133a34bd50b7ce2391101920093c6b78b014da,sync,False,2026-08-31T01:12:33+00:00
cyclone_idai_2019,2019-03-29__api-strong__generic,machine,api-strong,api-strong/generic,2019-03-29,sourcing,Sourcing and attribution,present,1.0,0.95,ok,,145,6a1f3e26,qwen/qwen3.8-flash,211727d48572f09d1be5572e74b1f6bfe2d9ebb6d40918ea8ba156eb062874d7,sync,False,2026-08-31T01:12:33+00:00
cyclone_idai_2019,2019-03-29__api-strong__generic,machine,api-strong,api-strong/generic,2019-03-29,casualties,Casualty and affected-population figures,present,1.0,0.95,ok,,178,3d1c2f9c,qwen/qwen3.8-flash,7d27527fa10ac37168ed7b0249f8d2a13a6e80f4329dfb4061c82b5bf1f96677,sync,False,2026-08-31T01:12:33+00:00
cyclone_idai_2019,2019-03-29__api-strong__generic,machine,api-strong,api-strong/generic,2019-03-29,displacement,Displacement and accommodation sites,partial,0.5,0.95,ok,,186,e9eec73a,qwen/qwen3.8-flash,69c9e16a6f550bfd7b84272487d198db1ea2c3e9850e2aba2b221f3c4e1c0a9e,sync,False,2026-08-31T01:12:33+00:00
cyclone_idai_2019,2019-03-29__api-strong__generic,machine,api-strong,api-strong/generic,2019-03-29,health,"Health, disease outbreak and nutrition",present,1.0,0.95,ok,,156,414d1821,qwen/qwen3.8-flash,a53561576cb02ab3e367e03342e4577ff7c8d267e0c9c0ec8a65b23d508378ea,sync,False,2026-08-31T01:12:33+00:00
cyclone_idai_2019,2019-03-29__api-strong__generic,machine,api-strong,api-strong/generic,2019-03-29,damage,"Physical, economic and agricultural damage",,,,invalid,unparsable JSON (empty output),0,,qwen/qwen3.8-flash,972da88ec92968e316c3d587e752d1e39a718dcf25b5456d859cfe6eacbfacd8,sync,False,2026-08-31T01:12:33+00:00
cyclone_idai_2019,2019-03-29__api-strong__generic,machine,api-strong,api-strong/generic,2019-03-29,funding,Funding status and donor contributions,present,1.0,1.0,ok,,171,95e9a3c7,qwen/qwen3.8-flash,14853c7a7bc16efd33f356dd135b5856ec2f07e3ff1f2ad0e7fc6b290c256fab,sync,False,2026-08-31T01:12:33+00:00
cyclone_idai_2019,2019-03-29__api-strong__generic,machine,api-strong,api-strong/generic,2019-03-29,education,Education impact and response,partial,0.5,0.95,ok,,119,f1b655aa,qwen/qwen3.8-flash,7a56cc3681a92b93d14a6ffce67278c9436b32451b1850c1f0db33c20a82c067,sync,False,2026-08-31T01:12:33+00:00
cyclone_idai_2019,2019-03-29__api-strong__generic,machine,api-strong,api-strong/generic,2019-03-29,wash,WASH needs and response,present,1.0,1.0,ok,,205,e9196f6c,qwen/qwen3.8-flash,06f4614419ea06bc70f6f751e19fe1ab333261291fbc1b155d63fb094f9290ba,sync,False,2026-08-31T01:12:33+00:00
cyclone_idai_2019,2019-03-29__api-strong__generic,machine,api-strong,api-strong/generic,2019-03-29,food,Food security and assistance reach,partial,0.5,0.9,ok,,210,6f726081,qwen/qwen3.8-flash,3ef9dd8c79f9bc3f1c2f5497f82ae8f301bd0e4bb91801956e296956fb4999eb,sync,False,2026-08-31T01:12:33+00:00
cyclone_idai_2019,2019-03-29__api-strong__generic,machine,api-strong,api-strong/generic,2019-03-29,access,Access constraints,present,1.0,1.0,ok,,199,f59d00e9,qwen/qwen3.8-flash,5b819e167c2b5828f6166b039eb8cc12c44e8a5f1c9cc1f845d670e60a1399de,sync,False,2026-08-31T01:12:33+00:00
cyclone_idai_2019,2019-03-29__api-strong__generic,machine,api-strong,api-strong/generic,2019-03-29,coordination,Coordination arrangements,present,1.0,0.95,ok,,198,c27db7cb,qwen/qwen3.8-flash,4478ee499efde9a949c1c7edbfa009474a2b561d0b6a8e75fbb30b45c0285a37,sync,False,2026-08-31T01:12:33+00:00
cyclone_idai_2019,2019-03-29__api-strong__generic,machine,api-strong,api-strong/generic,2019-03-29,needs_gaps,Sector needs and gaps,,,,invalid,unparsable JSON (empty output),0,,qwen/qwen3.8-flash,b39955815b2407b25992b94059221550ea1ab9bcfd6f5129c7b8967db9036a9b,sync,False,2026-08-31T01:12:33+00:00
cyclone_idai_2019,2019-03-29__api-strong__generic,machine,api-strong,api-strong/generic,2019-03-29,response_actions,Sector response activities,present,1.0,1.0,ok,,163,65245a65,qwen/qwen3.8-flash,786afb5b5fbd20b4cc1b9bc40d3422912f01a1fccddfdb8d0480e57dee90e4e6,sync,False,2026-08-31T01:12:33+00:00
cyclone_idai_2019,2019-03-29__api-strong__generic,machine,api-strong,api-strong/generic,2019-03-29,shelter,Shelter and non-food items,partial,0.5,0.95,ok,,165,7a7aaa56,qwen/qwen3.8-flash,7324b038adf8a874f6fb523fbabbaf87e0d03e7ba23fc2c482a856f29d7d5c58,sync,False,2026-08-31T01:12:33+00:00
cyclone_idai_2019,2019-03-29__api-strong__schema_guided,machine,api-strong,api-strong/schema_guided,2019-03-29,currency_and_metadata,Data currency and report metadata,partial,0.5,1.0,ok,,123,6da21a9e,qwen/qwen3.8-flash,1d77dfbc28932f4ef29b8e53f3c23f0e0f69e65fce58241728f846c758357aa5,sync,False,2026-08-31T01:12:33+00:00
cyclone_idai_2019,2019-03-29__api-strong__schema_guided,machine,api-strong,api-strong/schema_guided,2019-03-29,sourcing,Sourcing and attribution,present,1.0,1.0,ok,,189,2587cede,qwen/qwen3.8-flash,19b6ac1758ccf1b79387ec1694499d2ab07fec0d68f08005234e79891285fa9d,sync,False,2026-08-31T01:12:33+00:00
cyclone_idai_2019,2019-03-29__api-strong__schema_guided,machine,api-strong,api-strong/schema_guided,2019-03-29,casualties,Casualty and affected-population figures,present,1.0,0.95,ok,,187,9978dc54,qwen/qwen3.8-flash,1386de4978924da6d6b1e9ddc732a3b9da4534d99c567523093e4c421150cf58,sync,False,2026-08-31T01:12:33+00:00
cyclone_idai_2019,2019-03-29__api-strong__schema_guided,machine,api-strong,api-strong/schema_guided,2019-03-29,displacement,Displacement and accommodation sites,partial,0.5,0.95,ok,,182,b8f792ec,qwen/qwen3.8-flash,97be45a8f070b42af862a13859d9fdb5f99b7a4e839572db0fb99766959535fb,sync,False,2026-08-31T01:12:33+00:00
cyclone_idai_2019,2019-03-29__api-strong__schema_guided,machine,api-strong,api-strong/schema_guided,2019-03-29,health,"Health, disease outbreak and nutrition",present,1.0,0.95,ok,,126,1d250844,qwen/qwen3.8-flash,1f6f07fbc1e7aa2c31f102a3772b674dd717766665c343c2bf1d36f05090a62b,sync,False,2026-08-31T01:12:33+00:00
cyclone_idai_2019,2019-03-29__api-strong__schema_guided,machine,api-strong,api-strong/schema_guided,2019-03-29,damage,"Physical, economic and agricultural damage",present,1.0,1.0,ok,,258,69671f12,qwen/qwen3.8-flash,6342bac8ef0e0b3a7795bb1f8776f155f9ae8d837a18708a648ae541c1859485,sync,False,2026-08-31T01:12:33+00:00
cyclone_idai_2019,2019-03-29__api-strong__schema_guided,machine,api-strong,api-strong/schema_guided,2019-03-29,funding,Funding status and donor contributions,,,,invalid,unparsable JSON (empty output),0,,qwen/qwen3.8-flash,dee8a3514437d3b71857251a82e2968c1c81684502fe92280f02291b6832ad79,sync,False,2026-08-31T01:12:33+00:00
cyclone_idai_2019,2019-03-29__api-strong__schema_guided,machine,api-strong,api-strong/schema_guided,2019-03-29,education,Education impact and response,partial,0.5,0.95,ok,,149,8319056a,qwen/qwen3.8-flash,b11139fc4af9b7c07504cd2e8091282198526aa98b46e96a6b37fa5b80323ddb,sync,False,2026-08-31T01:12:33+00:00
cyclone_idai_2019,2019-03-29__api-strong__schema_guided,machine,api-strong,api-strong/schema_guided,2019-03-29,wash,WASH needs and response,present,1.0,1.0,ok,,182,05f55443,qwen/qwen3.8-flash,36443fbc778adfe871ce0fdc1c67ee939d5ed032cbadbca482e0ecc18550cc77,sync,False,2026-08-31T01:12:33+00:00
cyclone_idai_2019,2019-03-29__api-strong__schema_guided,machine,api-strong,api-strong/schema_guided,2019-03-29,food,Food security and assistance reach,partial,0.5,0.95,ok,,147,3313d0c8,qwen/qwen3.8-flash,f56f82130bee3c4938f9a91666ca8dcf88959010cd4847f02270f017f6defdec,sync,False,2026-08-31T01:12:33+00:00
cyclone_idai_2019,2019-03-29__api-strong__schema_guided,machine,api-strong,api-strong/schema_guided,2019-03-29,access,Access constraints,present,1.0,1.0,ok,,124,8d96d692,qwen/qwen3.8-flash,ae779dbb9da151dc8e9fb4d1052aa1f4adf8e819c518b2dadae8c3a801ad5871,sync,False,2026-08-31T01:12:33+00:00
cyclone_idai_2019,2019-03-29__api-strong__schema_guided,machine,api-strong,api-strong/schema_guided,2019-03-29,coordination,Coordination arrangements,present,1.0,1.0,ok,,201,4fd9826c,qwen/qwen3.8-flash,17409895bfa6f1eefde895f0683bfc4d217dfec072ea20ad3b3cb942c7acc50b,sync,False,2026-08-31T01:12:33+00:00
cyclone_idai_2019,2019-03-29__api-strong__schema_guided,machine,api-strong,api-strong/schema_guided,2019-03-29,needs_gaps,Sector needs and gaps,partial,0.5,0.95,ok,,153,adead79c,qwen/qwen3.8-flash,bf83f8097ee3426b3144a9eff2c36ce4145ba83f583b1218a9a10ba71481a166,sync,False,2026-08-31T01:12:33+00:00
cyclone_idai_2019,2019-03-29__api-strong__schema_guided,machine,api-strong,api-strong/schema_guided,2019-03-29,response_actions,Sector response activities,present,1.0,1.0,ok,,178,0a2e7491,qwen/qwen3.8-flash,8aeb8ee83c0b45fb96c6432f93f80c5b57353a49580008f4c94b617e961639e6,sync,False,2026-08-31T01:12:33+00:00
cyclone_idai_2019,2019-03-29__api-strong__schema_guided,machine,api-strong,api-strong/schema_guided,2019-03-29,shelter,Shelter and non-food items,partial,0.5,0.95,ok,,144,11132e5a,qwen/qwen3.8-flash,9dd7fe287bca5067cadedc654b0f70d08702d805794f71b160b159f1bcb05a0c,sync,False,2026-08-31T01:12:33+00:00
cyclone_idai_2019,2019-03-30__api-fast__generic,machine,api-fast,api-fast/generic,2019-03-30,currency_and_metadata,Data currency and report metadata,partial,0.5,0.95,ok,,105,b0e988d2,qwen/qwen3.8-flash,161381414da179265c8e144a3239ae72ad3d97c71e82c639dc2b3560b2941831,sync,False,2026-08-31T01:12:33+00:00
cyclone_idai_2019,2019-03-30__api-fast__generic,machine,api-fast,api-fast/generic,2019-03-30,sourcing,Sourcing and attribution,present,1.0,1.0,ok,,110,ebd335ca,qwen/qwen3.8-flash,141639b9733f750527e2c2a1a32caeb7091b19101028767f5434576b92bbcab7,sync,False,2026-08-31T01:12:33+00:00
cyclone_idai_2019,2019-03-30__api-fast__generic,machine,api-fast,api-fast/generic,2019-03-30,casualties,Casualty and affected-population figures,present,1.0,0.95,ok,,122,a5935b9c,qwen/qwen3.8-flash,ae85db27018ac86fd9a4f72821dec5f3784d1da94a3146f10481f47abcb2bd5f,sync,False,2026-08-31T01:12:33+00:00
cyclone_idai_2019,2019-03-30__api-fast__generic,machine,api-fast,api-fast/generic,2019-03-30,displacement,Displacement and accommodation sites,partial,0.5,0.95,ok,,185,f2279038,qwen/qwen3.8-flash,4e9f368e8a2783c62358f176e2ab1da87e4e6ea0d54395b74218fc8908760432,sync,False,2026-08-31T01:12:33+00:00
cyclone_idai_2019,2019-03-30__api-fast__generic,machine,api-fast,api-fast/generic,2019-03-30,health,"Health, disease outbreak and nutrition",present,1.0,0.95,ok,,252,83cf681f,qwen/qwen3.8-flash,83620ad43156ac3dfbb6506451e2d7a4efac11eba063cb351a6270f9c5979667,sync,False,2026-08-31T01:12:33+00:00
cyclone_idai_2019,2019-03-30__api-fast__generic,machine,api-fast,api-fast/generic,2019-03-30,damage,"Physical, economic and agricultural damage",partial,0.5,1.0,ok,,188,6c67c28b,qwen/qwen3.8-flash,f16fbf58180ddd65e150b9f3ed69c4b779a1238dbcbe69595b93c5980e49be7e,sync,False,2026-08-31T01:12:33+00:00
cyclone_idai_2019,2019-03-30__api-fast__generic,machine,api-fast,api-fast/generic,2019-03-30,funding,Funding status and donor contributions,present,1.0,0.95,ok,,171,e4fd1549,qwen/qwen3.8-flash,4a68e0730e4fcbd69ff7690c5306cd1eb7e7f1ca21deb784b7be6385185105c2,sync,False,2026-08-31T01:12:33+00:00
cyclone_idai_2019,2019-03-30__api-fast__generic,machine,api-fast,api-fast/generic,2019-03-30,education,Education impact and response,partial,0.5,0.95,ok,,208,6ddfdb4a,qwen/qwen3.8-flash,7dfb698803c00c97e60e936a6cc0a144f96e27488d6be64ff7faa40bf7ec21ca,sync,False,2026-08-31T01:12:33+00:00
cyclone_idai_2019,2019-03-30__api-fast__generic,machine,api-fast,api-fast/generic,2019-03-30,wash,WASH needs and response,partial,0.5,0.95,ok,,125,f5d2726f,qwen/qwen3.8-flash,3f5cc318278053902241d4f509fdb54f6d2b340a5dca22c0bd7078e7d9623f77,sync,False,2026-08-31T01:12:33+00:00
cyclone_idai_2019,2019-03-30__api-fast__generic,machine,api-fast,api-fast/generic,2019-03-30,food,Food security and assistance reach,present,1.0,0.95,ok,,179,2a5a2662,qwen/qwen3.8-flash,ea7ca23a8bcbc74833ade6a611a0ff3b638af664fe35d7f51aa205c3da96080f,sync,False,2026-08-31T01:12:33+00:00
cyclone_idai_2019,2019-03-30__api-fast__generic,machine,api-fast,api-fast/generic,2019-03-30,access,Access constraints,partial,0.5,0.9,ok,,163,8d57951f,qwen/qwen3.8-flash,6177e80b42fc937c26d0536acc5a21900740aae1ed80d8524e133831b68cf061,sync,False,2026-08-31T01:12:33+00:00
cyclone_idai_2019,2019-03-30__api-fast__generic,machine,api-fast,api-fast/generic,2019-03-30,coordination,Coordination arrangements,absent,0.0,0.95,ok,,0,,qwen/qwen3.8-flash,edf245810b0bb199570bbc7891a82ca2f56097141809c3c8bd008beab4b50ed4,sync,False,2026-08-31T01:12:33+00:00
cyclone_idai_2019,2019-03-30__api-fast__generic,machine,api-fast,api-fast/generic,2019-03-30,needs_gaps,Sector needs and gaps,partial,0.5,0.95,ok,,174,d892af08,qwen/qwen3.8-flash,df8a08d5bc61195b1b290d101b123a55834d4f7b81d25f02bd38cb66e3a07980,sync,False,2026-08-31T01:12:33+00:00
cyclone_idai_2019,2019-03-30__api-fast__generic,machine,api-fast,api-fast/generic,2019-03-30,response_actions,Sector response activities,present,1.0,0.95,ok,,155,7729b7da,qwen/qwen3.8-flash,9c979baa2dc98a10652097c4919d0e9b22898e4ba1ba99cd505b0c87170d337a,sync,False,2026-08-31T01:12:33+00:00
cyclone_idai_2019,2019-03-30__api-fast__generic,machine,api-fast,api-fast/generic,2019-03-30,shelter,Shelter and non-food items,partial,0.5,1.0,ok,,149,711a8e3a,qwen/qwen3.8-flash,dc99209b0109045bf686500442e7fefaa705c186bd2163d883ba587d866c72aa,sync,False,2026-08-31T01:12:33+00:00
cyclone_idai_2019,2019-03-30__api-fast__schema_guided,machine,api-fast,api-fast/schema_guided,2019-03-30,currency_and_metadata,Data currency and report metadata,present,1.0,1.0,ok,,147,3666901c,qwen/qwen3.8-flash,1279a0d066f66013711dbe88d76550d7ec1c047a32e52a89ac0311a7434e67d4,sync,False,2026-08-31T01:12:33+00:00
cyclone_idai_2019,2019-03-30__api-fast__schema_guided,machine,api-fast,api-fast/schema_guided,2019-03-30,sourcing,Sourcing and attribution,present,1.0,1.0,ok,,174,9874b520,qwen/qwen3.8-flash,a37d787da6ba86e1806e54a9310a7f5238ef29bfb2f57aae7cff647d44443cf9,sync,False,2026-08-31T01:12:33+00:00
cyclone_idai_2019,2019-03-30__api-fast__schema_guided,machine,api-fast,api-fast/schema_guided,2019-03-30,casualties,Casualty and affected-population figures,present,1.0,1.0,ok,,132,e1ffa5da,qwen/qwen3.8-flash,b126bbd079654e667847e8283622b34340853a46bdf4fd85becf59e4117a8db2,sync,False,2026-08-31T01:12:33+00:00
cyclone_idai_2019,2019-03-30__api-fast__schema_guided,machine,api-fast,api-fast/schema_guided,2019-03-30,displacement,Displacement and accommodation sites,partial,0.5,1.0,ok,,156,739175aa,qwen/qwen3.8-flash,fe857f249358c2147b4c8b9fdbb04d5e762cfd4004bd61300f017e855f1ece3f,sync,False,2026-08-31T01:12:33+00:00
cyclone_idai_2019,2019-03-30__api-fast__schema_guided,machine,api-fast,api-fast/schema_guided,2019-03-30,health,"Health, disease outbreak and nutrition",present,1.0,0.95,ok,,187,232f46f1,qwen/qwen3.8-flash,2d1c4fd78b90682f6959d35591de7afe97b5eaf68b14626c7ed535e73b811271,sync,False,2026-08-31T01:12:33+00:00
cyclone_idai_2019,2019-03-30__api-fast__schema_guided,machine,api-fast,api-fast/schema_guided,2019-03-30,damage,"Physical, economic and agricultural damage",partial,0.5,1.0,ok,,118,aa473f83,qwen/qwen3.8-flash,2711264615cfefc2793c571831051f156e024ec84800ca995e1f7172a48a970d,sync,False,2026-08-31T01:12:33+00:00
cyclone_idai_2019,2019-03-30__api-fast__schema_guided,machine,api-fast,api-fast/schema_guided,2019-03-30,funding,Funding status and donor contributions,present,1.0,1.0,ok,,147,8c5610d5,qwen/qwen3.8-flash,0667c2ef416a551e10efe09fa48cd14070b4dc4e56af2ff6362f388654a76959,sync,False,2026-08-31T01:12:33+00:00
cyclone_idai_2019,2019-03-30__api-fast__schema_guided,machine,api-fast,api-fast/schema_guided,2019-03-30,education,Education impact and response,partial,0.5,0.95,ok,,208,482d120b,qwen/qwen3.8-flash,4d94c74b6a105be78223f885869c68863272b1fa44cfd4f89c4dfa0fdb3699a7,sync,False,2026-08-31T01:12:33+00:00
cyclone_idai_2019,2019-03-30__api-fast__schema_guided,machine,api-fast,api-fast/schema_guided,2019-03-30,wash,WASH needs and response,partial,0.5,0.95,ok,,153,282ab6bb,qwen/qwen3.8-flash,d97d18e791c23aeaa090902bbd5944a1129c07c8550ea9fb1e8882c3373b28f6,sync,False,2026-08-31T01:12:33+00:00
cyclone_idai_2019,2019-03-30__api-fast__schema_guided,machine,api-fast,api-fast/schema_guided,2019-03-30,food,Food security and assistance reach,present,1.0,1.0,ok,,134,014029ac,qwen/qwen3.8-flash,54f609436646258d807c0dd32c8d14dc9b3949de12e60503dc6819d3c4e3ea16,sync,False,2026-08-31T01:12:33+00:00
cyclone_idai_2019,2019-03-30__api-fast__schema_guided,machine,api-fast,api-fast/schema_guided,2019-03-30,access,Access constraints,present,1.0,1.0,ok,,151,68443cad,qwen/qwen3.8-flash,8df5fb715e07439db4874596ae19d1d51a80f35989f3b19856106de8a0a16132,sync,False,2026-08-31T01:12:33+00:00
cyclone_idai_2019,2019-03-30__api-fast__schema_guided,machine,api-fast,api-fast/schema_guided,2019-03-30,coordination,Coordination arrangements,present,1.0,1.0,ok,,140,414a1c75,qwen/qwen3.8-flash,5ebc5180330219b28859b2110fa4e4c0f1bddcd9c24cd9f23ead9bed28a1d987,sync,False,2026-08-31T01:12:33+00:00
cyclone_idai_2019,2019-03-30__api-fast__schema_guided,machine,api-fast,api-fast/schema_guided,2019-03-30,needs_gaps,Sector needs and gaps,partial,0.5,0.85,ok,,183,cf8f8145,qwen/qwen3.8-flash,bfbcd656b2714e82851bb88cb5dc6ba136bdca51da6c3e2c7fb6427720fba576,sync,False,2026-08-31T01:12:33+00:00
cyclone_idai_2019,2019-03-30__api-fast__schema_guided,machine,api-fast,api-fast/schema_guided,2019-03-30,response_actions,Sector response activities,present,1.0,1.0,ok,,200,8ea1bc63,qwen/qwen3.8-flash,2c4a32682af284456f2c9380d651fbb117e557edc4262f676d01cd6005061d43,sync,False,2026-08-31T01:12:33+00:00
cyclone_idai_2019,2019-03-30__api-fast__schema_guided,machine,api-fast,api-fast/schema_guided,2019-03-30,shelter,Shelter and non-food items,present,1.0,0.95,ok,,176,24e0dfd4,qwen/qwen3.8-flash,2bf80e1cffbff3dad72333e0fd2a85683e1933e16f38a26570ad00f7356aa867,sync,False,2026-08-31T01:12:33+00:00
cyclone_idai_2019,2019-03-30__api-strong__generic,machine,api-strong,api-strong/generic,2019-03-30,currency_and_metadata,Data currency and report metadata,partial,0.5,0.95,ok,,172,102f1a6e,qwen/qwen3.8-flash,304b63151b90c577ff53f85ec6dc5182065a30f32f739c9b04fdca8a81e3f486,sync,False,2026-08-31T01:12:33+00:00
cyclone_idai_2019,2019-03-30__api-strong__generic,machine,api-strong,api-strong/generic,2019-03-30,sourcing,Sourcing and attribution,,,,invalid,unparsable JSON (empty output),0,,qwen/qwen3.8-flash,9172d05cc854f5e51a3e580632a8fdd95a5f729a09f86cc1070e0b461604d845,sync,False,2026-08-31T01:12:33+00:00
cyclone_idai_2019,2019-03-30__api-strong__generic,machine,api-strong,api-strong/generic,2019-03-30,casualties,Casualty and affected-population figures,present,1.0,1.0,ok,,146,b083a2b0,qwen/qwen3.8-flash,78866126e785fcf510198d7906eec6b7a0f79270f2e3bf314c2009c282168879,sync,False,2026-08-31T01:12:33+00:00
cyclone_idai_2019,2019-03-30__api-strong__generic,machine,api-strong,api-strong/generic,2019-03-30,displacement,Displacement and accommodation sites,partial,0.5,1.0,ok,,126,6e02fd74,qwen/qwen3.8-flash,6bd71bbc8cd8a6a7264e06b37e24a92df73ed8a1e84e49416c3d6e191a002ff6,sync,False,2026-08-31T01:12:33+00:00
cyclone_idai_2019,2019-03-30__api-strong__generic,machine,api-strong,api-strong/generic,2019-03-30,health,"Health, disease outbreak and nutrition",,,,invalid,unparsable JSON (empty output),0,,qwen/qwen3.8-flash,d420539bde9b7d87cfe70cd00cb8a2fc7706c9f7bd5057ae6cbc8b1494396718,sync,False,2026-08-31T01:12:33+00:00
cyclone_idai_2019,2019-03-30__api-strong__generic,machine,api-strong,api-strong/generic,2019-03-30,damage,"Physical, economic and agricultural damage",partial,0.5,0.95,ok,,158,fb60503a,qwen/qwen3.8-flash,8479994835fb9b09168de23e1bb08adbf842a8f4d58f6505230609d41eccd231,sync,False,2026-08-31T01:12:33+00:00
cyclone_idai_2019,2019-03-30__api-strong__generic,machine,api-strong,api-strong/generic,2019-03-30,funding,Funding status and donor contributions,present,1.0,0.95,ok,,110,82cb70e1,qwen/qwen3.8-flash,1b28af40361603966857d46048fe29050c01dd106592cc65556b258acfcad96a,sync,False,2026-08-31T01:12:33+00:00
cyclone_idai_2019,2019-03-30__api-strong__generic,machine,api-strong,api-strong/generic,2019-03-30,education,Education impact and response,partial,0.5,0.95,ok,,197,7ebc5d18,qwen/qwen3.8-flash,6020fc60925a1e8260d7768c80f23bd7f7e2270756fc7a34c1bfa88bb4c404b8,sync,False,2026-08-31T01:12:33+00:00
cyclone_idai_2019,2019-03-30__api-strong__generic,machine,api-strong,api-strong/generic,2019-03-30,wash,WASH needs and response,partial,0.5,0.95,ok,,132,ec71d13a,qwen/qwen3.8-flash,8411cfdb4bb27d5d19a4d300dac3547e66b7b67619112e9e0d377f8d9bcc286e,sync,False,2026-08-31T01:12:33+00:00
cyclone_idai_2019,2019-03-30__api-strong__generic,machine,api-strong,api-strong/generic,2019-03-30,food,Food security and assistance reach,present,1.0,0.95,ok,,182,971086e1,qwen/qwen3.8-flash,3a866e2c9360e1b1176c4ac8886b6afdeaa58bf3acf727065920b795b1e092c4,sync,False,2026-08-31T01:12:33+00:00
cyclone_idai_2019,2019-03-30__api-strong__generic,machine,api-strong,api-strong/generic,2019-03-30,access,Access constraints,partial,0.5,1.0,ok,,177,915ef1cb,qwen/qwen3.8-flash,38461b3304d46827d001aea91b5239e17fa7a1a507041eb3d9237f0a88a575d1,sync,False,2026-08-31T01:12:33+00:00
cyclone_idai_2019,2019-03-30__api-strong__generic,machine,api-strong,api-strong/generic,2019-03-30,coordination,Coordination arrangements,present,1.0,0.9,ok,,218,4163162f,qwen/qwen3.8-flash,e1629a2dfe3edc88d28fed722bab3efdb4ba461be922c37b14aedcf18a24e1ba,sync,False,2026-08-31T01:12:33+00:00
cyclone_idai_2019,2019-03-30__api-strong__generic,machine,api-strong,api-strong/generic,2019-03-30,needs_gaps,Sector needs and gaps,,,,invalid,unparsable JSON (empty output),0,,qwen/qwen3.8-flash,a9113cab1558c306f39fdc7fe0299181aa458ecd926e214baf9e993d58c7a07b,sync,False,2026-08-31T01:12:33+00:00
cyclone_idai_2019,2019-03-30__api-strong__generic,machine,api-strong,api-strong/generic,2019-03-30,response_actions,Sector response activities,present,1.0,1.0,ok,,240,de57d114,qwen/qwen3.8-flash,2e1d2a05f9081e2a1cc2d3b4b36f26f294655bd22b8cd370c8a78a3bcebd68e9,sync,False,2026-08-31T01:12:33+00:00
cyclone_idai_2019,2019-03-30__api-strong__generic,machine,api-strong,api-strong/generic,2019-03-30,shelter,Shelter and non-food items,present,1.0,0.95,ok,,115,a5c0e1a6,qwen/qwen3.8-flash,5944e917e6a9e45183b5f2775f7917cc0e6b928b43065f4b5b2d95731f4aea3d,sync,False,2026-08-31T01:12:33+00:00
cyclone_idai_2019,2019-03-30__api-strong__schema_guided,machine,api-strong,api-strong/schema_guided,2019-03-30,currency_and_metadata,Data currency and report metadata,partial,0.5,1.0,ok,,173,a2baf715,qwen/qwen3.8-flash,7e75ac543c3f639287808fbe5236945b2a3b9a01d8a93fefec11c054b2bea5a6,sync,False,2026-08-31T01:12:33+00:00
cyclone_idai_2019,2019-03-30__api-strong__schema_guided,machine,api-strong,api-strong/schema_guided,2019-03-30,sourcing,Sourcing and attribution,present,1.0,0.98,ok,,102,d98d95ac,qwen/qwen3.8-flash,978e4a58b92ceb352b071488a84e52b0bb8e24d66fa9c7f12df05b548bde168b,sync,False,2026-08-31T01:12:33+00:00
cyclone_idai_2019,2019-03-30__api-strong__schema_guided,machine,api-strong,api-strong/schema_guided,2019-03-30,casualties,Casualty and affected-population figures,present,1.0,1.0,ok,,186,58d41fdf,qwen/qwen3.8-flash,69d13751fb666977744cb1650e41d1dbb97051a66cfe3c51fa21803a9346f020,sync,False,2026-08-31T01:12:33+00:00
cyclone_idai_2019,2019-03-30__api-strong__schema_guided,machine,api-strong,api-strong/schema_guided,2019-03-30,displacement,Displacement and accommodation sites,partial,0.5,0.9,ok,,170,b12be684,qwen/qwen3.8-flash,b1259d6c80356b861add0e6ac49d912baa74f4687b86175ce129ee8340dfcd34,sync,False,2026-08-31T01:12:33+00:00
cyclone_idai_2019,2019-03-30__api-strong__schema_guided,machine,api-strong,api-strong/schema_guided,2019-03-30,health,"Health, disease outbreak and nutrition",present,1.0,1.0,ok,,130,3ca7dcb7,qwen/qwen3.8-flash,f2df32d6478bcb606ae9e5c036ea7f40e1f9e0c3aa113d10331801e3a02f8681,sync,False,2026-08-31T01:12:33+00:00
cyclone_idai_2019,2019-03-30__api-strong__schema_guided,machine,api-strong,api-strong/schema_guided,2019-03-30,damage,"Physical, economic and agricultural damage",partial,0.5,0.95,ok,,158,040c2735,qwen/qwen3.8-flash,b1dfa661e38873392297407d288a8face790b2a9eec0b664bdfb7a8d2e3f0f7f,sync,False,2026-08-31T01:12:33+00:00
cyclone_idai_2019,2019-03-30__api-strong__schema_guided,machine,api-strong,api-strong/schema_guided,2019-03-30,funding,Funding status and donor contributions,partial,0.5,1.0,ok,,135,c45586d7,qwen/qwen3.8-flash,15c8fc5cff09872b402b48cb4f1e4146dcf3c46e640254a887d60893ab12eb95,sync,False,2026-08-31T01:12:33+00:00
cyclone_idai_2019,2019-03-30__api-strong__schema_guided,machine,api-strong,api-strong/schema_guided,2019-03-30,education,Education impact and response,partial,0.5,0.95,ok,,206,84373716,qwen/qwen3.8-flash,6a7d95c99c5009e9a0252885f1fa63c9be97b6c214c140354400e0bb1699b1ee,sync,False,2026-08-31T01:12:33+00:00
cyclone_idai_2019,2019-03-30__api-strong__schema_guided,machine,api-strong,api-strong/schema_guided,2019-03-30,wash,WASH needs and response,partial,0.5,0.95,ok,,151,dfd50bb3,qwen/qwen3.8-flash,68f3311ff5ea79cb16260223d7d9171f9c954295f38c388541cc2673d3924fc2,sync,False,2026-08-31T01:12:33+00:00
cyclone_idai_2019,2019-03-30__api-strong__schema_guided,machine,api-strong,api-strong/schema_guided,2019-03-30,food,Food security and assistance reach,present,1.0,0.95,ok,,103,90aef94f,qwen/qwen3.8-flash,5283216b3046a1a4f6cc603ce2f2a0407cd9811b1838c80d502a0bd324db7997,sync,False,2026-08-31T01:12:33+00:00
cyclone_idai_2019,2019-03-30__api-strong__schema_guided,machine,api-strong,api-strong/schema_guided,2019-03-30,access,Access constraints,present,1.0,1.0,ok,,180,e41f3383,qwen/qwen3.8-flash,a2ef5460dc0c9539c72841439b0b1b69f49c521f90820788963866ef7080816e,sync,False,2026-08-31T01:12:33+00:00
cyclone_idai_2019,2019-03-30__api-strong__schema_guided,machine,api-strong,api-strong/schema_guided,2019-03-30,coordination,Coordination arrangements,,,,invalid,unparsable JSON (empty output),0,,qwen/qwen3.8-flash,5405bdab35d6d4ce4c15d460055be06c116636e2d2f1134d9a3865215d600220,sync,False,2026-08-31T01:12:33+00:00
cyclone_idai_2019,2019-03-30__api-strong__schema_guided,machine,api-strong,api-strong/schema_guided,2019-03-30,needs_gaps,Sector needs and gaps,present,1.0,0.95,ok,,219,d013c7ee,qwen/qwen3.8-flash,016a6b531adcd5eb3387fdb801e8900f2d128255ad6eb06cd26c83a7f414571d,sync,False,2026-08-31T01:12:33+00:00
cyclone_idai_2019,2019-03-30__api-strong__schema_guided,machine,api-strong,api-strong/schema_guided,2019-03-30,response_actions,Sector response activities,present,1.0,1.0,ok,,149,f4d2ff0c,qwen/qwen3.8-flash,00694929c36bc19ea2c80b2be1f06140ad0e2c719323261cddd700656a695919,sync,False,2026-08-31T01:12:33+00:00
cyclone_idai_2019,2019-03-30__api-strong__schema_guided,machine,api-strong,api-strong/schema_guided,2019-03-30,shelter,Shelter and non-food items,present,1.0,0.9,ok,,147,266a6518,qwen/qwen3.8-flash,939ec92f39f5df2d20f24ba337492e6d06cb8886e4effd12565d28873bf285ea,sync,False,2026-08-31T01:12:33+00:00
cyclone_idai_2019,2019-03-31__api-fast__generic,machine,api-fast,api-fast/generic,2019-03-31,currency_and_metadata,Data currency and report metadata,partial,0.5,0.95,ok,,72,561da96d,qwen/qwen3.8-flash,dd7e7e788b78b2ef4b7b1605893f1d898be1f6e08db276c858db1fde6b5bf294,sync,False,2026-08-31T01:12:33+00:00
cyclone_idai_2019,2019-03-31__api-fast__generic,machine,api-fast,api-fast/generic,2019-03-31,sourcing,Sourcing and attribution,partial,0.5,0.9,ok,,135,e937caa7,qwen/qwen3.8-flash,d5eed88705f921632cd9d2503ce4c71d74c3d052690492f0036497a8258238ce,sync,False,2026-08-31T01:12:33+00:00
cyclone_idai_2019,2019-03-31__api-fast__generic,machine,api-fast,api-fast/generic,2019-03-31,casualties,Casualty and affected-population figures,present,1.0,0.95,ok,,154,ae592705,qwen/qwen3.8-flash,b0b1343a5fe84dd4ebec64f3a18be29f03f22ff6c863da845645f9adeb2e4313,sync,False,2026-08-31T01:12:33+00:00
cyclone_idai_2019,2019-03-31__api-fast__generic,machine,api-fast,api-fast/generic,2019-03-31,displacement,Displacement and accommodation sites,partial,0.5,0.95,ok,,162,5113cd9d,qwen/qwen3.8-flash,b61f475c3a6140de360ae2c265b9a44781bb8ff76782390c75c04bafbf943118,sync,False,2026-08-31T01:12:33+00:00
cyclone_idai_2019,2019-03-31__api-fast__generic,machine,api-fast,api-fast/generic,2019-03-31,health,"Health, disease outbreak and nutrition",partial,0.5,0.95,ok,,197,c490aca9,qwen/qwen3.8-flash,bea9706cc2435ef7a1066670ddbc25c25887ea3fda0ba0037333e526b0be16a5,sync,False,2026-08-31T01:12:33+00:00
cyclone_idai_2019,2019-03-31__api-fast__generic,machine,api-fast,api-fast/generic,2019-03-31,damage,"Physical, economic and agricultural damage",present,1.0,0.95,ok,,161,0ff166ed,qwen/qwen3.8-flash,c31db01f644ed28dd106d4668c5968da307305bbbdb4bffb078c179edcacec7a,sync,False,2026-08-31T01:12:33+00:00
cyclone_idai_2019,2019-03-31__api-fast__generic,machine,api-fast,api-fast/generic,2019-03-31,funding,Funding status and donor contributions,partial,0.5,0.9,ok,,131,e4c641d2,qwen/qwen3.8-flash,bd5718abc915981542517cebfad97c28a886ee2a09cfe8436b2479b26c2350f1,sync,False,2026-08-31T01:12:33+00:00
cyclone_idai_2019,2019-03-31__api-fast__generic,machine,api-fast,api-fast/generic,2019-03-31,education,Education impact and response,present,1.0,1.0,ok,,226,22a22742,qwen/qwen3.8-flash,90268fa075adce20a29fe633b8704e93b1c0c3fe5c975bd08283d2193b46de41,sync,False,2026-08-31T01:12:33+00:00
cyclone_idai_2019,2019-03-31__api-fast__generic,machine,api-fast,api-fast/generic,2019-03-31,wash,WASH needs and response,present,1.0,0.95,ok,,204,1a927a2e,qwen/qwen3.8-flash,807e3c8d5e3aba7f46f367be183e6d2f26d23de08bb6837bafa75584a58bd935,sync,False,2026-08-31T01:12:33+00:00
cyclone_idai_2019,2019-03-31__api-fast__generic,machine,api-fast,api-fast/generic,2019-03-31,food,Food security and assistance reach,,,,invalid,unparsable JSON (empty output),0,,qwen/qwen3.8-flash,92942bf0f8f5aa700c6dd295efca88e37c3a2613d249ffc3488a6b3fdc16407b,sync,False,2026-08-31T01:12:33+00:00
cyclone_idai_2019,2019-03-31__api-fast__generic,machine,api-fast,api-fast/generic,2019-03-31,access,Access constraints,present,1.0,1.0,ok,,163,b504399c,qwen/qwen3.8-flash,e56a5267ecba1c30cd017e6201c41846502e32a233f487037913baac72d21e64,sync,False,2026-08-31T01:12:33+00:00
cyclone_idai_2019,2019-03-31__api-fast__generic,machine,api-fast,api-fast/generic,2019-03-31,coordination,Coordination arrangements,partial,0.5,0.95,ok,,102,755921bb,qwen/qwen3.8-flash,b7a9864a147f40661d95fc22613cd91b1b928295fcdf3215c2c0e26e855196f3,sync,False,2026-08-31T01:12:33+00:00
cyclone_idai_2019,2019-03-31__api-fast__generic,machine,api-fast,api-fast/generic,2019-03-31,needs_gaps,Sector needs and gaps,present,1.0,0.9,ok,,119,e091e2b0,qwen/qwen3.8-flash,ecc89a82775794fe822bc9bc4969760df7f2436e86ac8ea4b38a1575ed5a8ba5,sync,False,2026-08-31T01:12:33+00:00
cyclone_idai_2019,2019-03-31__api-fast__generic,machine,api-fast,api-fast/generic,2019-03-31,response_actions,Sector response activities,present,1.0,0.95,ok,,231,b4121c98,qwen/qwen3.8-flash,b5e8e0e75f905632267ec339bef399996868ea0171cc031e2d754b349159da79,sync,False,2026-08-31T01:12:33+00:00
cyclone_idai_2019,2019-03-31__api-fast__generic,machine,api-fast,api-fast/generic,2019-03-31,shelter,Shelter and non-food items,partial,0.5,0.95,ok,,95,bf1bc221,qwen/qwen3.8-flash,b8f9ede415e67561a75b3becb3d68aff6042374906b3b36b72b32b317d8441ed,sync,False,2026-08-31T01:12:33+00:00
cyclone_idai_2019,2019-03-31__api-fast__schema_guided,machine,api-fast,api-fast/schema_guided,2019-03-31,currency_and_metadata,Data currency and report metadata,partial,0.5,1.0,ok,,147,45722973,qwen/qwen3.8-flash,415b8cfa97e34af80bb55900454ab0cbc5035d0b45a827b9d549b7939d6d1e2c,sync,False,2026-08-31T01:12:33+00:00
cyclone_idai_2019,2019-03-31__api-fast__schema_guided,machine,api-fast,api-fast/schema_guided,2019-03-31,sourcing,Sourcing and attribution,present,1.0,1.0,ok,,184,8aed0405,qwen/qwen3.8-flash,017f690cfbc34b5fd54b0bff83bf83ee51a661f626664d074f33c7eff47139a5,sync,False,2026-08-31T01:12:33+00:00
cyclone_idai_2019,2019-03-31__api-fast__schema_guided,machine,api-fast,api-fast/schema_guided,2019-03-31,casualties,Casualty and affected-population figures,present,1.0,1.0,ok,,117,4b6dd73d,qwen/qwen3.8-flash,2a9748495f826116756cb7e4e804888bb122668ebb30a087a1e2b4ec63d99e44,sync,False,2026-08-31T01:12:33+00:00
cyclone_idai_2019,2019-03-31__api-fast__schema_guided,machine,api-fast,api-fast/schema_guided,2019-03-31,displacement,Displacement and accommodation sites,partial,0.5,0.9,ok,,165,a6844967,qwen/qwen3.8-flash,bc18d4b0cac923fa7278c3c1be57051c0ef9ccabfc823d02f00f3ab6cbdb5d76,sync,False,2026-08-31T01:12:33+00:00
cyclone_idai_2019,2019-03-31__api-fast__schema_guided,machine,api-fast,api-fast/schema_guided,2019-03-31,health,"Health, disease outbreak and nutrition",present,1.0,1.0,ok,,218,ad705e71,qwen/qwen3.8-flash,33dd60e2b30f2810f30d8a101bd7de0ba40921e57aa653ca949bbdb41651861f,sync,False,2026-08-31T01:12:33+00:00
cyclone_idai_2019,2019-03-31__api-fast__schema_guided,machine,api-fast,api-fast/schema_guided,2019-03-31,damage,"Physical, economic and agricultural damage",present,1.0,1.0,ok,,169,c72352eb,qwen/qwen3.8-flash,726dbf809ad317ba1fa500068d4cbec98a7c9260edb29d5564fb2abd8e28c1f3,sync,False,2026-08-31T01:12:33+00:00
cyclone_idai_2019,2019-03-31__api-fast__schema_guided,machine,api-fast,api-fast/schema_guided,2019-03-31,funding,Funding status and donor contributions,partial,0.5,1.0,ok,,174,7f399bf9,qwen/qwen3.8-flash,101d2a2c6226e3b03a57eb547529821b54c12b7a1053ea4376b8e91d72c10e39,sync,False,2026-08-31T01:12:33+00:00
cyclone_idai_2019,2019-03-31__api-fast__schema_guided,machine,api-fast,api-fast/schema_guided,2019-03-31,education,Education impact and response,,,,invalid,unparsable JSON (empty output),0,,qwen/qwen3.8-flash,8d8df6b9fc359a9a6e241e768781c19a512bfbcc0d718bb368e8b7355f838bda,sync,False,2026-08-31T01:12:33+00:00
cyclone_idai_2019,2019-03-31__api-fast__schema_guided,machine,api-fast,api-fast/schema_guided,2019-03-31,wash,WASH needs and response,partial,0.5,0.95,ok,,112,ffe3c51a,qwen/qwen3.8-flash,293218dbc98066019b787dc9475e618b2bb11018e66f529b15eaf4c19f42f80c,sync,False,2026-08-31T01:12:33+00:00
cyclone_idai_2019,2019-03-31__api-fast__schema_guided,machine,api-fast,api-fast/schema_guided,2019-03-31,food,Food security and assistance reach,present,1.0,1.0,ok,,215,d5290736,qwen/qwen3.8-flash,dfd31e9844c01bfb1e38326574b9e71b216cdf70aa95108ffaee8b663c5c2fbd,sync,False,2026-08-31T01:12:33+00:00
cyclone_idai_2019,2019-03-31__api-fast__schema_guided,machine,api-fast,api-fast/schema_guided,2019-03-31,access,Access constraints,present,1.0,1.0,ok,,185,92b9e03f,qwen/qwen3.8-flash,799b9650a45f81c2dabcce155b3162660c156eaea95b7ce4abead18db86775e2,sync,False,2026-08-31T01:12:33+00:00
cyclone_idai_2019,2019-03-31__api-fast__schema_guided,machine,api-fast,api-fast/schema_guided,2019-03-31,coordination,Coordination arrangements,present,1.0,0.95,ok,,211,877936ab,qwen/qwen3.8-flash,c1cb13abc54b5ed14dd87da9117a04aae3be53522b7022bca795fe9f9813f170,sync,False,2026-08-31T01:12:33+00:00
cyclone_idai_2019,2019-03-31__api-fast__schema_guided,machine,api-fast,api-fast/schema_guided,2019-03-31,needs_gaps,Sector needs and gaps,present,1.0,0.95,ok,,165,b64f82bc,qwen/qwen3.8-flash,06ea1142f1f423bf4e18b7e5b3221d6025330756310bc47dd72d88fe6e6a966e,sync,False,2026-08-31T01:12:33+00:00
cyclone_idai_2019,2019-03-31__api-fast__schema_guided,machine,api-fast,api-fast/schema_guided,2019-03-31,response_actions,Sector response activities,present,1.0,1.0,ok,,190,bf99635a,qwen/qwen3.8-flash,8be6bbc5653e2a6bb54828cb5e5a1e01d6e2ebce399a1f503449aa6d469fd182,sync,False,2026-08-31T01:12:33+00:00
cyclone_idai_2019,2019-03-31__api-fast__schema_guided,machine,api-fast,api-fast/schema_guided,2019-03-31,shelter,Shelter and non-food items,partial,0.5,0.95,ok,,150,5a2c4235,qwen/qwen3.8-flash,11b1087fccc03d428fb5d3e37361fb4d3c86e39c2fe364104e18e7a1f38aea70,sync,False,2026-08-31T01:12:33+00:00
cyclone_idai_2019,2019-03-31__api-strong__generic,machine,api-strong,api-strong/generic,2019-03-31,currency_and_metadata,Data currency and report metadata,partial,0.5,0.95,ok,,176,4a3763f6,qwen/qwen3.8-flash,ea1e1387a0373343f757929fc0aae2fd73fe5e0281e5e703621d911edb5cfa31,sync,False,2026-08-31T01:12:33+00:00
cyclone_idai_2019,2019-03-31__api-strong__generic,machine,api-strong,api-strong/generic,2019-03-31,sourcing,Sourcing and attribution,,,,invalid,unparsable JSON (empty output),0,,qwen/qwen3.8-flash,bbcd19bd45d26211b89ef78ec1f0d5a6d12fefc1ca545bd8937077031af20714,sync,False,2026-08-31T01:12:33+00:00
cyclone_idai_2019,2019-03-31__api-strong__generic,machine,api-strong,api-strong/generic,2019-03-31,casualties,Casualty and affected-population figures,present,1.0,0.95,ok,,184,6dee9b97,qwen/qwen3.8-flash,7bfd0e7b721c2e5c746336c3fc71487c99be182d66df10059f2ace22dd145488,sync,False,2026-08-31T01:12:33+00:00
cyclone_idai_2019,2019-03-31__api-strong__generic,machine,api-strong,api-strong/generic,2019-03-31,displacement,Displacement and accommodation sites,partial,0.5,0.95,ok,,91,37c78e5c,qwen/qwen3.8-flash,8430860171a444406fee99f449ae844858380e1c75cd7da8eea931763e6f4e25,sync,False,2026-08-31T01:12:33+00:00
cyclone_idai_2019,2019-03-31__api-strong__generic,machine,api-strong,api-strong/generic,2019-03-31,health,"Health, disease outbreak and nutrition",,,,invalid,unparsable JSON (empty output),0,,qwen/qwen3.8-flash,428d4ddeb43f725e3fc1a4dd9197ecf44c4906781967f785e22d953f0aa9aafa,sync,False,2026-08-31T01:12:33+00:00
cyclone_idai_2019,2019-03-31__api-strong__generic,machine,api-strong,api-strong/generic,2019-03-31,damage,"Physical, economic and agricultural damage",,,,invalid,unparsable JSON (empty output),0,,qwen/qwen3.8-flash,3e9fcacd2e14d2d5329f32c729ea77e38c06eb070e293f1c45393c6e6b51af61,sync,False,2026-08-31T01:12:33+00:00
cyclone_idai_2019,2019-03-31__api-strong__generic,machine,api-strong,api-strong/generic,2019-03-31,funding,Funding status and donor contributions,present,1.0,0.95,ok,,153,a189c60a,qwen/qwen3.8-flash,f00d30fa558c9b1c6672c0da28ed0c36f72590669c199fb74e4a82251909e776,sync,False,2026-08-31T01:12:33+00:00
cyclone_idai_2019,2019-03-31__api-strong__generic,machine,api-strong,api-strong/generic,2019-03-31,education,Education impact and response,present,1.0,1.0,ok,,171,1cdded25,qwen/qwen3.8-flash,71ad968a36b25c5eaf60076ae930df355f905a540efb166e86f42a3a4c73f75d,sync,False,2026-08-31T01:12:33+00:00
cyclone_idai_2019,2019-03-31__api-strong__generic,machine,api-strong,api-strong/generic,2019-03-31,wash,WASH needs and response,partial,0.5,0.95,ok,,155,06e1ed4f,qwen/qwen3.8-flash,fa8e2deb1a769e782c50d06750a5e7a2cb7802bfdf111c8f875f78e28ac72a2a,sync,False,2026-08-31T01:12:33+00:00
cyclone_idai_2019,2019-03-31__api-strong__generic,machine,api-strong,api-strong/generic,2019-03-31,food,Food security and assistance reach,present,1.0,0.95,ok,,146,2bb66ea5,qwen/qwen3.8-flash,57bbbf117652d8fa34d9385655f3e40b02e6170f6959c52b70ef0cff951e752d,sync,False,2026-08-31T01:12:33+00:00
cyclone_idai_2019,2019-03-31__api-strong__generic,machine,api-strong,api-strong/generic,2019-03-31,access,Access constraints,present,1.0,1.0,ok,,208,87059cc0,qwen/qwen3.8-flash,5576176311525c2faaeb9f413750d69f6da7e7880364e79923d2ddd10197b7ad,sync,False,2026-08-31T01:12:33+00:00
cyclone_idai_2019,2019-03-31__api-strong__generic,machine,api-strong,api-strong/generic,2019-03-31,coordination,Coordination arrangements,partial,0.5,0.95,ok,,182,9b40eebc,qwen/qwen3.8-flash,02ae2081cbd96d5b73a415faf28f31676acd9394de7fb1fd7e6cacd866e5e860,sync,False,2026-08-31T01:12:33+00:00
cyclone_idai_2019,2019-03-31__api-strong__generic,machine,api-strong,api-strong/generic,2019-03-31,needs_gaps,Sector needs and gaps,partial,0.5,0.85,ok,,172,21b7a865,qwen/qwen3.8-flash,8064e56d2c71a8530e4fa5d7e2c4034588cbc431a60a3596ae5ba03c1cc3fff6,sync,False,2026-08-31T01:12:33+00:00
cyclone_idai_2019,2019-03-31__api-strong__generic,machine,api-strong,api-strong/generic,2019-03-31,response_actions,Sector response activities,present,1.0,1.0,ok,,207,f0b14099,qwen/qwen3.8-flash,4a22d17c4f60af055052d93072745ef8540a1159a1d3fad32ebda30331ce305e,sync,False,2026-08-31T01:12:33+00:00
cyclone_idai_2019,2019-03-31__api-strong__generic,machine,api-strong,api-strong/generic,2019-03-31,shelter,Shelter and non-food items,partial,0.5,0.95,ok,,115,0d2ac2df,qwen/qwen3.8-flash,aecd734606398134b0298ad36c65b3e8d47a4e8dc6b8ff576323a256c4670592,sync,False,2026-08-31T01:12:33+00:00
cyclone_idai_2019,2019-03-31__api-strong__schema_guided,machine,api-strong,api-strong/schema_guided,2019-03-31,currency_and_metadata,Data currency and report metadata,partial,0.5,0.95,ok,,150,013c8e9d,qwen/qwen3.8-flash,1850cac7ec7f35f7f4ca387b94700b14c658ab42397944c1c7ecc6214236af8d,sync,False,2026-08-31T01:12:33+00:00
cyclone_idai_2019,2019-03-31__api-strong__schema_guided,machine,api-strong,api-strong/schema_guided,2019-03-31,sourcing,Sourcing and attribution,present,1.0,1.0,ok,,187,b7408e79,qwen/qwen3.8-flash,5f6e58399d4e3d310a0aa70ba8360b1de29baf5388f613593e89d7cd26a1d75f,sync,False,2026-08-31T01:12:33+00:00
cyclone_idai_2019,2019-03-31__api-strong__schema_guided,machine,api-strong,api-strong/schema_guided,2019-03-31,casualties,Casualty and affected-population figures,present,1.0,0.95,ok,,160,0aa55c78,qwen/qwen3.8-flash,6b492113da9fb396e005ccde8f28095ee284ec764cc671633b69adc3d5daeec9,sync,False,2026-08-31T01:12:33+00:00
cyclone_idai_2019,2019-03-31__api-strong__schema_guided,machine,api-strong,api-strong/schema_guided,2019-03-31,displacement,Displacement and accommodation sites,partial,0.5,0.95,ok,,169,82717d5b,qwen/qwen3.8-flash,7c8aace209ddd4bd70e9818b384ba018d7c0a3420d47b8f8fc1f64470e9a5567,sync,False,2026-08-31T01:12:33+00:00
cyclone_idai_2019,2019-03-31__api-strong__schema_guided,machine,api-strong,api-strong/schema_guided,2019-03-31,health,"Health, disease outbreak and nutrition",present,1.0,1.0,ok,,254,c80ff2ca,qwen/qwen3.8-flash,969c0591e273f60fd5f822e90439d6c3b966af32b144877f720a92c35e036567,sync,False,2026-08-31T01:12:33+00:00
cyclone_idai_2019,2019-03-31__api-strong__schema_guided,machine,api-strong,api-strong/schema_guided,2019-03-31,damage,"Physical, economic and agricultural damage",,,,invalid,unparsable JSON (empty output),0,,qwen/qwen3.8-flash,bde2a718ce19c64a1518e0c3f28134a25e6c4b908090f0dc147a6157dd331771,sync,False,2026-08-31T01:12:33+00:00
cyclone_idai_2019,2019-03-31__api-strong__schema_guided,machine,api-strong,api-strong/schema_guided,2019-03-31,funding,Funding status and donor contributions,partial,0.5,0.95,ok,,206,0cbb6bdd,qwen/qwen3.8-flash,51a4db532bff13af9abc619000d47d5072b6e65a357a4d8f81ce84d53da320b6,sync,False,2026-08-31T01:12:33+00:00
cyclone_idai_2019,2019-03-31__api-strong__schema_guided,machine,api-strong,api-strong/schema_guided,2019-03-31,education,Education impact and response,present,1.0,0.95,ok,,218,98cf785a,qwen/qwen3.8-flash,7cd85739b54b08d82de7dfde71fd742f4cacf6f29373c5894d4a1613287200c8,sync,False,2026-08-31T01:12:33+00:00
cyclone_idai_2019,2019-03-31__api-strong__schema_guided,machine,api-strong,api-strong/schema_guided,2019-03-31,wash,WASH needs and response,partial,0.5,1.0,ok,,119,fd3d7757,qwen/qwen3.8-flash,1ac2eb20692623bca9a471f45db9eb1c39de2f12b4992054e48264874a729da0,sync,False,2026-08-31T01:12:33+00:00
cyclone_idai_2019,2019-03-31__api-strong__schema_guided,machine,api-strong,api-strong/schema_guided,2019-03-31,food,Food security and assistance reach,,,,invalid,unparsable JSON (empty output),0,,qwen/qwen3.8-flash,90ccaceb7caa2b181e6713336805886fa6a2f9fc32dfda2e06b6a3f4414b45c8,sync,False,2026-08-31T01:12:33+00:00
cyclone_idai_2019,2019-03-31__api-strong__schema_guided,machine,api-strong,api-strong/schema_guided,2019-03-31,access,Access constraints,present,1.0,1.0,ok,,202,3c4d7d42,qwen/qwen3.8-flash,5f434d852b92f845bc4df2ca65438276705a4062db3306b7c3b880827893f2f3,sync,False,2026-08-31T01:12:33+00:00
cyclone_idai_2019,2019-03-31__api-strong__schema_guided,machine,api-strong,api-strong/schema_guided,2019-03-31,coordination,Coordination arrangements,present,1.0,0.95,ok,,154,0f781af0,qwen/qwen3.8-flash,a10f9c0d4ec631a95180a95e1d9496b1e289eeadf6ff35598829afd0cb3879f2,sync,False,2026-08-31T01:12:33+00:00
cyclone_idai_2019,2019-03-31__api-strong__schema_guided,machine,api-strong,api-strong/schema_guided,2019-03-31,needs_gaps,Sector needs and gaps,present,1.0,0.95,ok,,199,d9e7e1c4,qwen/qwen3.8-flash,ac4cf37a0bb542dd9a5efca0d0168e387cef2afe09f671d8d9aaa0ea617b0e68,sync,False,2026-08-31T01:12:33+00:00
cyclone_idai_2019,2019-03-31__api-strong__schema_guided,machine,api-strong,api-strong/schema_guided,2019-03-31,response_actions,Sector response activities,present,1.0,1.0,ok,,221,c1d8be3f,qwen/qwen3.8-flash,e4c063efdb361766ea08883ae705dd22e2a334fba6a94e360be3a21a21c1dd58,sync,False,2026-08-31T01:12:33+00:00
cyclone_idai_2019,2019-03-31__api-strong__schema_guided,machine,api-strong,api-strong/schema_guided,2019-03-31,shelter,Shelter and non-food items,present,1.0,0.9,ok,,137,d1d2148d,qwen/qwen3.8-flash,a3483862be87b6ff822124a01221a98123b5c5d44fdffb27241015f1cc78c3dd,sync,False,2026-08-31T01:12:33+00:00
cyclone_idai_2019,2019-04-01__api-fast__generic,machine,api-fast,api-fast/generic,2019-04-01,currency_and_metadata,Data currency and report metadata,partial,0.5,0.95,ok,,55,9a50781d,qwen/qwen3.8-flash,f7c475354da2efde0b9012db3fc4f568e47628cfcdb4a138451e553f6dbff8b1,sync,False,2026-08-31T01:12:33+00:00
cyclone_idai_2019,2019-04-01__api-fast__generic,machine,api-fast,api-fast/generic,2019-04-01,sourcing,Sourcing and attribution,partial,0.5,0.95,ok,,73,4825ecb8,qwen/qwen3.8-flash,f05d2345be21e978eb14d9c4ba26e69c0a52549f91678009c0edf275e56d32c1,sync,False,2026-08-31T01:12:33+00:00
cyclone_idai_2019,2019-04-01__api-fast__generic,machine,api-fast,api-fast/generic,2019-04-01,casualties,Casualty and affected-population figures,present,1.0,1.0,ok,,179,5ccfc711,qwen/qwen3.8-flash,8030c0aa2e586ba3ed302b1cef9547f73a971ba6542f2a386ef37a7a6a4469da,sync,False,2026-08-31T01:12:33+00:00
cyclone_idai_2019,2019-04-01__api-fast__generic,machine,api-fast,api-fast/generic,2019-04-01,displacement,Displacement and accommodation sites,partial,0.5,0.95,ok,,116,570498c3,qwen/qwen3.8-flash,43dfc33082bbe14d66d5d5e5add25f0ee7328f135f49400e437627de020a84d4,sync,False,2026-08-31T01:12:33+00:00
cyclone_idai_2019,2019-04-01__api-fast__generic,machine,api-fast,api-fast/generic,2019-04-01,health,"Health, disease outbreak and nutrition",present,1.0,0.9,ok,,189,fe9cc482,qwen/qwen3.8-flash,7b456811a185f2d6a6c80c77341e29d513433674305d430b3679ce00b253f251,sync,False,2026-08-31T01:12:33+00:00
cyclone_idai_2019,2019-04-01__api-fast__generic,machine,api-fast,api-fast/generic,2019-04-01,damage,"Physical, economic and agricultural damage",present,1.0,0.9,ok,,214,df5c54ca,qwen/qwen3.8-flash,d370b7ceb701979fddb8e99c1a277fbedf4a81e9736ab6d28a5d021516f7be1d,sync,False,2026-08-31T01:12:33+00:00
cyclone_idai_2019,2019-04-01__api-fast__generic,machine,api-fast,api-fast/generic,2019-04-01,funding,Funding status and donor contributions,present,1.0,0.9,ok,,184,0a4a113c,qwen/qwen3.8-flash,3dcb6e1a998f5e84b02bc07d071e752037bdbb295922330ac11dca4a9c9d396e,sync,False,2026-08-31T01:12:33+00:00
cyclone_idai_2019,2019-04-01__api-fast__generic,machine,api-fast,api-fast/generic,2019-04-01,education,Education impact and response,partial,0.5,0.95,ok,,149,5154e7de,qwen/qwen3.8-flash,084064507718032c4b978312e4f53e9a9920c05e056dc46a3ad6436de9a3eaaa,sync,False,2026-08-31T01:12:33+00:00
cyclone_idai_2019,2019-04-01__api-fast__generic,machine,api-fast,api-fast/generic,2019-04-01,wash,WASH needs and response,present,1.0,0.95,ok,,200,3a84fcbd,qwen/qwen3.8-flash,751ae0d3b6cad4b54a106df10c4c371ee13b4fe3074420b3efda1d96528d1b14,sync,False,2026-08-31T01:12:33+00:00
cyclone_idai_2019,2019-04-01__api-fast__generic,machine,api-fast,api-fast/generic,2019-04-01,food,Food security and assistance reach,partial,0.5,0.9,ok,,143,6a6ebacf,qwen/qwen3.8-flash,c5e6f7429cb432c468fcf50b573668d19ba019d744d469c299e25a323fde5ece,sync,False,2026-08-31T01:12:33+00:00
cyclone_idai_2019,2019-04-01__api-fast__generic,machine,api-fast,api-fast/generic,2019-04-01,access,Access constraints,present,1.0,1.0,ok,,215,56971aad,qwen/qwen3.8-flash,232b632e4bbc125af856527c353bc80f44cfd37ee7dd816bc1b7754bcbe6b3fe,sync,False,2026-08-31T01:12:33+00:00
cyclone_idai_2019,2019-04-01__api-fast__generic,machine,api-fast,api-fast/generic,2019-04-01,coordination,Coordination arrangements,present,1.0,0.95,ok,,184,4a20c78f,qwen/qwen3.8-flash,727121fae60f7e3cd387fd785a34d8ec9c238d6643cb9494e8cea8aa5705747a,sync,False,2026-08-31T01:12:33+00:00
cyclone_idai_2019,2019-04-01__api-fast__generic,machine,api-fast,api-fast/generic,2019-04-01,needs_gaps,Sector needs and gaps,,,,invalid,unparsable JSON (empty output),0,,qwen/qwen3.8-flash,05c075b0f00befa196718cdbd4accf4dae36a57f78d1ea41b96e9550af2cd7df,sync,False,2026-08-31T01:12:33+00:00
cyclone_idai_2019,2019-04-01__api-fast__generic,machine,api-fast,api-fast/generic,2019-04-01,response_actions,Sector response activities,present,1.0,1.0,ok,,185,3fbd11f1,qwen/qwen3.8-flash,36e3ef26482f7de0affee64b0dad781424bfe738b4326adbbe78ebab7c45e4d0,sync,False,2026-08-31T01:12:33+00:00
cyclone_idai_2019,2019-04-01__api-fast__generic,machine,api-fast,api-fast/generic,2019-04-01,shelter,Shelter and non-food items,present,1.0,1.0,ok,,161,d7d594b8,qwen/qwen3.8-flash,2390f600c0f6fe55eac7107f8c8940b2544951beba7db3f6396be49fb0479797,sync,False,2026-08-31T01:12:33+00:00
cyclone_idai_2019,2019-04-01__api-fast__schema_guided,machine,api-fast,api-fast/schema_guided,2019-04-01,currency_and_metadata,Data currency and report metadata,absent,0.0,1.0,ok,,0,,qwen/qwen3.8-flash,420d3d274dbfdb1e1510cca439979930316add5df8614e5bb3b88fe811f2ac04,sync,False,2026-08-31T01:12:33+00:00
cyclone_idai_2019,2019-04-01__api-fast__schema_guided,machine,api-fast,api-fast/schema_guided,2019-04-01,sourcing,Sourcing and attribution,present,1.0,1.0,ok,,184,b0c548ea,qwen/qwen3.8-flash,4206e7d24c91feb81879bfc12f14283a8580c9a223c185040ffe3d5c721ba7eb,sync,False,2026-08-31T01:12:33+00:00
cyclone_idai_2019,2019-04-01__api-fast__schema_guided,machine,api-fast,api-fast/schema_guided,2019-04-01,casualties,Casualty and affected-population figures,present,1.0,1.0,ok,,190,e3fdb9b9,qwen/qwen3.8-flash,5a80d138fa74be53e652f462e19c5469be5f79856210921c498f475a609572ad,sync,False,2026-08-31T01:12:33+00:00
cyclone_idai_2019,2019-04-01__api-fast__schema_guided,machine,api-fast,api-fast/schema_guided,2019-04-01,displacement,Displacement and accommodation sites,partial,0.5,1.0,ok,,128,46f7390e,qwen/qwen3.8-flash,0826610b21b297f0a2e3f07b53f7cad26c721d225501e2384cb5805002514e78,sync,False,2026-08-31T01:12:33+00:00
cyclone_idai_2019,2019-04-01__api-fast__schema_guided,machine,api-fast,api-fast/schema_guided,2019-04-01,health,"Health, disease outbreak and nutrition",,,,invalid,unparsable JSON (empty output),0,,qwen/qwen3.8-flash,02e42b79f27654d90bbd6d5a8af87961cc0edf88196f445678a201a22f59b78e,sync,False,2026-08-31T01:12:33+00:00
cyclone_idai_2019,2019-04-01__api-fast__schema_guided,machine,api-fast,api-fast/schema_guided,2019-04-01,damage,"Physical, economic and agricultural damage",present,1.0,0.95,ok,,209,29effcd3,qwen/qwen3.8-flash,a7feba870a6bd06c9e3bff247bd36492efecf773d1ecfbe4a3c3c0080d6c33d6,sync,False,2026-08-31T01:12:33+00:00
cyclone_idai_2019,2019-04-01__api-fast__schema_guided,machine,api-fast,api-fast/schema_guided,2019-04-01,funding,Funding status and donor contributions,,,,invalid,unparsable JSON (empty output),0,,qwen/qwen3.8-flash,bc6d4781828bbb0a6bb8d861014798ff8ea0720fd3e828e15a94a6e9901c2b9e,sync,False,2026-08-31T01:12:33+00:00
cyclone_idai_2019,2019-04-01__api-fast__schema_guided,machine,api-fast,api-fast/schema_guided,2019-04-01,education,Education impact and response,partial,0.5,0.95,ok,,134,a50f469e,qwen/qwen3.8-flash,f21e8f320a908c52bf9bcafa7c99f67dfec50be0164478b41343faf5b81c9199,sync,False,2026-08-31T01:12:33+00:00
cyclone_idai_2019,2019-04-01__api-fast__schema_guided,machine,api-fast,api-fast/schema_guided,2019-04-01,wash,WASH needs and response,present,1.0,1.0,ok,,142,6d940525,qwen/qwen3.8-flash,fd235c9101483f1067dadf9295154cb50f6feb90915a0497557777db952f1a34,sync,False,2026-08-31T01:12:33+00:00
cyclone_idai_2019,2019-04-01__api-fast__schema_guided,machine,api-fast,api-fast/schema_guided,2019-04-01,food,Food security and assistance reach,present,1.0,0.95,ok,,242,b5a65241,qwen/qwen3.8-flash,34e1f9a4b951f636a299168fe45663d47f6c84e54f7d200661c5e1d3967a7cd7,sync,False,2026-08-31T01:12:33+00:00
cyclone_idai_2019,2019-04-01__api-fast__schema_guided,machine,api-fast,api-fast/schema_guided,2019-04-01,access,Access constraints,present,1.0,1.0,ok,,170,bdb51c67,qwen/qwen3.8-flash,ee6daacb9b2318695d9d3e0e7ed24728afa8f809d80cbf4168e31576ac1fb4ab,sync,False,2026-08-31T01:12:33+00:00
cyclone_idai_2019,2019-04-01__api-fast__schema_guided,machine,api-fast,api-fast/schema_guided,2019-04-01,coordination,Coordination arrangements,present,1.0,1.0,ok,,186,bc220f3b,qwen/qwen3.8-flash,903779cbb9c64671e9fcb2aeb95262d6a3edb2fa095ea25c411c268fe06e38d7,sync,False,2026-08-31T01:12:33+00:00
cyclone_idai_2019,2019-04-01__api-fast__schema_guided,machine,api-fast,api-fast/schema_guided,2019-04-01,needs_gaps,Sector needs and gaps,present,1.0,1.0,ok,,206,cf16d520,qwen/qwen3.8-flash,5e5978bbf58559d04a335bbad8eeff7f488ffcf59673c295998b532d4873b8fc,sync,False,2026-08-31T01:12:33+00:00
cyclone_idai_2019,2019-04-01__api-fast__schema_guided,machine,api-fast,api-fast/schema_guided,2019-04-01,response_actions,Sector response activities,present,1.0,1.0,ok,,197,1abbfcea,qwen/qwen3.8-flash,c21cf0301082d9da1e6d2094c54a4b88cbf538193773081bc2e104dbdc7d1da0,sync,False,2026-08-31T01:12:33+00:00
cyclone_idai_2019,2019-04-01__api-fast__schema_guided,machine,api-fast,api-fast/schema_guided,2019-04-01,shelter,Shelter and non-food items,,,,invalid,unparsable JSON (empty output),0,,qwen/qwen3.8-flash,688ad48dedd7470acb680e3c0b88c7d924d2e4d920b6b29909d7bf8b2c652b5f,sync,False,2026-08-31T01:12:33+00:00
cyclone_idai_2019,2019-04-01__api-strong__generic,machine,api-strong,api-strong/generic,2019-04-01,currency_and_metadata,Data currency and report metadata,present,1.0,0.95,ok,,127,86e96972,qwen/qwen3.8-flash,02dfc563d72e657524a8e810d5e27f63cc0841867d1098299a8418c9b1163afb,sync,False,2026-08-31T01:12:33+00:00
cyclone_idai_2019,2019-04-01__api-strong__generic,machine,api-strong,api-strong/generic,2019-04-01,sourcing,Sourcing and attribution,present,1.0,1.0,ok,,169,d5e23319,qwen/qwen3.8-flash,f03809522564a3ee61739eb04ba0cba6e5704639c48406dd241e02de04a75777,sync,False,2026-08-31T01:12:33+00:00
cyclone_idai_2019,2019-04-01__api-strong__generic,machine,api-strong,api-strong/generic,2019-04-01,casualties,Casualty and affected-population figures,present,1.0,1.0,ok,,136,889ca1e4,qwen/qwen3.8-flash,7cdb71033ed68fc68fab3ce5a9449378292a11037ae7a67c8b248012f9c0e091,sync,False,2026-08-31T01:12:33+00:00
cyclone_idai_2019,2019-04-01__api-strong__generic,machine,api-strong,api-strong/generic,2019-04-01,displacement,Displacement and accommodation sites,partial,0.5,0.95,ok,,214,edbfcd1b,qwen/qwen3.8-flash,5fe464048bec4f323b33ca9e8fc51035af14a169ffcb4c8a20fc3f26adaf22e3,sync,False,2026-08-31T01:12:33+00:00
cyclone_idai_2019,2019-04-01__api-strong__generic,machine,api-strong,api-strong/generic,2019-04-01,health,"Health, disease outbreak and nutrition",present,1.0,0.95,ok,,180,00f6421b,qwen/qwen3.8-flash,bd2f32eae9ccefd9972965bf68ed73e4c736b5e82f928b51eae8c03e5ef069c8,sync,False,2026-08-31T01:12:33+00:00
cyclone_idai_2019,2019-04-01__api-strong__generic,machine,api-strong,api-strong/generic,2019-04-01,damage,"Physical, economic and agricultural damage",present,1.0,0.95,ok,,170,5e5fa21e,qwen/qwen3.8-flash,80626b33524c43575fb8e34668d4fe394c01c38d4f8f5b9d59a868bd257cb25e,sync,False,2026-08-31T01:12:33+00:00
cyclone_idai_2019,2019-04-01__api-strong__generic,machine,api-strong,api-strong/generic,2019-04-01,funding,Funding status and donor contributions,partial,0.5,0.9,ok,,154,a3390ce0,qwen/qwen3.8-flash,bbedd4428bd543f4cdbd59af8e65eb91c968442858af5ca372a77c58940e50bd,sync,False,2026-08-31T01:12:33+00:00
cyclone_idai_2019,2019-04-01__api-strong__generic,machine,api-strong,api-strong/generic,2019-04-01,education,Education impact and response,partial,0.5,0.9,ok,,158,16e3daae,qwen/qwen3.8-flash,4f628b42338c36274f979fc4874d331f853019a37c71079d7ad8dd949562a62b,sync,False,2026-08-31T01:12:33+00:00
cyclone_idai_2019,2019-04-01__api-strong__generic,machine,api-strong,api-strong/generic,2019-04-01,wash,WASH needs and response,,,,invalid,unparsable JSON (empty output),0,,qwen/qwen3.8-flash,c2d1b9eff83137baafc0833b4d65ee880bd33db3521eef8c0027174365b312f9,sync,False,2026-08-31T01:12:33+00:00
cyclone_idai_2019,2019-04-01__api-strong__generic,machine,api-strong,api-strong/generic,2019-04-01,food,Food security and assistance reach,present,1.0,0.95,ok,,212,3bcdb5ed,qwen/qwen3.8-flash,24ec1281e5ca4b6bb68c38409864f933a954f2e1e92892fd719517c5505b6a5c,sync,False,2026-08-31T01:12:33+00:00
cyclone_idai_2019,2019-04-01__api-strong__generic,machine,api-strong,api-strong/generic,2019-04-01,access,Access constraints,present,1.0,0.95,ok,,117,d8903408,qwen/qwen3.8-flash,43bedd47a86027d20efbfeb916258a374365410b505d37374774af67c1ea84df,sync,False,2026-08-31T01:12:33+00:00
cyclone_idai_2019,2019-04-01__api-strong__generic,machine,api-strong,api-strong/generic,2019-04-01,coordination,Coordination arrangements,,,,invalid,unparsable JSON (Unterminated string starting at at pos 40),0,,qwen/qwen3.8-flash,3439a2d6836d645dab44ff5ba689f189d63e97c2b74c988306d427909b99080f,sync,False,2026-08-31T01:12:33+00:00
cyclone_idai_2019,2019-04-01__api-strong__generic,machine,api-strong,api-strong/generic,2019-04-01,needs_gaps,Sector needs and gaps,present,1.0,0.95,ok,,92,ee5d3cb8,qwen/qwen3.8-flash,fe7c88f230c289fb0be47d9ac1a8c7aadb3bd71f51af9583181c6e0895ab0d4d,sync,False,2026-08-31T01:12:33+00:00
cyclone_idai_2019,2019-04-01__api-strong__generic,machine,api-strong,api-strong/generic,2019-04-01,response_actions,Sector response activities,present,1.0,1.0,ok,,191,1a5bcaa3,qwen/qwen3.8-flash,9c252b858c8cb0f3cd90cba7d408e57f9970193a5fd3daf0d2b6c2a45d9c8b17,sync,False,2026-08-31T01:12:33+00:00
cyclone_idai_2019,2019-04-01__api-strong__generic,machine,api-strong,api-strong/generic,2019-04-01,shelter,Shelter and non-food items,present,1.0,0.9,ok,,185,50f98a3c,qwen/qwen3.8-flash,7c3ca311e2f20dfc55f4168d384b99e252774133b5d8d599209bb0f245edb8bd,sync,False,2026-08-31T01:12:33+00:00
cyclone_idai_2019,2019-04-01__api-strong__schema_guided,machine,api-strong,api-strong/schema_guided,2019-04-01,currency_and_metadata,Data currency and report metadata,partial,0.5,1.0,ok,,173,91346802,qwen/qwen3.8-flash,6025701b14b6a0194c13110fb2a356e0c23124510faf21ca1b46f9c04b2fe69b,sync,False,2026-08-31T01:12:33+00:00
cyclone_idai_2019,2019-04-01__api-strong__schema_guided,machine,api-strong,api-strong/schema_guided,2019-04-01,sourcing,Sourcing and attribution,present,1.0,0.95,ok,,162,2217c359,qwen/qwen3.8-flash,8ef02f1297df4fda3d24969825fa1794e8b1038ae491962046828ebb12bda1ab,sync,False,2026-08-31T01:12:33+00:00
cyclone_idai_2019,2019-04-01__api-strong__schema_guided,machine,api-strong,api-strong/schema_guided,2019-04-01,casualties,Casualty and affected-population figures,present,1.0,1.0,ok,,153,79ace3f7,qwen/qwen3.8-flash,705cf0ce0f9a27bfe965b29851bfdbbc724ffca4696f3ae2775259aee5016fa2,sync,False,2026-08-31T01:12:33+00:00
cyclone_idai_2019,2019-04-01__api-strong__schema_guided,machine,api-strong,api-strong/schema_guided,2019-04-01,displacement,Displacement and accommodation sites,partial,0.5,1.0,ok,,187,8462bf27,qwen/qwen3.8-flash,2a4983326a5a761910a3feb77098d3c4c7b5d742bd4c69ddf981f18374d7f40b,sync,False,2026-08-31T01:12:33+00:00
cyclone_idai_2019,2019-04-01__api-strong__schema_guided,machine,api-strong,api-strong/schema_guided,2019-04-01,health,"Health, disease outbreak and nutrition",present,1.0,0.95,ok,,171,a696791f,qwen/qwen3.8-flash,a813fe22ae2cbb1e0b3ff6a9fa6dfcd6446e4f7804ba3d20d6b111692a16f0d6,sync,False,2026-08-31T01:12:33+00:00
cyclone_idai_2019,2019-04-01__api-strong__schema_guided,machine,api-strong,api-strong/schema_guided,2019-04-01,damage,"Physical, economic and agricultural damage",present,1.0,0.95,ok,,146,fa1dfe54,qwen/qwen3.8-flash,bee396c25715c2291be191352556d97d2b6e3c01225eeabfa7e1d105e85c4c13,sync,False,2026-08-31T01:12:33+00:00
cyclone_idai_2019,2019-04-01__api-strong__schema_guided,machine,api-strong,api-strong/schema_guided,2019-04-01,funding,Funding status and donor contributions,partial,0.5,1.0,ok,,186,22199d76,qwen/qwen3.8-flash,1b0d12e510b6feb7e332528ed35cf679849af73d9d6cc01d95a2cd9ba1c714d7,sync,False,2026-08-31T01:12:33+00:00
cyclone_idai_2019,2019-04-01__api-strong__schema_guided,machine,api-strong,api-strong/schema_guided,2019-04-01,education,Education impact and response,partial,0.5,0.95,ok,,194,db52808f,qwen/qwen3.8-flash,f4b3b1e4b6133581e6010f9e3142d85c49f87fdf23035c79ffc5867050a071ca,sync,False,2026-08-31T01:12:33+00:00
cyclone_idai_2019,2019-04-01__api-strong__schema_guided,machine,api-strong,api-strong/schema_guided,2019-04-01,wash,WASH needs and response,present,1.0,0.95,ok,,172,5bec87f1,qwen/qwen3.8-flash,59c4e2b37ab23191b4af1f987fa07eefbb034fd06b013b453de1ee0daec4a266,sync,False,2026-08-31T01:12:33+00:00
cyclone_idai_2019,2019-04-01__api-strong__schema_guided,machine,api-strong,api-strong/schema_guided,2019-04-01,food,Food security and assistance reach,present,1.0,0.95,ok,,152,7e411929,qwen/qwen3.8-flash,281ba17e70eb719eb84cfd798534a89e800f699423df831041b6fa9dc367d20b,sync,False,2026-08-31T01:12:33+00:00
cyclone_idai_2019,2019-04-01__api-strong__schema_guided,machine,api-strong,api-strong/schema_guided,2019-04-01,access,Access constraints,present,1.0,1.0,ok,,195,b6f1e131,qwen/qwen3.8-flash,a4fc41b3884a92a2cd0448aba2bc6aef3cde24e0193097e92869f5bfcb090eee,sync,False,2026-08-31T01:12:33+00:00
cyclone_idai_2019,2019-04-01__api-strong__schema_guided,machine,api-strong,api-strong/schema_guided,2019-04-01,coordination,Coordination arrangements,present,1.0,0.95,ok,,172,207dc347,qwen/qwen3.8-flash,8afa87c68c842792e66dded7ac7cede704025a20b01f08119aca29b56eaa1add,sync,False,2026-08-31T01:12:33+00:00
cyclone_idai_2019,2019-04-01__api-strong__schema_guided,machine,api-strong,api-strong/schema_guided,2019-04-01,needs_gaps,Sector needs and gaps,present,1.0,0.95,ok,,144,3975b5a7,qwen/qwen3.8-flash,b0ffaf24ecbcdc1fe74150fc1fe5f6237c47332828266505a9cf65d0da7ca610,sync,False,2026-08-31T01:12:33+00:00
cyclone_idai_2019,2019-04-01__api-strong__schema_guided,machine,api-strong,api-strong/schema_guided,2019-04-01,response_actions,Sector response activities,present,1.0,0.95,ok,,91,0ca489b8,qwen/qwen3.8-flash,1de0c6206690fe388e09683ac9e598fad8837a4d7b28c45fef7add49fea6913a,sync,False,2026-08-31T01:12:33+00:00
cyclone_idai_2019,2019-04-01__api-strong__schema_guided,machine,api-strong,api-strong/schema_guided,2019-04-01,shelter,Shelter and non-food items,present,1.0,1.0,ok,,207,39825b4e,qwen/qwen3.8-flash,f9f4998c5f875d3a883ed082257f375c1b0be3394fca90ef04952ef390eaa8f8,sync,False,2026-08-31T01:12:33+00:00
cyclone_idai_2019,2019-04-02__api-fast__generic,machine,api-fast,api-fast/generic,2019-04-02,currency_and_metadata,Data currency and report metadata,partial,0.5,0.9,ok,,45,f7837bca,qwen/qwen3.8-flash,d68977caa9a2eececc3c829202738ad0d4c9a2ce2ae5da8fc82c62749326df7a,sync,False,2026-08-31T01:12:33+00:00
cyclone_idai_2019,2019-04-02__api-fast__generic,machine,api-fast,api-fast/generic,2019-04-02,sourcing,Sourcing and attribution,present,1.0,1.0,ok,,121,b8c64a5f,qwen/qwen3.8-flash,4346b1506e56080a946799fa4a955576f92fbec597103d1c46e79f32aaa8490b,sync,False,2026-08-31T01:12:33+00:00
cyclone_idai_2019,2019-04-02__api-fast__generic,machine,api-fast,api-fast/generic,2019-04-02,casualties,Casualty and affected-population figures,present,1.0,0.95,ok,,153,d4ba2107,qwen/qwen3.8-flash,652d5790235336d04999e7199de66b7c04d1c3a5f97e89b5d327304c3fbeac47,sync,False,2026-08-31T01:12:33+00:00
cyclone_idai_2019,2019-04-02__api-fast__generic,machine,api-fast,api-fast/generic,2019-04-02,displacement,Displacement and accommodation sites,partial,0.5,0.95,ok,,98,a0ba93ca,qwen/qwen3.8-flash,31fd72ef628ed1bed8198a385e2b0ce54732c134d4cdfba67b976b95cb7c3b52,sync,False,2026-08-31T01:12:33+00:00
cyclone_idai_2019,2019-04-02__api-fast__generic,machine,api-fast,api-fast/generic,2019-04-02,health,"Health, disease outbreak and nutrition",present,1.0,0.95,ok,,213,719091e1,qwen/qwen3.8-flash,303802dd9732fce5a1ff561cef3821fbf66c691a906e3bbfb4c6b794e88fe362,sync,False,2026-08-31T01:12:33+00:00
cyclone_idai_2019,2019-04-02__api-fast__generic,machine,api-fast,api-fast/generic,2019-04-02,damage,"Physical, economic and agricultural damage",partial,0.5,0.9,ok,,167,5fb67a29,qwen/qwen3.8-flash,a6d22caa82293a1db95f9a36fe9e37e9d5e1d8ff982ac083b209c5ac9fdd08b0,sync,False,2026-08-31T01:12:33+00:00
cyclone_idai_2019,2019-04-02__api-fast__generic,machine,api-fast,api-fast/generic,2019-04-02,funding,Funding status and donor contributions,present,1.0,0.95,ok,,182,967ec6d0,qwen/qwen3.8-flash,5db0f76a651b4bad3aa3469314c3ce85b47083f97a3f82c1c2b004454f58e93c,sync,False,2026-08-31T01:12:33+00:00
cyclone_idai_2019,2019-04-02__api-fast__generic,machine,api-fast,api-fast/generic,2019-04-02,education,Education impact and response,present,1.0,0.95,ok,,169,4be17a89,qwen/qwen3.8-flash,91143857f6fde866a104e374d7341ee634906bdba4e653f4e00b95d5f254a92f,sync,False,2026-08-31T01:12:33+00:00
cyclone_idai_2019,2019-04-02__api-fast__generic,machine,api-fast,api-fast/generic,2019-04-02,wash,WASH needs and response,,,,invalid,unparsable JSON (empty output),0,,qwen/qwen3.8-flash,c84e4ce41590ae93329d2f018fbedfebf63b95ad576fca8084b4c9edb68ed9c0,sync,False,2026-08-31T01:12:33+00:00
cyclone_idai_2019,2019-04-02__api-fast__generic,machine,api-fast,api-fast/generic,2019-04-02,food,Food security and assistance reach,present,1.0,1.0,ok,,137,71d0aef3,qwen/qwen3.8-flash,e136c17161d5d70954ada2036d550abce3717cf2a2fa349870c7226ff2801ea1,sync,False,2026-08-31T01:12:33+00:00
cyclone_idai_2019,2019-04-02__api-fast__generic,machine,api-fast,api-fast/generic,2019-04-02,access,Access constraints,present,1.0,1.0,ok,,168,af950908,qwen/qwen3.8-flash,d0884b48a45b972a53739610d581be29eb718ae8d463dee55f69ed025127d87b,sync,False,2026-08-31T01:12:33+00:00
cyclone_idai_2019,2019-04-02__api-fast__generic,machine,api-fast,api-fast/generic,2019-04-02,coordination,Coordination arrangements,partial,0.5,0.95,ok,,77,ef763624,qwen/qwen3.8-flash,8af0d9ad4b46bd14c0c60c9c39a04e896657cd45a2a3d1f3325c989ab1639e2b,sync,False,2026-08-31T01:12:33+00:00
cyclone_idai_2019,2019-04-02__api-fast__generic,machine,api-fast,api-fast/generic,2019-04-02,needs_gaps,Sector needs and gaps,,,,invalid,unparsable JSON (empty output),0,,qwen/qwen3.8-flash,d4f750384270604ecfbbb61b989eff35b180e71fd3d5a3fd49ab5069c897fa0a,sync,False,2026-08-31T01:12:33+00:00
cyclone_idai_2019,2019-04-02__api-fast__generic,machine,api-fast,api-fast/generic,2019-04-02,response_actions,Sector response activities,present,1.0,1.0,ok,,137,71d0aef3,qwen/qwen3.8-flash,6d9a7e6b6199082f89a4fc831979d6d9e556e7377f8fe2852c382758e42eb3e5,sync,False,2026-08-31T01:12:33+00:00
cyclone_idai_2019,2019-04-02__api-fast__generic,machine,api-fast,api-fast/generic,2019-04-02,shelter,Shelter and non-food items,partial,0.5,0.95,ok,,148,64fb2cee,qwen/qwen3.8-flash,9ce2a17aead2ce0d09f2f2d6f6640cdef3164147a3ec4065c27b1a8143174a2c,sync,False,2026-08-31T01:12:33+00:00
cyclone_idai_2019,2019-04-02__api-fast__schema_guided,machine,api-fast,api-fast/schema_guided,2019-04-02,currency_and_metadata,Data currency and report metadata,absent,0.0,1.0,ok,,0,,qwen/qwen3.8-flash,097363a943bb8f37a516b3eb51d129bdc7c73ceb582dbc8f0a4518c578ec7ee5,sync,False,2026-08-31T01:12:33+00:00
cyclone_idai_2019,2019-04-02__api-fast__schema_guided,machine,api-fast,api-fast/schema_guided,2019-04-02,sourcing,Sourcing and attribution,present,1.0,1.0,ok,,196,bbde0610,qwen/qwen3.8-flash,3d2b9acbc9335278e3c16a036738a7c1b0272c6c0d72722988ad3fce5f335cfe,sync,False,2026-08-31T01:12:33+00:00
cyclone_idai_2019,2019-04-02__api-fast__schema_guided,machine,api-fast,api-fast/schema_guided,2019-04-02,casualties,Casualty and affected-population figures,present,1.0,0.95,ok,,157,5393e576,qwen/qwen3.8-flash,00c566374ecd86a8e1fcb25eba425647663cc031397540ae3c4533cde73d7d10,sync,False,2026-08-31T01:12:33+00:00
cyclone_idai_2019,2019-04-02__api-fast__schema_guided,machine,api-fast,api-fast/schema_guided,2019-04-02,displacement,Displacement and accommodation sites,partial,0.5,0.9,ok,,182,210fcb9d,qwen/qwen3.8-flash,9bdd8a9d0e67ba97cf3c4b48f3781c84ac5712cb67da75b8f71f9701dc010915,sync,False,2026-08-31T01:12:33+00:00
cyclone_idai_2019,2019-04-02__api-fast__schema_guided,machine,api-fast,api-fast/schema_guided,2019-04-02,health,"Health, disease outbreak and nutrition",present,1.0,1.0,ok,,186,91a8a936,qwen/qwen3.8-flash,8125154b2039c15367fcd0483872ed68e09fbaef60f12c72d10ab8b5bee7f8eb,sync,False,2026-08-31T01:12:33+00:00
cyclone_idai_2019,2019-04-02__api-fast__schema_guided,machine,api-fast,api-fast/schema_guided,2019-04-02,damage,"Physical, economic and agricultural damage",present,1.0,0.95,ok,,199,d32572a1,qwen/qwen3.8-flash,02eb9cc4557f6dda2774f79ddab86523fa3276e61dc7a842d5593c76d0c55886,sync,False,2026-08-31T01:12:33+00:00
cyclone_idai_2019,2019-04-02__api-fast__schema_guided,machine,api-fast,api-fast/schema_guided,2019-04-02,funding,Funding status and donor contributions,present,1.0,0.95,ok,,100,e1de481a,qwen/qwen3.8-flash,94879cd74f2da0f8b8f42be29b7513fa5ef5678e62642e11bf9dd2761359a974,sync,False,2026-08-31T01:12:33+00:00
cyclone_idai_2019,2019-04-02__api-fast__schema_guided,machine,api-fast,api-fast/schema_guided,2019-04-02,education,Education impact and response,present,1.0,0.95,ok,,170,8408d2f9,qwen/qwen3.8-flash,37462244fa8d5fbddb7b03247ea9072601f01e9639faf78f35ff5d68f41de2f2,sync,False,2026-08-31T01:12:33+00:00
cyclone_idai_2019,2019-04-02__api-fast__schema_guided,machine,api-fast,api-fast/schema_guided,2019-04-02,wash,WASH needs and response,partial,0.5,0.95,ok,,173,d2705bef,qwen/qwen3.8-flash,a2f535e5115781196d3c4d425e31bb069e939392e7ae8f16b533659a0908490c,sync,False,2026-08-31T01:12:33+00:00
cyclone_idai_2019,2019-04-02__api-fast__schema_guided,machine,api-fast,api-fast/schema_guided,2019-04-02,food,Food security and assistance reach,present,1.0,1.0,ok,,138,4adfb35c,qwen/qwen3.8-flash,1343227823a5a5bf0cc64751f1559637986e3f68cf5820994c7270e82a7de5bd,sync,False,2026-08-31T01:12:33+00:00
cyclone_idai_2019,2019-04-02__api-fast__schema_guided,machine,api-fast,api-fast/schema_guided,2019-04-02,access,Access constraints,present,1.0,1.0,ok,,126,ea758ac2,qwen/qwen3.8-flash,57d993638393b013c5e9d048be35ec7f58e66ffef3a136888d8a5be8d691d1ea,sync,False,2026-08-31T01:12:33+00:00
cyclone_idai_2019,2019-04-02__api-fast__schema_guided,machine,api-fast,api-fast/schema_guided,2019-04-02,coordination,Coordination arrangements,partial,0.5,0.85,ok,,135,aacbfd51,qwen/qwen3.8-flash,32defdee69b931db5182075ea2fa17d72b8a2028e4f67d3ffe4b483ffa32aef6,sync,False,2026-08-31T01:12:33+00:00
cyclone_idai_2019,2019-04-02__api-fast__schema_guided,machine,api-fast,api-fast/schema_guided,2019-04-02,needs_gaps,Sector needs and gaps,present,1.0,1.0,ok,,190,30028dc0,qwen/qwen3.8-flash,4eac45773fd4e1014bdd8dcf21c145110a10b9763884978a96159ece14f40c1e,sync,False,2026-08-31T01:12:33+00:00
cyclone_idai_2019,2019-04-02__api-fast__schema_guided,machine,api-fast,api-fast/schema_guided,2019-04-02,response_actions,Sector response activities,present,1.0,1.0,ok,,173,d23b80a5,qwen/qwen3.8-flash,b2a8122bdb6641ac29279da89bc97c07d3ed93a66e680b45d042c794abd3b3fa,sync,False,2026-08-31T01:12:33+00:00
cyclone_idai_2019,2019-04-02__api-fast__schema_guided,machine,api-fast,api-fast/schema_guided,2019-04-02,shelter,Shelter and non-food items,present,1.0,0.95,ok,,162,5edaa569,qwen/qwen3.8-flash,de0de328bf2b8063231569b26abf553122fa62194e03212cf05411894b3507ab,sync,False,2026-08-31T01:12:33+00:00
cyclone_idai_2019,2019-04-02__api-strong__generic,machine,api-strong,api-strong/generic,2019-04-02,currency_and_metadata,Data currency and report metadata,partial,0.5,0.95,ok,,68,ca5ca84f,qwen/qwen3.8-flash,94814653f5331341afba4c3aefbf53d1b67024b83cec9945790146714961cbd4,sync,False,2026-08-31T01:12:33+00:00
cyclone_idai_2019,2019-04-02__api-strong__generic,machine,api-strong,api-strong/generic,2019-04-02,sourcing,Sourcing and attribution,present,1.0,1.0,ok,,110,201dd245,qwen/qwen3.8-flash,14d90fc75f8e307e15595c871b37ae63f644b965d9894cd595feb693cce75214,sync,False,2026-08-31T01:12:33+00:00
cyclone_idai_2019,2019-04-02__api-strong__generic,machine,api-strong,api-strong/generic,2019-04-02,casualties,Casualty and affected-population figures,present,1.0,0.95,ok,,170,736eb24d,qwen/qwen3.8-flash,44829e91305b1fc1ffa6d5c625fb431b15b4017cfe58daae7ba25509e21ae607,sync,False,2026-08-31T01:12:33+00:00
cyclone_idai_2019,2019-04-02__api-strong__generic,machine,api-strong,api-strong/generic,2019-04-02,displacement,Displacement and accommodation sites,partial,0.5,0.95,ok,,191,f14c2486,qwen/qwen3.8-flash,5d7906d5410099a96ae9b4e14a8843b716a5d97a4a993a9fd715dd08f0644053,sync,False,2026-08-31T01:12:33+00:00
cyclone_idai_2019,2019-04-02__api-strong__generic,machine,api-strong,api-strong/generic,2019-04-02,health,"Health, disease outbreak and nutrition",present,1.0,0.95,ok,,236,4be0ed1b,qwen/qwen3.8-flash,d3af2df17ccb30b9e6173406bbf724198482ed336a28e3b36c6b36305f9a4358,sync,False,2026-08-31T01:12:33+00:00
cyclone_idai_2019,2019-04-02__api-strong__generic,machine,api-strong,api-strong/generic,2019-04-02,damage,"Physical, economic and agricultural damage",present,1.0,0.9,ok,,199,bd039d04,qwen/qwen3.8-flash,2ce2b6b0384caac1fb81cf55d993dcc6e89d18041e0ce7c58ca0387c85a48f49,sync,False,2026-08-31T01:12:33+00:00
cyclone_idai_2019,2019-04-02__api-strong__generic,machine,api-strong,api-strong/generic,2019-04-02,funding,Funding status and donor contributions,partial,0.5,0.95,ok,,145,cba73c34,qwen/qwen3.8-flash,a9711f30ecf6298e3bfb888871b7cebe05ebf5628b233764fb6950abf3b50c74,sync,False,2026-08-31T01:12:33+00:00
cyclone_idai_2019,2019-04-02__api-strong__generic,machine,api-strong,api-strong/generic,2019-04-02,education,Education impact and response,partial,0.5,0.95,ok,,149,11e92ac2,qwen/qwen3.8-flash,9d47d53219464f1908b454161f2a1a65e64fb364dc81bedd853af2122c606780,sync,False,2026-08-31T01:12:33+00:00
cyclone_idai_2019,2019-04-02__api-strong__generic,machine,api-strong,api-strong/generic,2019-04-02,wash,WASH needs and response,partial,0.5,0.9,ok,,130,6e6ac58e,qwen/qwen3.8-flash,12a18c31294c7fb7d1bfd5ad699785bd1d1b28ccd4b4b4de70e1993f428800c5,sync,False,2026-08-31T01:12:33+00:00
cyclone_idai_2019,2019-04-02__api-strong__generic,machine,api-strong,api-strong/generic,2019-04-02,food,Food security and assistance reach,present,1.0,1.0,ok,,137,22bfe68e,qwen/qwen3.8-flash,a5b635ea3369681da201175a88cf9e25cc6271a0fc3d86671ef37d3277e1a0e5,sync,False,2026-08-31T01:12:33+00:00
cyclone_idai_2019,2019-04-02__api-strong__generic,machine,api-strong,api-strong/generic,2019-04-02,access,Access constraints,present,1.0,0.9,ok,,235,926568fb,qwen/qwen3.8-flash,4aeec4105f58adb0915d73091524962463edfdcc361827b744c440caec2d461a,sync,False,2026-08-31T01:12:33+00:00
cyclone_idai_2019,2019-04-02__api-strong__generic,machine,api-strong,api-strong/generic,2019-04-02,coordination,Coordination arrangements,partial,0.5,0.9,ok,,141,6f25ffc6,qwen/qwen3.8-flash,573eabed838dc941cc7cb27562ca81129d944e6e429c1a75e345bba32edbfcec,sync,False,2026-08-31T01:12:33+00:00
cyclone_idai_2019,2019-04-02__api-strong__generic,machine,api-strong,api-strong/generic,2019-04-02,needs_gaps,Sector needs and gaps,,,,invalid,unparsable JSON (empty output),0,,qwen/qwen3.8-flash,395fa8a1c46517ef1574f9f8e297b0f6e870db189e2bf0a9615943633646482a,sync,False,2026-08-31T01:12:33+00:00
cyclone_idai_2019,2019-04-02__api-strong__generic,machine,api-strong,api-strong/generic,2019-04-02,response_actions,Sector response activities,present,1.0,1.0,ok,,210,2b54290f,qwen/qwen3.8-flash,470c8dde9e83519c2718d83f88f6cfb8e623f864d7f2011da320710e505a7a59,sync,False,2026-08-31T01:12:33+00:00
cyclone_idai_2019,2019-04-02__api-strong__generic,machine,api-strong,api-strong/generic,2019-04-02,shelter,Shelter and non-food items,partial,0.5,0.95,ok,,84,fcbbcaeb,qwen/qwen3.8-flash,32c535b639f99dd48b0a72fc391ca20536f1ecca2ffd9399804f0c60cb599bd2,sync,False,2026-08-31T01:12:33+00:00
cyclone_idai_2019,2019-04-02__api-strong__schema_guided,machine,api-strong,api-strong/schema_guided,2019-04-02,currency_and_metadata,Data currency and report metadata,absent,0.0,1.0,ok,,0,,qwen/qwen3.8-flash,64fb4e430a3852c982fd598e84d14193c213413b1b42b98f1e1c10816346acb0,sync,False,2026-08-31T01:12:33+00:00
cyclone_idai_2019,2019-04-02__api-strong__schema_guided,machine,api-strong,api-strong/schema_guided,2019-04-02,sourcing,Sourcing and attribution,present,1.0,1.0,ok,,198,8dd65519,qwen/qwen3.8-flash,2d7026e32a2a6b7d0b65b5ef21ddf3f67dcbd37c3f4bd4a850936850b89f8ff6,sync,False,2026-08-31T01:12:33+00:00
cyclone_idai_2019,2019-04-02__api-strong__schema_guided,machine,api-strong,api-strong/schema_guided,2019-04-02,casualties,Casualty and affected-population figures,present,1.0,0.95,ok,,176,55a0aa0c,qwen/qwen3.8-flash,8b6110094a481f59e2ddcc2a343a5f5d1f2b90c89d049c3f80a832f594eafda6,sync,False,2026-08-31T01:12:33+00:00
cyclone_idai_2019,2019-04-02__api-strong__schema_guided,machine,api-strong,api-strong/schema_guided,2019-04-02,displacement,Displacement and accommodation sites,partial,0.5,1.0,ok,,118,5593f288,qwen/qwen3.8-flash,b3ac5ad164c8929fbc4dabf90b2a1c15261115c9e9d1e3be8602719d3bde99e3,sync,False,2026-08-31T01:12:33+00:00
cyclone_idai_2019,2019-04-02__api-strong__schema_guided,machine,api-strong,api-strong/schema_guided,2019-04-02,health,"Health, disease outbreak and nutrition",present,1.0,0.95,ok,,231,d6f9539a,qwen/qwen3.8-flash,e19fd507002c3e5f47b7e4ccd4ab1a85f4626a4326e0cbc2e1740f6b5674663d,sync,False,2026-08-31T01:12:33+00:00
cyclone_idai_2019,2019-04-02__api-strong__schema_guided,machine,api-strong,api-strong/schema_guided,2019-04-02,damage,"Physical, economic and agricultural damage",present,1.0,0.95,ok,,118,5eb9a12e,qwen/qwen3.8-flash,c48f8a00a9a2136d95a5492e4d1457586878e425e3c1dbbaf1706554e0455527,sync,False,2026-08-31T01:12:33+00:00
cyclone_idai_2019,2019-04-02__api-strong__schema_guided,machine,api-strong,api-strong/schema_guided,2019-04-02,funding,Funding status and donor contributions,present,1.0,1.0,ok,,176,8350a4cd,qwen/qwen3.8-flash,2c6a5db7a11fcd8ac624cd3079a27961e10e529c29dbbdc0cbd4c0cec83e8783,sync,False,2026-08-31T01:12:33+00:00
cyclone_idai_2019,2019-04-02__api-strong__schema_guided,machine,api-strong,api-strong/schema_guided,2019-04-02,education,Education impact and response,partial,0.5,0.9,ok,,183,f55020e8,qwen/qwen3.8-flash,4aedeab883429ecc61cd0cf34b211ac5ad80d9598c1fca43ef481097743c4720,sync,False,2026-08-31T01:12:33+00:00
cyclone_idai_2019,2019-04-02__api-strong__schema_guided,machine,api-strong,api-strong/schema_guided,2019-04-02,wash,WASH needs and response,present,1.0,1.0,ok,,208,3b5b23d8,qwen/qwen3.8-flash,c725c73c7425aa5a90ccabe3161e0facea34bfbabcbc372494229d11e9b0cc6b,sync,False,2026-08-31T01:12:33+00:00
cyclone_idai_2019,2019-04-02__api-strong__schema_guided,machine,api-strong,api-strong/schema_guided,2019-04-02,food,Food security and assistance reach,present,1.0,1.0,ok,,145,b3faccae,qwen/qwen3.8-flash,a87eb266fd503d27cb5b581572bc6118d101a94580ef55540eb8fdfbe2aea629,sync,False,2026-08-31T01:12:33+00:00
cyclone_idai_2019,2019-04-02__api-strong__schema_guided,machine,api-strong,api-strong/schema_guided,2019-04-02,access,Access constraints,present,1.0,1.0,ok,,188,a26a84f0,qwen/qwen3.8-flash,30693d3dbeeb4ec987ce5f99463dc77ce8ed6abbc56402e1981db9e75a341000,sync,False,2026-08-31T01:12:33+00:00
cyclone_idai_2019,2019-04-02__api-strong__schema_guided,machine,api-strong,api-strong/schema_guided,2019-04-02,coordination,Coordination arrangements,present,1.0,0.95,ok,,215,858d13aa,qwen/qwen3.8-flash,852b9606d950ce35c7793a997c797fb8368dfca347c80f7d1e49681384ff49d0,sync,False,2026-08-31T01:12:33+00:00
cyclone_idai_2019,2019-04-02__api-strong__schema_guided,machine,api-strong,api-strong/schema_guided,2019-04-02,needs_gaps,Sector needs and gaps,present,1.0,1.0,ok,,187,d0ecf60c,qwen/qwen3.8-flash,adc8539853c4fbb47ed41cfeab808aa8642ef34df8484ca0a7af0b056b361073,sync,False,2026-08-31T01:12:33+00:00
cyclone_idai_2019,2019-04-02__api-strong__schema_guided,machine,api-strong,api-strong/schema_guided,2019-04-02,response_actions,Sector response activities,present,1.0,1.0,ok,,193,d845b649,qwen/qwen3.8-flash,315a2c3506f0ef0d7df3d11eada4fe650eae3c0dd3e991a6a730dde8e56413f6,sync,False,2026-08-31T01:12:33+00:00
cyclone_idai_2019,2019-04-02__api-strong__schema_guided,machine,api-strong,api-strong/schema_guided,2019-04-02,shelter,Shelter and non-food items,present,1.0,0.95,ok,,197,62cef17b,qwen/qwen3.8-flash,1c68a0d9c7ee52948e0794469a54cbc13247d2c5c40a0c230d52463c708fc8a3,sync,False,2026-08-31T01:12:33+00:00
cyclone_idai_2019,2019-04-03__api-fast__generic,machine,api-fast,api-fast/generic,2019-04-03,currency_and_metadata,Data currency and report metadata,partial,0.5,0.95,ok,,46,9ba06919,qwen/qwen3.8-flash,4ba1900400a4d0f13545a2048c6ce86d275bdec78b42bbbd465d27bff4d4826a,sync,False,2026-08-31T01:12:33+00:00
cyclone_idai_2019,2019-04-03__api-fast__generic,machine,api-fast,api-fast/generic,2019-04-03,sourcing,Sourcing and attribution,present,1.0,0.95,ok,,204,074cd34b,qwen/qwen3.8-flash,53d3cf44d688220b9c85cc37b308360fbbdd62e2a2b4ea82489cf7f1c555ebb3,sync,False,2026-08-31T01:12:33+00:00
cyclone_idai_2019,2019-04-03__api-fast__generic,machine,api-fast,api-fast/generic,2019-04-03,casualties,Casualty and affected-population figures,present,1.0,0.9,ok,,161,45424444,qwen/qwen3.8-flash,28b5b26974595801230c5d20c9c4d39e8a3cbe70772bb031b68e71b57dbff630,sync,False,2026-08-31T01:12:33+00:00
cyclone_idai_2019,2019-04-03__api-fast__generic,machine,api-fast,api-fast/generic,2019-04-03,displacement,Displacement and accommodation sites,present,1.0,0.95,ok,,204,3f428025,qwen/qwen3.8-flash,31dc86bdbf38a25493deeaf9763d95bdea12d31abb3ccf8a835baee74f43419a,sync,False,2026-08-31T01:12:33+00:00
cyclone_idai_2019,2019-04-03__api-fast__generic,machine,api-fast,api-fast/generic,2019-04-03,health,"Health, disease outbreak and nutrition",present,1.0,1.0,ok,,144,10f11a0b,qwen/qwen3.8-flash,9cc3691a851b550754a18b1e9e04125ee06ff715e97692a2f97ae3136039a234,sync,False,2026-08-31T01:12:33+00:00
cyclone_idai_2019,2019-04-03__api-fast__generic,machine,api-fast,api-fast/generic,2019-04-03,damage,"Physical, economic and agricultural damage",present,1.0,0.95,ok,,163,5ddc0863,qwen/qwen3.8-flash,7cb562793a75aaddd0480eeebff8ec69f838a63b51ada9d8ede443a39ede7eed,sync,False,2026-08-31T01:12:33+00:00
cyclone_idai_2019,2019-04-03__api-fast__generic,machine,api-fast,api-fast/generic,2019-04-03,funding,Funding status and donor contributions,present,1.0,1.0,ok,,139,b79173a2,qwen/qwen3.8-flash,0f3c3218cfc286e8d715c50372b102390e37e31e006f00f441ba91d1150939bb,sync,False,2026-08-31T01:12:33+00:00
cyclone_idai_2019,2019-04-03__api-fast__generic,machine,api-fast,api-fast/generic,2019-04-03,education,Education impact and response,partial,0.5,0.95,ok,,170,3dcdeb5e,qwen/qwen3.8-flash,8dff3371b044f081177ef308ac0fc3d7fe3f9fbf2f23efb87a1eae5fbabb3735,sync,False,2026-08-31T01:12:33+00:00
cyclone_idai_2019,2019-04-03__api-fast__generic,machine,api-fast,api-fast/generic,2019-04-03,wash,WASH needs and response,present,1.0,0.95,ok,,170,8abe6032,qwen/qwen3.8-flash,1906389a477264a8d4abe6e6359a0dbf0309aa2605382ac81095007030253e34,sync,False,2026-08-31T01:12:33+00:00
cyclone_idai_2019,2019-04-03__api-fast__generic,machine,api-fast,api-fast/generic,2019-04-03,food,Food security and assistance reach,present,1.0,1.0,ok,,229,3315b9e5,qwen/qwen3.8-flash,3c949c98d0420d700abdfd0dd97e1df8ee0b0ec45238edae5699ad411c71e848,sync,False,2026-08-31T01:12:33+00:00
cyclone_idai_2019,2019-04-03__api-fast__generic,machine,api-fast,api-fast/generic,2019-04-03,access,Access constraints,present,1.0,0.95,ok,,226,0b6ed2de,qwen/qwen3.8-flash,9a88b0a98a1e2d1f8b98ffee4258dafb5890f5968785ac196cc72e41da802886,sync,False,2026-08-31T01:12:33+00:00
cyclone_idai_2019,2019-04-03__api-fast__generic,machine,api-fast,api-fast/generic,2019-04-03,coordination,Coordination arrangements,partial,0.5,1.0,ok,,186,13098ca6,qwen/qwen3.8-flash,3b2ca2da8329e23c7de6b9956186ee6ce1e25d5edc195be1b24e8c96deaaa1c5,sync,False,2026-08-31T01:12:33+00:00
cyclone_idai_2019,2019-04-03__api-fast__generic,machine,api-fast,api-fast/generic,2019-04-03,needs_gaps,Sector needs and gaps,partial,0.5,0.9,ok,,111,5f694853,qwen/qwen3.8-flash,7cbb70a08eaa2e7d5bb3b9d7fdf88c3b6966a580bfdff3e348bd00b1efdce157,sync,False,2026-08-31T01:12:33+00:00
cyclone_idai_2019,2019-04-03__api-fast__generic,machine,api-fast,api-fast/generic,2019-04-03,response_actions,Sector response activities,present,1.0,0.98,ok,,155,4ebee946,qwen/qwen3.8-flash,8bb8bc723ae886b9e8892dea6170cbcdd4a9c6d2b7e3e68decf013a3c6105005,sync,False,2026-08-31T01:12:33+00:00
cyclone_idai_2019,2019-04-03__api-fast__generic,machine,api-fast,api-fast/generic,2019-04-03,shelter,Shelter and non-food items,partial,0.5,0.95,ok,,73,1aa181a6,qwen/qwen3.8-flash,541327f09c5d0db70b1cb17a93a3feaac207d96e295db920e59ae0e7b9307153,sync,False,2026-08-31T01:12:33+00:00
cyclone_idai_2019,2019-04-03__api-fast__schema_guided,machine,api-fast,api-fast/schema_guided,2019-04-03,currency_and_metadata,Data currency and report metadata,partial,0.5,0.95,ok,,161,4bce3f24,qwen/qwen3.8-flash,abf7c331daeddff0ca957c8c659b75829d805f9e8c849b7cc7db18ff1b2e947a,sync,False,2026-08-31T01:12:33+00:00
cyclone_idai_2019,2019-04-03__api-fast__schema_guided,machine,api-fast,api-fast/schema_guided,2019-04-03,sourcing,Sourcing and attribution,present,1.0,0.95,ok,,227,bc959ce9,qwen/qwen3.8-flash,fdd3ac83acf4eb81698b4e0ecf8511d2d68f43b8fd2c90e019981d85a091124c,sync,False,2026-08-31T01:12:33+00:00
cyclone_idai_2019,2019-04-03__api-fast__schema_guided,machine,api-fast,api-fast/schema_guided,2019-04-03,casualties,Casualty and affected-population figures,,,,invalid,unparsable JSON (empty output),0,,qwen/qwen3.8-flash,80abbbee378eaee5482977590578121b5000e89d5e7cb63c4cc757e4817f43a4,sync,False,2026-08-31T01:12:33+00:00
cyclone_idai_2019,2019-04-03__api-fast__schema_guided,machine,api-fast,api-fast/schema_guided,2019-04-03,displacement,Displacement and accommodation sites,present,1.0,0.95,ok,,120,ec0026d3,qwen/qwen3.8-flash,97102f591f3f54f9e9c0ae86f45874b4ae76a3194e9ac4ed0602d012c0985dd4,sync,False,2026-08-31T01:12:33+00:00
cyclone_idai_2019,2019-04-03__api-fast__schema_guided,machine,api-fast,api-fast/schema_guided,2019-04-03,health,"Health, disease outbreak and nutrition",,,,invalid,unparsable JSON (empty output),0,,qwen/qwen3.8-flash,5bbea21d2e10170a228d276dfbbb4e23163edc7ede6b00e53e4ed5f2813a59c6,sync,False,2026-08-31T01:12:33+00:00
cyclone_idai_2019,2019-04-03__api-fast__schema_guided,machine,api-fast,api-fast/schema_guided,2019-04-03,damage,"Physical, economic and agricultural damage",present,1.0,0.95,ok,,215,860f722f,qwen/qwen3.8-flash,186dffe45f482736ff9508060e131179ed43169b64c8d61b58f4c10e35fc5b2a,sync,False,2026-08-31T01:12:33+00:00
cyclone_idai_2019,2019-04-03__api-fast__schema_guided,machine,api-fast,api-fast/schema_guided,2019-04-03,funding,Funding status and donor contributions,present,1.0,0.95,ok,,185,c95f84f4,qwen/qwen3.8-flash,25246ff00f392e2d2194ef72438729c3906bacdc99730cad2f14b1209f46bea8,sync,False,2026-08-31T01:12:33+00:00
cyclone_idai_2019,2019-04-03__api-fast__schema_guided,machine,api-fast,api-fast/schema_guided,2019-04-03,education,Education impact and response,partial,0.5,1.0,ok,,191,396bd623,qwen/qwen3.8-flash,fa1ac23b032af95ff589edeb7dc18545aeb0c6a7523238c05068946f08bfc6e1,sync,False,2026-08-31T01:12:33+00:00
cyclone_idai_2019,2019-04-03__api-fast__schema_guided,machine,api-fast,api-fast/schema_guided,2019-04-03,wash,WASH needs and response,present,1.0,0.95,ok,,185,2895d8a8,qwen/qwen3.8-flash,9bae2f16084dfbe5ffb04fab8331f1d840a1d1dad6b2ae9c02bba11154bacad9,sync,False,2026-08-31T01:12:33+00:00
cyclone_idai_2019,2019-04-03__api-fast__schema_guided,machine,api-fast,api-fast/schema_guided,2019-04-03,food,Food security and assistance reach,present,1.0,0.95,ok,,223,e2c69b06,qwen/qwen3.8-flash,5dbed49486649dd6f94cdbb3de1be9b35319c39cdd45feb30fa7bb846830759c,sync,False,2026-08-31T01:12:33+00:00
cyclone_idai_2019,2019-04-03__api-fast__schema_guided,machine,api-fast,api-fast/schema_guided,2019-04-03,access,Access constraints,present,1.0,1.0,ok,,180,51930fd4,qwen/qwen3.8-flash,3d7fda390c4aaec4b48012219ec7445295a607d02a3fa975c41fa2c83364fdc4,sync,False,2026-08-31T01:12:33+00:00
cyclone_idai_2019,2019-04-03__api-fast__schema_guided,machine,api-fast,api-fast/schema_guided,2019-04-03,coordination,Coordination arrangements,present,1.0,1.0,ok,,202,caa51335,qwen/qwen3.8-flash,2d7e0352fa14aa30777ecb92761407beb52e1f1c0335712e4fdd12f70bbaf977,sync,False,2026-08-31T01:12:33+00:00
cyclone_idai_2019,2019-04-03__api-fast__schema_guided,machine,api-fast,api-fast/schema_guided,2019-04-03,needs_gaps,Sector needs and gaps,present,1.0,0.95,ok,,154,4e4d6ead,qwen/qwen3.8-flash,6443a4a34a400b7608055668dfb64ed6ff18e5986b65547170ec6fbcc78643d8,sync,False,2026-08-31T01:12:33+00:00
cyclone_idai_2019,2019-04-03__api-fast__schema_guided,machine,api-fast,api-fast/schema_guided,2019-04-03,response_actions,Sector response activities,present,1.0,1.0,ok,,193,98f1eeb2,qwen/qwen3.8-flash,5652fd0845519ddfacf6556471fb01d440b7414ae733bef697054c754793b3d8,sync,False,2026-08-31T01:12:33+00:00
cyclone_idai_2019,2019-04-03__api-fast__schema_guided,machine,api-fast,api-fast/schema_guided,2019-04-03,shelter,Shelter and non-food items,present,1.0,0.95,ok,,176,337c98d5,qwen/qwen3.8-flash,fa8d8709df915c44d32be6e79898fcdc9addb77221dc08abafea6c512360a578,sync,False,2026-08-31T01:12:33+00:00
cyclone_idai_2019,2019-04-03__api-strong__generic,machine,api-strong,api-strong/generic,2019-04-03,currency_and_metadata,Data currency and report metadata,present,1.0,0.95,ok,,125,781f6f0c,qwen/qwen3.8-flash,58da7ea2fbad57894643c0b441994b576bbbce6d2963e0dc84d8d9f9edef2a89,sync,False,2026-08-31T01:12:33+00:00
cyclone_idai_2019,2019-04-03__api-strong__generic,machine,api-strong,api-strong/generic,2019-04-03,sourcing,Sourcing and attribution,present,1.0,0.95,ok,,191,ee4a8d44,qwen/qwen3.8-flash,cab53db2af020f70f30e418d76f094234622e61ee13829a1db85ea2ce7fcb2d1,sync,False,2026-08-31T01:12:33+00:00
cyclone_idai_2019,2019-04-03__api-strong__generic,machine,api-strong,api-strong/generic,2019-04-03,casualties,Casualty and affected-population figures,present,1.0,1.0,ok,,80,29715b8a,qwen/qwen3.8-flash,e3d92b7319bd52815a4e7fa82d917f0667891e0cc534e6fcf3162e422f0e675e,sync,False,2026-08-31T01:12:33+00:00
cyclone_idai_2019,2019-04-03__api-strong__generic,machine,api-strong,api-strong/generic,2019-04-03,displacement,Displacement and accommodation sites,present,1.0,1.0,ok,,185,186bcd5e,qwen/qwen3.8-flash,beef252863f4a4b622e85e841d926ae8603931a1d062151a891eab21af307d0c,sync,False,2026-08-31T01:12:33+00:00
cyclone_idai_2019,2019-04-03__api-strong__generic,machine,api-strong,api-strong/generic,2019-04-03,health,"Health, disease outbreak and nutrition",,,,invalid,unparsable JSON (Unterminated string starting at at pos 28),0,,qwen/qwen3.8-flash,d2f1391abb7250ad5911d94faf26c5bae09f94c76feeeab9094072425dac2d11,sync,False,2026-08-31T01:12:33+00:00
cyclone_idai_2019,2019-04-03__api-strong__generic,machine,api-strong,api-strong/generic,2019-04-03,damage,"Physical, economic and agricultural damage",present,1.0,0.95,ok,,117,08e817bb,qwen/qwen3.8-flash,76a45fc5d60e39142d6a6ce721d371a7bfd06e7cadad7e2c53a3289e0f45d49d,sync,False,2026-08-31T01:12:33+00:00
cyclone_idai_2019,2019-04-03__api-strong__generic,machine,api-strong,api-strong/generic,2019-04-03,funding,Funding status and donor contributions,present,1.0,0.95,ok,,181,2d7a6b6a,qwen/qwen3.8-flash,1e79135268dacc803e0bbc637eeb241834729366897f2727c1b8993709490d36,sync,False,2026-08-31T01:12:33+00:00
cyclone_idai_2019,2019-04-03__api-strong__generic,machine,api-strong,api-strong/generic,2019-04-03,education,Education impact and response,partial,0.5,0.95,ok,,169,1fce2238,qwen/qwen3.8-flash,6e6b366779549ae8d10d67d74434f90d3c09be9c8cf6247b7a476ade6bab9bef,sync,False,2026-08-31T01:12:33+00:00
cyclone_idai_2019,2019-04-03__api-strong__generic,machine,api-strong,api-strong/generic,2019-04-03,wash,WASH needs and response,partial,0.5,0.9,ok,,206,6da0e6db,qwen/qwen3.8-flash,3a3f51b2c29119c53748627fd2591787e7c42831661d1de8d2d0c082c0e54de4,sync,False,2026-08-31T01:12:33+00:00
cyclone_idai_2019,2019-04-03__api-strong__generic,machine,api-strong,api-strong/generic,2019-04-03,food,Food security and assistance reach,present,1.0,1.0,ok,,217,92d225e0,qwen/qwen3.8-flash,7daf5eb85ec12d5c155eda030457bc02a393f4299406d80a306a841a7d36297d,sync,False,2026-08-31T01:12:33+00:00
cyclone_idai_2019,2019-04-03__api-strong__generic,machine,api-strong,api-strong/generic,2019-04-03,access,Access constraints,partial,0.5,0.9,ok,,400,70e98fe5,qwen/qwen3.8-flash,cd906de57ce6ea1108b57041266381fc07291acb88fe0d7ea351a20113c4b0ab,sync,False,2026-08-31T01:12:33+00:00
cyclone_idai_2019,2019-04-03__api-strong__generic,machine,api-strong,api-strong/generic,2019-04-03,coordination,Coordination arrangements,present,1.0,0.95,ok,,187,5b64ec50,qwen/qwen3.8-flash,f050527057292a04998bb8bb83b53d7ee6988acd5f4205b27c34a52d09c89479,sync,False,2026-08-31T01:12:33+00:00
cyclone_idai_2019,2019-04-03__api-strong__generic,machine,api-strong,api-strong/generic,2019-04-03,needs_gaps,Sector needs and gaps,partial,0.5,0.9,ok,,86,e343e766,qwen/qwen3.8-flash,b88c7fd36965e253b67ee17361f35f4638345e34e6419a253a7662c661b2bcb4,sync,False,2026-08-31T01:12:33+00:00
cyclone_idai_2019,2019-04-03__api-strong__generic,machine,api-strong,api-strong/generic,2019-04-03,response_actions,Sector response activities,present,1.0,1.0,ok,,210,0dc0e37b,qwen/qwen3.8-flash,2b2b454bd4c74a54dc70375225835e1296e95e904ee9836a03a4bdf6cd388f24,sync,False,2026-08-31T01:12:33+00:00
cyclone_idai_2019,2019-04-03__api-strong__generic,machine,api-strong,api-strong/generic,2019-04-03,shelter,Shelter and non-food items,present,1.0,0.95,ok,,187,36ba5979,qwen/qwen3.8-flash,32fa1b9c228a721ffa8f4624efb3082d380fbfaa64a988903751bc0e05646fcf,sync,False,2026-08-31T01:12:33+00:00
cyclone_idai_2019,2019-04-03__api-strong__schema_guided,machine,api-strong,api-strong/schema_guided,2019-04-03,currency_and_metadata,Data currency and report metadata,partial,0.5,1.0,ok,,117,25d45760,qwen/qwen3.8-flash,afaaca09f5a1f4ede23ec89eefc6bbd6427c3a87ea94f02be21427f1583fcde7,sync,False,2026-08-31T01:12:33+00:00
cyclone_idai_2019,2019-04-03__api-strong__schema_guided,machine,api-strong,api-strong/schema_guided,2019-04-03,sourcing,Sourcing and attribution,present,1.0,1.0,ok,,155,8d9d744e,qwen/qwen3.8-flash,b927d99e247362742221ae490f84454fb365e38cfb8fd2f147aab755f86c1ead,sync,False,2026-08-31T01:12:33+00:00
cyclone_idai_2019,2019-04-03__api-strong__schema_guided,machine,api-strong,api-strong/schema_guided,2019-04-03,casualties,Casualty and affected-population figures,present,1.0,1.0,ok,,172,1999eedf,qwen/qwen3.8-flash,e7aa84327e0016c7f088d0364f04b2b226917a7d003d86997a25cd3e2bfa2984,sync,False,2026-08-31T01:12:33+00:00
cyclone_idai_2019,2019-04-03__api-strong__schema_guided,machine,api-strong,api-strong/schema_guided,2019-04-03,displacement,Displacement and accommodation sites,present,1.0,1.0,ok,,186,596c3ccd,qwen/qwen3.8-flash,72d4ce7e4d656719e418c8167e6da7941c5008f6718d59f9efaa0387b09e175b,sync,False,2026-08-31T01:12:33+00:00
cyclone_idai_2019,2019-04-03__api-strong__schema_guided,machine,api-strong,api-strong/schema_guided,2019-04-03,health,"Health, disease outbreak and nutrition",present,1.0,1.0,ok,,161,586c8e74,qwen/qwen3.8-flash,a566d36a1526b42f868612ca895c201e7a0c98fd42fe33d32a4b5811997ead13,sync,False,2026-08-31T01:12:33+00:00
cyclone_idai_2019,2019-04-03__api-strong__schema_guided,machine,api-strong,api-strong/schema_guided,2019-04-03,damage,"Physical, economic and agricultural damage",present,1.0,1.0,ok,,171,acd1a9cc,qwen/qwen3.8-flash,40a21334ee319b4122da885f26274a1bad5ea5d3c5037a940d66c780882c6dcd,sync,False,2026-08-31T01:12:33+00:00
cyclone_idai_2019,2019-04-03__api-strong__schema_guided,machine,api-strong,api-strong/schema_guided,2019-04-03,funding,Funding status and donor contributions,present,1.0,0.9,ok,,156,57f83164,qwen/qwen3.8-flash,8af145eff5e37c5adb58a13c4d952ebbaf23a876f71a884787a5e8b9ac3ae958,sync,False,2026-08-31T01:12:33+00:00
cyclone_idai_2019,2019-04-03__api-strong__schema_guided,machine,api-strong,api-strong/schema_guided,2019-04-03,education,Education impact and response,partial,0.5,0.95,ok,,203,f988565a,qwen/qwen3.8-flash,2e580d996ff7d2a4fa2886aeaca484c2fa679c603da14ae44f358503d27ba828,sync,False,2026-08-31T01:12:33+00:00
cyclone_idai_2019,2019-04-03__api-strong__schema_guided,machine,api-strong,api-strong/schema_guided,2019-04-03,wash,WASH needs and response,present,1.0,1.0,ok,,170,7132e824,qwen/qwen3.8-flash,a0db1397e261089543214826ff9c0a3563d037ae285a10446e6812288fea77e8,sync,False,2026-08-31T01:12:33+00:00
cyclone_idai_2019,2019-04-03__api-strong__schema_guided,machine,api-strong,api-strong/schema_guided,2019-04-03,food,Food security and assistance reach,present,1.0,1.0,ok,,205,1f0a1632,qwen/qwen3.8-flash,f982191aaa81b7ca672a16ab88b24f16ffbd52323a69e74c740a9c3d2213029f,sync,False,2026-08-31T01:12:33+00:00
cyclone_idai_2019,2019-04-03__api-strong__schema_guided,machine,api-strong,api-strong/schema_guided,2019-04-03,access,Access constraints,present,1.0,1.0,ok,,182,fdc42f21,qwen/qwen3.8-flash,b47ec7c50d56acec6a4687b1b53fa13fb33cc2dd8ff58b934df08569e27e31a1,sync,False,2026-08-31T01:12:33+00:00
cyclone_idai_2019,2019-04-03__api-strong__schema_guided,machine,api-strong,api-strong/schema_guided,2019-04-03,coordination,Coordination arrangements,present,1.0,0.95,ok,,176,feb0f440,qwen/qwen3.8-flash,9ee912bd963057bed21462833d7e51a0272d7ed14ca81d8d1be8cafa72e1c0e9,sync,False,2026-08-31T01:12:33+00:00
cyclone_idai_2019,2019-04-03__api-strong__schema_guided,machine,api-strong,api-strong/schema_guided,2019-04-03,needs_gaps,Sector needs and gaps,present,1.0,0.95,ok,,175,35f9b9bb,qwen/qwen3.8-flash,f34bac8dda6eb4be0fb1994c29da051675936b38a917e2f91094fec44092eafa,sync,False,2026-08-31T01:12:33+00:00
cyclone_idai_2019,2019-04-03__api-strong__schema_guided,machine,api-strong,api-strong/schema_guided,2019-04-03,response_actions,Sector response activities,present,1.0,1.0,ok,,204,08454806,qwen/qwen3.8-flash,2bc212a754985a81af1cbdf8a8526143a3374fe41d9d5ec8df75366bd183243c,sync,False,2026-08-31T01:12:33+00:00
cyclone_idai_2019,2019-04-03__api-strong__schema_guided,machine,api-strong,api-strong/schema_guided,2019-04-03,shelter,Shelter and non-food items,,,,invalid,unparsable JSON (empty output),0,,qwen/qwen3.8-flash,f8c76da1ce53a1fff63f1e22f2b089ed223e732718f373b38131664f779eaeab,sync,False,2026-08-31T01:12:33+00:00
cyclone_idai_2019,2019-04-09__api-fast__generic,machine,api-fast,api-fast/generic,2019-04-09,currency_and_metadata,Data currency and report metadata,partial,0.5,0.95,ok,,55,f21c3436,qwen/qwen3.8-flash,28554b9ec1ca3f9b42d06d9ca7ca230902a49fc36be5d38b5f342dac3705609a,sync,False,2026-08-31T01:12:33+00:00
cyclone_idai_2019,2019-04-09__api-fast__generic,machine,api-fast,api-fast/generic,2019-04-09,sourcing,Sourcing and attribution,present,1.0,1.0,ok,,163,ae5733bf,qwen/qwen3.8-flash,509421591239267b800360f555a12cab70d2dd5ae14888f687265e99073521a2,sync,False,2026-08-31T01:12:33+00:00
cyclone_idai_2019,2019-04-09__api-fast__generic,machine,api-fast,api-fast/generic,2019-04-09,casualties,Casualty and affected-population figures,present,1.0,0.95,ok,,117,bfd774e9,qwen/qwen3.8-flash,6097f8e69e90a9112d99c513274612b917fb07c2a0d5995f860aca5adf3d562a,sync,False,2026-08-31T01:12:33+00:00
cyclone_idai_2019,2019-04-09__api-fast__generic,machine,api-fast,api-fast/generic,2019-04-09,displacement,Displacement and accommodation sites,partial,0.5,0.95,ok,,182,ae538641,qwen/qwen3.8-flash,8b04b3c553abb9c13e33f58cabfaf1aafee92580a3056081753dc06943f1a727,sync,False,2026-08-31T01:12:33+00:00
cyclone_idai_2019,2019-04-09__api-fast__generic,machine,api-fast,api-fast/generic,2019-04-09,health,"Health, disease outbreak and nutrition",present,1.0,1.0,ok,,154,813dc4ae,qwen/qwen3.8-flash,39fbfbf813a7fcca1eb6c605fa38aa2813995f8411b0b4f655b82d75fc74420a,sync,False,2026-08-31T01:12:33+00:00
cyclone_idai_2019,2019-04-09__api-fast__generic,machine,api-fast,api-fast/generic,2019-04-09,damage,"Physical, economic and agricultural damage",partial,0.5,1.0,ok,,47,f40b6f69,qwen/qwen3.8-flash,1c674e40862c26c1865aacaaf0e84ff425614a20709a7b7d06d4a00a7f4a2407,sync,False,2026-08-31T01:12:33+00:00
cyclone_idai_2019,2019-04-09__api-fast__generic,machine,api-fast,api-fast/generic,2019-04-09,funding,Funding status and donor contributions,partial,0.5,0.9,ok,,161,2e3da95c,qwen/qwen3.8-flash,b43ad34f7389c43c1c540dc45a6f06445a672aaa3caf4c1e1c7c17e2a45da5bc,sync,False,2026-08-31T01:12:33+00:00
cyclone_idai_2019,2019-04-09__api-fast__generic,machine,api-fast,api-fast/generic,2019-04-09,education,Education impact and response,partial,0.5,0.95,ok,,128,db245cb0,qwen/qwen3.8-flash,630df6ab15a00703cf3044dafd9e14d424c4df2caa81798dfd06f1279c87fec5,sync,False,2026-08-31T01:12:33+00:00
cyclone_idai_2019,2019-04-09__api-fast__generic,machine,api-fast,api-fast/generic,2019-04-09,wash,WASH needs and response,present,1.0,1.0,ok,,127,e7fbc63e,qwen/qwen3.8-flash,152288d6380c7f511728c6000f82fff51c02d298b4f47e73f975df2d2988b9b8,sync,False,2026-08-31T01:12:33+00:00
cyclone_idai_2019,2019-04-09__api-fast__generic,machine,api-fast,api-fast/generic,2019-04-09,food,Food security and assistance reach,present,1.0,1.0,ok,,138,91d2bf7f,qwen/qwen3.8-flash,adbdb16ae0c848ba9456489650d11b7c45453bc918eb089fdc692c1e54aeacc8,sync,False,2026-08-31T01:12:33+00:00
cyclone_idai_2019,2019-04-09__api-fast__generic,machine,api-fast,api-fast/generic,2019-04-09,access,Access constraints,partial,0.5,0.9,ok,,158,b4e92274,qwen/qwen3.8-flash,5a19d37440a5aacd16ab4f2b2cb95e695e206df205035630cb3f606d8d79bfa7,sync,False,2026-08-31T01:12:33+00:00
cyclone_idai_2019,2019-04-09__api-fast__generic,machine,api-fast,api-fast/generic,2019-04-09,coordination,Coordination arrangements,partial,0.5,0.95,ok,,170,336989e1,qwen/qwen3.8-flash,b6f2bd156c96ca6917538cdf926f7e54e2182c49d02d597b25432a1311dc9e28,sync,False,2026-08-31T01:12:33+00:00
cyclone_idai_2019,2019-04-09__api-fast__generic,machine,api-fast,api-fast/generic,2019-04-09,needs_gaps,Sector needs and gaps,present,1.0,0.95,ok,,100,93890042,qwen/qwen3.8-flash,9c0580faeb0e591aabede6b5dd6f6063cf06141b74596206e6cbf3a0e25f34bd,sync,False,2026-08-31T01:12:33+00:00
cyclone_idai_2019,2019-04-09__api-fast__generic,machine,api-fast,api-fast/generic,2019-04-09,response_actions,Sector response activities,present,1.0,1.0,ok,,77,ff71459e,qwen/qwen3.8-flash,183791180a501eb06e443e1c4f0c1f7920df08a867a7744ff3f013a4fd475489,sync,False,2026-08-31T01:12:33+00:00
cyclone_idai_2019,2019-04-09__api-fast__generic,machine,api-fast,api-fast/generic,2019-04-09,shelter,Shelter and non-food items,present,1.0,1.0,ok,,210,78fba487,qwen/qwen3.8-flash,c0c50bbc939791d55de1b138ad169071454f6363f7f66257cf3ab4465a3bf4f8,sync,False,2026-08-31T01:12:33+00:00
cyclone_idai_2019,2019-04-09__api-fast__schema_guided,machine,api-fast,api-fast/schema_guided,2019-04-09,currency_and_metadata,Data currency and report metadata,partial,0.5,1.0,ok,,162,995fcaf5,qwen/qwen3.8-flash,b404c4d3ed2d064487d1be9f5c9d14a78a8546b5ffe8c6092a46b400906c9389,sync,False,2026-08-31T01:12:33+00:00
cyclone_idai_2019,2019-04-09__api-fast__schema_guided,machine,api-fast,api-fast/schema_guided,2019-04-09,sourcing,Sourcing and attribution,present,1.0,1.0,ok,,188,0f1890b3,qwen/qwen3.8-flash,f59e79f1198231dcbc0f40059599cf31a331afc0f2c2de7b5b8dbd55f93c5e4f,sync,False,2026-08-31T01:12:33+00:00
cyclone_idai_2019,2019-04-09__api-fast__schema_guided,machine,api-fast,api-fast/schema_guided,2019-04-09,casualties,Casualty and affected-population figures,present,1.0,0.95,ok,,133,3d6ae4eb,qwen/qwen3.8-flash,e17011735fbad778aa7bcbafdb78f41de916e53529d69cb849d72fc612755d0c,sync,False,2026-08-31T01:12:33+00:00
cyclone_idai_2019,2019-04-09__api-fast__schema_guided,machine,api-fast,api-fast/schema_guided,2019-04-09,displacement,Displacement and accommodation sites,partial,0.5,0.95,ok,,206,db2b1556,qwen/qwen3.8-flash,b543381e403d3654ca597f60619b9b4017b040c2a59c4b9a84335699398d1a91,sync,False,2026-08-31T01:12:33+00:00
cyclone_idai_2019,2019-04-09__api-fast__schema_guided,machine,api-fast,api-fast/schema_guided,2019-04-09,health,"Health, disease outbreak and nutrition",partial,0.5,0.9,ok,,208,c39fc9a7,qwen/qwen3.8-flash,05490eef220618be2563cd24a83ab42336dbdb2462f0adb6666c8981bcd455c7,sync,False,2026-08-31T01:12:33+00:00
cyclone_idai_2019,2019-04-09__api-fast__schema_guided,machine,api-fast,api-fast/schema_guided,2019-04-09,damage,"Physical, economic and agricultural damage",partial,0.5,1.0,ok,,205,0adf0ca0,qwen/qwen3.8-flash,a5e1e98fbcfc2365ad2dc8ff7e941d208ea3a8caec115fbe4f66263be74c1ae6,sync,False,2026-08-31T01:12:33+00:00
cyclone_idai_2019,2019-04-09__api-fast__schema_guided,machine,api-fast,api-fast/schema_guided,2019-04-09,funding,Funding status and donor contributions,partial,0.5,1.0,ok,,197,71751a6d,qwen/qwen3.8-flash,07111df6f3ae9bdac2b22fc5b2d352564bff7eb4029ddd5842b7960eca277042,sync,False,2026-08-31T01:12:33+00:00
cyclone_idai_2019,2019-04-09__api-fast__schema_guided,machine,api-fast,api-fast/schema_guided,2019-04-09,education,Education impact and response,partial,0.5,1.0,ok,,147,d81c9af6,qwen/qwen3.8-flash,1b8456ab5438a87fb1e6b1cb0e2e54decffd18ea720ca21beff477fbcb68e856,sync,False,2026-08-31T01:12:33+00:00
cyclone_idai_2019,2019-04-09__api-fast__schema_guided,machine,api-fast,api-fast/schema_guided,2019-04-09,wash,WASH needs and response,present,1.0,0.95,ok,,219,da48c239,qwen/qwen3.8-flash,5c9be58822bc9594bab01e0d35be21a9a58d9304e31501e034267d2bfef2f5ed,sync,False,2026-08-31T01:12:33+00:00
cyclone_idai_2019,2019-04-09__api-fast__schema_guided,machine,api-fast,api-fast/schema_guided,2019-04-09,food,Food security and assistance reach,present,1.0,1.0,ok,,163,ba0f8cc4,qwen/qwen3.8-flash,5e7ac7a395376b7886f077fc7850dff07471ac5bca289ac4a294a0dd168bf379,sync,False,2026-08-31T01:12:33+00:00
cyclone_idai_2019,2019-04-09__api-fast__schema_guided,machine,api-fast,api-fast/schema_guided,2019-04-09,access,Access constraints,present,1.0,1.0,ok,,166,320ee0b5,qwen/qwen3.8-flash,2193a113b9a44899ee4a607c58d9a48eba30eb460dc06e6a3271c152cbabdd79,sync,False,2026-08-31T01:12:33+00:00
cyclone_idai_2019,2019-04-09__api-fast__schema_guided,machine,api-fast,api-fast/schema_guided,2019-04-09,coordination,Coordination arrangements,partial,0.5,0.95,ok,,180,7dfb6cab,qwen/qwen3.8-flash,740a1375060c6f9c4c115088650ee2624d2b516019a6c8221023864b32eb6327,sync,False,2026-08-31T01:12:33+00:00
cyclone_idai_2019,2019-04-09__api-fast__schema_guided,machine,api-fast,api-fast/schema_guided,2019-04-09,needs_gaps,Sector needs and gaps,present,1.0,1.0,ok,,217,224cdf40,qwen/qwen3.8-flash,950e9a111511e6ee4f8b922541eb7071f1e392d2ece693bf390ee9201c84e8e9,sync,False,2026-08-31T01:12:33+00:00
cyclone_idai_2019,2019-04-09__api-fast__schema_guided,machine,api-fast,api-fast/schema_guided,2019-04-09,response_actions,Sector response activities,present,1.0,1.0,ok,,215,ac0d29b2,qwen/qwen3.8-flash,e9898aaba8eaf63d3119a39c70472e8516d3b7b904f3d22ea0e20d9083457cc2,sync,False,2026-08-31T01:12:33+00:00
cyclone_idai_2019,2019-04-09__api-fast__schema_guided,machine,api-fast,api-fast/schema_guided,2019-04-09,shelter,Shelter and non-food items,present,1.0,1.0,ok,,185,eff05fbf,qwen/qwen3.8-flash,e0dce3a9c7af08f9706932b2dabfceac73f79beded60d2fe12786d422207ad47,sync,False,2026-08-31T01:12:33+00:00
cyclone_idai_2019,2019-04-09__api-strong__generic,machine,api-strong,api-strong/generic,2019-04-09,currency_and_metadata,Data currency and report metadata,partial,0.5,1.0,ok,,143,d691c23b,qwen/qwen3.8-flash,a2dd0007eb398ba03d8e7fa12ddc759b7030c78aa4d05bf0ed5dcb06ab83a3f9,sync,False,2026-08-31T01:12:33+00:00
cyclone_idai_2019,2019-04-09__api-strong__generic,machine,api-strong,api-strong/generic,2019-04-09,sourcing,Sourcing and attribution,present,1.0,1.0,ok,,105,59986c4a,qwen/qwen3.8-flash,954cb9904af5005434d56112934cfafb6675923d07204c3a777ea22aa0fa4c13,sync,False,2026-08-31T01:12:33+00:00
cyclone_idai_2019,2019-04-09__api-strong__generic,machine,api-strong,api-strong/generic,2019-04-09,casualties,Casualty and affected-population figures,present,1.0,1.0,ok,,93,79329d51,qwen/qwen3.8-flash,c48a3007f5440049387ed16b041c58c0d9e9cad898f798df3b890d4660bbf9b9,sync,False,2026-08-31T01:12:33+00:00
cyclone_idai_2019,2019-04-09__api-strong__generic,machine,api-strong,api-strong/generic,2019-04-09,displacement,Displacement and accommodation sites,partial,0.5,0.95,ok,,170,fe5001ec,qwen/qwen3.8-flash,70d629bd05df51e51874a52270b25292987836a2d84422c7ad76d581d838ee6b,sync,False,2026-08-31T01:12:33+00:00
cyclone_idai_2019,2019-04-09__api-strong__generic,machine,api-strong,api-strong/generic,2019-04-09,health,"Health, disease outbreak and nutrition",partial,0.5,0.95,ok,,128,a9c79999,qwen/qwen3.8-flash,3b64758e982c04fe281b8e23a3d0e0b4b6c76b6244ae8c20728d1dc31cd012f2,sync,False,2026-08-31T01:12:33+00:00
cyclone_idai_2019,2019-04-09__api-strong__generic,machine,api-strong,api-strong/generic,2019-04-09,damage,"Physical, economic and agricultural damage",,,,invalid,unparsable JSON (empty output),0,,qwen/qwen3.8-flash,ffdff0f4d9b518245286a7f3cb967257e7934e392c9834449a0dbe419e851046,sync,False,2026-08-31T01:12:33+00:00
cyclone_idai_2019,2019-04-09__api-strong__generic,machine,api-strong,api-strong/generic,2019-04-09,funding,Funding status and donor contributions,partial,0.5,1.0,ok,,147,e2e09227,qwen/qwen3.8-flash,bdcf8258a149a75ef7677c24483e5d2bc1d87a7868f08b31ff5836f4965d1d2d,sync,False,2026-08-31T01:12:33+00:00
cyclone_idai_2019,2019-04-09__api-strong__generic,machine,api-strong,api-strong/generic,2019-04-09,education,Education impact and response,partial,0.5,0.95,ok,,120,cb4a5a95,qwen/qwen3.8-flash,d0a4054f797446e7bc7826c95fbbc6642fa5d4d0249b3790dddd2115cbc8f32f,sync,False,2026-08-31T01:12:33+00:00
cyclone_idai_2019,2019-04-09__api-strong__generic,machine,api-strong,api-strong/generic,2019-04-09,wash,WASH needs and response,partial,0.5,0.95,ok,,151,533c0a8e,qwen/qwen3.8-flash,38361a47cea70a4a8864f1953b3b6f6e9beeae6f080287ddb461cc27f591c3a4,sync,False,2026-08-31T01:12:33+00:00
cyclone_idai_2019,2019-04-09__api-strong__generic,machine,api-strong,api-strong/generic,2019-04-09,food,Food security and assistance reach,present,1.0,1.0,ok,,165,daa815af,qwen/qwen3.8-flash,9c7022a62d2b4f867fbf7fcf4a4d88c57661a103a7f5730cd25871da295f8390,sync,False,2026-08-31T01:12:33+00:00
cyclone_idai_2019,2019-04-09__api-strong__generic,machine,api-strong,api-strong/generic,2019-04-09,access,Access constraints,present,1.0,1.0,ok,,146,3eb7db59,qwen/qwen3.8-flash,9c29559455d74630b7b8bed2b5c635e7954d23a6cd0fb749daae9cdfcac1e430,sync,False,2026-08-31T01:12:33+00:00
cyclone_idai_2019,2019-04-09__api-strong__generic,machine,api-strong,api-strong/generic,2019-04-09,coordination,Coordination arrangements,partial,0.5,0.95,ok,,142,83659ce9,qwen/qwen3.8-flash,86426f1eb92ffc81e36b538c80f0909665b0b796a9c6037247644a034ccc4173,sync,False,2026-08-31T01:12:33+00:00
cyclone_idai_2019,2019-04-09__api-strong__generic,machine,api-strong,api-strong/generic,2019-04-09,needs_gaps,Sector needs and gaps,partial,0.5,0.9,ok,,125,753ccae0,qwen/qwen3.8-flash,90c79a9960a7c3ecb4d966b8813d5064b23e760d4573b1b006ae32a0f3337a7b,sync,False,2026-08-31T01:12:33+00:00
cyclone_idai_2019,2019-04-09__api-strong__generic,machine,api-strong,api-strong/generic,2019-04-09,response_actions,Sector response activities,present,1.0,1.0,ok,,129,009335b6,qwen/qwen3.8-flash,0a637b9939bae9b565a8746d12847e98b1ec05204702ca9b10fe0c0701f19073,sync,False,2026-08-31T01:12:33+00:00
cyclone_idai_2019,2019-04-09__api-strong__generic,machine,api-strong,api-strong/generic,2019-04-09,shelter,Shelter and non-food items,present,1.0,0.95,ok,,180,fef1be7e,qwen/qwen3.8-flash,2bda0d6f893a6bcb6aa02903f1376e48548af1d501beb9a0dc11f01ae83525cc,sync,False,2026-08-31T01:12:33+00:00
cyclone_idai_2019,2019-04-09__api-strong__schema_guided,machine,api-strong,api-strong/schema_guided,2019-04-09,currency_and_metadata,Data currency and report metadata,present,1.0,0.95,ok,,178,95da1369,qwen/qwen3.8-flash,14d225b2af6723eb78d9064735592ae3ff883ce0a41483ed617e170acf72df7d,sync,False,2026-08-31T01:12:33+00:00
cyclone_idai_2019,2019-04-09__api-strong__schema_guided,machine,api-strong,api-strong/schema_guided,2019-04-09,sourcing,Sourcing and attribution,present,1.0,1.0,ok,,172,6e7ff290,qwen/qwen3.8-flash,11081166842bbb41c772e80946395b60a4afb4b646b63bf1098765e5011d1c5e,sync,False,2026-08-31T01:12:33+00:00
cyclone_idai_2019,2019-04-09__api-strong__schema_guided,machine,api-strong,api-strong/schema_guided,2019-04-09,casualties,Casualty and affected-population figures,present,1.0,1.0,ok,,172,772c345a,qwen/qwen3.8-flash,2e6ca0ec232b173878627050c41495ed97e48bcc283403860aee834e335c1fb0,sync,False,2026-08-31T01:12:33+00:00
cyclone_idai_2019,2019-04-09__api-strong__schema_guided,machine,api-strong,api-strong/schema_guided,2019-04-09,displacement,Displacement and accommodation sites,partial,0.5,0.95,ok,,196,85163163,qwen/qwen3.8-flash,e76ab0eac38557001323b113dc1a9f002ac12c484e94db846c1dc626f440ffa3,sync,False,2026-08-31T01:12:33+00:00
cyclone_idai_2019,2019-04-09__api-strong__schema_guided,machine,api-strong,api-strong/schema_guided,2019-04-09,health,"Health, disease outbreak and nutrition",present,1.0,0.95,ok,,158,b6e8dcb0,qwen/qwen3.8-flash,98c9dd8b2facba79d331bcda1e082464b62fa98910543000b22a55587fa147cf,sync,False,2026-08-31T01:12:33+00:00
cyclone_idai_2019,2019-04-09__api-strong__schema_guided,machine,api-strong,api-strong/schema_guided,2019-04-09,damage,"Physical, economic and agricultural damage",partial,0.5,1.0,ok,,212,e2806a9a,qwen/qwen3.8-flash,21a0d22a58333cd2040d669e3d4ff52f439e7e845976f71eadf495febb16eb99,sync,False,2026-08-31T01:12:33+00:00
cyclone_idai_2019,2019-04-09__api-strong__schema_guided,machine,api-strong,api-strong/schema_guided,2019-04-09,funding,Funding status and donor contributions,partial,0.5,1.0,ok,,143,31f08433,qwen/qwen3.8-flash,85a7b5948377939f9275e00b8d341dd9b242b8dadfd07376f50fe2b54335d11a,sync,False,2026-08-31T01:12:33+00:00
cyclone_idai_2019,2019-04-09__api-strong__schema_guided,machine,api-strong,api-strong/schema_guided,2019-04-09,education,Education impact and response,partial,0.5,1.0,ok,,155,f133e017,qwen/qwen3.8-flash,a940efb69db81aa5ae8f086735ed896fc8a1a79dfef200aacb2ff096f107c902,sync,False,2026-08-31T01:12:33+00:00
cyclone_idai_2019,2019-04-09__api-strong__schema_guided,machine,api-strong,api-strong/schema_guided,2019-04-09,wash,WASH needs and response,present,1.0,1.0,ok,,160,0a554312,qwen/qwen3.8-flash,8885531ebb5cb7eab271d9961ae3b9b31197e7186bcf81265e8fa534292dee87,sync,False,2026-08-31T01:12:33+00:00
cyclone_idai_2019,2019-04-09__api-strong__schema_guided,machine,api-strong,api-strong/schema_guided,2019-04-09,food,Food security and assistance reach,present,1.0,1.0,ok,,162,03c49923,qwen/qwen3.8-flash,e9d16117a8409afb4aaae8efba48222aee6c0ed2c7eff11e5d21807f9209511f,sync,False,2026-08-31T01:12:33+00:00
cyclone_idai_2019,2019-04-09__api-strong__schema_guided,machine,api-strong,api-strong/schema_guided,2019-04-09,access,Access constraints,present,1.0,0.95,ok,,210,ea0cc9b2,qwen/qwen3.8-flash,a8e10038969944acaa3e317469a94228899ba192d79dc378cccfc73e0962b3b5,sync,False,2026-08-31T01:12:33+00:00
cyclone_idai_2019,2019-04-09__api-strong__schema_guided,machine,api-strong,api-strong/schema_guided,2019-04-09,coordination,Coordination arrangements,present,1.0,0.95,ok,,143,ca62ee4f,qwen/qwen3.8-flash,f484259cc3941083d1490a3a2ea62553208dfb93950d71af35e8b6c41a44d38d,sync,False,2026-08-31T01:12:33+00:00
cyclone_idai_2019,2019-04-09__api-strong__schema_guided,machine,api-strong,api-strong/schema_guided,2019-04-09,needs_gaps,Sector needs and gaps,present,1.0,1.0,ok,,160,18f1c87d,qwen/qwen3.8-flash,47909b98bfeac3bac5358723252b4d2f88ae1015f7d0c015ded930f16dbf8001,sync,False,2026-08-31T01:12:33+00:00
cyclone_idai_2019,2019-04-09__api-strong__schema_guided,machine,api-strong,api-strong/schema_guided,2019-04-09,response_actions,Sector response activities,present,1.0,0.95,ok,,174,15702bd6,qwen/qwen3.8-flash,01d2af8834e3f07f67a5d20f45bc2150960b5a3a031846485b5b3ad633d1249a,sync,False,2026-08-31T01:12:33+00:00
cyclone_idai_2019,2019-04-09__api-strong__schema_guided,machine,api-strong,api-strong/schema_guided,2019-04-09,shelter,Shelter and non-food items,present,1.0,0.95,ok,,192,75f3ffe7,qwen/qwen3.8-flash,4719ac61d21b2d93a31d0c23a64aa4e6bebb9aa3104a422c5b8a7f4d8bad512e,sync,False,2026-08-31T01:12:33+00:00
cyclone_idai_2019,2019-04-10__api-fast__generic,machine,api-fast,api-fast/generic,2019-04-10,currency_and_metadata,Data currency and report metadata,partial,0.5,0.9,ok,,46,a6ebe2e3,qwen/qwen3.8-flash,136151ccf48d339471758ca55e994b8c4cfc333e06954eada3b3db467a3ba008,sync,False,2026-08-31T01:12:33+00:00
cyclone_idai_2019,2019-04-10__api-fast__generic,machine,api-fast,api-fast/generic,2019-04-10,sourcing,Sourcing and attribution,partial,0.5,0.9,ok,,224,5955c612,qwen/qwen3.8-flash,8a18e98de03a154402bd0648bd7211913354885b9e31442eeddfb2f68243ca19,sync,False,2026-08-31T01:12:33+00:00
cyclone_idai_2019,2019-04-10__api-fast__generic,machine,api-fast,api-fast/generic,2019-04-10,casualties,Casualty and affected-population figures,present,1.0,0.95,ok,,178,35d82934,qwen/qwen3.8-flash,7b293ce54c2ec94e780f6ece5b0d9f2708996a0f454f1b25ab659de3a4de12e2,sync,False,2026-08-31T01:12:33+00:00
cyclone_idai_2019,2019-04-10__api-fast__generic,machine,api-fast,api-fast/generic,2019-04-10,displacement,Displacement and accommodation sites,partial,0.5,0.95,ok,,176,ea1b9df5,qwen/qwen3.8-flash,83e9e68b28a729be75c9b96388f1a244e0e8bca6f4a96a04374f5c9ef6eb63a9,sync,False,2026-08-31T01:12:33+00:00
cyclone_idai_2019,2019-04-10__api-fast__generic,machine,api-fast,api-fast/generic,2019-04-10,health,"Health, disease outbreak and nutrition",,,,invalid,unparsable JSON (empty output),0,,qwen/qwen3.8-flash,4f0e78d9e2cbaed1746796bbd7e97c0a24be0f9fde6e431588d4ca093b6db0a1,sync,False,2026-08-31T01:12:33+00:00
cyclone_idai_2019,2019-04-10__api-fast__generic,machine,api-fast,api-fast/generic,2019-04-10,damage,"Physical, economic and agricultural damage",partial,0.5,0.95,ok,,95,0d4cd4ed,qwen/qwen3.8-flash,c287d8de508e60e196511ef58238d93b3c305676ae4f926917a616c9c3dbd259,sync,False,2026-08-31T01:12:33+00:00
cyclone_idai_2019,2019-04-10__api-fast__generic,machine,api-fast,api-fast/generic,2019-04-10,funding,Funding status and donor contributions,,,,invalid,unparsable JSON (empty output),0,,qwen/qwen3.8-flash,c927cad77823542a1fec770f9419adca428a00b9f900758b0493297c69824ec0,sync,False,2026-08-31T01:12:33+00:00
cyclone_idai_2019,2019-04-10__api-fast__generic,machine,api-fast,api-fast/generic,2019-04-10,education,Education impact and response,partial,0.5,0.9,ok,,122,34290c77,qwen/qwen3.8-flash,9366c91b3e3a140ce705a8bf84c198fcaa617f4312e5333f589b9904c21ed6e8,sync,False,2026-08-31T01:12:33+00:00
cyclone_idai_2019,2019-04-10__api-fast__generic,machine,api-fast,api-fast/generic,2019-04-10,wash,WASH needs and response,present,1.0,0.95,ok,,221,2dab1e60,qwen/qwen3.8-flash,5d0b88a11c026f740dfd52fa9c3d1b34389e12e040aa1e94ab2876ede43638e2,sync,False,2026-08-31T01:12:33+00:00
cyclone_idai_2019,2019-04-10__api-fast__generic,machine,api-fast,api-fast/generic,2019-04-10,food,Food security and assistance reach,partial,0.5,0.95,ok,,80,b8d7e455,qwen/qwen3.8-flash,83b1e139906497f882e9c57f5369fb5c6e6e517feea50557b6991c8640047ccf,sync,False,2026-08-31T01:12:33+00:00
cyclone_idai_2019,2019-04-10__api-fast__generic,machine,api-fast,api-fast/generic,2019-04-10,access,Access constraints,partial,0.5,1.0,ok,,259,3619d345,qwen/qwen3.8-flash,ab6a92a67ec6bd4115d04d077d8e7d9b4441d5c99b72db59794d049661600598,sync,False,2026-08-31T01:12:33+00:00
cyclone_idai_2019,2019-04-10__api-fast__generic,machine,api-fast,api-fast/generic,2019-04-10,coordination,Coordination arrangements,partial,0.5,0.9,ok,,206,b399f3a0,qwen/qwen3.8-flash,470f374bc3570c7e662591be442a3106414bc651c30a4818ced0305d8b40e270,sync,False,2026-08-31T01:12:33+00:00
cyclone_idai_2019,2019-04-10__api-fast__generic,machine,api-fast,api-fast/generic,2019-04-10,needs_gaps,Sector needs and gaps,partial,0.5,0.95,ok,,191,3dc1692e,qwen/qwen3.8-flash,4427293d20fea35967e487af09fc5c12814b4e082c5cf9fee729a92f92e90066,sync,False,2026-08-31T01:12:33+00:00
cyclone_idai_2019,2019-04-10__api-fast__generic,machine,api-fast,api-fast/generic,2019-04-10,response_actions,Sector response activities,present,1.0,1.0,ok,,99,10bdaec8,qwen/qwen3.8-flash,6cb4f19efb4facc3b7a1e1c91fe45a545e39a27710ea1ab375297613570e0f4c,sync,False,2026-08-31T01:12:33+00:00
cyclone_idai_2019,2019-04-10__api-fast__generic,machine,api-fast,api-fast/generic,2019-04-10,shelter,Shelter and non-food items,present,1.0,0.95,ok,,91,2d397ed7,qwen/qwen3.8-flash,c8adf67485f92b7dc2e5913fffd68bbbec80003c6b581c7c958150b4375b6dc6,sync,False,2026-08-31T01:12:33+00:00
cyclone_idai_2019,2019-04-10__api-fast__schema_guided,machine,api-fast,api-fast/schema_guided,2019-04-10,currency_and_metadata,Data currency and report metadata,partial,0.5,0.95,ok,,214,207f3726,qwen/qwen3.8-flash,06ce3f55ed52f100d070f4349090aac0696cf3121d2759782441afadf6200b20,sync,False,2026-08-31T01:12:33+00:00
cyclone_idai_2019,2019-04-10__api-fast__schema_guided,machine,api-fast,api-fast/schema_guided,2019-04-10,sourcing,Sourcing and attribution,present,1.0,1.0,ok,,153,b05b1eb1,qwen/qwen3.8-flash,0f855d9fe8c7c1503c192aa3e9465029ff1100522e7c3f924e1bb099e743816b,sync,False,2026-08-31T01:12:33+00:00
cyclone_idai_2019,2019-04-10__api-fast__schema_guided,machine,api-fast,api-fast/schema_guided,2019-04-10,casualties,Casualty and affected-population figures,present,1.0,0.95,ok,,165,cf5b6df5,qwen/qwen3.8-flash,7d52222b8e4e41b84fe60a191856468f833789faabf88ddb56b5f3b5ec4c9ba0,sync,False,2026-08-31T01:12:33+00:00
cyclone_idai_2019,2019-04-10__api-fast__schema_guided,machine,api-fast,api-fast/schema_guided,2019-04-10,displacement,Displacement and accommodation sites,present,1.0,0.95,ok,,182,7fb7bf45,qwen/qwen3.8-flash,cdcc186301bc35cceb7a2332df07bce12902544e6aafb6a56beca1f09603033b,sync,False,2026-08-31T01:12:33+00:00
cyclone_idai_2019,2019-04-10__api-fast__schema_guided,machine,api-fast,api-fast/schema_guided,2019-04-10,health,"Health, disease outbreak and nutrition",present,1.0,1.0,ok,,221,711b7bef,qwen/qwen3.8-flash,b2543eab8ae19838895fd82ae9324af1de9a1c2d180c1f7156c87c43aad4d5d3,sync,False,2026-08-31T01:12:33+00:00
cyclone_idai_2019,2019-04-10__api-fast__schema_guided,machine,api-fast,api-fast/schema_guided,2019-04-10,damage,"Physical, economic and agricultural damage",present,1.0,1.0,ok,,195,adce784e,qwen/qwen3.8-flash,23f8e03e5ff60883cc21bbcea2ad5f624f9c7a39b8da712203b72b41588691d0,sync,False,2026-08-31T01:12:33+00:00
cyclone_idai_2019,2019-04-10__api-fast__schema_guided,machine,api-fast,api-fast/schema_guided,2019-04-10,funding,Funding status and donor contributions,present,1.0,1.0,ok,,167,6b9a6554,qwen/qwen3.8-flash,8805ca4dfa2e93efb3a3a858481491bc279c46563533fc347c617138fac04aff,sync,False,2026-08-31T01:12:33+00:00
cyclone_idai_2019,2019-04-10__api-fast__schema_guided,machine,api-fast,api-fast/schema_guided,2019-04-10,education,Education impact and response,present,1.0,1.0,ok,,400,1a594770,qwen/qwen3.8-flash,aeb4edbe65c027b2911832c465bd5b8178dc83ae73de791d9b4fc29d86931865,sync,False,2026-08-31T01:12:33+00:00
cyclone_idai_2019,2019-04-10__api-fast__schema_guided,machine,api-fast,api-fast/schema_guided,2019-04-10,wash,WASH needs and response,present,1.0,0.95,ok,,166,8bac5500,qwen/qwen3.8-flash,95e982b2130bd4a41d1e5ff2b0de0a38aa3ef8217450eac7b30a3b6a67106cce,sync,False,2026-08-31T01:12:33+00:00
cyclone_idai_2019,2019-04-10__api-fast__schema_guided,machine,api-fast,api-fast/schema_guided,2019-04-10,food,Food security and assistance reach,present,1.0,0.9,ok,,82,d34e9c9d,qwen/qwen3.8-flash,d1bc65cdb40d8ada2a9d8b59fca7e5db32c28b591e7bceeb99c6aacbcbb28955,sync,False,2026-08-31T01:12:33+00:00
cyclone_idai_2019,2019-04-10__api-fast__schema_guided,machine,api-fast,api-fast/schema_guided,2019-04-10,access,Access constraints,present,1.0,0.95,ok,,205,a3f7eccb,qwen/qwen3.8-flash,b7885a80b3b2369acfa23f851565e68ada8735e53d23c702aa84a5fd71d660d6,sync,False,2026-08-31T01:12:33+00:00
cyclone_idai_2019,2019-04-10__api-fast__schema_guided,machine,api-fast,api-fast/schema_guided,2019-04-10,coordination,Coordination arrangements,present,1.0,1.0,ok,,176,75832220,qwen/qwen3.8-flash,8223be5c7b85ec9b710208e740c2f9f57ef297e7090935fc041805c46282343a,sync,False,2026-08-31T01:12:33+00:00
cyclone_idai_2019,2019-04-10__api-fast__schema_guided,machine,api-fast,api-fast/schema_guided,2019-04-10,needs_gaps,Sector needs and gaps,present,1.0,0.95,ok,,196,bd0f9f73,qwen/qwen3.8-flash,aa1ce37f86eb9e57909a8a174c936962c26a67e7d4c577ef909a643a2e276391,sync,False,2026-08-31T01:12:33+00:00
cyclone_idai_2019,2019-04-10__api-fast__schema_guided,machine,api-fast,api-fast/schema_guided,2019-04-10,response_actions,Sector response activities,present,1.0,1.0,ok,,192,e386e48c,qwen/qwen3.8-flash,97be51f439bab0fafc1a3395e1ac29b2e192b38973e9d0be0604b43a8623dfa4,sync,False,2026-08-31T01:12:33+00:00
cyclone_idai_2019,2019-04-10__api-fast__schema_guided,machine,api-fast,api-fast/schema_guided,2019-04-10,shelter,Shelter and non-food items,present,1.0,0.98,ok,,167,c20743d3,qwen/qwen3.8-flash,288d0d1c44033912b6794d02d0ccc6a4fd0095ff64e67ae8b9905089f7089f90,sync,False,2026-08-31T01:12:33+00:00
cyclone_idai_2019,2019-04-10__api-strong__generic,machine,api-strong,api-strong/generic,2019-04-10,currency_and_metadata,Data currency and report metadata,partial,0.5,0.95,ok,,164,45df3030,qwen/qwen3.8-flash,04052e7740e45d2139d79c82908d0828c78c3945efbe600414febf1d76a5e3ea,sync,False,2026-08-31T01:12:33+00:00
cyclone_idai_2019,2019-04-10__api-strong__generic,machine,api-strong,api-strong/generic,2019-04-10,sourcing,Sourcing and attribution,present,1.0,0.9,ok,,96,a893ce48,qwen/qwen3.8-flash,d7d8085d450e71fae79af5ae076fa126f649bcd1fb4b759d928dfbf28e7d7eca,sync,False,2026-08-31T01:12:33+00:00
cyclone_idai_2019,2019-04-10__api-strong__generic,machine,api-strong,api-strong/generic,2019-04-10,casualties,Casualty and affected-population figures,present,1.0,0.95,ok,,143,6fc19bc1,qwen/qwen3.8-flash,b89d30ad0dbb1481ef5d798af2516b74f0e454cbc43558bf2f05db441ff738ad,sync,False,2026-08-31T01:12:33+00:00
cyclone_idai_2019,2019-04-10__api-strong__generic,machine,api-strong,api-strong/generic,2019-04-10,displacement,Displacement and accommodation sites,,,,invalid,unparsable JSON (empty output),0,,qwen/qwen3.8-flash,d82d0c27f190adbcfc91111b43d18b37471db860ceb5cb1fa21ecb6f0191ad91,sync,False,2026-08-31T01:12:33+00:00
cyclone_idai_2019,2019-04-10__api-strong__generic,machine,api-strong,api-strong/generic,2019-04-10,health,"Health, disease outbreak and nutrition",present,1.0,0.95,ok,,203,aba7e0b3,qwen/qwen3.8-flash,87297126b4473a3f6c6af2b866b682182c2b6385d67cc5bd44b4c1ab5e5aaa66,sync,False,2026-08-31T01:12:33+00:00
cyclone_idai_2019,2019-04-10__api-strong__generic,machine,api-strong,api-strong/generic,2019-04-10,damage,"Physical, economic and agricultural damage",present,1.0,0.95,ok,,157,1599b519,qwen/qwen3.8-flash,fd62b086215d1a09ddd1472da41c079d9c48c5ead132222aeb0ccd9624bdf572,sync,False,2026-08-31T01:12:33+00:00
cyclone_idai_2019,2019-04-10__api-strong__generic,machine,api-strong,api-strong/generic,2019-04-10,funding,Funding status and donor contributions,,,,invalid,unparsable JSON (empty output),0,,qwen/qwen3.8-flash,dcb68e7f6318982867a127a69babd057ec9f186a2316cc967a8614f58a32c28f,sync,False,2026-08-31T01:12:33+00:00
cyclone_idai_2019,2019-04-10__api-strong__generic,machine,api-strong,api-strong/generic,2019-04-10,education,Education impact and response,partial,0.5,0.95,ok,,108,93cd7c47,qwen/qwen3.8-flash,537616703008b052311b8093077373bc62512c057b777517c55d8de8d1522311,sync,False,2026-08-31T01:12:33+00:00
cyclone_idai_2019,2019-04-10__api-strong__generic,machine,api-strong,api-strong/generic,2019-04-10,wash,WASH needs and response,present,1.0,0.95,ok,,234,58ae7e88,qwen/qwen3.8-flash,864205ef037a139d754659073ae6489b6a1da749eb3ef4d0e2652693e05932b8,sync,False,2026-08-31T01:12:33+00:00
cyclone_idai_2019,2019-04-10__api-strong__generic,machine,api-strong,api-strong/generic,2019-04-10,food,Food security and assistance reach,present,1.0,0.95,ok,,169,6045cee8,qwen/qwen3.8-flash,3a9e51747f5a8723cdd005d621221e105b3251dfd872d68cfbec1c105bfe70f9,sync,False,2026-08-31T01:12:33+00:00
cyclone_idai_2019,2019-04-10__api-strong__generic,machine,api-strong,api-strong/generic,2019-04-10,access,Access constraints,present,1.0,0.95,ok,,112,a2ce7352,qwen/qwen3.8-flash,bebe60cf90ad5ab80fd8d2df408e7960e0f105dcb7d4a912c5d397c3753f5dd7,sync,False,2026-08-31T01:12:33+00:00
cyclone_idai_2019,2019-04-10__api-strong__generic,machine,api-strong,api-strong/generic,2019-04-10,coordination,Coordination arrangements,partial,0.5,0.95,ok,,219,c033af27,qwen/qwen3.8-flash,3d5a8fcc55cf3776fe832014a328bf4fc08205411bc622a2cf3a577c6a493867,sync,False,2026-08-31T01:12:33+00:00
cyclone_idai_2019,2019-04-10__api-strong__generic,machine,api-strong,api-strong/generic,2019-04-10,needs_gaps,Sector needs and gaps,partial,0.5,0.95,ok,,87,0cf2eea1,qwen/qwen3.8-flash,3bc6e84673e2bc1c864c3ed85887ae3efdb33ce90271562bfabe6ebb897b196f,sync,False,2026-08-31T01:12:33+00:00
cyclone_idai_2019,2019-04-10__api-strong__generic,machine,api-strong,api-strong/generic,2019-04-10,response_actions,Sector response activities,present,1.0,0.98,ok,,205,69967f25,qwen/qwen3.8-flash,e6692883a7da569da735361f9c8ca706236f295edb6ad3fc9d3c75a160e5a768,sync,False,2026-08-31T01:12:33+00:00
cyclone_idai_2019,2019-04-10__api-strong__generic,machine,api-strong,api-strong/generic,2019-04-10,shelter,Shelter and non-food items,partial,0.5,1.0,ok,,194,716ed3cd,qwen/qwen3.8-flash,57d74e39ab609b302910efbbb1f8bc1a8cd640f3b04c19ca8b8c18c3ff50f6ef,sync,False,2026-08-31T01:12:33+00:00
cyclone_idai_2019,2019-04-10__api-strong__schema_guided,machine,api-strong,api-strong/schema_guided,2019-04-10,currency_and_metadata,Data currency and report metadata,partial,0.5,1.0,ok,,168,333adf14,qwen/qwen3.8-flash,2b2bdd5afdec6692ac98be37dc548b7f1416e7a252adad05e7281fe2d90eaa3b,sync,False,2026-08-31T01:12:33+00:00
cyclone_idai_2019,2019-04-10__api-strong__schema_guided,machine,api-strong,api-strong/schema_guided,2019-04-10,sourcing,Sourcing and attribution,present,1.0,0.95,ok,,204,ed8ec68d,qwen/qwen3.8-flash,7a19350be86ea736311ad402fb28a6cdee20e92a6ff64552a33470f93131de50,sync,False,2026-08-31T01:12:33+00:00
cyclone_idai_2019,2019-04-10__api-strong__schema_guided,machine,api-strong,api-strong/schema_guided,2019-04-10,casualties,Casualty and affected-population figures,present,1.0,0.95,ok,,113,d6d6bb50,qwen/qwen3.8-flash,3f58dba3e98f30b6882a42be18871eee756aaa6a60eec3f9f4de09dfee44d87c,sync,False,2026-08-31T01:12:33+00:00
cyclone_idai_2019,2019-04-10__api-strong__schema_guided,machine,api-strong,api-strong/schema_guided,2019-04-10,displacement,Displacement and accommodation sites,partial,0.5,0.95,ok,,185,e0f02a05,qwen/qwen3.8-flash,33ecb729bd98fa3abff83d8b63107f299c99cc79bcec33ec638b85ad6f1b06f0,sync,False,2026-08-31T01:12:33+00:00
cyclone_idai_2019,2019-04-10__api-strong__schema_guided,machine,api-strong,api-strong/schema_guided,2019-04-10,health,"Health, disease outbreak and nutrition",present,1.0,0.95,ok,,165,f2815a45,qwen/qwen3.8-flash,a1fac7cf405161bcce3adcc4acf0872fd4265f0729af0935b8831b51afeffdfe,sync,False,2026-08-31T01:12:33+00:00
cyclone_idai_2019,2019-04-10__api-strong__schema_guided,machine,api-strong,api-strong/schema_guided,2019-04-10,damage,"Physical, economic and agricultural damage",partial,0.5,0.95,ok,,166,ea418b27,qwen/qwen3.8-flash,192ec2caf0132fc52dbd24a956b9c1b69c87c51cf33a856cad0ec22249330c6c,sync,False,2026-08-31T01:12:33+00:00
cyclone_idai_2019,2019-04-10__api-strong__schema_guided,machine,api-strong,api-strong/schema_guided,2019-04-10,funding,Funding status and donor contributions,present,1.0,1.0,ok,,198,bdc0c933,qwen/qwen3.8-flash,21328d0760d71f36bb210a54c8f2981ad657a9d31413f03583c0d27ca0addce4,sync,False,2026-08-31T01:12:33+00:00
cyclone_idai_2019,2019-04-10__api-strong__schema_guided,machine,api-strong,api-strong/schema_guided,2019-04-10,education,Education impact and response,partial,0.5,0.95,ok,,170,63355496,qwen/qwen3.8-flash,7d35f43f4c22f88c89fff4e79d09b6432c26eb410d8b10d5fdf5e12312429c82,sync,False,2026-08-31T01:12:33+00:00
cyclone_idai_2019,2019-04-10__api-strong__schema_guided,machine,api-strong,api-strong/schema_guided,2019-04-10,wash,WASH needs and response,present,1.0,0.95,ok,,188,df7bd13c,qwen/qwen3.8-flash,680bfec86af492015544f0269a6ea4029e723939a5024bf79f076dc35112a486,sync,False,2026-08-31T01:12:33+00:00
cyclone_idai_2019,2019-04-10__api-strong__schema_guided,machine,api-strong,api-strong/schema_guided,2019-04-10,food,Food security and assistance reach,present,1.0,1.0,ok,,105,897f97a9,qwen/qwen3.8-flash,118764755a4f46e714b6507b6282a53222fdf3aa8bfda2cd8a813a43bcfdf564,sync,False,2026-08-31T01:12:33+00:00
cyclone_idai_2019,2019-04-10__api-strong__schema_guided,machine,api-strong,api-strong/schema_guided,2019-04-10,access,Access constraints,partial,0.5,0.95,ok,,197,7482847c,qwen/qwen3.8-flash,5308b33e2c33709f5b36314055322990486cddd409d6410a02634d854d9996f2,sync,False,2026-08-31T01:12:33+00:00
cyclone_idai_2019,2019-04-10__api-strong__schema_guided,machine,api-strong,api-strong/schema_guided,2019-04-10,coordination,Coordination arrangements,present,1.0,0.9,ok,,154,61612a2e,qwen/qwen3.8-flash,dc37a51083ccf4dc072c1efea14fd643bc98ffd457a13a3ed5083ba6eccd98bb,sync,False,2026-08-31T01:12:33+00:00
cyclone_idai_2019,2019-04-10__api-strong__schema_guided,machine,api-strong,api-strong/schema_guided,2019-04-10,needs_gaps,Sector needs and gaps,present,1.0,0.95,ok,,177,a562d2a3,qwen/qwen3.8-flash,7112b756a484bae3b459dc24e047316dd6e6dfa510c452f6280e90fc82dfd363,sync,False,2026-08-31T01:12:33+00:00
cyclone_idai_2019,2019-04-10__api-strong__schema_guided,machine,api-strong,api-strong/schema_guided,2019-04-10,response_actions,Sector response activities,present,1.0,1.0,ok,,158,b04de48d,qwen/qwen3.8-flash,d635067fb1d11bd2112042a1390a2ed78aaa111b8c4941b46df523ca1013cd3a,sync,False,2026-08-31T01:12:33+00:00
cyclone_idai_2019,2019-04-10__api-strong__schema_guided,machine,api-strong,api-strong/schema_guided,2019-04-10,shelter,Shelter and non-food items,present,1.0,0.95,ok,,178,d306130f,qwen/qwen3.8-flash,930532c6a3ff6fb83d0221cc281c30bbac74f860e3dbe15ef2596c00d05c8035,sync,False,2026-08-31T01:12:33+00:00
cyclone_idai_2019,2019-04-11__api-fast__generic,machine,api-fast,api-fast/generic,2019-04-11,currency_and_metadata,Data currency and report metadata,partial,0.5,0.95,ok,,171,79d64e59,qwen/qwen3.8-flash,b58770bf98b5f24ed47cad6e4e7b320eb72ae8e1385d6928f3d8e164574b730d,sync,False,2026-08-31T01:12:33+00:00
cyclone_idai_2019,2019-04-11__api-fast__generic,machine,api-fast,api-fast/generic,2019-04-11,sourcing,Sourcing and attribution,partial,0.5,0.95,ok,,97,f4c3ac05,qwen/qwen3.8-flash,301e88d6d8eeec0282087c3c50172ec83d48195af3497c1ca1eab3adc3fbf614,sync,False,2026-08-31T01:12:33+00:00
cyclone_idai_2019,2019-04-11__api-fast__generic,machine,api-fast,api-fast/generic,2019-04-11,casualties,Casualty and affected-population figures,partial,0.5,0.95,ok,,188,c0da605d,qwen/qwen3.8-flash,132c4f33adf354c04d03809a1cdd0e1fe299345c7839b60f84dd1cabc6db9781,sync,False,2026-08-31T01:12:33+00:00
cyclone_idai_2019,2019-04-11__api-fast__generic,machine,api-fast,api-fast/generic,2019-04-11,displacement,Displacement and accommodation sites,partial,0.5,0.95,ok,,61,85628458,qwen/qwen3.8-flash,05707a5f02c59edc701f9949d1052fb6c4f5620200d4f94beaed2e6dfc1f64a4,sync,False,2026-08-31T01:12:33+00:00
cyclone_idai_2019,2019-04-11__api-fast__generic,machine,api-fast,api-fast/generic,2019-04-11,health,"Health, disease outbreak and nutrition",present,1.0,0.95,ok,,180,39277044,qwen/qwen3.8-flash,729a0e6c9cba0d07b0d2b53e365eb8a892572243dd5c32bde06c8e70a0922449,sync,False,2026-08-31T01:12:33+00:00
cyclone_idai_2019,2019-04-11__api-fast__generic,machine,api-fast,api-fast/generic,2019-04-11,damage,"Physical, economic and agricultural damage",partial,0.5,0.95,ok,,101,45dbe99e,qwen/qwen3.8-flash,8ef1033e1641deb9a72dba6e8489364ec5e65e767b3308d94ba644f3f8cef98c,sync,False,2026-08-31T01:12:33+00:00
cyclone_idai_2019,2019-04-11__api-fast__generic,machine,api-fast,api-fast/generic,2019-04-11,funding,Funding status and donor contributions,present,1.0,1.0,ok,,117,646fe57f,qwen/qwen3.8-flash,2fba2d96cfe14f4cdcd20a1ca780a7443304e0f429827cbd6d9d0e3cc1bf47cf,sync,False,2026-08-31T01:12:33+00:00
cyclone_idai_2019,2019-04-11__api-fast__generic,machine,api-fast,api-fast/generic,2019-04-11,education,Education impact and response,partial,0.5,0.95,ok,,148,49f2a038,qwen/qwen3.8-flash,e6687ebef5ed8940cd2f8fbf76dc18753a700026336931b276ac4d9e3f20292d,sync,False,2026-08-31T01:12:33+00:00
cyclone_idai_2019,2019-04-11__api-fast__generic,machine,api-fast,api-fast/generic,2019-04-11,wash,WASH needs and response,partial,0.5,1.0,ok,,193,d8cce2f1,qwen/qwen3.8-flash,0e35710134f329b26b99e14568d6abd6636f66b062d83c7b54f0d59d82f93c23,sync,False,2026-08-31T01:12:33+00:00
cyclone_idai_2019,2019-04-11__api-fast__generic,machine,api-fast,api-fast/generic,2019-04-11,food,Food security and assistance reach,present,1.0,0.95,ok,,189,410c190a,qwen/qwen3.8-flash,1d9e3b2dc8c94538db73d3d607c2ad7af14e3f550e924ef3a29637995a389922,sync,False,2026-08-31T01:12:33+00:00
cyclone_idai_2019,2019-04-11__api-fast__generic,machine,api-fast,api-fast/generic,2019-04-11,access,Access constraints,partial,0.5,0.95,ok,,151,a6f43a14,qwen/qwen3.8-flash,8da45c7ee7474da678695588247ac1d0a778365aa60123aa30f4966d87eae506,sync,False,2026-08-31T01:12:33+00:00
cyclone_idai_2019,2019-04-11__api-fast__generic,machine,api-fast,api-fast/generic,2019-04-11,coordination,Coordination arrangements,present,1.0,1.0,ok,,163,4dd43162,qwen/qwen3.8-flash,63447a0ec336ced0f39e62c667d32b8439a1a54f3150efc58345cc069d009350,sync,False,2026-08-31T01:12:33+00:00
cyclone_idai_2019,2019-04-11__api-fast__generic,machine,api-fast,api-fast/generic,2019-04-11,needs_gaps,Sector needs and gaps,partial,0.5,0.95,ok,,126,43bb7471,qwen/qwen3.8-flash,180896b491e4d937c843a7159e038c1191c839c6bddca409632bc02ec5bb2e65,sync,False,2026-08-31T01:12:33+00:00
cyclone_idai_2019,2019-04-11__api-fast__generic,machine,api-fast,api-fast/generic,2019-04-11,response_actions,Sector response activities,present,1.0,1.0,ok,,225,d8d0fcda,qwen/qwen3.8-flash,77d42e046e443fb5225398b14bff4a16f49cfe3cd67dbcb83a88e579d6962fff,sync,False,2026-08-31T01:12:33+00:00
cyclone_idai_2019,2019-04-11__api-fast__generic,machine,api-fast,api-fast/generic,2019-04-11,shelter,Shelter and non-food items,partial,0.5,0.95,ok,,143,4a592995,qwen/qwen3.8-flash,3e0475ddd4e036816045cc778a431684d574190b47961bca769cd2e3560f17ba,sync,False,2026-08-31T01:12:33+00:00
cyclone_idai_2019,2019-04-11__api-fast__schema_guided,machine,api-fast,api-fast/schema_guided,2019-04-11,currency_and_metadata,Data currency and report metadata,partial,0.5,1.0,ok,,214,5789800a,qwen/qwen3.8-flash,3b45e61572c1392a427ba1c4b31e7d807b817da659584f362c35272f27ecfcd7,sync,False,2026-08-31T01:12:33+00:00
cyclone_idai_2019,2019-04-11__api-fast__schema_guided,machine,api-fast,api-fast/schema_guided,2019-04-11,sourcing,Sourcing and attribution,present,1.0,1.0,ok,,149,f67d0068,qwen/qwen3.8-flash,3085f89cdd47399484c4e66e7c95aa914e0822370e674542e738fa210eb6aa6b,sync,False,2026-08-31T01:12:33+00:00
cyclone_idai_2019,2019-04-11__api-fast__schema_guided,machine,api-fast,api-fast/schema_guided,2019-04-11,casualties,Casualty and affected-population figures,partial,0.5,1.0,ok,,163,b3e3482a,qwen/qwen3.8-flash,45556275afe0219d11929369ca09bfab4d3db81cfaea5e7ab45898f1c5170eb6,sync,False,2026-08-31T01:12:33+00:00
cyclone_idai_2019,2019-04-11__api-fast__schema_guided,machine,api-fast,api-fast/schema_guided,2019-04-11,displacement,Displacement and accommodation sites,partial,0.5,1.0,ok,,140,1da6123b,qwen/qwen3.8-flash,0b44b76d7aa370775d839e226992f4eb7b837697c38228b637d575fc0ca6d31b,sync,False,2026-08-31T01:12:33+00:00
cyclone_idai_2019,2019-04-11__api-fast__schema_guided,machine,api-fast,api-fast/schema_guided,2019-04-11,health,"Health, disease outbreak and nutrition",present,1.0,1.0,ok,,153,42d1b9e7,qwen/qwen3.8-flash,f15723612838ebf612d0760eb3daeed0b51c8cc1bcf8c0a049b41b471788c5d3,sync,False,2026-08-31T01:12:33+00:00
cyclone_idai_2019,2019-04-11__api-fast__schema_guided,machine,api-fast,api-fast/schema_guided,2019-04-11,damage,"Physical, economic and agricultural damage",partial,0.5,0.95,ok,,182,964bb5a3,qwen/qwen3.8-flash,d557854f0dc4917db397ac453a0ee7e8b6213211347339f7ad5da378592c97e5,sync,False,2026-08-31T01:12:33+00:00
cyclone_idai_2019,2019-04-11__api-fast__schema_guided,machine,api-fast,api-fast/schema_guided,2019-04-11,funding,Funding status and donor contributions,present,1.0,0.95,ok,,201,2ba27c78,qwen/qwen3.8-flash,c2b75fc6f07ee826bf71b8be6d40aa10558e2f3c813d66a90a9e3567c169a121,sync,False,2026-08-31T01:12:33+00:00
cyclone_idai_2019,2019-04-11__api-fast__schema_guided,machine,api-fast,api-fast/schema_guided,2019-04-11,education,Education impact and response,present,1.0,0.95,ok,,174,29e08f68,qwen/qwen3.8-flash,b4331752ba2fb0f0c4b98d8455e71982b5d2292ee0d599ec718debaaf026d722,sync,False,2026-08-31T01:12:33+00:00
cyclone_idai_2019,2019-04-11__api-fast__schema_guided,machine,api-fast,api-fast/schema_guided,2019-04-11,wash,WASH needs and response,partial,0.5,0.95,ok,,205,3887f341,qwen/qwen3.8-flash,118a133626d0e49907230fd8e67f642483d496f46fa9dbe931addf59e2e08ab0,sync,False,2026-08-31T01:12:33+00:00
cyclone_idai_2019,2019-04-11__api-fast__schema_guided,machine,api-fast,api-fast/schema_guided,2019-04-11,food,Food security and assistance reach,present,1.0,0.95,ok,,188,0090dc3e,qwen/qwen3.8-flash,9bfa4f655a7157490ae495ee08ce73ce5955b7c5a75e248b0d6b4ed52ce91063,sync,False,2026-08-31T01:12:33+00:00
cyclone_idai_2019,2019-04-11__api-fast__schema_guided,machine,api-fast,api-fast/schema_guided,2019-04-11,access,Access constraints,present,1.0,1.0,ok,,175,17e5b6df,qwen/qwen3.8-flash,63391ddf1587d7e5ea04962da6d020800e5c310fd8c900ab3a08751cb17cbd07,sync,False,2026-08-31T01:12:33+00:00
cyclone_idai_2019,2019-04-11__api-fast__schema_guided,machine,api-fast,api-fast/schema_guided,2019-04-11,coordination,Coordination arrangements,present,1.0,1.0,ok,,177,51590091,qwen/qwen3.8-flash,50a40a909e985bd7930d8eff9660f77a2497179a60c97b33216c383be96366ff,sync,False,2026-08-31T01:12:33+00:00
cyclone_idai_2019,2019-04-11__api-fast__schema_guided,machine,api-fast,api-fast/schema_guided,2019-04-11,needs_gaps,Sector needs and gaps,present,1.0,0.95,ok,,181,702d1012,qwen/qwen3.8-flash,6d357b7419ec82a67124308bea0d4b654b0b28418e196fb07897f19035209ad3,sync,False,2026-08-31T01:12:33+00:00
cyclone_idai_2019,2019-04-11__api-fast__schema_guided,machine,api-fast,api-fast/schema_guided,2019-04-11,response_actions,Sector response activities,present,1.0,1.0,ok,,202,e4f08e48,qwen/qwen3.8-flash,74d57182595aa56a6cbbf325571af5738bf40c7bb6eba8f8298b2bf7b1d10ec7,sync,False,2026-08-31T01:12:33+00:00
cyclone_idai_2019,2019-04-11__api-fast__schema_guided,machine,api-fast,api-fast/schema_guided,2019-04-11,shelter,Shelter and non-food items,present,1.0,0.95,ok,,163,f1e47a80,qwen/qwen3.8-flash,9149c8f4c70eadbef6635ee4611c0d562fe245559b667488bbca9c716695aece,sync,False,2026-08-31T01:12:33+00:00
cyclone_idai_2019,2019-04-11__api-strong__generic,machine,api-strong,api-strong/generic,2019-04-11,currency_and_metadata,Data currency and report metadata,partial,0.5,0.95,ok,,163,bdc91e81,qwen/qwen3.8-flash,f6f9851306d73b5a2971bf04e6618ce3e96bd997767e7220c6fe089921dce383,sync,False,2026-08-31T01:12:33+00:00
cyclone_idai_2019,2019-04-11__api-strong__generic,machine,api-strong,api-strong/generic,2019-04-11,sourcing,Sourcing and attribution,present,1.0,1.0,ok,,154,14db3708,qwen/qwen3.8-flash,d1b4315736967aa87f7f65854040bc315e9222bc15680f03597367e673bee56d,sync,False,2026-08-31T01:12:33+00:00
cyclone_idai_2019,2019-04-11__api-strong__generic,machine,api-strong,api-strong/generic,2019-04-11,casualties,Casualty and affected-population figures,partial,0.5,0.95,ok,,142,c03750c8,qwen/qwen3.8-flash,8f9bf544f1aeda860099e63ad22e65b01cecee9adbf4d7d4fe3f0a7e910a5095,sync,False,2026-08-31T01:12:33+00:00
cyclone_idai_2019,2019-04-11__api-strong__generic,machine,api-strong,api-strong/generic,2019-04-11,displacement,Displacement and accommodation sites,partial,0.5,0.95,ok,,154,14db3708,qwen/qwen3.8-flash,490e6c16384d4a43d5b70718b717e501a45d915d7032f5144329c91072bdf30c,sync,False,2026-08-31T01:12:33+00:00
cyclone_idai_2019,2019-04-11__api-strong__generic,machine,api-strong,api-strong/generic,2019-04-11,health,"Health, disease outbreak and nutrition",present,1.0,1.0,ok,,72,b2f5ff18,qwen/qwen3.8-flash,265ac05159cfd7ceadcc2901e76fa512d15be163c05e0bd1fab2af6ccb53a03f,sync,False,2026-08-31T01:12:33+00:00
cyclone_idai_2019,2019-04-11__api-strong__generic,machine,api-strong,api-strong/generic,2019-04-11,damage,"Physical, economic and agricultural damage",partial,0.5,0.95,ok,,198,3a0d467a,qwen/qwen3.8-flash,0ce8f3c461d72ba5226c37c2e7b4b5fb01967b4549c21daaaf104b7d472d0e4a,sync,False,2026-08-31T01:12:33+00:00
cyclone_idai_2019,2019-04-11__api-strong__generic,machine,api-strong,api-strong/generic,2019-04-11,funding,Funding status and donor contributions,present,1.0,1.0,ok,,186,ea777d4c,qwen/qwen3.8-flash,3c092693fd09d535c28587c02b2b3e55c87c0e2ef215dfb1630d6da11e7ad6a2,sync,False,2026-08-31T01:12:33+00:00
cyclone_idai_2019,2019-04-11__api-strong__generic,machine,api-strong,api-strong/generic,2019-04-11,education,Education impact and response,partial,0.5,0.95,ok,,153,4c45dda3,qwen/qwen3.8-flash,9a5788f4ebeaa2e7110791534d24b761c8ced78640883dfaf3b6d092ca423bfe,sync,False,2026-08-31T01:12:33+00:00
cyclone_idai_2019,2019-04-11__api-strong__generic,machine,api-strong,api-strong/generic,2019-04-11,wash,WASH needs and response,partial,0.5,0.95,ok,,88,05dc6fa7,qwen/qwen3.8-flash,cb84d0e63b916e1a175a440e96dec393d29366dad091fe1545e3f7b033be10c0,sync,False,2026-08-31T01:12:33+00:00
cyclone_idai_2019,2019-04-11__api-strong__generic,machine,api-strong,api-strong/generic,2019-04-11,food,Food security and assistance reach,present,1.0,0.95,ok,,218,d7f16d63,qwen/qwen3.8-flash,642310e3cf87109c3cbbcc17d2d3cb1f2d6947ddfce3f7f83112b1c7c1419b69,sync,False,2026-08-31T01:12:33+00:00
cyclone_idai_2019,2019-04-11__api-strong__generic,machine,api-strong,api-strong/generic,2019-04-11,access,Access constraints,partial,0.5,0.95,ok,,83,663e31a6,qwen/qwen3.8-flash,2420a2dfc83005df43e6888562450429fefc8697833886a8a28771e7c8776052,sync,False,2026-08-31T01:12:33+00:00
cyclone_idai_2019,2019-04-11__api-strong__generic,machine,api-strong,api-strong/generic,2019-04-11,coordination,Coordination arrangements,present,1.0,1.0,ok,,115,28ada6a6,qwen/qwen3.8-flash,30fc9a072d8a3d8dbfdda2eb9481ed57fb0570834a292a3eef6eff9119c6cff4,sync,False,2026-08-31T01:12:33+00:00
cyclone_idai_2019,2019-04-11__api-strong__generic,machine,api-strong,api-strong/generic,2019-04-11,needs_gaps,Sector needs and gaps,partial,0.5,0.95,ok,,138,96a8f394,qwen/qwen3.8-flash,1591c6f87db0c7d28ac4e8ccfb40d02e246a28fe273b0ff47a8f23ef9f1fa19b,sync,False,2026-08-31T01:12:33+00:00
cyclone_idai_2019,2019-04-11__api-strong__generic,machine,api-strong,api-strong/generic,2019-04-11,response_actions,Sector response activities,present,1.0,1.0,ok,,167,92461c42,qwen/qwen3.8-flash,f682477ee107bcfac9e982f76b365bd72d31c30ff18b3ea6b962e2d4d234e6ee,sync,False,2026-08-31T01:12:33+00:00
cyclone_idai_2019,2019-04-11__api-strong__generic,machine,api-strong,api-strong/generic,2019-04-11,shelter,Shelter and non-food items,present,1.0,1.0,ok,,154,14db3708,qwen/qwen3.8-flash,60b137b340da0dbad9e21bc0457b40eb5d2ea3bf6a998f87d090773c491081ad,sync,False,2026-08-31T01:12:33+00:00
cyclone_idai_2019,2019-04-11__api-strong__schema_guided,machine,api-strong,api-strong/schema_guided,2019-04-11,currency_and_metadata,Data currency and report metadata,partial,0.5,1.0,ok,,210,6dd8187f,qwen/qwen3.8-flash,e326fed80ddf847c0f2307cec67c3dcc51cf79f71a1201f7e2b493184f46b96e,sync,False,2026-08-31T01:12:33+00:00
cyclone_idai_2019,2019-04-11__api-strong__schema_guided,machine,api-strong,api-strong/schema_guided,2019-04-11,sourcing,Sourcing and attribution,present,1.0,1.0,ok,,188,b6670d99,qwen/qwen3.8-flash,71032dc55c3dd3d070644db8109589d343e4891083bdc444f14eb82fe7b1efb2,sync,False,2026-08-31T01:12:33+00:00
cyclone_idai_2019,2019-04-11__api-strong__schema_guided,machine,api-strong,api-strong/schema_guided,2019-04-11,casualties,Casualty and affected-population figures,partial,0.5,0.95,ok,,113,a6a8079d,qwen/qwen3.8-flash,f15fba62297da71af6c0a0cb662ef5022506a96e9175e3a58adfdfc1b3c89d0a,sync,False,2026-08-31T01:12:33+00:00
cyclone_idai_2019,2019-04-11__api-strong__schema_guided,machine,api-strong,api-strong/schema_guided,2019-04-11,displacement,Displacement and accommodation sites,partial,0.5,0.95,ok,,151,426fbc4f,qwen/qwen3.8-flash,343764ccc3c817ff4b6e4e410bdb586199fb7816118a745dc3b41f8148bd302f,sync,False,2026-08-31T01:12:33+00:00
cyclone_idai_2019,2019-04-11__api-strong__schema_guided,machine,api-strong,api-strong/schema_guided,2019-04-11,health,"Health, disease outbreak and nutrition",present,1.0,1.0,ok,,148,4a72f23d,qwen/qwen3.8-flash,f22d4cbc3ee514bfd400303182869fa9d963f45b76d457ddd56caa7cf543bc6a,sync,False,2026-08-31T01:12:33+00:00
cyclone_idai_2019,2019-04-11__api-strong__schema_guided,machine,api-strong,api-strong/schema_guided,2019-04-11,damage,"Physical, economic and agricultural damage",present,1.0,0.95,ok,,176,44ac2162,qwen/qwen3.8-flash,f9c844456975abd0f6094a22bf85d4265f2fca3a0861249d8be1e6ad91703ed6,sync,False,2026-08-31T01:12:33+00:00
cyclone_idai_2019,2019-04-11__api-strong__schema_guided,machine,api-strong,api-strong/schema_guided,2019-04-11,funding,Funding status and donor contributions,present,1.0,0.95,ok,,206,ec8de702,qwen/qwen3.8-flash,0e25c9c7fe12a4a7409dd664fd1467b7db50b4dc1f404786683c34fb0a5334f6,sync,False,2026-08-31T01:12:33+00:00
cyclone_idai_2019,2019-04-11__api-strong__schema_guided,machine,api-strong,api-strong/schema_guided,2019-04-11,education,Education impact and response,present,1.0,1.0,ok,,118,c8bb9925,qwen/qwen3.8-flash,c120c743031e0ea0b03aba870b0fe26e9eacbd9a56f6ff98d6eb429c383b642a,sync,False,2026-08-31T01:12:33+00:00
cyclone_idai_2019,2019-04-11__api-strong__schema_guided,machine,api-strong,api-strong/schema_guided,2019-04-11,wash,WASH needs and response,partial,0.5,0.95,ok,,190,9dbc7e24,qwen/qwen3.8-flash,6ced0cb86895a955e7c5e1df63be8e1e59cf52100528e037d6fc615bdd07924c,sync,False,2026-08-31T01:12:33+00:00
cyclone_idai_2019,2019-04-11__api-strong__schema_guided,machine,api-strong,api-strong/schema_guided,2019-04-11,food,Food security and assistance reach,,,,invalid,unparsable JSON (empty output),0,,qwen/qwen3.8-flash,96ee98430731d1e624e611367cde4f62636893392173087cd254bb323390cdb5,sync,False,2026-08-31T01:12:33+00:00
cyclone_idai_2019,2019-04-11__api-strong__schema_guided,machine,api-strong,api-strong/schema_guided,2019-04-11,access,Access constraints,present,1.0,1.0,ok,,210,6489db91,qwen/qwen3.8-flash,5c50645d3baeb91dfee7315c9b560c51319087d948d901bc74cb7874fd9925f7,sync,False,2026-08-31T01:12:33+00:00
cyclone_idai_2019,2019-04-11__api-strong__schema_guided,machine,api-strong,api-strong/schema_guided,2019-04-11,coordination,Coordination arrangements,present,1.0,0.95,ok,,159,5e944152,qwen/qwen3.8-flash,60c0a704662f3c8a0f840745bf964668238bd3edb93c3ad8a8d0bb4733545d96,sync,False,2026-08-31T01:12:33+00:00
cyclone_idai_2019,2019-04-11__api-strong__schema_guided,machine,api-strong,api-strong/schema_guided,2019-04-11,needs_gaps,Sector needs and gaps,present,1.0,0.95,ok,,167,da7cedf7,qwen/qwen3.8-flash,a5c92d535af2c38754c76cf2b7ce2d8a5bc1441f7cdcfdec56541b3d5246c932,sync,False,2026-08-31T01:12:33+00:00
cyclone_idai_2019,2019-04-11__api-strong__schema_guided,machine,api-strong,api-strong/schema_guided,2019-04-11,response_actions,Sector response activities,present,1.0,1.0,ok,,110,b1d19305,qwen/qwen3.8-flash,fbcadb130cf3902eb65e476cd165d8b2345f94b731ceb83f088850910de219e0,sync,False,2026-08-31T01:12:33+00:00
cyclone_idai_2019,2019-04-11__api-strong__schema_guided,machine,api-strong,api-strong/schema_guided,2019-04-11,shelter,Shelter and non-food items,present,1.0,0.95,ok,,175,444f5e55,qwen/qwen3.8-flash,f0f0e0c520d114bb3b7e639d471f4a897f8c2596ccaecfe054910edad7a830a2,sync,False,2026-08-31T01:12:33+00:00
cyclone_idai_2019,2019-04-12__api-fast__schema_guided,machine,api-fast,api-fast/schema_guided,2019-04-12,currency_and_metadata,Data currency and report metadata,present,1.0,0.95,ok,,181,1ca0264b,qwen/qwen3.8-flash,59bc82947df2a5333b66dd759c98cdafb123571b1f1f43ba37920e4973b8e268,sync,False,2026-08-31T01:12:33+00:00
cyclone_idai_2019,2019-04-12__api-fast__schema_guided,machine,api-fast,api-fast/schema_guided,2019-04-12,sourcing,Sourcing and attribution,present,1.0,1.0,ok,,190,0dadd992,qwen/qwen3.8-flash,6fe146e48cb81b64da9af835a8aae326a70131f58cf1fba81ae7f7d9966b3709,sync,False,2026-08-31T01:12:33+00:00
cyclone_idai_2019,2019-04-12__api-fast__schema_guided,machine,api-fast,api-fast/schema_guided,2019-04-12,casualties,Casualty and affected-population figures,present,1.0,1.0,ok,,144,776b1c7d,qwen/qwen3.8-flash,d2933fd383965a137100066e2607bbfe8b9a3620caaf4841a682735db164a9a4,sync,False,2026-08-31T01:12:33+00:00
cyclone_idai_2019,2019-04-12__api-fast__schema_guided,machine,api-fast,api-fast/schema_guided,2019-04-12,displacement,Displacement and accommodation sites,partial,0.5,0.95,ok,,165,20744933,qwen/qwen3.8-flash,3dc78880eb03c995c2a59ca0bbc99481e777054573f778f550998c82a913e608,sync,False,2026-08-31T01:12:33+00:00
cyclone_idai_2019,2019-04-12__api-fast__schema_guided,machine,api-fast,api-fast/schema_guided,2019-04-12,health,"Health, disease outbreak and nutrition",partial,0.5,0.95,ok,,122,e2833ea2,qwen/qwen3.8-flash,24cab5c675b94618ed8389d1c1dcc0f7e5d378826f31d9c33e93263ca9caaf2f,sync,False,2026-08-31T01:12:33+00:00
cyclone_idai_2019,2019-04-12__api-fast__schema_guided,machine,api-fast,api-fast/schema_guided,2019-04-12,damage,"Physical, economic and agricultural damage",,,,invalid,unparsable JSON (empty output),0,,qwen/qwen3.8-flash,5f72a1fce231591ac58f22931cc142663229ce78f436a89777d412a3316794a6,sync,False,2026-08-31T01:12:33+00:00
cyclone_idai_2019,2019-04-12__api-fast__schema_guided,machine,api-fast,api-fast/schema_guided,2019-04-12,funding,Funding status and donor contributions,present,1.0,1.0,ok,,165,4c9490dc,qwen/qwen3.8-flash,ace9e4912b5c655edf4a6fc3fade8cb6d38a6807efab44ccce22ea8a80244792,sync,False,2026-08-31T01:12:33+00:00
cyclone_idai_2019,2019-04-12__api-fast__schema_guided,machine,api-fast,api-fast/schema_guided,2019-04-12,education,Education impact and response,partial,0.5,1.0,ok,,129,62bbea89,qwen/qwen3.8-flash,e78e70947ed9b122cbc8a8860c60d17cd8302e9d87a2e7cdb7d8ee6bbbf0edec,sync,False,2026-08-31T01:12:33+00:00
cyclone_idai_2019,2019-04-12__api-fast__schema_guided,machine,api-fast,api-fast/schema_guided,2019-04-12,wash,WASH needs and response,partial,0.5,1.0,ok,,243,23d1de39,qwen/qwen3.8-flash,949cae0d6e1dfe6193e4e847867352964717cccc72ce837b9597ee679cb659ad,sync,False,2026-08-31T01:12:33+00:00
cyclone_idai_2019,2019-04-12__api-fast__schema_guided,machine,api-fast,api-fast/schema_guided,2019-04-12,food,Food security and assistance reach,present,1.0,1.0,ok,,174,a32fc920,qwen/qwen3.8-flash,525783541825c64259285e842c43499ad0b87121cfed23de4d25c0e6c6294aa8,sync,False,2026-08-31T01:12:33+00:00
cyclone_idai_2019,2019-04-12__api-fast__schema_guided,machine,api-fast,api-fast/schema_guided,2019-04-12,access,Access constraints,present,1.0,1.0,ok,,177,d0266456,qwen/qwen3.8-flash,eff2afef81321111581af9f8cd6c074f1f66c4a4cb4b4f7259b66cc949cc4a0a,sync,False,2026-08-31T01:12:33+00:00
cyclone_idai_2019,2019-04-12__api-fast__schema_guided,machine,api-fast,api-fast/schema_guided,2019-04-12,coordination,Coordination arrangements,present,1.0,1.0,ok,,143,1200b100,qwen/qwen3.8-flash,9c2282e25f075aee401ca3245f1961aae17d26ea554f6752436b11b7c40d0ba1,sync,False,2026-08-31T01:12:33+00:00
cyclone_idai_2019,2019-04-12__api-fast__schema_guided,machine,api-fast,api-fast/schema_guided,2019-04-12,needs_gaps,Sector needs and gaps,partial,0.5,0.95,ok,,142,d811fff4,qwen/qwen3.8-flash,b57b238e6f81ccb589bd4039542ee72fd4eecb75ba036eec8ad44f1ab1a3b06e,sync,False,2026-08-31T01:12:33+00:00
cyclone_idai_2019,2019-04-12__api-fast__schema_guided,machine,api-fast,api-fast/schema_guided,2019-04-12,response_actions,Sector response activities,present,1.0,1.0,ok,,189,b9fcd8f2,qwen/qwen3.8-flash,60611faf22fb26dc8c981b15e7f1b5291a200121862512f025e2a3fc1eefa027,sync,False,2026-08-31T01:12:33+00:00
cyclone_idai_2019,2019-04-12__api-fast__schema_guided,machine,api-fast,api-fast/schema_guided,2019-04-12,shelter,Shelter and non-food items,present,1.0,0.95,ok,,163,500bc6ae,qwen/qwen3.8-flash,d59349f0029aab9d111b258f26ef62f048477a770cd134cc310dd21675b5b2f3,sync,False,2026-08-31T01:12:33+00:00
cyclone_idai_2019,2019-04-12__api-strong__generic,machine,api-strong,api-strong/generic,2019-04-12,currency_and_metadata,Data currency and report metadata,partial,0.5,0.95,ok,,69,2f6a5be0,qwen/qwen3.8-flash,9dc0c9aba50142f103e0a789af40d5f8c9e0cc89326867c8407a0ee14aa4a752,sync,False,2026-08-31T01:12:33+00:00
cyclone_idai_2019,2019-04-12__api-strong__generic,machine,api-strong,api-strong/generic,2019-04-12,sourcing,Sourcing and attribution,present,1.0,1.0,ok,,202,afa9f5ca,qwen/qwen3.8-flash,e994992105dccee829d9f5fdb8c6502db7c89013a4c412f927af757512a29df5,sync,False,2026-08-31T01:12:33+00:00
cyclone_idai_2019,2019-04-12__api-strong__generic,machine,api-strong,api-strong/generic,2019-04-12,casualties,Casualty and affected-population figures,present,1.0,1.0,ok,,126,bec4bf82,qwen/qwen3.8-flash,13b153bd9437b4e008b3fcde3b1f4c90b28a5f76c0101e5054c4688533864467,sync,False,2026-08-31T01:12:33+00:00
cyclone_idai_2019,2019-04-12__api-strong__generic,machine,api-strong,api-strong/generic,2019-04-12,displacement,Displacement and accommodation sites,partial,0.5,0.95,ok,,126,bec4bf82,qwen/qwen3.8-flash,23b52bdf98b7d53a39c775c1a232c74120ee65650d6bc32f754e898b08acf9de,sync,False,2026-08-31T01:12:33+00:00
cyclone_idai_2019,2019-04-12__api-strong__generic,machine,api-strong,api-strong/generic,2019-04-12,health,"Health, disease outbreak and nutrition",partial,0.5,0.9,ok,,155,b903435e,qwen/qwen3.8-flash,2fccc7c9878da48d0b10418642661c5aba852ba70651cc452a83bfb01dc78552,sync,False,2026-08-31T01:12:33+00:00
cyclone_idai_2019,2019-04-12__api-strong__generic,machine,api-strong,api-strong/generic,2019-04-12,damage,"Physical, economic and agricultural damage",present,1.0,0.95,ok,,105,35975e59,qwen/qwen3.8-flash,a21c662be4f6cc360463da53406f9676fc1daac6659fed48b8e290c468b0dbe9,sync,False,2026-08-31T01:12:33+00:00
cyclone_idai_2019,2019-04-12__api-strong__generic,machine,api-strong,api-strong/generic,2019-04-12,funding,Funding status and donor contributions,present,1.0,0.9,ok,,147,abf37e6b,qwen/qwen3.8-flash,486f1cad61cd9cf73f0863c3692db7a26cb514cd0543b9933a01d01a712f2dad,sync,False,2026-08-31T01:12:33+00:00
cyclone_idai_2019,2019-04-12__api-strong__generic,machine,api-strong,api-strong/generic,2019-04-12,education,Education impact and response,partial,0.5,0.95,ok,,113,ea4cf206,qwen/qwen3.8-flash,a1de4e2fa942b5bf4d2d79daae00d0ac9cf21ec260a65b6119fe3eb001eb9ba5,sync,False,2026-08-31T01:12:33+00:00
cyclone_idai_2019,2019-04-12__api-strong__generic,machine,api-strong,api-strong/generic,2019-04-12,wash,WASH needs and response,partial,0.5,0.95,ok,,183,98e2b05c,qwen/qwen3.8-flash,43ab77c09c716b87a7b49b548b5fd661b309d573a39288329e18530d034127bc,sync,False,2026-08-31T01:12:33+00:00
cyclone_idai_2019,2019-04-12__api-strong__generic,machine,api-strong,api-strong/generic,2019-04-12,food,Food security and assistance reach,present,1.0,1.0,ok,,197,67108d8e,qwen/qwen3.8-flash,46a05e56ea477fdf7a18080bceab9f6f568db2732af547e2ecfcf994db809bfa,sync,False,2026-08-31T01:12:33+00:00
cyclone_idai_2019,2019-04-12__api-strong__generic,machine,api-strong,api-strong/generic,2019-04-12,access,Access constraints,present,1.0,0.95,ok,,143,67698936,qwen/qwen3.8-flash,51b8f0fd88eb1e4996a45cdb19207f62b042ccd743a00a044d7c3ad1bf42488a,sync,False,2026-08-31T01:12:33+00:00
cyclone_idai_2019,2019-04-12__api-strong__generic,machine,api-strong,api-strong/generic,2019-04-12,coordination,Coordination arrangements,partial,0.5,0.95,ok,,107,aba087f3,qwen/qwen3.8-flash,44bd86072a779fb22a9b79bb36fa84f6837600ba190a114e6952e6fce055467c,sync,False,2026-08-31T01:12:33+00:00
cyclone_idai_2019,2019-04-12__api-strong__generic,machine,api-strong,api-strong/generic,2019-04-12,needs_gaps,Sector needs and gaps,partial,0.5,0.9,ok,,82,104c4fb1,qwen/qwen3.8-flash,e492565d001a12953c9b92967f06667279cfe58c3f3db5401990d87fdc7b77e4,sync,False,2026-08-31T01:12:33+00:00
cyclone_idai_2019,2019-04-12__api-strong__generic,machine,api-strong,api-strong/generic,2019-04-12,response_actions,Sector response activities,present,1.0,1.0,ok,,179,d185cbe5,qwen/qwen3.8-flash,1643c73dada18220ef8fe2c8e9e5f0235c78e18d63014c8443aa440a99de9d9c,sync,False,2026-08-31T01:12:33+00:00
cyclone_idai_2019,2019-04-12__api-strong__generic,machine,api-strong,api-strong/generic,2019-04-12,shelter,Shelter and non-food items,present,1.0,0.95,ok,,160,dddbeeb8,qwen/qwen3.8-flash,c04e7c08e4a50823e9c815760509ca8b95993d3f3921ed8ff2f8641e6c598c0a,sync,False,2026-08-31T01:12:33+00:00
cyclone_idai_2019,2019-04-12__api-strong__schema_guided,machine,api-strong,api-strong/schema_guided,2019-04-12,currency_and_metadata,Data currency and report metadata,partial,0.5,1.0,ok,,99,9b9c457a,qwen/qwen3.8-flash,633d4799097776323adfb4a792f0235bca156519efccf0cdd55c8efc1190b72f,sync,False,2026-08-31T01:12:33+00:00
cyclone_idai_2019,2019-04-12__api-strong__schema_guided,machine,api-strong,api-strong/schema_guided,2019-04-12,sourcing,Sourcing and attribution,present,1.0,1.0,ok,,169,e9b68969,qwen/qwen3.8-flash,936792e3cbcca2cc9d6e8db787f323929b7ef2e09648111bc2de77ba64c959ce,sync,False,2026-08-31T01:12:33+00:00
cyclone_idai_2019,2019-04-12__api-strong__schema_guided,machine,api-strong,api-strong/schema_guided,2019-04-12,casualties,Casualty and affected-population figures,present,1.0,0.95,ok,,105,0e6662d0,qwen/qwen3.8-flash,1c41d2453b4300d6f6e71152f8bb84dce743a48c0c69aead746eefeeea74c0b5,sync,False,2026-08-31T01:12:33+00:00
cyclone_idai_2019,2019-04-12__api-strong__schema_guided,machine,api-strong,api-strong/schema_guided,2019-04-12,displacement,Displacement and accommodation sites,partial,0.5,0.9,ok,,236,61a15bcf,qwen/qwen3.8-flash,43ebd5d50300050f25409f31a8525a858bd1657bf8731cc38e436ca0908f64ba,sync,False,2026-08-31T01:12:33+00:00
cyclone_idai_2019,2019-04-12__api-strong__schema_guided,machine,api-strong,api-strong/schema_guided,2019-04-12,health,"Health, disease outbreak and nutrition",present,1.0,0.95,ok,,225,4a3732cb,qwen/qwen3.8-flash,ed2dad6c8515e6a8e46f89ced68a5f22c59995fbd42ab754933b74a7aec08a17,sync,False,2026-08-31T01:12:33+00:00
cyclone_idai_2019,2019-04-12__api-strong__schema_guided,machine,api-strong,api-strong/schema_guided,2019-04-12,damage,"Physical, economic and agricultural damage",present,1.0,0.95,ok,,152,e77cc91f,qwen/qwen3.8-flash,e4bb5d92723c5af4631fe45980229ece07b427c29801f64769a8fb8bf62a0448,sync,False,2026-08-31T01:12:33+00:00
cyclone_idai_2019,2019-04-12__api-strong__schema_guided,machine,api-strong,api-strong/schema_guided,2019-04-12,funding,Funding status and donor contributions,present,1.0,1.0,ok,,209,d7cd6415,qwen/qwen3.8-flash,80dcce72e00cdbfcf41d4d3962de42792d06c36d63ae9e755555f72d8e6c82d9,sync,False,2026-08-31T01:12:33+00:00
cyclone_idai_2019,2019-04-12__api-strong__schema_guided,machine,api-strong,api-strong/schema_guided,2019-04-12,education,Education impact and response,partial,0.5,1.0,ok,,200,5b1deea5,qwen/qwen3.8-flash,19a701dd71ed268b33b0f8a3cd16acea31d2bb92b7f2e13891d6e29b9c7af952,sync,False,2026-08-31T01:12:33+00:00
cyclone_idai_2019,2019-04-12__api-strong__schema_guided,machine,api-strong,api-strong/schema_guided,2019-04-12,wash,WASH needs and response,present,1.0,1.0,ok,,147,3a62cafa,qwen/qwen3.8-flash,671de7773404b4058b4cfa831d8dd4c8edbb817c6bf5ced960aefe8ac3dfa301,sync,False,2026-08-31T01:12:33+00:00
cyclone_idai_2019,2019-04-12__api-strong__schema_guided,machine,api-strong,api-strong/schema_guided,2019-04-12,food,Food security and assistance reach,present,1.0,1.0,ok,,205,5ea0d647,qwen/qwen3.8-flash,1cc1f77f3667becb5fce24eb4e230c647e69a6102722550941b904cb14144e5a,sync,False,2026-08-31T01:12:33+00:00
cyclone_idai_2019,2019-04-12__api-strong__schema_guided,machine,api-strong,api-strong/schema_guided,2019-04-12,access,Access constraints,present,1.0,1.0,ok,,147,70dc20fd,qwen/qwen3.8-flash,37cb0de5dfe1c1a762bf51a3149ceed6008ff80b8ca9fa9a9f38de340930b1e6,sync,False,2026-08-31T01:12:33+00:00
cyclone_idai_2019,2019-04-12__api-strong__schema_guided,machine,api-strong,api-strong/schema_guided,2019-04-12,coordination,Coordination arrangements,present,1.0,0.95,ok,,205,fe5946ff,qwen/qwen3.8-flash,4656fd372a87e173502b7f854d2decb17eb628fceae2c2c23aa4a0d58ae892cc,sync,False,2026-08-31T01:12:33+00:00
cyclone_idai_2019,2019-04-12__api-strong__schema_guided,machine,api-strong,api-strong/schema_guided,2019-04-12,needs_gaps,Sector needs and gaps,present,1.0,1.0,ok,,193,caf60df4,qwen/qwen3.8-flash,7b116a70b3c3be2d592e64d70acee02e814f9cd4195da5a3c0296c3d87397351,sync,False,2026-08-31T01:12:33+00:00
cyclone_idai_2019,2019-04-12__api-strong__schema_guided,machine,api-strong,api-strong/schema_guided,2019-04-12,response_actions,Sector response activities,present,1.0,1.0,ok,,206,f9f2f6b3,qwen/qwen3.8-flash,5e64db23e9de119a2a37e3711c226f10b4f600d768f8ce52773d08f20a2bb4ff,sync,False,2026-08-31T01:12:33+00:00
cyclone_idai_2019,2019-04-12__api-strong__schema_guided,machine,api-strong,api-strong/schema_guided,2019-04-12,shelter,Shelter and non-food items,present,1.0,0.95,ok,,162,bf03a0b4,qwen/qwen3.8-flash,5e8f86686708af96433852d7c4675f797448e1d11211a52206b053503cc3ba8e,sync,False,2026-08-31T01:12:33+00:00
cyclone_idai_2019,2019-04-14__api-fast__generic,machine,api-fast,api-fast/generic,2019-04-14,currency_and_metadata,Data currency and report metadata,partial,0.5,1.0,ok,,19,a873145e,qwen/qwen3.8-flash,7bfcc9734b6972bd4bcb5ed5a57357fa6d4a8dfa8a9108cff84f8665963aa600,sync,False,2026-08-31T01:12:33+00:00
cyclone_idai_2019,2019-04-14__api-fast__generic,machine,api-fast,api-fast/generic,2019-04-14,sourcing,Sourcing and attribution,present,1.0,1.0,ok,,195,54d1c142,qwen/qwen3.8-flash,c5a71cba07a268dff15f8a007c0482b1985636630b1b3f03e5f631a49ce366ac,sync,False,2026-08-31T01:12:33+00:00
cyclone_idai_2019,2019-04-14__api-fast__generic,machine,api-fast,api-fast/generic,2019-04-14,casualties,Casualty and affected-population figures,present,1.0,0.95,ok,,138,af0d2bf1,qwen/qwen3.8-flash,44332e5cfe91af1041f4ccb217bed17726f182999389f5bace572c434f4f3151,sync,False,2026-08-31T01:12:33+00:00
cyclone_idai_2019,2019-04-14__api-fast__generic,machine,api-fast,api-fast/generic,2019-04-14,displacement,Displacement and accommodation sites,partial,0.5,0.9,ok,,144,1046c7f2,qwen/qwen3.8-flash,cbba2f052d81cd783da6b7400bd2e9dcaa01136b48fcf7603cfb699cbf33666d,sync,False,2026-08-31T01:12:33+00:00
cyclone_idai_2019,2019-04-14__api-fast__generic,machine,api-fast,api-fast/generic,2019-04-14,health,"Health, disease outbreak and nutrition",partial,0.5,0.95,ok,,112,ba95788a,qwen/qwen3.8-flash,8356dabad95615c72e061c1f296ebff69259047717f00818b9ac36f3fcd286a4,sync,False,2026-08-31T01:12:33+00:00
cyclone_idai_2019,2019-04-14__api-fast__generic,machine,api-fast,api-fast/generic,2019-04-14,damage,"Physical, economic and agricultural damage",present,1.0,0.95,ok,,180,0539c816,qwen/qwen3.8-flash,a1816a0756ad81bdfe7346823585e76b048c62cdc8fa04602fb3b58e8135264e,sync,False,2026-08-31T01:12:33+00:00
cyclone_idai_2019,2019-04-14__api-fast__generic,machine,api-fast,api-fast/generic,2019-04-14,funding,Funding status and donor contributions,present,1.0,0.95,ok,,172,fdffcabe,qwen/qwen3.8-flash,561d9df86aaa07a8462ba15fad799e5c5286bb0562d7374f73400e79f636d59d,sync,False,2026-08-31T01:12:33+00:00
cyclone_idai_2019,2019-04-14__api-fast__generic,machine,api-fast,api-fast/generic,2019-04-14,education,Education impact and response,absent,0.0,1.0,ok,,0,,qwen/qwen3.8-flash,e858eb877d61b19805298d3aa4c65191339f8f3431e7c432c8250584fa2483a9,sync,False,2026-08-31T01:12:33+00:00
cyclone_idai_2019,2019-04-14__api-fast__generic,machine,api-fast,api-fast/generic,2019-04-14,wash,WASH needs and response,partial,0.5,1.0,ok,,162,3b3277d5,qwen/qwen3.8-flash,8219be5f571f2f4f44b0873bf1be02a796451dbfd5bcb998af104e4c14c8db17,sync,False,2026-08-31T01:12:33+00:00
cyclone_idai_2019,2019-04-14__api-fast__generic,machine,api-fast,api-fast/generic,2019-04-14,food,Food security and assistance reach,present,1.0,1.0,ok,,113,30d5da7c,qwen/qwen3.8-flash,666b77b5d599ecb648ecc433f30f5db93dc8d2da63eebf927ed1df652069f8dd,sync,False,2026-08-31T01:12:33+00:00
cyclone_idai_2019,2019-04-14__api-fast__generic,machine,api-fast,api-fast/generic,2019-04-14,access,Access constraints,partial,0.5,0.95,ok,,100,516a383a,qwen/qwen3.8-flash,b642f0e827cc101c403fe88ffc7658614b5ff2e2323863b239c12d55dced8777,sync,False,2026-08-31T01:12:33+00:00
cyclone_idai_2019,2019-04-14__api-fast__generic,machine,api-fast,api-fast/generic,2019-04-14,coordination,Coordination arrangements,present,1.0,0.9,ok,,166,c8f6a9ab,qwen/qwen3.8-flash,eb513bcb317ff61037e2baf181b52411a13548816bd0b14f9d8ee8085257179c,sync,False,2026-08-31T01:12:33+00:00
cyclone_idai_2019,2019-04-14__api-fast__generic,machine,api-fast,api-fast/generic,2019-04-14,needs_gaps,Sector needs and gaps,partial,0.5,1.0,ok,,187,9e319148,qwen/qwen3.8-flash,9b2c6e164ca8b5137f48dd19ea592202267c01b2aa9fc3776e1dbed498e6db50,sync,False,2026-08-31T01:12:33+00:00
cyclone_idai_2019,2019-04-14__api-fast__generic,machine,api-fast,api-fast/generic,2019-04-14,response_actions,Sector response activities,present,1.0,1.0,ok,,184,86276586,qwen/qwen3.8-flash,f6860adc459bc6d6ae66c0ed531c4cbd9d7f07274f36aa442360130db885298a,sync,False,2026-08-31T01:12:33+00:00
cyclone_idai_2019,2019-04-14__api-fast__generic,machine,api-fast,api-fast/generic,2019-04-14,shelter,Shelter and non-food items,partial,0.5,1.0,ok,,97,57afe3a0,qwen/qwen3.8-flash,54d84ce5ebe533199b1d915931f657945be89bbace70cd31430d6714b20e7f0b,sync,False,2026-08-31T01:12:33+00:00
cyclone_idai_2019,2019-04-14__api-fast__schema_guided,machine,api-fast,api-fast/schema_guided,2019-04-14,currency_and_metadata,Data currency and report metadata,absent,0.0,1.0,ok,,0,,qwen/qwen3.8-flash,adcea108edb4acf94a90df308bbee706b2bf01982857b0a58225e88fd8c0ce46,sync,False,2026-08-31T01:12:33+00:00
cyclone_idai_2019,2019-04-14__api-fast__schema_guided,machine,api-fast,api-fast/schema_guided,2019-04-14,sourcing,Sourcing and attribution,present,1.0,1.0,ok,,135,1f133af4,qwen/qwen3.8-flash,42e2e66f7e21b334e15c876f3538bd282205410c624dc0b3e6b168b8000d2ead,sync,False,2026-08-31T01:12:33+00:00
cyclone_idai_2019,2019-04-14__api-fast__schema_guided,machine,api-fast,api-fast/schema_guided,2019-04-14,casualties,Casualty and affected-population figures,present,1.0,0.95,ok,,148,d3b17268,qwen/qwen3.8-flash,7601c4deee1e9966e5d1e01f64e7eebc2333e347e5ef611d0a8fc45f58e44696,sync,False,2026-08-31T01:12:33+00:00
cyclone_idai_2019,2019-04-14__api-fast__schema_guided,machine,api-fast,api-fast/schema_guided,2019-04-14,displacement,Displacement and accommodation sites,partial,0.5,1.0,ok,,132,1b21ec1a,qwen/qwen3.8-flash,a5ae7f15ae946bb8133f8469280215501c4b874b8da47dd5304b7440ae65c0c8,sync,False,2026-08-31T01:12:33+00:00
cyclone_idai_2019,2019-04-14__api-fast__schema_guided,machine,api-fast,api-fast/schema_guided,2019-04-14,health,"Health, disease outbreak and nutrition",partial,0.5,0.95,ok,,210,74526dee,qwen/qwen3.8-flash,307335537e50a6ef0ec258974571ffbc2e06231f2771e7cc6ba860006c240639,sync,False,2026-08-31T01:12:33+00:00
cyclone_idai_2019,2019-04-14__api-fast__schema_guided,machine,api-fast,api-fast/schema_guided,2019-04-14,damage,"Physical, economic and agricultural damage",present,1.0,1.0,ok,,146,14d349e2,qwen/qwen3.8-flash,8616b37f0304339ba77235f9c9592ec3755ad9190c0ad5e73aa61824f0e41c94,sync,False,2026-08-31T01:12:33+00:00
cyclone_idai_2019,2019-04-14__api-fast__schema_guided,machine,api-fast,api-fast/schema_guided,2019-04-14,funding,Funding status and donor contributions,present,1.0,0.95,ok,,179,d3d0ef79,qwen/qwen3.8-flash,0147342b0f391901bdf0efd683ccf8b15e445f92b102f7d91a8244ac273b1ac5,sync,False,2026-08-31T01:12:33+00:00
cyclone_idai_2019,2019-04-14__api-fast__schema_guided,machine,api-fast,api-fast/schema_guided,2019-04-14,education,Education impact and response,absent,0.0,1.0,ok,,0,,qwen/qwen3.8-flash,edd174bce1b218dccdb6ecc5bb51ca482604f7a7730741913a659681a51f6e90,sync,False,2026-08-31T01:12:33+00:00
cyclone_idai_2019,2019-04-14__api-fast__schema_guided,machine,api-fast,api-fast/schema_guided,2019-04-14,wash,WASH needs and response,present,1.0,0.95,ok,,201,93ce31f3,qwen/qwen3.8-flash,f451d2e94546cfb01543714d275a22432b049a01ebb8f84211f52b4e76715638,sync,False,2026-08-31T01:12:33+00:00
cyclone_idai_2019,2019-04-14__api-fast__schema_guided,machine,api-fast,api-fast/schema_guided,2019-04-14,food,Food security and assistance reach,present,1.0,0.95,ok,,154,c51e955e,qwen/qwen3.8-flash,14e09d8fda658cd23b27f8b6341cd1c045995772ac05782f6bb2265e90323cf2,sync,False,2026-08-31T01:12:33+00:00
cyclone_idai_2019,2019-04-14__api-fast__schema_guided,machine,api-fast,api-fast/schema_guided,2019-04-14,access,Access constraints,partial,0.5,0.95,ok,,215,869e7975,qwen/qwen3.8-flash,ee38a1d237683b0a73117bba4466a327a76a47f6b25e596a5f2f832b15f264ba,sync,False,2026-08-31T01:12:33+00:00
cyclone_idai_2019,2019-04-14__api-fast__schema_guided,machine,api-fast,api-fast/schema_guided,2019-04-14,coordination,Coordination arrangements,present,1.0,0.95,ok,,178,79d01395,qwen/qwen3.8-flash,f7835eb3dca70f9e87bd1b4443f685cfbfeb691a69d3fdfaf7090fb49419a2bc,sync,False,2026-08-31T01:12:33+00:00
cyclone_idai_2019,2019-04-14__api-fast__schema_guided,machine,api-fast,api-fast/schema_guided,2019-04-14,needs_gaps,Sector needs and gaps,partial,0.5,0.9,ok,,166,f6e74674,qwen/qwen3.8-flash,596fc3e0e692f55e88084afc86b26413e4a75ef81369edbeee9d46e24ab762c6,sync,False,2026-08-31T01:12:33+00:00
cyclone_idai_2019,2019-04-14__api-fast__schema_guided,machine,api-fast,api-fast/schema_guided,2019-04-14,response_actions,Sector response activities,present,1.0,0.95,ok,,140,7bd56d00,qwen/qwen3.8-flash,762e8b2250c4ec80d66626797cde2d2420b79fc8df0c634cb61255f0f50feed3,sync,False,2026-08-31T01:12:33+00:00
cyclone_idai_2019,2019-04-14__api-fast__schema_guided,machine,api-fast,api-fast/schema_guided,2019-04-14,shelter,Shelter and non-food items,present,1.0,0.95,ok,,149,83b4faf7,qwen/qwen3.8-flash,1364a756ec4afa772c65bebff852d37b0279300c7a92917b21fe83437f128e20,sync,False,2026-08-31T01:12:33+00:00
cyclone_idai_2019,2019-04-14__api-strong__generic,machine,api-strong,api-strong/generic,2019-04-14,currency_and_metadata,Data currency and report metadata,partial,0.5,0.95,ok,,114,6ab10361,qwen/qwen3.8-flash,59b84506107b33c50e71c9a503211cde4fbd71de3ddb31976ef7e173afd2402f,sync,False,2026-08-31T01:12:33+00:00
cyclone_idai_2019,2019-04-14__api-strong__generic,machine,api-strong,api-strong/generic,2019-04-14,sourcing,Sourcing and attribution,present,1.0,1.0,ok,,144,2354e28e,qwen/qwen3.8-flash,ab7af78669bd3755fbbd3105ea461d9728f97c38e1144e274d4f4b43c0b45d19,sync,False,2026-08-31T01:12:33+00:00
cyclone_idai_2019,2019-04-14__api-strong__generic,machine,api-strong,api-strong/generic,2019-04-14,casualties,Casualty and affected-population figures,present,1.0,1.0,ok,,62,e657d1e3,qwen/qwen3.8-flash,9dafabfa89fcf2b0d7c0e2ee610cd2201bddff25c779721f0623db09356ded18,sync,False,2026-08-31T01:12:33+00:00
cyclone_idai_2019,2019-04-14__api-strong__generic,machine,api-strong,api-strong/generic,2019-04-14,displacement,Displacement and accommodation sites,partial,0.5,0.95,ok,,75,b070868c,qwen/qwen3.8-flash,55a819c8e91b54f6a548c01da17010142fa6906d408f7e5202f3c5103449d89d,sync,False,2026-08-31T01:12:33+00:00
cyclone_idai_2019,2019-04-14__api-strong__generic,machine,api-strong,api-strong/generic,2019-04-14,health,"Health, disease outbreak and nutrition",partial,0.5,0.95,ok,,136,99187604,qwen/qwen3.8-flash,ee1e140d40bc0f7b6de0bcf8e4de3b9014de562929ad9540827198ea970ff7b7,sync,False,2026-08-31T01:12:33+00:00
cyclone_idai_2019,2019-04-14__api-strong__generic,machine,api-strong,api-strong/generic,2019-04-14,damage,"Physical, economic and agricultural damage",present,1.0,0.95,ok,,114,8b099d77,qwen/qwen3.8-flash,b7b202473ee81fd4540fc994135334e7f7dc2a8a2e770a040154a57bcb452cd9,sync,False,2026-08-31T01:12:33+00:00
cyclone_idai_2019,2019-04-14__api-strong__generic,machine,api-strong,api-strong/generic,2019-04-14,funding,Funding status and donor contributions,partial,0.5,0.95,ok,,145,d84ccbdb,qwen/qwen3.8-flash,2b936af8e4a1b1d9b91dc746a02de30a3f199580a0e1a378afbc5bc0cae7f118,sync,False,2026-08-31T01:12:33+00:00
cyclone_idai_2019,2019-04-14__api-strong__generic,machine,api-strong,api-strong/generic,2019-04-14,education,Education impact and response,absent,0.0,1.0,ok,,0,,qwen/qwen3.8-flash,cb1869a234430ec8a4e0a691416c622ad564b31cc6d529c497b3422db10d80ce,sync,False,2026-08-31T01:12:33+00:00
cyclone_idai_2019,2019-04-14__api-strong__generic,machine,api-strong,api-strong/generic,2019-04-14,wash,WASH needs and response,partial,0.5,0.9,ok,,173,a8adf008,qwen/qwen3.8-flash,6276403792cbb6b927d54038603a21ca33701f24ee2a17f67dd00316580e0050,sync,False,2026-08-31T01:12:33+00:00
cyclone_idai_2019,2019-04-14__api-strong__generic,machine,api-strong,api-strong/generic,2019-04-14,food,Food security and assistance reach,present,1.0,1.0,ok,,82,7be39c7a,qwen/qwen3.8-flash,206544a4c90fa5e038ea97147e4e2b8f509f4de2fcc1f4a1cc96a812a4c67f82,sync,False,2026-08-31T01:12:33+00:00
cyclone_idai_2019,2019-04-14__api-strong__generic,machine,api-strong,api-strong/generic,2019-04-14,access,Access constraints,absent,0.0,1.0,ok,,0,,qwen/qwen3.8-flash,8751e936e7b87dd04166fc83db294bd3e8b6a0706f8115b6db637363448e34c8,sync,False,2026-08-31T01:12:33+00:00
cyclone_idai_2019,2019-04-14__api-strong__generic,machine,api-strong,api-strong/generic,2019-04-14,coordination,Coordination arrangements,partial,0.5,0.95,ok,,124,360b7b60,qwen/qwen3.8-flash,a0ad0b49edee2b67ff724f18057eeb5b068cdfaa2ed0c12a27275a0592836e55,sync,False,2026-08-31T01:12:33+00:00
cyclone_idai_2019,2019-04-14__api-strong__generic,machine,api-strong,api-strong/generic,2019-04-14,needs_gaps,Sector needs and gaps,partial,0.5,0.95,ok,,138,a3a83cb1,qwen/qwen3.8-flash,1bf0c95a8e9ce8a469170bec134ddff32d4801b52bba93491050313b6f8e1503,sync,False,2026-08-31T01:12:33+00:00
cyclone_idai_2019,2019-04-14__api-strong__generic,machine,api-strong,api-strong/generic,2019-04-14,response_actions,Sector response activities,present,1.0,0.95,ok,,189,6af79659,qwen/qwen3.8-flash,722811754e1c4191e3473d4246d35d74a4c9021e92032df005aac7e9bc964d05,sync,False,2026-08-31T01:12:33+00:00
cyclone_idai_2019,2019-04-14__api-strong__generic,machine,api-strong,api-strong/generic,2019-04-14,shelter,Shelter and non-food items,partial,0.5,0.95,ok,,160,7f285c33,qwen/qwen3.8-flash,7a81ad6b8965be83035b2e4bd39eef056c92a5e811882694181f954e9308ec98,sync,False,2026-08-31T01:12:33+00:00
cyclone_idai_2019,2019-04-14__api-strong__schema_guided,machine,api-strong,api-strong/schema_guided,2019-04-14,currency_and_metadata,Data currency and report metadata,partial,0.5,0.95,ok,,179,e21be50b,qwen/qwen3.8-flash,30e4a983d2074c1a739ae2739902afa495c0fa8e25cd1b9f1efce738448b0bfa,sync,False,2026-08-31T01:12:33+00:00
cyclone_idai_2019,2019-04-14__api-strong__schema_guided,machine,api-strong,api-strong/schema_guided,2019-04-14,sourcing,Sourcing and attribution,present,1.0,1.0,ok,,180,483066cb,qwen/qwen3.8-flash,76ad151c8dc31e5390731fe0985635a015c1635a2a64d565c31cea095e7d094c,sync,False,2026-08-31T01:12:33+00:00
cyclone_idai_2019,2019-04-14__api-strong__schema_guided,machine,api-strong,api-strong/schema_guided,2019-04-14,casualties,Casualty and affected-population figures,,,,invalid,unparsable JSON (empty output),0,,qwen/qwen3.8-flash,5d83df84b7afc89f099e5f3f1b47710ac5b3f36f4ba3b9a03e622e758fd8b624,sync,False,2026-08-31T01:12:33+00:00
cyclone_idai_2019,2019-04-14__api-strong__schema_guided,machine,api-strong,api-strong/schema_guided,2019-04-14,displacement,Displacement and accommodation sites,partial,0.5,0.9,ok,,177,664e3e95,qwen/qwen3.8-flash,e24b32b9d34ca41ae1c092e2c0b9bee23b06e31e0829f83f048f3a4b8f56188c,sync,False,2026-08-31T01:12:33+00:00
cyclone_idai_2019,2019-04-14__api-strong__schema_guided,machine,api-strong,api-strong/schema_guided,2019-04-14,health,"Health, disease outbreak and nutrition",partial,0.5,1.0,ok,,203,91bd4ec6,qwen/qwen3.8-flash,fd8df3b5c1aa0f31716b1f8245cc1408a2cc24109590c02502f50c8d8cd2675f,sync,False,2026-08-31T01:12:33+00:00
cyclone_idai_2019,2019-04-14__api-strong__schema_guided,machine,api-strong,api-strong/schema_guided,2019-04-14,damage,"Physical, economic and agricultural damage",present,1.0,1.0,ok,,132,be893c79,qwen/qwen3.8-flash,2f39bb4487bca4d83e7f99e6cd77b90463347f267c9ba63e210226de7c5a4cf7,sync,False,2026-08-31T01:12:33+00:00
cyclone_idai_2019,2019-04-14__api-strong__schema_guided,machine,api-strong,api-strong/schema_guided,2019-04-14,funding,Funding status and donor contributions,partial,0.5,1.0,ok,,112,dfe5dd19,qwen/qwen3.8-flash,005f562b12615701f8e492f7b3df65230a056b03e930fa73318ae79d865f1695,sync,False,2026-08-31T01:12:33+00:00
cyclone_idai_2019,2019-04-14__api-strong__schema_guided,machine,api-strong,api-strong/schema_guided,2019-04-14,education,Education impact and response,absent,0.0,1.0,ok,,0,,qwen/qwen3.8-flash,6aca03beae8c35917f3e4ac10f1fbd5003f723a8cc8fbf781b717a8ebd426354,sync,False,2026-08-31T01:12:33+00:00
cyclone_idai_2019,2019-04-14__api-strong__schema_guided,machine,api-strong,api-strong/schema_guided,2019-04-14,wash,WASH needs and response,partial,0.5,1.0,ok,,231,cc6b5663,qwen/qwen3.8-flash,e70ace03aaf4a7437e13d730d011a7083001f0f08128d96aebd025d81491dd35,sync,False,2026-08-31T01:12:33+00:00
cyclone_idai_2019,2019-04-14__api-strong__schema_guided,machine,api-strong,api-strong/schema_guided,2019-04-14,food,Food security and assistance reach,present,1.0,0.95,ok,,107,cb823cd6,qwen/qwen3.8-flash,7bb03862d119d12d77524d403b2c75f14fc9b34a2e77f65ce26ffdd1729936a0,sync,False,2026-08-31T01:12:33+00:00
cyclone_idai_2019,2019-04-14__api-strong__schema_guided,machine,api-strong,api-strong/schema_guided,2019-04-14,access,Access constraints,partial,0.5,1.0,ok,,196,fa9bc124,qwen/qwen3.8-flash,582045adf7136c022f36f92017000ac3e72b3c2614b1f71d5b8afd3b23b039d7,sync,False,2026-08-31T01:12:33+00:00
cyclone_idai_2019,2019-04-14__api-strong__schema_guided,machine,api-strong,api-strong/schema_guided,2019-04-14,coordination,Coordination arrangements,present,1.0,0.95,ok,,178,b47b8a28,qwen/qwen3.8-flash,17f8407695a2dcbf1be78b0d3b4bbaa2d68d61e4aa63510cde6a075d18a048e0,sync,False,2026-08-31T01:12:33+00:00
cyclone_idai_2019,2019-04-14__api-strong__schema_guided,machine,api-strong,api-strong/schema_guided,2019-04-14,needs_gaps,Sector needs and gaps,present,1.0,0.95,ok,,124,9ed8b7b6,qwen/qwen3.8-flash,093cce04d002f0d718a2ec73415f6b131c97fd58a4255cb588d3e4488b2aa35e,sync,False,2026-08-31T01:12:33+00:00
cyclone_idai_2019,2019-04-14__api-strong__schema_guided,machine,api-strong,api-strong/schema_guided,2019-04-14,response_actions,Sector response activities,present,1.0,1.0,ok,,152,5889c129,qwen/qwen3.8-flash,b01bd8cb3409f2c0467d10fde7ade623a2b460324c2cd4ed7d634fb51830c8ab,sync,False,2026-08-31T01:12:33+00:00
cyclone_idai_2019,2019-04-14__api-strong__schema_guided,machine,api-strong,api-strong/schema_guided,2019-04-14,shelter,Shelter and non-food items,present,1.0,0.9,ok,,187,f6222d00,qwen/qwen3.8-flash,705e86052d7ddb9d567eac099a50e4c0281091b0bbf256c177ebbe8ec8eda506,sync,False,2026-08-31T01:12:33+00:00
cyclone_idai_2019,2019-04-15__api-fast__generic,machine,api-fast,api-fast/generic,2019-04-15,currency_and_metadata,Data currency and report metadata,partial,0.5,0.95,ok,,78,b6002c4c,qwen/qwen3.8-flash,1e704dd3187621e65f4b2fa2683435b13740c94b3c1cae6765ec32ded494c8c5,sync,False,2026-08-31T01:12:33+00:00
cyclone_idai_2019,2019-04-15__api-fast__generic,machine,api-fast,api-fast/generic,2019-04-15,sourcing,Sourcing and attribution,present,1.0,1.0,ok,,115,75f36ff6,qwen/qwen3.8-flash,4f15f3e0fcbada394f58d96c612fe94b35ad7c5a41591866bddfd81caccbf08d,sync,False,2026-08-31T01:12:33+00:00
cyclone_idai_2019,2019-04-15__api-fast__generic,machine,api-fast,api-fast/generic,2019-04-15,casualties,Casualty and affected-population figures,present,1.0,1.0,ok,,189,99e939bf,qwen/qwen3.8-flash,8b0421b4c903eb22f6d5b55bad542ac178a5322311b1c31454fd364ad9e5deee,sync,False,2026-08-31T01:12:33+00:00
cyclone_idai_2019,2019-04-15__api-fast__generic,machine,api-fast,api-fast/generic,2019-04-15,displacement,Displacement and accommodation sites,partial,0.5,0.9,ok,,85,090d5785,qwen/qwen3.8-flash,805984a9f38fe73f45b86cfc375561a68c385707c4b73d4df796db524a39e797,sync,False,2026-08-31T01:12:33+00:00
cyclone_idai_2019,2019-04-15__api-fast__generic,machine,api-fast,api-fast/generic,2019-04-15,health,"Health, disease outbreak and nutrition",partial,0.5,0.95,ok,,155,2507cb14,qwen/qwen3.8-flash,e180eaf0c4340cd9ffb7b339ee550c6ce649757752f3d047f13008a121b2a467,sync,False,2026-08-31T01:12:33+00:00
cyclone_idai_2019,2019-04-15__api-fast__generic,machine,api-fast,api-fast/generic,2019-04-15,damage,"Physical, economic and agricultural damage",partial,0.5,1.0,ok,,96,4cb37127,qwen/qwen3.8-flash,7cfcb992d7f7992e309ebf1cfea34280c6e2ba2e3c6a01c09a52a275ba9c0280,sync,False,2026-08-31T01:12:33+00:00
cyclone_idai_2019,2019-04-15__api-fast__generic,machine,api-fast,api-fast/generic,2019-04-15,funding,Funding status and donor contributions,present,1.0,0.95,ok,,198,f220c09f,qwen/qwen3.8-flash,72e52e91d26c6082bad5a103d702904c485be17f84dec1c50485c41296d717b6,sync,False,2026-08-31T01:12:33+00:00
cyclone_idai_2019,2019-04-15__api-fast__generic,machine,api-fast,api-fast/generic,2019-04-15,education,Education impact and response,partial,0.5,0.95,ok,,206,9e3062ff,qwen/qwen3.8-flash,5b2ad4d29394a25916f0e89d67c77e054a07ce7d91d7118c986b118a603f3378,sync,False,2026-08-31T01:12:33+00:00
cyclone_idai_2019,2019-04-15__api-fast__generic,machine,api-fast,api-fast/generic,2019-04-15,wash,WASH needs and response,partial,0.5,0.9,ok,,120,5658c023,qwen/qwen3.8-flash,5d7ae517cb71ef3fed85c6537792a6713497ad08ed936d90ba345b0e6782db96,sync,False,2026-08-31T01:12:33+00:00
cyclone_idai_2019,2019-04-15__api-fast__generic,machine,api-fast,api-fast/generic,2019-04-15,food,Food security and assistance reach,present,1.0,0.95,ok,,177,1fe1960f,qwen/qwen3.8-flash,df0394a5a1b09279dd395da77d1b21d152c950cfea0870c8eca0fd5dd8c6d31c,sync,False,2026-08-31T01:12:33+00:00
cyclone_idai_2019,2019-04-15__api-fast__generic,machine,api-fast,api-fast/generic,2019-04-15,access,Access constraints,absent,0.0,1.0,ok,,0,,qwen/qwen3.8-flash,59f34d10e2771378855d4ad28948ba52dc819758bb1e4cef4c43523ece7c9d9a,sync,False,2026-08-31T01:12:33+00:00
cyclone_idai_2019,2019-04-15__api-fast__generic,machine,api-fast,api-fast/generic,2019-04-15,coordination,Coordination arrangements,partial,0.5,0.8,ok,,180,8a19c387,qwen/qwen3.8-flash,9b3ce47cf455a4db3d72218498b308602c4685ab7cac15e6be3154048f049b75,sync,False,2026-08-31T01:12:33+00:00
cyclone_idai_2019,2019-04-15__api-fast__generic,machine,api-fast,api-fast/generic,2019-04-15,needs_gaps,Sector needs and gaps,partial,0.5,0.95,ok,,181,5e20fc6b,qwen/qwen3.8-flash,197190f5b204c30678628c8d345431ea46857ea3b6813fceb99815b6fe164c36,sync,False,2026-08-31T01:12:33+00:00
cyclone_idai_2019,2019-04-15__api-fast__generic,machine,api-fast,api-fast/generic,2019-04-15,response_actions,Sector response activities,present,1.0,1.0,ok,,159,864d5225,qwen/qwen3.8-flash,e6b597dca42ab1753fcf187e02a27f122e1e807fb51a618cf2f306048c6a45be,sync,False,2026-08-31T01:12:33+00:00
cyclone_idai_2019,2019-04-15__api-fast__generic,machine,api-fast,api-fast/generic,2019-04-15,shelter,Shelter and non-food items,present,1.0,0.95,ok,,189,11d962f3,qwen/qwen3.8-flash,8101a28b111a95daac8d3f5b55e3de2c91c04b8cfc42a717f3ccb7d569bd20e8,sync,False,2026-08-31T01:12:33+00:00
cyclone_idai_2019,2019-04-15__api-fast__schema_guided,machine,api-fast,api-fast/schema_guided,2019-04-15,currency_and_metadata,Data currency and report metadata,partial,0.5,1.0,ok,,155,f9cb64ea,qwen/qwen3.8-flash,f8d9a5cee28c385b3a46217ad2f51ab4c9402578e3f2911e5e8a3023deca644c,sync,False,2026-08-31T01:12:33+00:00
cyclone_idai_2019,2019-04-15__api-fast__schema_guided,machine,api-fast,api-fast/schema_guided,2019-04-15,sourcing,Sourcing and attribution,present,1.0,1.0,ok,,141,c60fc3f9,qwen/qwen3.8-flash,af2abfc344409f7d5940572fb62f504cef460a29427f63c50ca71542fa00bed2,sync,False,2026-08-31T01:12:33+00:00
cyclone_idai_2019,2019-04-15__api-fast__schema_guided,machine,api-fast,api-fast/schema_guided,2019-04-15,casualties,Casualty and affected-population figures,present,1.0,1.0,ok,,183,4bb1efff,qwen/qwen3.8-flash,2f3a83337eb5733c0e9333054505f7ad29ce1f0c1deb68c419673df87690d73d,sync,False,2026-08-31T01:12:33+00:00
cyclone_idai_2019,2019-04-15__api-fast__schema_guided,machine,api-fast,api-fast/schema_guided,2019-04-15,displacement,Displacement and accommodation sites,partial,0.5,1.0,ok,,168,4bec27a6,qwen/qwen3.8-flash,db7b5619e7910027b13c853bcbd4abe524b0f9157841646e8fb6691c199e947f,sync,False,2026-08-31T01:12:33+00:00
cyclone_idai_2019,2019-04-15__api-fast__schema_guided,machine,api-fast,api-fast/schema_guided,2019-04-15,health,"Health, disease outbreak and nutrition",partial,0.5,1.0,ok,,205,098fb53d,qwen/qwen3.8-flash,d8c4e37daf44465792518c660544821844d00549efc4300922f9f4fa4fa800af,sync,False,2026-08-31T01:12:33+00:00
cyclone_idai_2019,2019-04-15__api-fast__schema_guided,machine,api-fast,api-fast/schema_guided,2019-04-15,damage,"Physical, economic and agricultural damage",present,1.0,0.95,ok,,181,4e0be222,qwen/qwen3.8-flash,a5e2537033720c80a61ccae0c1b9e46e4003021ce6c5cafd4296036e3530d64b,sync,False,2026-08-31T01:12:33+00:00
cyclone_idai_2019,2019-04-15__api-fast__schema_guided,machine,api-fast,api-fast/schema_guided,2019-04-15,funding,Funding status and donor contributions,present,1.0,1.0,ok,,189,e2d6bfcd,qwen/qwen3.8-flash,0f2d231fa00e5593fea641aaad8ef2c6c5755e6666e6513c6263a699d081105b,sync,False,2026-08-31T01:12:33+00:00
cyclone_idai_2019,2019-04-15__api-fast__schema_guided,machine,api-fast,api-fast/schema_guided,2019-04-15,education,Education impact and response,partial,0.5,1.0,ok,,180,85881018,qwen/qwen3.8-flash,14fc1db01e9a1df35b7f2bd0f444b0f19b96d7f1e590ba5f1def81eed88b5065,sync,False,2026-08-31T01:12:33+00:00
cyclone_idai_2019,2019-04-15__api-fast__schema_guided,machine,api-fast,api-fast/schema_guided,2019-04-15,wash,WASH needs and response,present,1.0,0.9,ok,,204,ef8e4610,qwen/qwen3.8-flash,4da78c841e1e028930af3339d71a319650faa4842a1fd07ac4e079702e725281,sync,False,2026-08-31T01:12:33+00:00
cyclone_idai_2019,2019-04-15__api-fast__schema_guided,machine,api-fast,api-fast/schema_guided,2019-04-15,food,Food security and assistance reach,present,1.0,1.0,ok,,119,47bcc8f7,qwen/qwen3.8-flash,0084f36deead05ecc7f952a61e0daff35d39e96b1ea3065d1b73d800ca8f8b79,sync,False,2026-08-31T01:12:33+00:00
cyclone_idai_2019,2019-04-15__api-fast__schema_guided,machine,api-fast,api-fast/schema_guided,2019-04-15,access,Access constraints,partial,0.5,1.0,ok,,160,503b9c84,qwen/qwen3.8-flash,c387844cc26f3f28dfeb6250f055a1bf8624a3a06636d47bfafa8c007cf35d69,sync,False,2026-08-31T01:12:33+00:00
cyclone_idai_2019,2019-04-15__api-fast__schema_guided,machine,api-fast,api-fast/schema_guided,2019-04-15,coordination,Coordination arrangements,present,1.0,0.95,ok,,170,33ec4ee9,qwen/qwen3.8-flash,3a6912a7e153f4be40a50a471bea641ff45b14056cba47486a24f687e326174b,sync,False,2026-08-31T01:12:33+00:00
cyclone_idai_2019,2019-04-15__api-fast__schema_guided,machine,api-fast,api-fast/schema_guided,2019-04-15,needs_gaps,Sector needs and gaps,present,1.0,0.95,ok,,209,674ce117,qwen/qwen3.8-flash,d80cee81fecdafb0f237c6517d94d38ab1136c756a52b08f59dfa07322513ad9,sync,False,2026-08-31T01:12:33+00:00
cyclone_idai_2019,2019-04-15__api-fast__schema_guided,machine,api-fast,api-fast/schema_guided,2019-04-15,response_actions,Sector response activities,present,1.0,1.0,ok,,191,67297cd6,qwen/qwen3.8-flash,cb4d2020f815672a3522531de8f5dfc207443ce561edc7ed9dcb395148da565c,sync,False,2026-08-31T01:12:33+00:00
cyclone_idai_2019,2019-04-15__api-fast__schema_guided,machine,api-fast,api-fast/schema_guided,2019-04-15,shelter,Shelter and non-food items,present,1.0,0.95,ok,,199,f03aa564,qwen/qwen3.8-flash,2f8081298880c7cb88ba5f3ea43036ca430f6e0f0823550b57eaf21e18dfaefb,sync,False,2026-08-31T01:12:33+00:00
cyclone_idai_2019,2019-04-15__api-strong__generic,machine,api-strong,api-strong/generic,2019-04-15,currency_and_metadata,Data currency and report metadata,partial,0.5,0.95,ok,,132,cee9fc55,qwen/qwen3.8-flash,a17f67fb63f39116ab26a372b9ea8a3a0340fe938911defdd8c23d348f27acc2,sync,False,2026-08-31T01:12:33+00:00
cyclone_idai_2019,2019-04-15__api-strong__generic,machine,api-strong,api-strong/generic,2019-04-15,sourcing,Sourcing and attribution,present,1.0,1.0,ok,,70,1dc05576,qwen/qwen3.8-flash,715d673188b4b72e5bd55013b621271c90a027aa85e3f23a7a49faf0fa97cac4,sync,False,2026-08-31T01:12:33+00:00
cyclone_idai_2019,2019-04-15__api-strong__generic,machine,api-strong,api-strong/generic,2019-04-15,casualties,Casualty and affected-population figures,partial,0.5,0.95,ok,,174,f59660c6,qwen/qwen3.8-flash,2f4f514cf628a570cb7fa8d647cf0da60c1c5188ccd018c6740cff2a19b10f79,sync,False,2026-08-31T01:12:33+00:00
cyclone_idai_2019,2019-04-15__api-strong__generic,machine,api-strong,api-strong/generic,2019-04-15,displacement,Displacement and accommodation sites,partial,0.5,1.0,ok,,115,7a8aa9b4,qwen/qwen3.8-flash,7a2fb8e7de219513d29c074f1ea835721bd6214f7603d6c361fb5e740d1bf46a,sync,False,2026-08-31T01:12:33+00:00
cyclone_idai_2019,2019-04-15__api-strong__generic,machine,api-strong,api-strong/generic,2019-04-15,health,"Health, disease outbreak and nutrition",partial,0.5,1.0,ok,,160,db6beae8,qwen/qwen3.8-flash,0d946dbe44f616c3e12ed91685be3f30f33425ac22819ecc99f4bdc34004a939,sync,False,2026-08-31T01:12:33+00:00
cyclone_idai_2019,2019-04-15__api-strong__generic,machine,api-strong,api-strong/generic,2019-04-15,damage,"Physical, economic and agricultural damage",partial,0.5,0.95,ok,,168,24497259,qwen/qwen3.8-flash,e1c0f384ea74962e97ffbe0bde9af03b81581aac5140926bffac2c79c4b75220,sync,False,2026-08-31T01:12:33+00:00
cyclone_idai_2019,2019-04-15__api-strong__generic,machine,api-strong,api-strong/generic,2019-04-15,funding,Funding status and donor contributions,present,1.0,1.0,ok,,158,b45b0f60,qwen/qwen3.8-flash,2ba0925655a7e84842c40b735fc75515708b5f075f76e786e460107c052386f6,sync,False,2026-08-31T01:12:33+00:00
cyclone_idai_2019,2019-04-15__api-strong__generic,machine,api-strong,api-strong/generic,2019-04-15,education,Education impact and response,partial,0.5,1.0,ok,,142,ddb83959,qwen/qwen3.8-flash,d4e6d2d9cf9739a54e928e98700ebb876b18150a6fab838f42358b674e032cd7,sync,False,2026-08-31T01:12:33+00:00
cyclone_idai_2019,2019-04-15__api-strong__generic,machine,api-strong,api-strong/generic,2019-04-15,wash,WASH needs and response,present,1.0,0.95,ok,,96,69d3a438,qwen/qwen3.8-flash,46661b99333d3e32e230f6ea0b225f9c5efec360bdec15941fc48b557ceff891,sync,False,2026-08-31T01:12:33+00:00
cyclone_idai_2019,2019-04-15__api-strong__generic,machine,api-strong,api-strong/generic,2019-04-15,food,Food security and assistance reach,present,1.0,1.0,ok,,101,25e92b9c,qwen/qwen3.8-flash,37b9230cf0424737f36552d438d3e71c046ea54cf12a117c5ee1e8e0905d0f98,sync,False,2026-08-31T01:12:33+00:00
cyclone_idai_2019,2019-04-15__api-strong__generic,machine,api-strong,api-strong/generic,2019-04-15,access,Access constraints,partial,0.5,0.95,ok,,115,65902bb3,qwen/qwen3.8-flash,8a4c635294db534d3c52677526edeba6503778e16aa572d6a958396e227fe746,sync,False,2026-08-31T01:12:33+00:00
cyclone_idai_2019,2019-04-15__api-strong__generic,machine,api-strong,api-strong/generic,2019-04-15,coordination,Coordination arrangements,partial,0.5,0.9,ok,,107,02c13a83,qwen/qwen3.8-flash,3ec0322e499fe4652083f263fbcf33cd389e0d52eeaf1b7787aa6d8be15c0afc,sync,False,2026-08-31T01:12:33+00:00
cyclone_idai_2019,2019-04-15__api-strong__generic,machine,api-strong,api-strong/generic,2019-04-15,needs_gaps,Sector needs and gaps,partial,0.5,0.8,ok,,157,951e7e65,qwen/qwen3.8-flash,f0ac73998a39137d57086c67c23a239aa60dbbf951d0b8c1b07a3a1bdf8334b4,sync,False,2026-08-31T01:12:33+00:00
cyclone_idai_2019,2019-04-15__api-strong__generic,machine,api-strong,api-strong/generic,2019-04-15,response_actions,Sector response activities,present,1.0,0.95,ok,,180,b616b0f2,qwen/qwen3.8-flash,fdd106bb42952eb23a2637324fd899daae7a3a7033ef62081502cfdfb9a97f07,sync,False,2026-08-31T01:12:33+00:00
cyclone_idai_2019,2019-04-15__api-strong__generic,machine,api-strong,api-strong/generic,2019-04-15,shelter,Shelter and non-food items,present,1.0,0.95,ok,,202,c74f6bde,qwen/qwen3.8-flash,1b12f0ca6a6f6d368d630a6d936d94ab0c1d120a6e4367ae7f1c002eb75ea561,sync,False,2026-08-31T01:12:33+00:00
cyclone_idai_2019,2019-04-15__api-strong__schema_guided,machine,api-strong,api-strong/schema_guided,2019-04-15,currency_and_metadata,Data currency and report metadata,partial,0.5,1.0,ok,,182,b9f57b14,qwen/qwen3.8-flash,7930631b7f00935186146f585c3d3b05342a34be1cda87dfd56f26a67cc54eef,sync,False,2026-08-31T01:12:33+00:00
cyclone_idai_2019,2019-04-15__api-strong__schema_guided,machine,api-strong,api-strong/schema_guided,2019-04-15,sourcing,Sourcing and attribution,present,1.0,1.0,ok,,168,ac0e0dc4,qwen/qwen3.8-flash,785e111735e8511247c7f59427eeeb06c644eb9a8f6e62b8fafc7d2a95e5e28e,sync,False,2026-08-31T01:12:33+00:00
cyclone_idai_2019,2019-04-15__api-strong__schema_guided,machine,api-strong,api-strong/schema_guided,2019-04-15,casualties,Casualty and affected-population figures,present,1.0,1.0,ok,,73,3b0e8044,qwen/qwen3.8-flash,93444fb7c2afa3bf221a941c76c2223f42ebe6522ea84b04a58ab13f00f416c6,sync,False,2026-08-31T01:12:33+00:00
cyclone_idai_2019,2019-04-15__api-strong__schema_guided,machine,api-strong,api-strong/schema_guided,2019-04-15,displacement,Displacement and accommodation sites,partial,0.5,1.0,ok,,147,d3feda14,qwen/qwen3.8-flash,59359ef5c5cc64745f231fb7225d98e8a5b5a80800e2247ea73d09f41aa57e21,sync,False,2026-08-31T01:12:33+00:00
cyclone_idai_2019,2019-04-15__api-strong__schema_guided,machine,api-strong,api-strong/schema_guided,2019-04-15,health,"Health, disease outbreak and nutrition",partial,0.5,0.95,ok,,148,077b662f,qwen/qwen3.8-flash,255fbb23ae9b9fd9bd5d9e87d4a6ace8303c1df5bc70fa369f5cb896f19a7d0b,sync,False,2026-08-31T01:12:33+00:00
cyclone_idai_2019,2019-04-15__api-strong__schema_guided,machine,api-strong,api-strong/schema_guided,2019-04-15,damage,"Physical, economic and agricultural damage",present,1.0,0.95,ok,,167,bf78b416,qwen/qwen3.8-flash,ab8171ee8eaaf183ff5dad025ef2d368894215a62daa5c29d2a03b317b68ad6a,sync,False,2026-08-31T01:12:33+00:00
cyclone_idai_2019,2019-04-15__api-strong__schema_guided,machine,api-strong,api-strong/schema_guided,2019-04-15,funding,Funding status and donor contributions,present,1.0,1.0,ok,,186,5c77e583,qwen/qwen3.8-flash,04feaf946e625c294b08c5cd50a1b0ef2b1e54f2e8f3021d8545f327c9bc56d5,sync,False,2026-08-31T01:12:33+00:00
cyclone_idai_2019,2019-04-15__api-strong__schema_guided,machine,api-strong,api-strong/schema_guided,2019-04-15,education,Education impact and response,partial,0.5,0.95,ok,,205,703c0a0d,qwen/qwen3.8-flash,eac515e2c5989a99b374a94e3302800f81a1a415d6d887c26c98cc31f2c8e031,sync,False,2026-08-31T01:12:33+00:00
cyclone_idai_2019,2019-04-15__api-strong__schema_guided,machine,api-strong,api-strong/schema_guided,2019-04-15,wash,WASH needs and response,present,1.0,0.95,ok,,143,098e2170,qwen/qwen3.8-flash,0432e8da6e8e085598f9ad675983e926142b9c9b3db3bb968bec445e0735bafd,sync,False,2026-08-31T01:12:33+00:00
cyclone_idai_2019,2019-04-15__api-strong__schema_guided,machine,api-strong,api-strong/schema_guided,2019-04-15,food,Food security and assistance reach,present,1.0,1.0,ok,,164,62e0978d,qwen/qwen3.8-flash,8c1325f6b49a97c9eca0dc29c225507f9091d3a7aa973d74dc7c345f754751c9,sync,False,2026-08-31T01:12:33+00:00
cyclone_idai_2019,2019-04-15__api-strong__schema_guided,machine,api-strong,api-strong/schema_guided,2019-04-15,access,Access constraints,present,1.0,1.0,ok,,189,224e8275,qwen/qwen3.8-flash,46f959d2ad734f06242bf993f6e0220d9917f80cd1c3ddd2954a1f089b293307,sync,False,2026-08-31T01:12:33+00:00
cyclone_idai_2019,2019-04-15__api-strong__schema_guided,machine,api-strong,api-strong/schema_guided,2019-04-15,coordination,Coordination arrangements,present,1.0,0.9,ok,,172,cf761502,qwen/qwen3.8-flash,7f8096e2369802a18c84ffe06b7419243380fa965c9f1f272f3404a2874270b9,sync,False,2026-08-31T01:12:33+00:00
cyclone_idai_2019,2019-04-15__api-strong__schema_guided,machine,api-strong,api-strong/schema_guided,2019-04-15,needs_gaps,Sector needs and gaps,present,1.0,0.95,ok,,157,90c4dbb9,qwen/qwen3.8-flash,9400d723046b8b0c52b4b0b26f5cc29f6cb2117d3234b5a69da9bb4198991814,sync,False,2026-08-31T01:12:33+00:00
cyclone_idai_2019,2019-04-15__api-strong__schema_guided,machine,api-strong,api-strong/schema_guided,2019-04-15,response_actions,Sector response activities,present,1.0,1.0,ok,,146,65a08e95,qwen/qwen3.8-flash,09757f2bdfced5919fed68657a5f7c7737f8b400789e070e3ebf9a99389e1b89,sync,False,2026-08-31T01:12:33+00:00
cyclone_idai_2019,2019-04-15__api-strong__schema_guided,machine,api-strong,api-strong/schema_guided,2019-04-15,shelter,Shelter and non-food items,present,1.0,1.0,ok,,156,f35019e5,qwen/qwen3.8-flash,66178d1976e7fc5f99c4f690f157551257ed333071086aec4f66a4f36304b700,sync,False,2026-08-31T01:12:33+00:00
